Geneid	SRR9257060
AT1G30814	0
AT1G78930	156
AT1G71695	4226
AT1G58983	0
AT1G12980	18
AT1G45223	0
AT1G56250	7
AT1G66852	0
AT1G69810	350
AT1G72450	384
AT1G76280	535
AT1G65630	0
AT1G71390	0
AT1G56233	2
AT1G15210	1549
AT1G15250	535
AT1G79700	192
AT1G62895	0
AT1G73360	173
AT1G16360	8
AT1G10225	3
AT1G26670	798
AT1G34855	0
AT1G52200	1178
AT1G57800	0
AT1G69460	1217
AT1G04310	273
AT1G08080	1
AT1G75550	174
AT1G71890	50
AT1G05430	700
AT1G80870	606
AT1G75310	987
AT1G02010	250
AT1G47900	1674
AT1G14315	2
AT1G26760	294
AT1G05250	1
AT1G67260	17
AT1G24575	342
AT1G12790	87
AT1G04850	2963
AT1G31760	183
AT1G33250	573
AT1G74000	63
AT1G55580	25
AT1G53903	0
AT1G19715	1644
AT1G69430	11
AT1G53340	65
AT1G29890	884
AT1G80290	191
AT1G56540	39
AT1G48650	2327
AT1G22670	1
AT1G07030	627
AT1G69860	0
AT1G10120	558
AT1G43650	177
AT1G09960	377
AT1G51990	0
AT1G53625	31
AT1G63360	901
AT1G33330	409
AT1G74929	0
AT1G63430	808
AT1G80720	234
AT1G69770	1124
AT1G08460	494
AT1G78710	0
AT1G08610	387
AT1G17540	3
AT1G27380	32
AT1G58643	0
AT1G48953	0
AT1G51440	52
AT1G18871	0
AT1G25210	0
AT1G21610	716
AT1G79710	277
AT1G80840	70
AT1G71300	0
AT1G49490	215
AT1G23645	0
AT1G09795	2872
AT1G48690	52
AT1G49570	185
AT1G68470	230
AT1G75580	114
AT1G26400	0
AT1G72980	3
AT1G59970	321
AT1G11520	0
AT1G30640	306
AT1G26440	296
AT1G51320	0
AT1G22070	1358
AT1G26700	13
AT1G73603	2
AT1G55650	2
AT1G78180	691
AT1G55928	0
AT1G29880	4394
AT1G53645	1867
AT1G06240	366
AT1G72330	411
AT1G20840	3677
AT1G45050	288
AT1G52500	515
AT1G10430	864
AT1G05670	242
AT1G64110	94
AT1G65220	2296
AT1G13635	33
AT1G54950	1
AT1G55730	389
AT1G07310	1000
AT1G77230	69
AT1G52400	2972
AT1G16430	329
AT1G27752	807
AT1G14880	90
AT1G11190	140
AT1G43100	0
AT1G26650	558
AT1G54420	0
AT1G34640	192
AT1G50310	11
AT1G49430	1326
AT1G74240	233
AT1G01760	85
AT1G61160	0
AT1G47480	280
AT1G65820	2588
AT1G22900	183
AT1G76820	150
AT1G52080	166
AT1G35180	68
AT1G30070	388
AT1G35210	20
AT1G10410	1046
AT1G73740	267
AT1G53350	356
AT1G34110	459
AT1G17240	24
AT1G61730	1572
AT1G29260	662
AT1G33890	4
AT1G08040	627
AT1G63522	0
AT1G08810	264
AT1G09210	7745
AT1G70080	4
AT1G10522	1378
AT1G04570	35
AT1G01830	543
AT1G12340	8
AT1G67590	785
AT1G69080	120
AT1G31400	0
AT1G74385	0
AT1G73300	1
AT1G05760	0
AT1G30530	1463
AT1G12480	68
AT1G76850	2314
AT1G73570	248
AT1G44130	6
AT1G67340	486
AT1G80315	0
AT1G43666	0
AT1G08630	22
AT1G66150	1853
AT1G04640	1216
AT1G56500	3470
AT1G12615	0
AT1G77120	5716
AT1G50590	50
AT1G17147	97
AT1G44740	127
AT1G08005	0
AT1G24380	0
AT1G60787	22
AT1G26796	0
AT1G68500	229
AT1G15500	7963
AT1G77760	6911
AT1G24062	0
AT1G53510	1653
AT1G51410	6
AT1G50020	735
AT1G22370	366
AT1G53265	0
AT1G17270	158
AT1G74350	53
AT1G75230	342
AT1G29150	2858
AT1G17140	1201
AT1G08380	93070
AT1G43560	1870
AT1G07700	917
AT1G33750	300
AT1G61270	3
AT1G14750	68
AT1G05900	348
AT1G44120	0
AT1G52990	16
AT1G37130	12172
AT1G48175	333
AT1G72140	58
AT1G66465	21
AT1G43260	0
AT1G14420	6
AT1G01710	794
AT1G44000	1246
AT1G73960	1152
AT1G11360	841
AT1G04490	35
AT1G78476	9
AT1G15310	265
AT1G13300	668
AT1G55530	661
AT1G47350	0
AT1G74458	101
AT1G32120	268
AT1G17260	32
AT1G32660	0
AT1G31480	361
AT1G17500	1035
AT1G50780	0
AT1G21150	124
AT1G78110	261
AT1G80080	704
AT1G23260	926
AT1G09790	0
AT1G60270	207
AT1G25400	199
AT1G77980	0
AT1G43140	4
AT1G42470	671
AT1G34170	0
AT1G56150	46
AT1G75520	164
AT1G53890	0
AT1G43722	0
AT1G73370	416
AT1G01230	678
AT1G70700	390
AT1G02380	50
AT1G48870	72
AT1G69280	64
AT1G36950	0
AT1G12430	1066
AT1G56320	100
AT1G50880	0
AT1G36310	1258
AT1G44830	27
AT1G01300	2901
AT1G48050	679
AT1G36925	0
AT1G30670	0
AT1G22180	256
AT1G17450	648
AT1G61630	0
AT1G28590	5
AT1G79670	460
AT1G68170	1
AT1G60080	292
AT1G51240	0
AT1G07130	0
AT1G42525	0
AT1G64355	1197
AT1G04820	13115
AT1G71866	14
AT1G33050	775
AT1G77810	277
AT1G16210	1770
AT1G34580	54
AT1G02050	166
AT1G66500	70
AT1G04030	183
AT1G32480	0
AT1G29370	1726
AT1G18880	748
AT1G50740	285
AT1G02580	10
AT1G58220	193
AT1G07350	876
AT1G06950	8181
AT1G19200	158
AT1G52140	290
AT1G18550	393
AT1G77510	2462
AT1G52430	30
AT1G15950	540
AT1G67850	331
AT1G69620	10673
AT1G49110	4
AT1G57860	4353
AT1G63160	339
AT1G71050	225
AT1G28510	535
AT1G48240	508
AT1G71140	137
AT1G66960	22
AT1G36370	1607
AT1G58242	0
AT1G63370	3
AT1G56110	7331
AT1G14510	1306
AT1G19010	249
AT1G54250	349
AT1G55170	307
AT1G70230	451
AT1G52830	2
AT1G45015	7
AT1G23160	2
AT1G67510	467
AT1G08230	391
AT1G67780	119
AT1G76830	0
AT1G04280	884
AT1G55020	1508
AT1G48970	597
AT1G79420	195
AT1G70350	477
AT1G35375	0
AT1G28306	0
AT1G12450	232
AT1G57660	7209
AT1G19086	0
AT1G05870	515
AT1G07540	0
AT1G78820	964
AT1G03790	3
AT1G02220	236
AT1G74420	23
AT1G68700	3
AT1G64820	2
AT1G56680	229
AT1G58848	82
AT1G23985	0
AT1G22140	423
AT1G75210	1297
AT1G30330	2420
AT1G77200	58
AT1G30360	6727
AT1G75280	2577
AT1G18200	94
AT1G55680	2677
AT1G34000	1709
AT1G04410	28133
AT1G45243	0
AT1G21650	845
AT1G28520	1579
AT1G14048	0
AT1G05220	28
AT1G63245	18
AT1G66180	1468
AT1G07790	2680
AT1G07720	601
AT1G16420	11
AT1G72740	522
AT1G05060	276
AT1G55960	492
AT1G32060	27270
AT1G77700	103
AT1G75510	725
AT1G54090	626
AT1G26520	277
AT1G15240	930
AT1G07980	498
AT1G01740	191
AT1G62914	82
AT1G53090	300
AT1G08540	3966
AT1G12460	325
AT1G06250	38
AT1G52827	113
AT1G47690	0
AT1G49590	386
AT1G06280	0
AT1G78420	690
AT1G08465	377
AT1G32970	2
AT1G28815	0
AT1G01260	594
AT1G26815	0
AT1G16730	91
AT1G08700	786
AT1G66590	183
AT1G09550	1
AT1G16370	28
AT1G80730	22
AT1G11420	179
AT1G61210	637
AT1G57980	104
AT1G15140	3493
AT1G04810	2236
AT1G67070	77
AT1G53270	80
AT1G04550	621
AT1G44940	0
AT1G47810	0
AT1G27450	6949
AT1G33055	122
AT1G69400	117
AT1G51920	11
AT1G56000	273
AT1G42540	711
AT1G08100	0
AT1G29465	30
AT1G75960	556
AT1G63420	510
AT1G29470	8089
AT1G48310	271
AT1G32930	207
AT1G63880	1089
AT1G04630	1197
AT1G27150	601
AT1G79110	1119
AT1G68490	1403
AT1G06040	1989
AT1G18970	77
AT1G72430	435
AT1G03040	1115
AT1G28250	431
AT1G66630	0
AT1G10530	35
AT1G24090	135
AT1G09640	3110
AT1G14080	158
AT1G78760	1
AT1G44542	0
AT1G49350	254
AT1G47240	509
AT1G28430	0
AT1G12190	0
AT1G66610	0
AT1G16022	14
AT1G13370	14
AT1G21370	360
AT1G21590	1271
AT1G50390	12
AT1G60870	1382
AT1G69870	3075
AT1G18610	343
AT1G13890	0
AT1G24260	154
AT1G64140	2653
AT1G02290	250
AT1G26740	618
AT1G20460	112
AT1G11500	13
AT1G75040	830
AT1G07985	44
AT1G74035	0
AT1G15510	586
AT1G07040	776
AT1G71170	693
AT1G63470	909
AT1G13640	1395
AT1G35516	632
AT1G22210	0
AT1G33230	883
AT1G18050	0
AT1G79340	4509
AT1G57680	2131
AT1G29140	3
AT1G55110	511
AT1G67775	0
AT1G57730	0
AT1G64550	2729
AT1G68710	586
AT1G79270	754
AT1G67310	996
AT1G65610	287
AT1G53880	0
AT1G64380	43
AT1G27920	0
AT1G07220	363
AT1G14130	242
AT1G55040	264
AT1G35630	0
AT1G53860	43
AT1G71010	2606
AT1G56240	3
AT1G20630	2626
AT1G54217	194
AT1G44920	3231
AT1G63970	2135
AT1G26945	263
AT1G67870	14757
AT1G62850	685
AT1G50520	149
AT1G31500	467
AT1G15820	85129
AT1G72690	139
AT1G29030	401
AT1G75160	17
AT1G26090	343
AT1G59660	301
AT1G52460	0
AT1G10720	498
AT1G67670	1
AT1G11410	382
AT1G19025	79
AT1G80050	436
AT1G50320	4521
AT1G77330	1633
AT1G50090	5
AT1G16650	252
AT1G50830	19
AT1G02410	590
AT1G04420	3929
AT1G05190	13576
AT1G60660	511
AT1G13950	212
AT1G23147	0
AT1G17460	202
AT1G02110	990
AT1G32990	9264
AT1G22380	30
AT1G61300	793
AT1G15840	0
AT1G15440	1579
AT1G49650	910
AT1G18850	784
AT1G34150	238
AT1G13320	1894
AT1G13820	1447
AT1G15880	530
AT1G80810	513
AT1G54957	0
AT1G65310	239
AT1G20010	7974
AT1G52570	56
AT1G33520	1041
AT1G54350	1883
AT1G58160	70
AT1G30190	2
AT1G14550	3
AT1G62450	1
AT1G16830	97
AT1G44090	0
AT1G10880	0
AT1G64633	0
AT1G03830	667
AT1G52530	27
AT1G63580	10
AT1G01600	316
AT1G10210	185
AT1G62720	26
AT1G36980	1251
AT1G16705	8
AT1G74180	150
AT1G69480	36
AT1G71520	7
AT1G34792	0
AT1G35190	714
AT1G07850	0
AT1G09620	5614
AT1G02570	12
AT1G26790	1
AT1G03620	58
AT1G01350	806
AT1G65770	0
AT1G21395	0
AT1G13810	214
AT1G14520	58
AT1G55630	191
AT1G18390	300
AT1G26797	0
AT1G25480	215
AT1G28190	180
AT1G49530	21
AT1G18486	0
AT1G12880	182
AT1G08090	402
AT1G66460	15
AT1G24220	0
AT1G08035	6
AT1G04985	978
AT1G73780	18
AT1G36940	42
AT1G23850	41
AT1G66190	186
AT1G44318	0
AT1G24270	31
AT1G05350	812
AT1G19930	0
AT1G62520	166
AT1G23170	484
AT1G71150	1
AT1G11430	4366
AT1G17145	343
AT1G34815	0
AT1G73910	30
AT1G52050	226
AT1G34320	1222
AT1G48280	312
AT1G12170	0
AT1G49225	0
AT1G01715	69
AT1G29160	260
AT1G22660	480
AT1G79410	554
AT1G75990	835
AT1G76770	12
AT1G78800	481
AT1G57560	45
AT1G48040	232
AT1G63400	108
AT1G32320	1
AT1G71830	403
AT1G75800	2432
AT1G22260	45
AT1G75950	5903
AT1G43730	0
AT1G21060	188
AT1G11330	599
AT1G77600	598
AT1G68790	2121
AT1G22860	582
AT1G53200	251
AT1G35250	209
AT1G60986	0
AT1G52700	248
AT1G03980	31
AT1G19990	439
AT1G58936	0
AT1G24320	35
AT1G62422	195
AT1G53282	0
AT1G67890	804
AT1G62410	1
AT1G13530	61
AT1G18260	1488
AT1G76210	3
AT1G34430	3669
AT1G14460	655
AT1G61350	523
AT1G42440	2055
AT1G12064	0
AT1G06570	405
AT1G55310	1008
AT1G63740	268
AT1G09870	876
AT1G17710	337
AT1G27200	463
AT1G62120	150
AT1G04770	634
AT1G67920	69
AT1G09410	78
AT1G10540	17
AT1G63615	0
AT1G49240	6010
AT1G09240	295
AT1G67810	136
AT1G70850	3030
AT1G56360	0
AT1G18835	28
AT1G65920	314
AT1G11915	25
AT1G28440	2245
AT1G01650	817
AT1G16510	58
AT1G25025	0
AT1G53023	0
AT1G33440	120
AT1G74720	1501
AT1G72290	0
AT1G53230	218
AT1G01970	1305
AT1G12860	1043
AT1G11400	508
AT1G53705	0
AT1G75560	1449
AT1G56225	0
AT1G27290	688
AT1G16740	1452
AT1G64060	566
AT1G15470	566
AT1G01800	1571
AT1G27260	0
AT1G30560	6
AT1G41830	3233
AT1G31490	1
AT1G34490	3
AT1G08440	4
AT1G04440	1474
AT1G49520	122
AT1G44608	44
AT1G54370	746
AT1G12600	15
AT1G74920	3947
AT1G08150	0
AT1G36100	0
AT1G77080	898
AT1G15610	0
AT1G56050	1595
AT1G55365	0
AT1G15130	2067
AT1G26220	0
AT1G48720	0
AT1G09932	137
AT1G49420	0
AT1G15670	559
AT1G78895	200
AT1G15460	23
AT1G22530	1979
AT1G05780	162
AT1G17840	1646
AT1G18080	15873
AT1G66970	2371
AT1G47265	0
AT1G25280	1018
AT1G48000	33
AT1G53330	75
AT1G62700	29
AT1G20135	0
AT1G64650	2449
AT1G61562	0
AT1G23210	26
AT1G49320	160
AT1G66400	91
AT1G58280	444
AT1G01060	29
AT1G53010	0
AT1G60320	0
AT1G65300	9
AT1G24280	1717
AT1G71696	414
AT1G09690	18848
AT1G14780	106
AT1G03120	20
AT1G31000	0
AT1G26665	835
AT1G51380	155
AT1G37150	23
AT1G05310	122
AT1G43130	608
AT1G04110	505
AT1G13620	16
AT1G24440	241
AT1G01440	511
AT1G66200	16913
AT1G09900	959
AT1G14455	11
AT1G01630	1648
AT1G20440	12016
AT1G77460	618
AT1G65040	719
AT1G71430	171
AT1G18790	0
AT1G14830	2582
AT1G11990	5
AT1G77750	949
AT1G52620	155
AT1G52930	1687
AT1G21430	0
AT1G48060	6
AT1G58270	2050
AT1G64790	4146
AT1G59885	0
AT1G34410	0
AT1G01550	2145
AT1G69270	41
AT1G23100	309
AT1G70940	1713
AT1G06810	1
AT1G32220	2226
AT1G03650	102
AT1G17330	336
AT1G16090	114
AT1G32160	1566
AT1G65090	0
AT1G78520	22
AT1G68325	0
AT1G55870	426
AT1G50900	2059
AT1G10590	3284
AT1G73050	0
AT1G10200	2958
AT1G74300	132
AT1G07250	1192
AT1G10370	714
AT1G09575	83
AT1G52618	87
AT1G05610	18
AT1G09150	1034
AT1G18690	168
AT1G57777	0
AT1G71730	1364
AT1G24390	0
AT1G61688	0
AT1G34310	0
AT1G55440	7
AT1G72530	70
AT1G62930	123
AT1G50480	6024
AT1G20540	508
AT1G58150	78
AT1G23060	63
AT1G23910	1
AT1G71330	18
AT1G48510	79
AT1G66370	4
AT1G24520	8
AT1G58225	18
AT1G76680	3171
AT1G34245	191
AT1G57565	0
AT1G77420	201
AT1G27310	1926
AT1G35255	11
AT1G24020	7587
AT1G72960	3
AT1G28210	167
AT1G14840	1114
AT1G35620	1285
AT1G72210	176
AT1G14685	1207
AT1G66070	1144
AT1G02070	8
AT1G70300	545
AT1G78922	1
AT1G33470	1490
AT1G55947	1
AT1G55540	771
AT1G78890	664
AT1G59940	96
AT1G01910	1799
AT1G01570	56
AT1G08730	44
AT1G68185	272
AT1G16080	3393
AT1G04940	179
AT1G02340	17
AT1G62880	195
AT1G67930	1105
AT1G51170	445
AT1G71970	319
AT1G05385	652
AT1G47845	1
AT1G67560	764
AT1G26320	0
AT1G01680	14
AT1G67025	0
AT1G64160	6
AT1G51780	2
AT1G65660	1337
AT1G51600	671
AT1G71500	7318
AT1G70780	3717
AT1G66160	154
AT1G73120	93
AT1G48090	2159
AT1G70760	2
AT1G47765	0
AT1G48820	5
AT1G18300	172
AT1G73680	737
AT1G35040	0
AT1G02810	487
AT1G54460	908
AT1G21990	0
AT1G06180	276
AT1G75660	2923
AT1G48620	2546
AT1G74250	1369
AT1G07740	117
AT1G77140	633
AT1G73170	1507
AT1G67500	482
AT1G26350	0
AT1G32510	12
AT1G22890	96
AT1G23830	0
AT1G76510	678
AT1G08010	581
AT1G05840	410
AT1G55200	211
AT1G17070	470
AT1G78090	389
AT1G70810	771
AT1G64750	2020
AT1G46984	0
AT1G11460	5
AT1G78440	39
AT1G79570	1437
AT1G09157	0
AT1G03720	0
AT1G01690	253
AT1G76230	3
AT1G63240	567
AT1G70960	0
AT1G34300	469
AT1G09680	78
AT1G42680	0
AT1G29180	9
AT1G03730	297
AT1G18160	1399
AT1G53490	72
AT1G77100	0
AT1G67130	0
AT1G26260	145
AT1G64255	0
AT1G08290	149
AT1G12320	111
AT1G18990	0
AT1G11220	178
AT1G55207	10
AT1G74660	126
AT1G63460	670
AT1G55325	1368
AT1G77660	171
AT1G30130	737
AT1G80390	6
AT1G31300	570
AT1G73750	390
AT1G55990	286
AT1G60570	0
AT1G68907	0
AT1G66030	5
AT1G27170	126
AT1G04700	97
AT1G67050	210
AT1G76220	33
AT1G56400	0
AT1G78040	10566
AT1G49170	184
AT1G31540	369
AT1G29420	0
AT1G64840	297
AT1G62030	89
AT1G60095	81
AT1G21230	2
AT1G21660	1254
AT1G65320	544
AT1G50570	899
AT1G33850	0
AT1G47870	453
AT1G47680	0
AT1G48850	3215
AT1G70440	8
AT1G65150	212
AT1G72800	52
AT1G09000	206
AT1G36160	6008
AT1G02145	461
AT1G23510	0
AT1G51690	1826
AT1G50650	1
AT1G47578	39
AT1G56105	0
AT1G06490	299
AT1G63640	882
AT1G19970	135
AT1G50110	333
AT1G21540	147
AT1G13590	165
AT1G22610	0
AT1G75110	66
AT1G73110	1613
AT1G36756	0
AT1G20370	810
AT1G55510	353
AT1G77170	245
AT1G70660	81
AT1G51480	8
AT1G59359	0
AT1G26921	0
AT1G75870	0
AT1G75335	117
AT1G22830	120
AT1G09630	842
AT1G17280	640
AT1G02750	296
AT1G61070	0
AT1G15385	11
AT1G12855	4
AT1G03520	189
AT1G67880	206
AT1G36580	1
AT1G74190	0
AT1G14590	258
AT1G80625	1
AT1G08300	115
AT1G07020	155
AT1G59760	1254
AT1G72570	0
AT1G01360	268
AT1G70400	0
AT1G52690	17
AT1G78750	9
AT1G15720	0
AT1G14850	1532
AT1G70470	76
AT1G11820	1147
AT1G80700	420
AT1G60783	1
AT1G25230	473
AT1G43900	899
AT1G67840	1211
AT1G64660	270
AT1G07690	0
AT1G47920	0
AT1G23680	0
AT1G18450	1444
AT1G17960	33
AT1G55930	521
AT1G61400	116
AT1G03080	2125
AT1G56660	973
AT1G24130	19
AT1G54960	188
AT1G48350	11410
AT1G80330	0
AT1G14440	732
AT1G65620	97
AT1G11620	0
AT1G69490	17
AT1G78990	195
AT1G29100	0
AT1G52315	35
AT1G70100	665
AT1G61480	32
AT1G35220	957
AT1G27510	1592
AT1G65780	0
AT1G69010	515
AT1G30870	795
AT1G56710	28
AT1G05800	0
AT1G63350	94
AT1G34827	0
AT1G03055	42
AT1G01160	502
AT1G47340	154
AT1G11170	198
AT1G62045	192
AT1G35467	0
AT1G69970	49
AT1G43145	0
AT1G20132	0
AT1G70210	540
AT1G49880	116
AT1G27060	123
AT1G30757	0
AT1G30690	3288
AT1G43760	0
AT1G35680	9107
AT1G61550	21
AT1G36745	0
AT1G58120	2
AT1G69090	0
AT1G27870	0
AT1G63710	48
AT1G03103	0
AT1G31970	3358
AT1G04960	505
AT1G68440	579
AT1G05085	0
AT1G10740	557
AT1G19040	0
AT1G32960	2
AT1G10290	3064
AT1G34020	546
AT1G20575	580
AT1G56085	1
AT1G49190	0
AT1G01730	470
AT1G26500	43
AT1G75125	59
AT1G13800	94
AT1G28380	822
AT1G10150	0
AT1G02180	167
AT1G01180	190
AT1G04625	0
AT1G16810	1779
AT1G14160	137
AT1G55370	967
AT1G67790	0
AT1G30110	379
AT1G70640	54
AT1G71691	5
AT1G78970	460
AT1G09610	4
AT1G69190	0
AT1G34065	222
AT1G69730	220
AT1G64300	90
AT1G18180	174
AT1G53260	2
AT1G18750	58
AT1G72670	615
AT1G63090	309
AT1G67350	3030
AT1G03430	317
AT1G31670	1
AT1G48790	1056
AT1G64510	8966
AT1G10980	13
AT1G61667	196
AT1G48270	229
AT1G66570	0
AT1G35720	14049
AT1G11690	1
AT1G68880	176
AT1G72180	1202
AT1G15920	358
AT1G78020	2334
AT1G63060	0
AT1G24265	103
AT1G19710	482
AT1G28050	1551
AT1G51420	451
AT1G65540	1631
AT1G21600	4209
AT1G68980	283
AT1G20270	397
AT1G73640	103
AT1G02260	397
AT1G20410	457
AT1G55675	257
AT1G19900	100
AT1G30260	125
AT1G10800	21
AT1G56140	815
AT1G74270	3455
AT1G43610	0
AT1G20050	1706
AT1G72250	884
AT1G10940	1655
AT1G02420	18
AT1G32460	0
AT1G35614	0
AT1G11390	797
AT1G25450	1020
AT1G77490	3447
AT1G69250	1171
AT1G14890	411
AT1G66280	1486
AT1G07900	15
AT1G59218	63
AT1G33410	1680
AT1G72280	118
AT1G53670	2367
AT1G78290	89
AT1G36640	3
AT1G17360	658
AT1G14150	2531
AT1G03490	1
AT1G62910	77
AT1G70420	332
AT1G52590	592
AT1G29850	1961
AT1G33810	2647
AT1G19600	1900
AT1G51035	6
AT1G18340	263
AT1G53345	132
AT1G23995	0
AT1G31820	86
AT1G55350	2349
AT1G29460	29
AT1G07420	1352
AT1G04260	298
AT1G14720	1804
AT1G69550	572
AT1G62981	57
AT1G65080	135
AT1G80350	1079
AT1G67060	369
AT1G68845	0
AT1G63600	5
AT1G05930	0
AT1G58265	0
AT1G74100	1864
AT1G48450	3120
AT1G15600	0
AT1G68210	0
AT1G24159	0
AT1G31910	4866
AT1G43630	0
AT1G75010	845
AT1G09700	416
AT1G12900	30820
AT1G30545	102
AT1G16840	1080
AT1G69740	6101
AT1G73280	53
AT1G30000	916
AT1G19150	2435
AT1G04860	1094
AT1G60170	1695
AT1G42190	0
AT1G45010	309
AT1G76065	60
AT1G69780	421
AT1G08750	336
AT1G62305	138
AT1G28610	589
AT1G20490	76
AT1G73970	426
AT1G74580	160
AT1G52100	408
AT1G07670	2205
AT1G02890	2517
AT1G47720	148
AT1G33120	4240
AT1G30700	329
AT1G51650	7267
AT1G27840	526
AT1G63105	0
AT1G09230	407
AT1G06900	1743
AT1G06050	100
AT1G73250	380
AT1G07050	3276
AT1G64810	512
AT1G75270	1345
AT1G64920	46
AT1G54680	52
AT1G05950	197
AT1G33390	719
AT1G73990	2496
AT1G56210	278
AT1G35030	0
AT1G78580	2222
AT1G25155	0
AT1G31720	27
AT1G80030	2577
AT1G32980	0
AT1G56620	0
AT1G50680	0
AT1G78500	5
AT1G58460	12
AT1G45145	795
AT1G53530	282
AT1G67035	101
AT1G21980	1112
AT1G05100	17
AT1G56330	3394
AT1G62500	662
AT1G72940	232
AT1G35242	0
AT1G60750	41
AT1G68120	48
AT1G47330	451
AT1G18740	308
AT1G04210	1538
AT1G66060	47
AT1G56415	0
AT1G13910	172
AT1G07780	551
AT1G54940	27
AT1G76100	4181
AT1G66100	496
AT1G27360	233
AT1G73530	1308
AT1G77400	382
AT1G49290	0
AT1G67220	1
AT1G36272	0
AT1G35780	1142
AT1G56460	545
AT1G16520	812
AT1G63057	0
AT1G06450	30
AT1G59722	0
AT1G51680	2914
AT1G55160	679
AT1G69150	4
AT1G66040	3
AT1G23020	1040
AT1G51915	2
AT1G69380	245
AT1G54400	25
AT1G27420	87
AT1G27910	499
AT1G49040	1668
AT1G58223	0
AT1G67330	0
AT1G23300	0
AT1G64230	3491
AT1G57690	0
AT1G55152	0
AT1G48030	10904
AT1G50890	218
AT1G15590	0
AT1G15180	756
AT1G79460	420
AT1G20823	152
AT1G27330	2033
AT1G78830	2261
AT1G60050	21
AT1G72545	0
AT1G64584	0
AT1G69523	302
AT1G20720	251
AT1G55610	251
AT1G07400	49
AT1G34575	0
AT1G44170	1439
AT1G27600	903
AT1G02710	0
AT1G15040	76
AT1G05200	801
AT1G05575	38
AT1G75220	1280
AT1G13860	477
AT1G05720	343
AT1G53300	1449
AT1G54180	207
AT1G61810	15
AT1G62640	1579
AT1G24430	92
AT1G80590	1
AT1G35820	0
AT1G63250	249
AT1G23890	346
AT1G20480	106
AT1G61790	1817
AT1G68300	915
AT1G69790	25
AT1G10560	46
AT1G68780	429
AT1G07640	1010
AT1G32710	0
AT1G34070	0
AT1G52155	132
AT1G47500	1792
AT1G77765	42
AT1G62190	0
AT1G26130	487
AT1G59500	0
AT1G77010	47
AT1G74130	2
AT1G15360	0
AT1G07170	441
AT1G10360	541
AT1G22780	6863
AT1G64610	187
AT1G02305	1650
AT1G21860	0
AT1G70990	60
AT1G16030	190
AT1G34270	224
AT1G69570	3
AT1G03240	2
AT1G05820	76
AT1G60690	294
AT1G58210	178
AT1G58007	31
AT1G29900	5214
AT1G33320	12
AT1G72630	461
AT1G09780	11870
AT1G29435	0
AT1G15350	514
AT1G06515	311
AT1G50030	1482
AT1G32520	194
AT1G51210	0
AT1G66930	42
AT1G03540	104
AT1G76310	623
AT1G64385	768
AT1G43850	943
AT1G76965	2
AT1G51570	4029
AT1G76130	338
AT1G11050	0
AT1G72080	0
AT1G04680	2751
AT1G32780	103
AT1G18370	1496
AT1G24040	531
AT1G61120	12
AT1G69160	318
AT1G22230	182
AT1G75240	930
AT1G53700	73
AT1G80460	2452
AT1G59640	72
AT1G19850	898
AT1G21925	0
AT1G48600	7049
AT1G28390	442
AT1G67030	413
AT1G64340	3
AT1G31550	241
AT1G52360	4075
AT1G77270	217
AT1G64320	47
AT1G03165	0
AT1G64590	80
AT1G79400	5
AT1G02880	476
AT1G38790	0
AT1G63190	0
AT1G78850	4933
AT1G70895	100
AT1G12230	2705
AT1G35830	65
AT1G75430	12
AT1G53450	320
AT1G25330	1
AT1G21950	0
AT1G23650	0
AT1G72270	4
AT1G30170	0
AT1G15757	1
AT1G28150	1921
AT1G69500	0
AT1G23580	0
AT1G03440	527
AT1G76270	460
AT1G65560	288
AT1G13730	1276
AT1G18060	3198
AT1G21640	2033
AT1G08960	353
AT1G79860	28
AT1G68360	35
AT1G10550	47
AT1G34570	671
AT1G65710	352
AT1G56530	0
AT1G53320	1018
AT1G17220	11796
AT1G77525	4
AT1G19960	543
AT1G52880	167
AT1G05420	50
AT1G76040	350
AT1G79840	431
AT1G47830	725
AT1G03010	29
AT1G78100	898
AT1G01695	7
AT1G15380	578
AT1G72320	1193
AT1G61690	1057
AT1G01610	1697
AT1G74030	2982
AT1G66950	74
AT1G18770	0
AT1G74220	0
AT1G56630	71
AT1G02520	359
AT1G50620	476
AT1G08130	1195
AT1G33790	299
AT1G62380	12093
AT1G73165	7
AT1G66000	0
AT1G77932	0
AT1G15480	722
AT1G77960	27
AT1G02590	0
AT1G66640	0
AT1G23880	138
AT1G34460	32
AT1G12780	861
AT1G30300	246
AT1G54060	797
AT1G33020	0
AT1G71130	427
AT1G75170	327
AT1G79920	3495
AT1G03190	333
AT1G16025	0
AT1G22620	911
AT1G51260	1
AT1G65640	0
AT1G26410	19
AT1G74820	3
AT1G34650	0
AT1G23190	3832
AT1G55250	624
AT1G74210	842
AT1G76940	400
AT1G80890	217
AT1G74730	3650
AT1G76090	1258
AT1G63990	12
AT1G61360	423
AT1G75140	566
AT1G21270	877
AT1G49300	1595
AT1G80610	205
AT1G05570	2353
AT1G27540	468
AT1G53945	1
AT1G61565	0
AT1G30780	1
AT1G73350	482
AT1G52440	0
AT1G31280	524
AT1G01225	130
AT1G27110	31
AT1G03180	90
AT1G30050	6
AT1G19540	55
AT1G09540	31
AT1G28220	8
AT1G75717	0
AT1G52680	0
AT1G18940	31
AT1G62580	21
AT1G11020	302
AT1G75680	2847
AT1G16630	679
AT1G61415	9
AT1G65840	3286
AT1G31870	648
AT1G74370	353
AT1G34510	38
AT1G62370	154
AT1G33100	8
AT1G66560	0
AT1G67450	0
AT1G50220	0
AT1G12420	307
AT1G67980	2
AT1G08170	1
AT1G02020	492
AT1G15000	0
AT1G07440	1358
AT1G72360	318
AT1G65500	605
AT1G11160	209
AT1G65140	0
AT1G14670	3292
AT1G22420	0
AT1G27220	0
AT1G03850	226
AT1G65850	19
AT1G80520	90
AT1G23540	21
AT1G33420	0
AT1G03380	1104
AT1G60420	1050
AT1G19660	2842
AT1G19100	386
AT1G75120	445
AT1G78730	108
AT1G23560	81
AT1G05560	0
AT1G53310	7564
AT1G51538	15
AT1G54953	0
AT1G05240	1
AT1G58330	2
AT1G53366	0
AT1G47600	378
AT1G10395	0
AT1G06270	146
AT1G49220	17
AT1G49810	0
AT1G21410	206
AT1G03106	1
AT1G47620	14
AT1G31230	3200
AT1G15260	483
AT1G50470	0
AT1G67520	96
AT1G54930	45
AT1G29980	906
AT1G33950	3
AT1G03325	0
AT1G40083	0
AT1G45190	0
AT1G13050	129
AT1G31880	96
AT1G03710	11
AT1G73630	303
AT1G69040	1844
AT1G61150	1037
AT1G53110	217
AT1G17530	600
AT1G17040	180
AT1G16230	2
AT1G19480	245
AT1G69930	6
AT1G34807	0
AT1G59790	1
AT1G13390	501
AT1G49130	174
AT1G03880	0
AT1G17810	0
AT1G50610	0
AT1G31175	178
AT1G05380	1187
AT1G49205	1
AT1G14500	5
AT1G61095	0
AT1G11000	290
AT1G80530	1049
AT1G22540	673
AT1G01720	791
AT1G32010	0
AT1G30850	12
AT1G04480	8782
AT1G29930	557374
AT1G03140	1670
AT1G33360	702
AT1G10300	66
AT1G49820	883
AT1G71960	434
AT1G51110	2452
AT1G52560	30
AT1G52550	81
AT1G54340	1304
AT1G74460	570
AT1G60960	293
AT1G55010	110
AT1G17010	0
AT1G48635	489
AT1G07745	146
AT1G54980	1
AT1G44810	784
AT1G71000	78
AT1G43170	28997
AT1G20470	1
AT1G76660	875
AT1G62040	552
AT1G34800	0
AT1G48860	2355
AT1G62975	128
AT1G15220	189
AT1G27680	783
AT1G64900	1347
AT1G47130	16
AT1G68480	41
AT1G13770	322
AT1G75340	483
AT1G11300	77
AT1G12250	910
AT1G80740	5
AT1G47760	58
AT1G24650	1
AT1G10385	4
AT1G04150	20
AT1G70190	869
AT1G50790	70
AT1G62680	157
AT1G10110	2
AT1G64330	1084
AT1G31270	8
AT1G80570	111
AT1G80690	365
AT1G01100	6531
AT1G20000	0
AT1G03740	1033
AT1G54010	3029
AT1G04880	20
AT1G53620	3
AT1G02450	13
AT1G53970	0
AT1G65290	3995
AT1G75370	1395
AT1G60590	361
AT1G24170	1070
AT1G17720	2479
AT1G12090	24023
AT1G26890	12
AT1G31835	86
AT1G75820	1398
AT1G65480	16
AT1G11112	37
AT1G15490	378
AT1G15125	1601
AT1G13210	1209
AT1G07210	1332
AT1G64253	21
AT1G03230	2104
AT1G34220	834
AT1G15120	2342
AT1G16515	28
AT1G56550	170
AT1G37000	0
AT1G66720	0
AT1G33530	0
AT1G18490	496
AT1G47497	0
AT1G18900	559
AT1G47485	3
AT1G12050	1824
AT1G69070	1636
AT1G27430	1558
AT1G04470	2
AT1G57670	8
AT1G55500	1967
AT1G27435	1484
AT1G77350	839
AT1G10450	731
AT1G08400	157
AT1G52343	11
AT1G16160	19
AT1G60090	0
AT1G69320	26
AT1G49050	314
AT1G60700	142
AT1G15680	0
AT1G64030	1
AT1G53930	5
AT1G25275	4499
AT1G79985	469
AT1G79100	6
AT1G68820	490
AT1G55190	0
AT1G73177	278
AT1G62200	453
AT1G49950	832
AT1G10390	2660
AT1G16670	276
AT1G16800	332
AT1G28070	162
AT1G12830	0
AT1G36070	356
AT1G14400	2921
AT1G52320	804
AT1G61240	391
AT1G76910	0
AT1G36060	263
AT1G26600	36
AT1G19780	13
AT1G35365	0
AT1G23600	1
AT1G13750	373
AT1G30280	138
AT1G19470	0
AT1G61900	508
AT1G51405	201
AT1G75260	68
AT1G55710	0
AT1G07615	374
AT1G09970	4822
AT1G65370	421
AT1G09250	619
AT1G69485	22
AT1G76060	391
AT1G05740	0
AT1G43415	0
AT1G20690	0
AT1G44030	2
AT1G55810	703
AT1G34130	1605
AT1G74320	487
AT1G23860	903
AT1G14642	9
AT1G70730	3420
AT1G11755	199
AT1G43245	150
AT1G53370	0
AT1G34440	2
AT1G53325	0
AT1G47560	72
AT1G11080	354
AT1G58525	0
AT1G48070	1
AT1G32560	3
AT1G58725	0
AT1G12710	595
AT1G61280	62
AT1G53420	1
AT1G49980	582
AT1G59980	182
AT1G14930	0
AT1G67148	63
AT1G48230	1205
AT1G12260	88
AT1G52940	7
AT1G47250	281
AT1G68000	673
AT1G24793	0
AT1G25360	183
AT1G65240	15
AT1G02670	58
AT1G07990	1311
AT1G65483	3
AT1G74360	140
AT1G01560	34
AT1G34180	39
AT1G04270	13332
AT1G34810	0
AT1G20930	521
AT1G72760	3
AT1G77405	65
AT1G57770	2085
AT1G19240	375
AT1G13970	152
AT1G13940	412
AT1G05010	6647
AT1G28305	0
AT1G02190	11
AT1G34830	0
AT1G45207	531
AT1G21690	813
AT1G24880	2
AT1G53710	385
AT1G48110	1457
AT1G60710	3169
AT1G52380	1343
AT1G79930	4584
AT1G23840	32
AT1G76320	565
AT1G53290	411
AT1G55770	2
AT1G29330	321
AT1G23120	76
AT1G76540	925
AT1G18720	2155
AT1G68810	454
AT1G21870	0
AT1G13980	1367
AT1G68100	692
AT1G29840	173
AT1G25083	0
AT1G02310	9
AT1G65032	143
AT1G68270	0
AT1G74680	378
AT1G05880	1
AT1G79470	638
AT1G61460	65
AT1G10190	0
AT1G73940	1467
AT1G26795	0
AT1G10747	0
AT1G33560	614
AT1G01250	42
AT1G32640	0
AT1G03670	0
AT1G36340	0
AT1G64740	360
AT1G01950	600
AT1G12380	377
AT1G33730	3
AT1G71280	9
AT1G71865	144
AT1G09660	1269
AT1G79485	0
AT1G22882	644
AT1G56410	0
AT1G61980	278
AT1G28200	1426
AT1G43950	0
AT1G75420	431
AT1G15170	239
AT1G19230	245
AT1G77940	8394
AT1G35460	319
AT1G54650	218
AT1G30845	70
AT1G65700	526
AT1G10050	452
AT1G73770	157
AT1G09280	498
AT1G16300	600
AT1G35240	7
AT1G08200	5809
AT1G04140	2703
AT1G63750	245
AT1G23250	0
AT1G51805	1757
AT1G63700	1229
AT1G58602	4330
AT1G29620	0
AT1G43720	0
AT1G24490	983
AT1G01460	0
AT1G08820	828
AT1G07240	856
AT1G40390	0
AT1G51760	747
AT1G72600	11
AT1G12030	49
AT1G09483	0
AT1G47813	0
AT1G74830	10
AT1G04645	0
AT1G70910	2
AT1G48285	0
AT1G13550	8
AT1G33102	10
AT1G12663	0
AT1G76150	893
AT1G50770	0
AT1G25490	2811
AT1G29500	43
AT1G55880	407
AT1G47786	0
AT1G26590	17
AT1G77180	3778
AT1G45230	1577
AT1G71860	1360
AT1G31160	693
AT1G17090	99
AT1G62750	16576
AT1G06980	76
AT1G65490	62
AT1G04230	311
AT1G68765	8
AT1G58807	0
AT1G80190	265
AT1G14040	443
AT1G01030	110
AT1G63840	451
AT1G68030	33
AT1G29700	873
AT1G68190	366
AT1G68010	12755
AT1G29965	5
AT1G36920	0
AT1G04950	540
AT1G68800	3
AT1G56080	129
AT1G68260	552
AT1G72860	24
AT1G73510	0
AT1G28490	764
AT1G54100	2101
AT1G56430	535
AT1G60160	761
AT1G03360	498
AT1G60280	0
AT1G28280	931
AT1G20290	0
AT1G02930	3370
AT1G06137	0
AT1G18480	750
AT1G31190	1555
AT1G27960	229
AT1G10850	687
AT1G10270	900
AT1G01200	76
AT1G75760	470
AT1G61430	265
AT1G73140	15
AT1G70770	4581
AT1G80500	1322
AT1G40087	0
AT1G62440	319
AT1G77280	305
AT1G26550	4093
AT1G57610	826
AT1G64640	1084
AT1G24360	4486
AT1G36095	0
AT1G78630	18632
AT1G54730	527
AT1G29770	18
AT1G21866	0
AT1G14870	923
AT1G45249	726
AT1G44414	0
AT1G02130	1077
AT1G13110	2911
AT1G34420	75
AT1G20550	139
AT1G78980	0
AT1G63210	0
AT1G03800	20
AT1G47370	16
AT1G28760	201
AT1G66240	3452
AT1G70710	1689
AT1G23960	798
AT1G21480	393
AT1G78390	5
AT1G26290	0
AT1G01470	4653
AT1G56200	4133
AT1G60200	2480
AT1G49400	581
AT1G19115	1
AT1G62160	0
AT1G79740	743
AT1G09520	438
AT1G80940	954
AT1G74470	29203
AT1G72480	893
AT1G32310	230
AT1G52160	511
AT1G30220	9
AT1G24530	447
AT1G59077	0
AT1G13900	829
AT1G31940	403
AT1G09940	656
AT1G32583	33
AT1G61590	280
AT1G03390	0
AT1G63170	1030
AT1G30060	0
AT1G57590	310
AT1G29310	1409
AT1G45000	3401
AT1G04910	919
AT1G53130	31
AT1G06500	300
AT1G16290	3
AT1G08420	1985
AT1G52790	2
AT1G73065	1
AT1G23730	107
AT1G47310	475
AT1G04330	36
AT1G01930	423
AT1G09980	901
AT1G13510	47
AT1G13290	0
AT1G77630	520
AT1G62886	0
AT1G58200	1303
AT1G65113	0
AT1G51500	2413
AT1G64930	67
AT1G52245	182
AT1G03550	32
AT1G30950	1
AT1G56145	626
AT1G11900	43
AT1G32361	0
AT1G43815	0
AT1G11700	376
AT1G62150	184
AT1G65735	0
AT1G59840	572
AT1G60350	0
AT1G69510	2146
AT1G79220	91
AT1G27930	1279
AT1G06780	571
AT1G06840	595
AT1G06143	163
AT1G07930	16800
AT1G01670	41
AT1G59540	595
AT1G73040	82
AT1G20120	4
AT1G62630	577
AT1G17060	67
AT1G06520	48
AT1G67865	1270
AT1G15410	486
AT1G69700	543
AT1G05510	0
AT1G05500	1394
AT1G16610	2122
AT1G66450	33
AT1G04300	1770
AT1G08530	381
AT1G20570	54
AT1G18950	1343
AT1G51350	642
AT1G27750	658
AT1G54740	370
AT1G28710	678
AT1G28450	5
AT1G15625	15
AT1G61660	728
AT1G75460	2018
AT1G49310	162
AT1G69650	0
AT1G80070	7435
AT1G51060	4269
AT1G80410	3626
AT1G09794	114
AT1G59670	0
AT1G02980	8
AT1G06680	93038
AT1G66540	153
AT1G33840	22
AT1G27610	1
AT1G09750	6570
AT1G31772	6
AT1G13608	8
AT1G15280	1963
AT1G21500	4784
AT1G18170	988
AT1G79350	1460
AT1G26200	6
AT1G29490	1
AT1G29870	0
AT1G07520	0
AT1G08060	594
AT1G02720	500
AT1G47490	2804
AT1G20180	1
AT1G15870	113
AT1G30800	0
AT1G27461	0
AT1G34340	561
AT1G29660	1562
AT1G65060	704
AT1G10890	1013
AT1G55335	0
AT1G13805	0
AT1G31920	0
AT1G21510	29
AT1G48400	8
AT1G54300	2
AT1G55120	275
AT1G08645	0
AT1G03495	228
AT1G70450	5
AT1G30240	545
AT1G64570	677
AT1G77855	52
AT1G48190	0
AT1G01590	1
AT1G48120	522
AT1G01070	225
AT1G69940	9
AT1G02067	0
AT1G17440	1032
AT1G79480	32
AT1G44478	0
AT1G80230	2121
AT1G63080	90
AT1G70160	2252
AT1G31410	697
AT1G76705	29
AT1G08550	4508
AT1G70970	0
AT1G08320	195
AT1G76450	2697
AT1G48880	177
AT1G12020	254
AT1G01340	188
AT1G21960	0
AT1G30620	574
AT1G34095	4
AT1G09920	851
AT1G18840	878
AT1G35410	0
AT1G76030	4813
AT1G02280	2538
AT1G43665	0
AT1G52110	4
AT1G64795	0
AT1G05180	1275
AT1G56070	45376
AT1G72000	7
AT1G13260	1006
AT1G17970	403
AT1G13920	270
AT1G20020	35759
AT1G18090	257
AT1G13000	563
AT1G80900	177
AT1G52600	992
AT1G65260	4551
AT1G33610	141
AT1G49435	0
AT1G61940	0
AT1G77470	634
AT1G12200	1031
AT1G02950	76
AT1G57870	796
AT1G56020	255
AT1G71240	491
AT1G12411	0
AT1G10870	904
AT1G55210	2376
AT1G29730	84
AT1G05080	0
AT1G30840	440
AT1G52630	248
AT1G80470	0
AT1G01080	2651
AT1G73210	103
AT1G48730	0
AT1G55740	436
AT1G10180	931
AT1G53790	77
AT1G07175	9
AT1G08990	163
AT1G59850	19
AT1G62421	0
AT1G65130	33
AT1G62900	3
AT1G63205	0
AT1G56060	3
AT1G10490	1036
AT1G78260	264
AT1G09880	38
AT1G59630	0
AT1G17640	110
AT1G69410	1909
AT1G31150	512
AT1G59865	11
AT1G79780	20
AT1G25150	0
AT1G57990	544
AT1G72141	0
AT1G57550	0
AT1G03050	4
AT1G16825	128
AT1G51360	245
AT1G66810	27
AT1G67270	2
AT1G42480	1091
AT1G69900	209
AT1G68450	18
AT1G54270	5143
AT1G54590	0
AT1G27760	1902
AT1G27020	4136
AT1G03300	0
AT1G06690	1870
AT1G35435	0
AT1G45180	426
AT1G19730	363
AT1G80260	1016
AT1G04840	66
AT1G62050	384
AT1G24851	0
AT1G22885	359
AT1G54450	158
AT1G22730	1103
AT1G29710	188
AT1G33760	3
AT1G67700	7741
AT1G07960	790
AT1G70430	133
AT1G20200	2268
AT1G13430	51
AT1G11130	926
AT1G55270	400
AT1G76890	805
AT1G73560	0
AT1G45976	423
AT1G47390	0
AT1G43640	0
AT1G44760	603
AT1G69820	0
AT1G72680	584
AT1G61340	114
AT1G35430	76
AT1G61040	926
AT1G54830	475
AT1G14250	532
AT1G78880	1624
AT1G72660	1
AT1G32740	72
AT1G79320	38
AT1G29600	28
AT1G67856	6
AT1G65070	856
AT1G29195	44
AT1G31740	0
AT1G62570	927
AT1G72620	6
AT1G60650	774
AT1G18440	490
AT1G08260	753
AT1G68580	1331
AT1G80245	196
AT1G31930	1158
AT1G49750	2812
AT1G12130	1
AT1G04600	27
AT1G27970	1858
AT1G13755	0
AT1G26480	0
AT1G59870	24957
AT1G59620	286
AT1G62710	330
AT1G24310	784
AT1G10620	1
AT1G09415	313
AT1G52905	226
AT1G11840	12116
AT1G61165	2
AT1G19070	10
AT1G64360	109
AT1G22275	32
AT1G51830	845
AT1G16970	475
AT1G44890	103
AT1G55890	1143
AT1G28560	92
AT1G55475	109
AT1G33260	138
AT1G13195	241
AT1G21080	1064
AT1G30480	640
AT1G19510	6
AT1G23330	414
AT1G72850	25
AT1G02840	3911
AT1G71697	439
AT1G04520	666
AT1G54970	343
AT1G26610	4
AT1G11303	150
AT1G48210	1067
AT1G06000	0
AT1G37113	0
AT1G55280	130
AT1G78815	68
AT1G21840	83
AT1G66020	18
AT1G30420	435
AT1G72560	769
AT1G33600	1163
AT1G30972	0
AT1G67635	1
AT1G28010	260
AT1G78310	164
AT1G53210	4826
AT1G68945	586
AT1G51310	662
AT1G16980	0
AT1G29240	164
AT1G45403	0
AT1G29400	2373
AT1G08695	0
AT1G15790	53
AT1G61930	89
AT1G48360	347
AT1G54710	869
AT1G10657	259
AT1G65000	66
AT1G79260	403
AT1G28135	0
AT1G57850	3
AT1G43690	2202
AT1G10790	20
AT1G12560	262
AT1G51400	4
AT1G74330	339
AT1G13190	1494
AT1G64720	9854
AT1G70890	2436
AT1G06770	229
AT1G44350	114
AT1G71800	443
AT1G31080	0
AT1G16930	117
AT1G74950	537
AT1G01430	807
AT1G53550	0
AT1G11340	93
AT1G76590	210
AT1G07180	585
AT1G33030	19
AT1G21170	712
AT1G05270	1165
AT1G19220	429
AT1G80340	153
AT1G51270	180
AT1G28960	326
AT1G17780	235
AT1G53730	837
AT1G64583	50
AT1G22650	272
AT1G61000	319
AT1G80980	184
AT1G66980	1554
AT1G16560	1290
AT1G10810	30
AT1G01780	243
AT1G20795	0
AT1G69560	2
AT1G19370	957
AT1G14686	10
AT1G56345	159
AT1G15860	751
AT1G24180	4225
AT1G67690	349
AT1G64780	1142
AT1G51800	1010
AT1G02540	0
AT1G62333	2
AT1G53040	1019
AT1G27490	0
AT1G50340	0
AT1G63120	537
AT1G21740	473
AT1G49200	9
AT1G13130	66
AT1G53035	483
AT1G23010	275
AT1G55755	0
AT1G70540	0
AT1G58300	3
AT1G55820	347
AT1G78140	1242
AT1G30290	336
AT1G33670	7
AT1G68310	502
AT1G26160	914
AT1G69840	520
AT1G28260	280
AT1G26820	268
AT1G66770	0
AT1G12210	30
AT1G09730	856
AT1G05894	14
AT1G31817	1055
AT1G07950	513
AT1G61520	90778
AT1G25540	840
AT1G15110	461
AT1G75050	4
AT1G78000	1670
AT1G30680	1571
AT1G50080	0
AT1G04370	7
AT1G55265	3
AT1G23820	4433
AT1G13060	3335
AT1G53870	0
AT1G16760	0
AT1G09330	1109
AT1G72200	130
AT1G11684	0
AT1G80110	146
AT1G66520	303
AT1G34822	0
AT1G12660	0
AT1G48610	843
AT1G17380	27
AT1G23450	39
AT1G29640	48
AT1G27240	0
AT1G60610	283
AT1G67300	702
AT1G61760	42
AT1G24290	86
AT1G43670	9786
AT1G31420	2937
AT1G49930	0
AT1G49245	221
AT1G02250	1
AT1G69290	106
AT1G56555	10
AT1G74140	0
AT1G76430	38
AT1G62310	546
AT1G67110	132
AT1G65985	201
AT1G63820	55
AT1G02780	31303
AT1G19340	128
AT1G34390	0
AT1G53170	214
AT1G17020	94
AT1G33800	441
AT1G67235	0
AT1G12350	402
AT1G05070	499
AT1G20430	860
AT1G17250	0
AT1G04650	177
AT1G78150	2006
AT1G20670	589
AT1G13020	2176
AT1G73550	5
AT1G80300	2816
AT1G01420	235
AT1G75200	1282
AT1G21240	37
AT1G14650	2334
AT1G51470	441
AT1G66690	19
AT1G32070	1897
AT1G27550	0
AT1G60130	12
AT1G66910	357
AT1G76980	235
AT1G49250	0
AT1G05590	548
AT1G60060	97
AT1G63800	953
AT1G70790	194
AT1G69850	1481
AT1G08125	546
AT1G74880	2473
AT1G22990	31
AT1G06790	310
AT1G27535	0
AT1G28410	384
AT1G01220	927
AT1G71120	0
AT1G47657	0
AT1G55860	3233
AT1G26460	1834
AT1G70130	1
AT1G43171	0
AT1G60000	1736
AT1G47770	0
AT1G51770	17
AT1G06400	961
AT1G19835	1720
AT1G69526	164
AT1G14020	737
AT1G13780	154
AT1G12140	1086
AT1G01050	1624
AT1G35310	89
AT1G64880	2720
AT1G30570	548
AT1G59833	0
AT1G61920	1
AT1G30720	321
AT1G61010	1206
AT1G22510	111
AT1G60983	0
AT1G64107	1
AT1G01355	0
AT1G35150	0
AT1G31790	90
AT1G10715	0
AT1G56220	4690
AT1G59675	0
AT1G66840	325
AT1G11970	1
AT1G71692	68
AT1G60760	0
AT1G25560	1365
AT1G21830	306
AT1G34470	313
AT1G19440	872
AT1G10170	1686
AT1G20990	47
AT1G09995	83
AT1G25340	0
AT1G61580	1301
AT1G76750	0
AT1G01860	356
AT1G27135	0
AT1G20890	199
AT1G04990	1082
AT1G11980	0
AT1G26190	507
AT1G02660	166
AT1G11655	18
AT1G55865	26
AT1G49920	32
AT1G53580	887
AT1G78590	313
AT1G15100	817
AT1G77370	747
AT1G48440	1872
AT1G08780	1070
AT1G73100	725
AT1G13630	145
AT1G12770	2784
AT1G06150	929
AT1G60720	1
AT1G07280	2660
AT1G58440	1043
AT1G04380	11
AT1G10610	129
AT1G34795	0
AT1G61470	24
AT1G05540	76
AT1G31990	2
AT1G77680	1009
AT1G68650	326
AT1G72420	245
AT1G31800	3238
AT1G32180	1
AT1G60490	1165
AT1G17285	33
AT1G70520	573
AT1G54790	92
AT1G78640	0
AT1G72410	1143
AT1G01140	966
AT1G18360	568
AT1G51190	82
AT1G15340	4260
AT1G07680	5
AT1G31690	1699
AT1G28480	14
AT1G79970	1337
AT1G51290	0
AT1G73720	682
AT1G73810	121
AT1G07150	110
AT1G35880	0
AT1G80320	0
AT1G02610	39
AT1G80133	0
AT1G62870	250
AT1G14790	242
AT1G56090	224
AT1G25220	1062
AT1G53633	49
AT1G68690	240
AT1G44970	242
AT1G29950	1270
AT1G60040	0
AT1G15080	221
AT1G58400	150
AT1G52330	59
AT1G12570	68
AT1G63490	587
AT1G71090	961
AT1G04778	15
AT1G79720	530
AT1G24660	0
AT1G21920	718
AT1G16530	113
AT1G05520	1668
AT1G07025	0
AT1G75090	112
AT1G47670	801
AT1G52415	0
AT1G59720	216
AT1G52740	3243
AT1G34780	607
AT1G45688	1938
AT1G67170	461
AT1G60500	1
AT1G30590	1155
AT1G32920	693
AT1G72500	1230
AT1G22800	0
AT1G07480	549
AT1G29320	859
AT1G80660	4
AT1G15570	440
AT1G74070	1973
AT1G09480	70
AT1G79530	3342
AT1G03810	0
AT1G29290	13
AT1G51390	273
AT1G72645	252
AT1G36150	0
AT1G80380	4934
AT1G09935	0
AT1G54870	0
AT1G48320	0
AT1G51340	360
AT1G78170	404
AT1G72820	627
AT1G28640	0
AT1G26510	3
AT1G03445	4
AT1G58766	0
AT1G65510	60
AT1G78950	133
AT1G14330	352
AT1G02730	3066
AT1G10455	0
AT1G62790	2594
AT1G07330	1
AT1G02870	641
AT1G28680	250
AT1G47820	231
AT1G24540	2
AT1G17545	0
AT1G53285	0
AT1G71190	280
AT1G65280	1188
AT1G71235	0
AT1G78610	994
AT1G74260	3816
AT1G68760	295
AT1G77830	0
AT1G16180	3214
AT1G34850	0
AT1G76580	1023
AT1G26580	1908
AT1G30630	3255
AT1G76300	973
AT1G34317	9
AT1G68660	1491
AT1G70630	168
AT1G13690	632
AT1G34670	118
AT1G79770	50
AT1G50300	654
AT1G32415	105
AT1G63290	1150
AT1G31050	260
AT1G80640	942
AT1G30135	3
AT1G28240	687
AT1G75900	518
AT1G69470	0
AT1G32240	205
AT1G65010	3260
AT1G62060	0
AT1G02500	9703
AT1G43910	411
AT1G14710	3241
AT1G19380	249
AT1G55640	5
AT1G56510	469
AT1G15810	1112
AT1G27160	0
AT1G31814	126
AT1G18100	192
AT1G59700	312
AT1G69325	56
AT1G29940	1413
AT1G09400	3
AT1G10510	1529
AT1G47710	1431
AT1G78790	149
AT1G29000	22
AT1G12550	140
AT1G63830	1409
AT1G14687	57
AT1G53920	247
AT1G36380	129
AT1G09645	437
AT1G70040	0
AT1G77090	1178
AT1G56520	254
AT1G48560	50
AT1G27080	0
AT1G19530	418
AT1G06460	5326
AT1G72750	1139
AT1G07630	581
AT1G26720	9
AT1G66620	270
AT1G36390	1121
AT1G59740	512
AT1G63410	11
AT1G04555	146
AT1G67230	3067
AT1G29970	445
AT1G16110	170
AT1G29780	0
AT1G67320	462
AT1G10600	412
AT1G50700	123
AT1G18660	1514
AT1G65380	200
AT1G06420	113
AT1G11490	12
AT1G67160	2
AT1G63390	31
AT1G74490	65
AT1G25440	4747
AT1G64940	79
AT1G31290	27
AT1G40104	0
AT1G02360	381
AT1G67580	1271
AT1G62240	0
AT1G19940	64
AT1G51620	99
AT1G56340	9063
AT1G22290	0
AT1G73440	243
AT1G29200	32
AT1G16260	185
AT1G21250	1000
AT1G26799	0
AT1G58248	0
AT1G30880	2011
AT1G74550	2
AT1G04580	2
AT1G03320	26
AT1G74960	4940
AT1G21050	231
AT1G17455	340
AT1G09340	24460
AT1G77655	0
AT1G71060	167
AT1G67750	944
AT1G05830	960
AT1G11120	181
AT1G47395	408
AT1G78680	1737
AT1G63730	106
AT1G50530	0
AT1G08930	2763
AT1G09176	6
AT1G54820	797
AT1G13500	5
AT1G58060	792
AT1G63770	6739
AT1G24735	44
AT1G52191	0
AT1G16410	4984
AT1G59960	869
AT1G19410	2
AT1G25097	0
AT1G27470	1153
AT1G33590	3888
AT1G77160	5
AT1G18540	12108
AT1G18420	0
AT1G60920	0
AT1G72610	9
AT1G08880	2670
AT1G73220	24
AT1G07430	61
AT1G45100	0
AT1G65425	0
AT1G72590	2
AT1G43860	838
AT1G29090	5
AT1G17340	536
AT1G48605	70
AT1G63270	188
AT1G72870	71
AT1G62770	300
AT1G14920	1035
AT1G22310	208
AT1G07650	1015
AT1G16120	22
AT1G12110	5885
AT1G34049	0
AT1G05710	350
AT1G34040	200
AT1G27320	1946
AT1G08450	1418
AT1G22950	490
AT1G76880	0
AT1G61820	249
AT1G22410	6667
AT1G48912	0
AT1G65730	74
AT1G24140	26
AT1G16010	1096
AT1G18280	1
AT1G80370	389
AT1G47510	22
AT1G31730	2405
AT1G07795	3
AT1G26880	4872
AT1G50730	576
AT1G24330	92
AT1G25370	165
AT1G25570	1483
AT1G74710	382
AT1G53360	0
AT1G47278	543
AT1G62250	346
AT1G70550	416
AT1G20870	72
AT1G31340	1481
AT1G32300	0
AT1G54220	1169
AT1G78120	468
AT1G50720	2
AT1G76952	83
AT1G65990	0
AT1G30200	722
AT1G21710	338
AT1G63940	8671
AT1G80270	1492
AT1G03457	302
AT1G68040	3
AT1G55920	1277
AT1G65800	1010
AT1G30490	876
AT1G13490	1
AT1G10030	703
AT1G78720	6
AT1G33811	1296
AT1G12610	0
AT1G62820	392
AT1G69085	4
AT1G62260	147
AT1G70280	1022
AT1G66350	295
AT1G55980	12
AT1G07473	3
AT1G15160	156
AT1G19450	1397
AT1G11590	0
AT1G08620	971
AT1G15772	4
AT1G18193	0
AT1G19430	798
AT1G09040	164
AT1G80880	160
AT1G15540	1
AT1G22520	957
AT1G22400	604
AT1G03750	213
AT1G15990	1
AT1G61100	1634
AT1G66760	181
AT1G12890	5
AT1G03020	37
AT1G79760	43
AT1G80830	1954
AT1G39060	0
AT1G36942	0
AT1G34520	3
AT1G07730	0
AT1G79900	12
AT1G42990	1079
AT1G23980	65
AT1G60730	750
AT1G65950	248
AT1G36320	2367
AT1G10095	118
AT1G29340	1277
AT1G54020	5
AT1G07530	761
AT1G76405	512
AT1G69828	0
AT1G71920	0
AT1G50270	127
AT1G01020	306
AT1G02140	3645
AT1G52970	0
AT1G05810	193
AT1G16070	243
AT1G02830	0
AT1G67470	146
AT1G76700	451
AT1G61770	1103
AT1G66730	449
AT1G07190	0
AT1G80865	6
AT1G54160	50
AT1G52310	725
AT1G52410	429
AT1G14030	1467
AT1G27500	245
AT1G54860	0
AT1G17210	1995
AT1G54030	1485
AT1G04100	64
AT1G17615	0
AT1G75540	1103
AT1G55915	118
AT1G24620	23
AT1G01480	44
AT1G15800	177
AT1G52760	2039
AT1G59460	0
AT1G12775	115
AT1G54490	1887
AT1G74390	354
AT1G40129	0
AT1G16150	25
AT1G14540	17
AT1G06890	1781
AT1G63280	0
AT1G64620	185
AT1G70335	0
AT1G64450	88
AT1G55803	3
AT1G33490	572
AT1G60560	280
AT1G59725	14
AT1G29530	697
AT1G32430	0
AT1G62920	35
AT1G79070	157
AT1G77800	1995
AT1G71940	243
AT1G71230	174
AT1G47730	0
AT1G02335	376
AT1G31650	799
AT1G06260	0
AT1G30760	369
AT1G22710	4744
AT1G06910	143
AT1G74020	687
AT1G14730	238
AT1G74875	21
AT1G38131	60
AT1G11570	35
AT1G73670	453
AT1G05340	68
AT1G06580	68
AT1G01640	116
AT1G26470	572
AT1G76840	0
AT1G23320	0
AT1G07660	651
AT1G06320	0
AT1G02170	840
AT1G05330	5
AT1G51010	0
AT1G48940	3
AT1G42080	0
AT1G14310	311
AT1G28765	18
AT1G62020	3045
AT1G31660	1576
AT1G68620	42
AT1G21810	238
AT1G20925	0
AT1G79380	982
AT1G63910	11
AT1G53590	999
AT1G09890	104
AT1G29910	187970
AT1G15930	8416
AT1G67950	490
AT1G31090	0
AT1G45231	308
AT1G08110	2231
AT1G35520	0
AT1G58260	0
AT1G71200	51
AT1G26970	35
AT1G62610	167
AT1G74640	1862
AT1G08650	988
AT1G05990	7
AT1G27650	1836
AT1G19580	1080
AT1G34790	0
AT1G10100	2
AT1G71870	423
AT1G61030	386
AT1G01335	0
AT1G15620	1
AT1G55570	1
AT1G48420	1857
AT1G23640	0
AT1G22220	135
AT1G12390	399
AT1G61640	390
AT1G03410	32
AT1G22980	19
AT1G61255	22
AT1G62780	3677
AT1G13790	259
AT1G62330	1055
AT1G16490	0
AT1G67490	822
AT1G69350	78
AT1G61600	182
AT1G60260	319
AT1G19950	383
AT1G01490	1517
AT1G58320	1
AT1G79950	658
AT1G56230	998
AT1G80130	333
AT1G11180	338
AT1G68526	0
AT1G67630	482
AT1G15085	114
AT1G16750	285
AT1G65342	0
AT1G47400	423
AT1G49790	27
AT1G05460	572
AT1G47210	565
AT1G23140	208
AT1G15400	960
AT1G19485	534
AT1G62590	158
AT1G14560	389
AT1G60360	62
AT1G28630	0
AT1G31770	1464
AT1G65650	1238
AT1G22250	29
AT1G18710	59
AT1G71490	65
AT1G53720	672
AT1G63630	2
AT1G55430	22
AT1G51430	239
AT1G44820	731
AT1G05120	804
AT1G04945	244
AT1G62085	233
AT1G17770	0
AT1G67430	13705
AT1G02560	8334
AT1G73270	33
AT1G21245	0
AT1G13605	0
AT1G23070	0
AT1G11880	154
AT1G44020	4
AT1G54170	924
AT1G60990	1092
AT1G13670	525
AT1G73655	3398
AT1G30910	678
AT1G52857	3
AT1G23030	766
AT1G67140	1269
AT1G21360	43
AT1G26560	176
AT1G30120	3682
AT1G58030	1654
AT1G61080	13
AT1G69910	453
AT1G34060	32
AT1G50160	0
AT1G09050	141
AT1G79750	6328
AT1G07770	7038
AT1G22570	688
AT1G03365	568
AT1G49850	295
AT1G67440	660
AT1G59800	1
AT1G50910	72
AT1G06380	329
AT1G52825	152
AT1G23570	0
AT1G52270	78
AT1G35515	42
AT1G01940	427
AT1G35610	4
AT1G52342	132
AT1G61500	199
AT1G64210	35
AT1G31885	37
AT1G10320	488
AT1G49890	605
AT1G78030	75
AT1G76500	155
AT1G70870	0
AT1G80550	407
AT1G76630	799
AT1G26620	439
AT1G56160	3
AT1G69830	10819
AT1G55230	0
AT1G08360	8013
AT1G48160	889
AT1G51250	0
AT1G71680	0
AT1G05640	138
AT1G46480	225
AT1G66300	3
AT1G12500	1104
AT1G55550	92
AT1G75980	271
AT1G12211	0
AT1G06970	1
AT1G29800	269
AT1G19140	749
AT1G47530	2985
AT1G17300	24
AT1G76600	126
AT1G62660	2287
AT1G78540	190
AT1G70610	766
AT1G32500	3225
AT1G49700	189
AT1G53100	23
AT1G55760	187
AT1G33900	2
AT1G76620	188
AT1G17310	6
AT1G68725	19
AT1G77580	715
AT1G64830	0
AT1G45165	0
AT1G04610	109
AT1G68240	17
AT1G76160	3504
AT1G23040	460
AT1G31243	0
AT1G02850	457
AT1G01880	83
AT1G01725	80
AT1G24070	128
AT1G15230	687
AT1G71100	615
AT1G52670	1399
AT1G67280	5983
AT1G32225	0
AT1G47890	3
AT1G06090	388
AT1G54760	4
AT1G30475	71
AT1G52770	210
AT1G68937	0
AT1G26420	84
AT1G07476	0
AT1G67830	565
AT1G67660	1719
AT1G74045	0
AT1G20065	15
AT1G28350	1558
AT1G51700	405
AT1G55590	301
AT1G65570	62
AT1G11790	857
AT1G06470	1064
AT1G78270	0
AT1G71810	817
AT1G29670	3420
AT1G47200	1621
AT1G18960	2
AT1G14770	178
AT1G32100	594
AT1G35860	0
AT1G44010	2
AT1G52540	392
AT1G48725	0
AT1G68640	75
AT1G54000	2838
AT1G12750	516
AT1G13650	214
AT1G13450	500
AT1G43825	0
AT1G61740	2071
AT1G77880	10
AT1G30925	0
AT1G30100	10
AT1G32750	1987
AT1G74690	2068
AT1G80630	180
AT1G23380	139
AT1G12400	155
AT1G02813	5
AT1G25380	1001
AT1G53560	252
AT1G20770	1145
AT1G13580	313
AT1G55320	565
AT1G60530	0
AT1G05280	107
AT1G48760	629
AT1G07460	0
AT1G79790	1020
AT1G20750	0
AT1G73380	282
AT1G08070	81
AT1G14430	221
AT1G12490	3
AT1G73066	7
AT1G76080	8331
AT1G65450	117
AT1G60740	88
AT1G64460	518
AT1G16905	27
AT1G10070	46
AT1G21750	8617
AT1G65930	12713
AT1G35530	175
AT1G28290	19555
AT1G52603	0
AT1G68610	0
AT1G04870	1343
AT1G36078	0
AT1G51740	271
AT1G54230	0
AT1G44750	701
AT1G50710	651
AT1G09720	0
AT1G68875	0
AT1G65860	766
AT1G31530	0
AT1G62130	226
AT1G80650	270
AT1G10990	153
AT1G75785	0
AT1G22770	4995
AT1G25250	126
AT1G28500	0
AT1G09490	619
AT1G25470	292
AT1G58025	834
AT1G70490	4201
AT1G54580	4703
AT1G64480	5
AT1G34030	4124
AT1G12990	420
AT1G30540	417
AT1G37010	0
AT1G26370	758
AT1G17130	1200
AT1G16920	1075
AT1G01010	253
AT1G67400	177
AT1G79510	0
AT1G08220	378
AT1G16060	80
AT1G12650	693
AT1G27990	0
AT1G20790	0
AT1G60440	400
AT1G59690	0
AT1G37020	0
AT1G59580	616
AT1G27570	0
AT1G11470	0
AT1G79690	1964
AT1G34355	446
AT1G72755	0
AT1G25375	428
AT1G79640	495
AT1G74520	1192
AT1G27565	2
AT1G24470	28
AT1G19180	475
AT1G54990	1304
AT1G14110	0
AT1G44895	0
AT1G78550	123
AT1G09195	180
AT1G58250	1465
AT1G52750	144
AT1G50560	145
AT1G19800	869
AT1G24150	293
AT1G79630	556
AT1G66870	0
AT1G79103	16
AT1G60987	0
AT1G71340	294
AT1G72640	1484
AT1G57580	0
AT1G27480	1350
AT1G73080	781
AT1G27640	15
AT1G68410	602
AT1G14180	344
AT1G04020	534
AT1G70310	3262
AT1G11600	952
AT1G43680	0
AT1G71080	1133
AT1G14660	177
AT1G27530	2262
AT1G23465	20
AT1G70690	112
AT1G29520	437
AT1G22920	893
AT1G66290	0
AT1G26210	0
AT1G64010	1
AT1G73450	378
AT1G05000	500
AT1G70030	0
AT1G64490	335
AT1G60770	1650
AT1G54390	519
AT1G55300	215
AT1G26120	721
AT1G28140	2310
AT1G09665	0
AT1G72070	8
AT1G21450	675
AT1G32280	0
AT1G68670	1064
AT1G80710	158
AT1G15190	18
AT1G19130	557
AT1G21475	0
AT1G55360	2992
AT1G32130	2431
AT1G35353	0
AT1G49030	23
AT1G47700	0
AT1G64430	1353
AT1G48010	0
AT1G76070	88
AT1G30470	1713
AT1G54640	0
AT1G69060	328
AT1G13170	1358
AT1G61140	764
AT1G69630	1
AT1G48580	116
AT1G58430	0
AT1G60630	189
AT1G71380	24
AT1G48470	15
AT1G12820	613
AT1G60980	0
AT1G27140	92
AT1G51200	3208
AT1G54200	163
AT1G67190	226
AT1G50170	792
AT1G61720	2
AT1G07230	719
AT1G05160	301
AT1G11670	960
AT1G67990	4
AT1G78010	673
AT1G15830	109
AT1G50060	180
AT1G52890	59
AT1G04445	1
AT1G32140	0
AT1G17050	723
AT1G73430	1170
AT1G28320	1137
AT1G10700	648
AT1G80440	684
AT1G21140	146
AT1G33060	327
AT1G21928	0
AT1G64070	0
AT1G51980	7580
AT1G74450	216
AT1G05300	396
AT1G59030	0
AT1G27890	0
AT1G03960	370
AT1G02470	15
AT1G28170	21
AT1G01750	89
AT1G74930	84
AT1G31840	74
AT1G61610	22
AT1G23340	144
AT1G30920	0
AT1G21890	8
AT1G26761	550
AT1G06650	659
AT1G43790	544
AT1G54840	53
AT1G22930	2805
AT1G33945	0
AT1G32575	3
AT1G63150	101
AT1G77310	192
AT1G61110	1
AT1G75330	3993
AT1G66580	6656
AT1G43090	0
AT1G20520	0
AT1G74050	5105
AT1G72770	515
AT1G74970	7752
AT1G22110	22
AT1G54470	9
AT1G32760	168
AT1G19080	173
AT1G14360	789
AT1G15730	1522
AT1G63670	618
AT1G59860	25
AT1G26730	159
AT1G09130	5372
AT1G59510	76
AT1G33170	1427
AT1G61890	687
AT1G52490	0
AT1G64990	743
AT1G27050	445
AT1G25425	102
AT1G11350	565
AT1G55290	22
AT1G74090	2270
AT1G51823	0
AT1G76560	280
AT1G09812	32
AT1G09060	1120
AT1G67150	23
AT1G78955	46
AT1G61850	1083
AT1G20735	10
AT1G22690	1616
AT1G78172	41
AT1G69600	52
AT1G54040	416
AT1G62540	153
AT1G53800	1116
AT1G27900	763
AT1G08640	2485
AT1G23360	742
AT1G49940	36
AT1G13420	168
AT1G75620	45
AT1G09650	18
AT1G06120	26
AT1G60070	2334
AT1G10830	1062
AT1G10340	68
AT1G64520	3721
AT1G54380	587
AT1G63570	0
AT1G56450	2964
AT1G59470	0
AT1G12160	198
AT1G49800	0
AT1G75080	536
AT1G79730	1350
AT1G53542	29
AT1G35440	0
AT1G68150	126
AT1G67760	68
AT1G63070	0
AT1G23670	0
AT1G03560	336
AT1G10470	2191
AT1G68862	49
AT1G03060	1789
AT1G73020	419
AT1G65120	46
AT1G12845	818
AT1G32870	335
AT1G62950	122
AT1G18000	0
AT1G14290	469
AT1G65870	17
AT1G15370	1038
AT1G65352	0
AT1G43005	1
AT1G56280	5796
AT1G48195	0
AT1G71040	985
AT1G11890	943
AT1G65810	5
AT1G55970	314
AT1G72090	1364
AT1G31095	0
AT1G60110	109
AT1G63020	277
AT1G22450	3437
AT1G14740	1769
AT1G48930	330
AT1G69540	8
AT1G03870	1584
AT1G13520	25
AT1G55205	204
AT1G05530	58
AT1G16870	1220
AT1G78320	159
AT1G51130	163
AT1G33040	3064
AT1G08135	0
AT1G29010	0
AT1G23201	1
AT1G09030	0
AT1G20560	992
AT1G12840	4509
AT1G42700	0
AT1G07080	1820
AT1G14570	1719
AT1G21310	29563
AT1G20730	0
AT1G18630	282
AT1G09300	349
AT1G35710	474
AT1G24100	2439
AT1G47790	1
AT1G80850	221
AT1G34910	0
AT1G50380	1259
AT1G28460	0
AT1G49500	1011
AT1G73860	54
AT1G51810	0
AT1G25988	0
AT1G32370	241
AT1G10670	6636
AT1G20650	504
AT1G54410	75568
AT1G30020	0
AT1G57780	0
AT1G09290	256
AT1G10010	0
AT1G32375	7
AT1G62690	11
AT1G22100	0
AT1G72890	157
AT1G50510	598
AT1G09460	212
AT1G77130	952
AT1G51172	0
AT1G13030	460
AT1G17744	2
AT1G31470	143
AT1G36085	0
AT1G77150	3
AT1G51230	0
AT1G02000	366
AT1G42550	1946
AT1G75810	166
AT1G27180	242
AT1G74340	383
AT1G47056	372
AT1G70460	151
AT1G25055	0
AT1G69295	1176
AT1G45215	0
AT1G51745	473
AT1G06330	7
AT1G65980	5175
AT1G62978	0
AT1G21730	781
AT1G35617	0
AT1G80790	1601
AT1G47317	0
AT1G75730	311
AT1G06740	127
AT1G17790	268
AT1G04930	108
AT1G04455	3
AT1G09140	1208
AT1G13609	854
AT1G22630	1383
AT1G50410	741
AT1G47980	3
AT1G48800	5
AT1G32050	2919
AT1G09740	932
AT1G13700	113
AT1G57700	278
AT1G50990	0
AT1G03905	207
AT1G22150	130
AT1G03660	31
AT1G55910	228
AT1G07500	0
AT1G19870	1877
AT1G70260	104
AT1G61563	0
AT1G23145	0
AT1G54280	2
AT1G63860	268
AT1G10250	0
AT1G64180	195
AT1G51850	964
AT1G45191	181
AT1G51710	2267
AT1G72720	23
AT1G18810	125
AT1G09930	5
AT1G10585	12
AT1G26940	348
AT1G54560	23
AT1G18800	1484
AT1G01510	1284
AT1G20320	0
AT1G09815	1175
AT1G66880	475
AT1G51790	423
AT1G80600	5248
AT1G05260	1678
AT1G01500	640
AT1G01150	14
AT1G63310	494
AT1G48220	0
AT1G18010	0
AT1G10770	48
AT1G03890	0
AT1G54920	1450
AT1G50640	1077
AT1G32950	9
AT1G27940	50
AT1G27090	3706
AT1G71110	373
AT1G19630	69
AT1G69980	412
AT1G18150	2171
AT1G26570	302
AT1G69420	2050
AT1G64350	622
AT1G65681	0
AT1G73980	936
AT1G48920	20759
AT1G04120	2825
AT1G74620	0
AT1G29450	53
AT1G55460	976
AT1G32250	0
AT1G03090	695
AT1G62515	0
AT1G20580	2135
AT1G28660	269
AT1G76970	302
AT1G12910	705
AT1G64455	0
AT1G42980	3
AT1G43605	45
AT1G07270	64
AT1G30550	38
AT1G62670	158
AT1G09440	204
AT1G63030	0
AT1G16590	132
AT1G66440	16
AT1G69818	0
AT1G60230	617
AT1G66320	1
AT1G12700	109
AT1G74600	156
AT1G22970	488
AT1G69580	258
AT1G25290	609
AT1G36730	5525
AT1G73460	1239
AT1G72550	2012
AT1G01770	614
AT1G55090	1613
AT1G78080	3180
AT1G02475	1408
AT1G55070	0
AT1G32470	13548
AT1G71440	703
AT1G08480	2444
AT1G74510	1031
AT1G43000	2
AT1G21560	695
AT1G20696	5086
AT1G03395	0
AT1G18030	256
AT1G04500	15
AT1G21130	4543
AT1G60850	654
AT1G25500	201
AT1G75000	45
AT1G64980	859
AT1G77670	1252
AT1G74590	137
AT1G13350	883
AT1G76050	804
AT1G77210	244
AT1G26800	118
AT1G29750	556
AT1G28550	0
AT1G54770	454
AT1G74860	129
AT1G07200	596
AT1G56720	364
AT1G66430	2877
AT1G53820	0
AT1G51900	1
AT1G59520	503
AT1G20350	20
AT1G32020	0
AT1G19740	1748
AT1G20710	0
AT1G13245	588
AT1G04180	71
AT1G52695	0
AT1G60790	439
AT1G64400	541
AT1G14950	0
AT1G55660	0
AT1G12760	1462
AT1G56570	176
AT1G35035	0
AT1G23740	3550
AT1G52000	316
AT1G31310	82
AT1G69960	881
AT1G14470	62
AT1G61450	140
AT1G69200	2687
AT1G49990	99
AT1G05291	0
AT1G63855	110
AT1G67900	646
AT1G29630	274
AT1G48200	291
AT1G18310	0
AT1G21760	399
AT1G11450	258
AT1G29005	0
AT1G24010	0
AT1G04710	747
AT1G22850	2416
AT1G62420	9
AT1G51080	458
AT1G13825	0
AT1G01090	6891
AT1G72170	974
AT1G29440	27
AT1G05750	228
AT1G19396	26
AT1G49770	0
AT1G51300	0
AT1G06700	1432
AT1G04730	335
AT1G33080	300
AT1G64290	1
AT1G56300	2456
AT1G73470	853
AT1G45170	377
AT1G62810	748
AT1G59820	899
AT1G68280	2
AT1G05580	4
AT1G15215	210
AT1G24300	1477
AT1G33480	151
AT1G72510	1086
AT1G70590	369
AT1G24145	36
AT1G04790	709
AT1G64130	0
AT1G17370	2423
AT1G23230	1139
AT1G71900	537
AT1G11380	263
AT1G23270	0
AT1G71750	257
AT1G24450	377
AT1G63220	464
AT1G73690	86
AT1G76720	164
AT1G48540	1220
AT1G55945	0
AT1G01240	330
AT1G58520	288
AT1G30210	953
AT1G70270	26
AT1G22050	200
AT1G67530	398
AT1G15640	23
AT1G75780	675
AT1G76470	13
AT1G56040	0
AT1G55805	731
AT1G48260	52
AT1G70985	41
AT1G17930	284
AT1G68825	52
AT1G11100	99
AT1G35400	0
AT1G49100	2
AT1G78380	18666
AT1G06220	3598
AT1G43040	1
AT1G02650	34
AT1G32928	77
AT1G70740	306
AT1G68400	655
AT1G73400	101
AT1G60995	544
AT1G08985	0
AT1G55800	4
AT1G27700	295
AT1G35340	1136
AT1G71420	56
AT1G30660	11
AT1G07470	664
AT1G60410	0
AT1G35470	522
AT1G63530	77
AT1G77650	0
AT1G68905	1
AT1G58360	1295
AT1G25180	1
AT1G19620	0
AT1G34630	164
AT1G21326	6
AT1G33607	0
AT1G68230	168
AT1G72880	705
AT1G63550	1
AT1G06800	134
AT1G68320	7
AT1G20800	0
AT1G65760	1
AT1G20300	426
AT1G06060	330
AT1G68340	112
AT1G03170	8
AT1G09220	75
AT1G30320	477
AT1G02790	17
AT1G32860	570
AT1G47389	0
AT1G63850	866
AT1G52070	1618
AT1G33280	46
AT1G59810	5
AT1G59550	2
AT1G32650	0
AT1G11125	73
AT1G05320	663
AT1G61795	123
AT1G22065	147
AT1G68750	1
AT1G22040	415
AT1G48840	380
AT1G13460	454
AT1G14900	1212
AT1G80180	960
AT1G16270	1162
AT1G10580	1529
AT1G36240	0
AT1G54510	506
AT1G57600	315
AT1G09155	14
AT1G20860	0
AT1G02965	0
AT1G33350	101
AT1G28160	2
AT1G15165	150
AT1G16040	269
AT1G53250	301
AT1G78210	629
AT1G11260	1997
AT1G29820	704
AT1G72060	3
AT1G60940	1936
AT1G71770	9
AT1G08660	881
AT1G40086	0
AT1G04340	786
AT1G47260	4875
AT1G48325	4
AT1G26310	2
AT1G48460	705
AT1G59453	0
AT1G76200	4397
AT1G17600	76
AT1G47740	1399
AT1G75930	0
AT1G56580	0
AT1G17890	1544
AT1G49230	248
AT1G69935	620
AT1G54550	0
AT1G02150	5801
AT1G56350	240
AT1G28650	0
AT1G18760	0
AT1G78470	0
AT1G04070	310
AT1G31255	0
AT1G58215	0
AT1G71460	408
AT1G78130	2
AT1G74810	72
AT1G24267	1206
AT1G01920	414
AT1G25141	0
AT1G20590	0
AT1G32910	1
AT1G56180	652
AT1G58450	0
AT1G60220	930
AT1G78460	1237
AT1G21670	1388
AT1G72490	80
AT1G55690	827
AT1G53000	1053
AT1G65880	4
AT1G29020	71
AT1G80400	451
AT1G29590	83
AT1G33860	0
AT1G50440	393
AT1G49540	632
AT1G18670	665
AT1G12920	3245
AT1G06920	1
AT1G14210	1044
AT1G32550	1156
AT1G32790	2868
AT1G46336	0
AT1G78840	0
AT1G36990	638
AT1G03930	832
AT1G20875	0
AT1G23915	0
AT1G24764	1204
AT1G32260	398
AT1G52130	7
AT1G34210	648
AT1G53770	346
AT1G29040	602
AT1G15390	1105
AT1G73340	56
AT1G64580	203
AT1G79050	811
AT1G35290	56
AT1G23050	0
AT1G29080	0
AT1G48990	0
AT1G63295	131
AT1G29535	29
AT1G64960	381
AT1G73000	2
AT1G36622	119
AT1G41820	0
AT1G50840	1482
AT1G49860	1739
AT1G58420	32
AT1G49005	1
AT1G13880	612
AT1G59835	0
AT1G50350	2
AT1G11210	906
AT1G10020	471
AT1G15890	74
AT1G31640	0
AT1G69520	165
AT1G08310	139
AT1G29270	139
AT1G26140	1
AT1G11110	0
AT1G20780	712
AT1G08190	3213
AT1G04390	300
AT1G04800	1113
AT1G51490	0
AT1G58037	15
AT1G32400	2312
AT1G02090	1470
AT1G79600	4477
AT1G10650	436
AT1G76994	1
AT1G52495	0
AT1G68960	0
AT1G52510	2192
AT1G22360	1978
AT1G27270	0
AT1G66680	1006
AT1G18520	0
AT1G11230	0
AT1G67640	10
AT1G52580	0
AT1G44080	1
AT1G61575	7
AT1G20600	1
AT1G14755	0
AT1G55420	50
AT1G73590	831
AT1G21470	15
AT1G13870	438
AT1G50500	1351
AT1G61105	0
AT1G43020	52
AT1G72160	3112
AT1G23660	0
AT1G32360	765
AT1G67000	5
AT1G06350	58
AT1G66220	0
AT1G14680	58
AT1G18730	1429
AT1G26390	15
AT1G28695	0
AT1G66420	1
AT1G10900	1135
AT1G51820	159
AT1G68390	76
AT1G78370	17871
AT1G14140	405
AT1G60430	239
AT1G02300	483
AT1G28130	810
AT1G62280	59
AT1G62840	1
AT1G15970	347
AT1G27460	939
AT1G73870	32
AT1G13560	2005
AT1G31335	364
AT1G35490	3
AT1G51220	0
AT1G49260	0
AT1G12010	237
AT1G19640	49
AT1G30090	675
AT1G27190	1393
AT1G48830	4425
AT1G04430	3792
AT1G24420	4
AT1G18290	12
AT1G07940	9087
AT1G15660	715
AT1G17560	379
AT1G15980	3860
AT1G68520	3718
AT1G27595	1103
AT1G66390	48
AT1G19890	0
AT1G26110	5766
AT1G48145	0
AT1G54575	578
AT1G20330	2585
AT1G17400	6
AT1G11362	2
AT1G51540	438
AT1G28690	73
AT1G48430	642
AT1G63870	2
AT1G11860	39353
AT1G66250	505
AT1G55673	0
AT1G73030	831
AT1G04920	98
AT1G55520	548
AT1G18470	1083
AT1G13540	34
AT1G73965	22
AT1G80820	132
AT1G48530	2
AT1G35540	0
AT1G36675	1
AT1G73875	273
AT1G17650	1552
AT1G55050	35
AT1G79130	0
AT1G58340	201
AT1G70840	0
AT1G14820	722
AT1G34160	214
AT1G79960	0
AT1G07610	5866
AT1G77110	202
AT1G48960	68
AT1G45332	1060
AT1G19920	2653
AT1G20920	1947
AT1G59723	0
AT1G69800	497
AT1G49680	0
AT1G53120	475
AT1G56418	0
AT1G06190	4260
AT1G10570	691
AT1G42710	0
AT1G74110	7
AT1G34010	371
AT1G13600	19
AT1G80150	243
AT1G67480	2393
AT1G52730	1315
AT1G03680	8896
AT1G72580	0
AT1G74080	13
AT1G32200	2535
AT1G20960	6566
AT1G12960	0
AT1G65360	0
AT1G13220	978
AT1G71030	443
AT1G65110	30
AT1G77060	1009
AT1G21910	143
AT1G33090	37
AT1G75190	417
AT1G12940	22
AT1G03990	52
AT1G23440	969
AT1G15885	95
AT1G06560	516
AT1G28540	336
AT1G70880	37
AT1G01660	30
AT1G12180	0
AT1G18780	0
AT1G15330	1
AT1G10520	92
AT1G30510	5252
AT1G80990	0
AT1G11770	0
AT1G10220	7
AT1G70060	1180
AT1G76955	140
AT1G22120	0
AT1G17590	153
AT1G58235	331
AT1G51090	650
AT1G70530	707
AT1G70560	845
AT1G32170	388
AT1G25530	544
AT1G19550	0
AT1G61420	106
AT1G62490	9
AT1G80210	409
AT1G16960	163
AT1G19120	436
AT1G24625	451
AT1G07070	980
AT1G13200	2
AT1G74410	225
AT1G27720	42
AT1G02620	9
AT1G58070	143
AT1G64000	19
AT1G68060	2546
AT1G33930	143
AT1G30230	7573
AT1G11593	0
AT1G68370	908
AT1G33340	86
AT1G74120	144
AT1G16820	31
AT1G24210	32
AT1G67360	1053
AT1G27690	322
AT1G35625	0
AT1G60989	217
AT1G02920	1191
AT1G80510	326
AT1G47220	0
AT1G27070	444
AT1G25420	534
AT1G50460	547
AT1G42615	0
AT1G49480	1104
AT1G61560	184
AT1G14240	52
AT1G11250	0
AT1G49180	209
AT1G07380	446
AT1G35910	33
AT1G76180	7983
AT1G76800	132
AT1G32440	1536
AT1G57570	14
AT1G28570	187
AT1G08710	224
AT1G06020	8
AT1G01040	917
AT1G75590	41
AT1G12410	5950
AT1G19690	384
AT1G48770	133
AT1G78995	1051
AT1G68940	0
AT1G77122	487
AT1G56120	171
AT1G76960	403
AT1G79880	259
AT1G69640	814
AT1G53708	0
AT1G26810	227
AT1G02120	1866
AT1G07620	26
AT1G17430	198
AT1G78240	2033
AT1G10140	243
AT1G43800	1815
AT1G60950	40087
AT1G11750	3344
AT1G05920	0
AT1G56423	451
AT1G53160	92
AT1G64530	621
AT1G69890	448
AT1G16880	9327
AT1G29510	53
AT1G50010	9456
AT1G13485	0
AT1G16945	0
AT1G20150	0
AT1G53850	1679
AT1G53070	561
AT1G54110	142
AT1G11920	3
AT1G54850	241
AT1G10660	578
AT1G29060	186
AT1G68890	2080
AT1G26270	2025
AT1G14205	105
AT1G73240	393
AT1G72220	24
AT1G47270	548
AT1G49140	3132
AT1G17490	632
AT1G51370	70
AT1G73390	726
AT1G73180	1103
AT1G73760	789
AT1G64710	1413
AT1G28330	2109
AT1G11240	1583
AT1G22840	3805
AT1G32000	0
AT1G51140	460
AT1G64020	1
AT1G27710	0
AT1G43010	5
AT1G24350	499
AT1G65900	424
AT1G54780	6366
AT1G18890	409
AT1G20816	200
AT1G18640	995
AT1G65200	9
AT1G43710	4255
AT1G05577	10
AT1G55080	375
AT1G30930	0
AT1G66270	4140
AT1G30410	1082
AT1G60620	291
AT1G14120	97
AT1G62400	60
AT1G50040	47
AT1G26870	22
AT1G50290	70
AT1G20080	2
AT1G12640	824
AT1G13610	29
AT1G18350	12
AT1G08500	158
AT1G31830	603
AT1G70949	0
AT1G16020	646
AT1G17730	684
AT1G62010	154
AT1G80910	628
AT1G53140	594
AT1G52240	48
AT1G58110	997
AT1G73060	2894
AT1G55850	1970
AT1G74940	875
AT1G50250	4200
AT1G66890	292
AT1G18265	181
AT1G65410	856
AT1G34560	0
AT1G13360	1526
AT1G33110	587
AT1G27410	136
AT1G68420	1
AT1G08000	317
AT1G29280	920
AT1G52290	259
AT1G04635	124
AT1G60913	0
AT1G07600	0
AT1G65430	840
AT1G76010	7340
AT1G47550	1715
AT1G14230	547
AT1G19880	2114
AT1G21930	401
AT1G77550	1016
AT1G78860	182
AT1G65020	418
AT1G62340	0
AT1G21010	225
AT1G62220	0
AT1G60830	1
AT1G69440	222
AT1G24147	72
AT1G45616	9
AT1G24881	0
AT1G11960	286
AT1G64760	536
AT1G12280	211
AT1G35890	0
AT1G02740	248
AT1G34200	421
AT1G14200	267
AT1G75850	950
AT1G59890	1270
AT1G47603	0
AT1G06645	239
AT1G62110	252
AT1G64600	405
AT1G54130	1536
AT1G13400	22
AT1G04360	90
AT1G05960	1602
AT1G52190	893
AT1G53887	74
AT1G30040	105
AT1G28360	43
AT1G43970	0
AT1G05620	677
AT1G73310	156
AT1G13100	228
AT1G09910	545
AT1G03310	2504
AT1G17235	12
AT1G71210	601
AT1G32585	0
AT1G57943	1
AT1G79170	32
AT1G29355	0
AT1G71450	0
AT1G17690	898
AT1G64890	468
AT1G21550	56
AT1G15550	516
AT1G19680	447
AT1G27370	238
AT1G51730	1477
AT1G60800	1764
AT1G49410	1972
AT1G79490	345
AT1G49870	732
AT1G63200	0
AT1G73790	0
AT1G06045	0
AT1G03070	20
AT1G61860	39
AT1G74430	67
AT1G26640	644
AT1G17950	35
AT1G29110	17
AT1G11310	3438
AT1G71410	1248
AT1G74900	28
AT1G73580	21
AT1G53815	0
AT1G53640	28
AT1G69120	0
AT1G23760	73
AT1G02910	1748
AT1G64910	20
AT1G64185	79
AT1G34046	0
AT1G23290	0
AT1G20110	2084
AT1G20190	1254
AT1G63100	962
AT1G68160	297
AT1G18650	733
AT1G69220	937
AT1G02970	184
AT1G70800	209
AT1G01370	266
AT1G28700	0
AT1G71780	769
AT1G17830	127
AT1G59900	4210
AT1G77990	347
AT1G27695	99
AT1G06760	2495
AT1G01130	75
AT1G59312	0
AT1G19390	0
AT1G06720	2268
AT1G50980	0
AT1G05136	19
AT1G22490	70
AT1G71400	261
AT1G49780	310
AT1G71310	305
AT1G63650	211
AT1G61330	0
AT1G18580	477
AT1G67620	291
AT1G32580	1385
AT1G33680	1938
AT1G68560	7016
AT1G50690	0
AT1G65330	2
AT1G59990	1543
AT1G11780	419
AT1G33700	279
AT1G28110	427
AT1G58390	11
AT1G12620	204
AT1G21940	0
AT1G24545	0
AT1G74700	149
AT1G20340	57756
AT1G09530	610
AT1G04890	0
AT1G66230	48
AT1G23610	0
AT1G51040	0
AT1G26840	206
AT1G23480	394
AT1G74750	336
AT1G67290	5
AT1G44990	0
AT1G34820	0
AT1G72340	994
AT1G20220	3473
AT1G78480	8
AT1G34540	7
AT1G75060	112
AT1G77540	687
AT1G70250	127
AT1G05140	964
AT1G11440	285
AT1G55060	0
AT1G18530	0
AT1G70900	570
AT1G48100	73
AT1G02770	11
AT1G27000	1749
AT1G68730	314
AT1G36020	0
AT1G33290	1275
AT1G24190	1348
AT1G51020	1
AT1G29790	831
AT1G12540	0
AT1G62290	292
AT1G75450	47
AT1G07910	674
AT1G19570	7926
AT1G48180	2
AT1G75860	562
AT1G54310	481
AT1G52870	2442
AT1G54630	3109
AT1G61750	3
AT1G76870	90
AT1G09850	864
AT1G06010	318
AT1G29480	0
AT1G11591	0
AT1G76185	91
AT1G79940	2659
AT1G08900	231
AT1G64260	25
AT1G22740	335
AT1G08720	722
AT1G06990	0
AT1G25240	9
AT1G56650	113
AT1G69100	0
AT1G48380	276
AT1G73325	5
AT1G59124	0
AT1G78510	579
AT1G76250	55
AT1G23750	310
AT1G15420	763
AT1G18975	0
AT1G76120	320
AT1G78920	3000
AT1G26660	241
AT1G20140	380
AT1G15270	3579
AT1G28580	1615
AT1G34190	1605
AT1G14370	240
AT1G24800	0
AT1G50000	261
AT1G69230	468
AT1G30610	1240
AT1G34817	0
AT1G14390	72
AT1G17110	1501
AT1G49000	79
AT1G60460	65
AT1G80010	754
AT1G18220	0
AT1G30270	1497
AT1G70320	5848
AT1G61670	749
AT1G67940	595
AT1G41880	7660
AT1G77740	1502
AT1G62000	1
AT1G08760	548
AT1G59724	0
AT1G35420	1805
AT1G35750	0
AT1G06100	105
AT1G31240	27
AT1G19330	380
AT1G07000	327
AT1G60140	1079
AT1G78620	1302
AT1G24600	24
AT1G14260	56
AT1G01190	239
AT1G59920	2
AT1G07705	1047
AT1G08520	8305
AT1G30810	585
AT1G06390	1307
AT1G70580	1962
AT1G25550	1478
AT1G51530	5
AT1G55390	20
AT1G47420	4805
AT1G34403	0
AT1G22000	2
AT1G53875	0
AT1G09510	0
AT1G46840	0
AT1G77780	0
AT1G02490	21
AT1G22020	796
AT1G66650	46
AT1G73260	559
AT1G77250	301
AT1G16780	512
AT1G62430	1195
AT1G48640	25
AT1G23810	0
AT1G21110	561
AT1G56600	73
AT1G02440	3
AT1G66145	0
AT1G17410	126
AT1G31750	28
AT1G12440	1391
AT1G77290	145
AT1G34140	0
AT1G57630	13
AT1G01520	5
AT1G53500	649
AT1G16240	997
AT1G78600	1795
AT1G80170	159
AT1G30974	0
AT1G22200	1129
AT1G08270	46
AT1G29580	0
AT1G55535	326
AT1G31460	122
AT1G53840	1698
AT1G64200	313
AT1G58470	161
AT1G71260	1008
AT1G21970	0
AT1G63000	3742
AT1G77480	389
AT1G71910	15
AT1G67250	1214
AT1G16900	714
AT1G28040	1
AT1G16720	2854
AT1G14170	679
AT1G68090	0
AT1G16440	45
AT1G64700	66
AT1G10910	936
AT1G69210	229
AT1G14010	733
AT1G65165	0
AT1G08050	176
AT1G09080	111
AT1G22240	0
AT1G53830	254
AT1G03900	2531
AT1G33910	2
AT1G53240	12412
AT1G23690	0
AT1G67460	32
AT1G26300	480
AT1G09760	1405
AT1G47300	0
AT1G08470	636
AT1G63810	1095
AT1G46408	0
AT1G21880	708
AT1G67910	147
AT1G61370	141
AT1G52980	3134
AT1G66660	179
AT1G66130	636
AT1G35550	0
AT1G77570	48
AT1G62300	817
AT1G18130	0
AT1G14810	3078
AT1G62480	7124
AT1G48405	3
AT1G67855	0
AT1G50190	0
AT1G54330	43
AT1G03130	24041
AT1G70070	2633
AT1G21680	3966
AT1G68870	67
AT1G49760	7958
AT1G66380	12
AT1G73650	890
AT1G01700	68
AT1G22090	0
AT1G60300	0
AT1G13740	346
AT1G07920	10391
AT1G73320	218
AT1G55175	6
AT1G52230	19468
AT1G67390	0
AT1G49580	1096
AT1G61090	0
AT1G63590	0
AT1G54530	33
AT1G23037	0
AT1G11320	201
AT1G11540	112
AT1G54150	335
AT1G27120	387
AT1G54440	525
AT1G61130	8
AT1G23220	514
AT1G16390	257
AT1G49620	145
AT1G34290	0
AT1G20850	1471
AT1G12120	1327
AT1G50325	1
AT1G80525	0
AT1G22440	919
AT1G48660	24
AT1G71360	341
AT1G01530	2
AT1G76340	442
AT1G26100	193
AT1G19700	475
AT1G05770	48
AT1G07490	0
AT1G06030	5
AT1G55260	1428
AT1G05030	505
AT1G68680	567
AT1G80120	140
AT1G02400	177
AT1G24000	5
AT1G67540	1
AT1G29920	161844
AT1G32900	458
AT1G34400	0
AT1G10690	86
AT1G15015	0
AT1G47410	159
AT1G25145	0
AT1G08350	344
AT1G26240	8
AT1G11070	31
AT1G34805	0
AT1G27045	1
AT1G74310	333
AT1G11905	310
AT1G68350	21
AT1G61215	60
AT1G51970	0
AT1G61097	0
AT1G05660	51
AT1G19397	37
AT1G14185	33
AT1G54540	125
AT1G18980	47
AT1G11608	0
AT1G77790	4
AT1G63900	643
AT1G10240	244
AT1G63535	0
AT1G78160	0
AT1G22790	525
AT1G24590	4
AT1G55940	37
AT1G76480	5
AT1G15910	1034
AT1G19110	1129
AT1G76920	597
AT1G36005	0
AT1G31510	0
AT1G72260	0
AT1G01120	674
AT1G49840	358
AT1G23590	0
AT1G20450	6602
AT1G04220	72
AT1G17200	1284
AT1G18485	535
AT1G34370	1961
AT1G19360	764
AT1G55546	0
AT1G31812	9793
AT1G15700	0
AT1G76990	2300
AT1G23400	2288
AT1G09370	2
AT1G32210	1192
AT1G50745	8
AT1G61990	551
AT1G59406	0
AT1G49640	10
AT1G62935	5
AT1G07747	0
AT1G68080	236
AT1G49970	5383
AT1G72930	909
AT1G70170	42
AT1G30600	900
AT1G54500	2873
AT1G34550	1307
AT1G58410	113
AT1G22600	18
AT1G21280	0
AT1G69390	1283
AT1G52810	0
AT1G70290	615
AT1G35895	0
AT1G48780	54
AT1G14640	89
AT1G63480	682
AT1G70944	0
AT1G72230	199
AT1G34825	0
AT1G21340	7
AT1G56420	117
AT1G10630	2213
AT1G03950	270
AT1G60970	3
AT1G34930	0
AT1G06140	97
AT1G13250	551
AT1G63540	1
AT1G28000	3
AT1G23410	0
AT1G35660	277
AT1G22590	780
AT1G60380	0
AT1G76360	464
AT1G15940	1112
AT1G22870	360
AT1G16640	42
AT1G47570	491
AT1G70110	2
AT1G65440	4273
AT1G10330	52
AT1G57775	0
AT1G72970	1891
AT1G11850	1500
AT1G11720	1415
AT1G49390	47
AT1G04895	0
AT1G14453	1
AT1G05783	7
AT1G52640	27
AT1G51630	1735
AT1G51070	2620
AT1G32490	1481
AT1G02690	997
AT1G22470	44
AT1G52520	236
AT1G66340	706
AT1G06530	0
AT1G14860	230
AT1G78810	234
AT1G21320	85
AT1G27250	0
AT1G51120	0
AT1G77360	94
AT1G54120	57
AT1G08910	701
AT1G49010	691
AT1G71880	3229
AT1G22500	399
AT1G13930	39597
AT1G16540	277
AT1G21323	0
AT1G22160	109
AT1G51950	723
AT1G31440	909
AT1G74850	2989
AT1G44191	0
AT1G23710	293
AT1G53520	1257
AT1G32150	372
AT1G12740	505
AT1G12080	785
AT1G14220	36
AT1G47470	0
AT1G06620	213
AT1G12100	26
AT1G69690	515
AT1G67210	161
AT1G74630	59
AT1G16950	0
AT1G65740	0
AT1G09180	17
AT1G70120	0
AT1G30650	249
AT1G73880	283
AT1G76810	7721
AT1G18560	179
AT1G15050	3
AT1G23180	1422
AT1G53910	3853
AT1G12520	557
AT1G68830	2472
AT1G03030	507
AT1G04690	3279
AT1G13710	312
AT1G74910	2424
AT1G61230	5
AT1G62530	9
AT1G63500	1097
AT1G49270	0
AT1G60340	0
AT1G52120	94
AT1G64670	472
AT1G51660	502
AT1G08065	0
AT1G57620	442
AT1G62390	5434
AT1G61310	222
AT1G62350	47
AT1G14060	956
AT1G27770	1939
AT1G70820	5188
AT1G72350	2
AT1G79440	4517
AT1G53990	12
AT1G35183	0
AT1G54620	0
AT1G25277	50
AT1G06170	28
AT1G21790	237
AT1G73710	513
AT1G05680	227
AT1G51965	347
AT1G16700	2485
AT1G64970	374
AT1G01960	3569
AT1G73200	759
AT1G29418	303
AT1G09350	176
AT1G75380	8295
AT1G07090	526
AT1G67020	7
AT1G31850	3350
AT1G14600	141
AT1G03220	4295
AT1G08600	1327
AT1G05087	80
AT1G61710	12
AT1G31330	63142
AT1G28600	1659
AT1G23310	24602
AT1G06730	512
AT1G75400	694
AT1G34860	0
AT1G48330	551
AT1G10588	0
AT1G06070	426
AT1G77440	1354
AT1G11765	1
AT1G27860	3
AT1G33070	0
AT1G29170	526
AT1G27630	1415
AT1G33720	60
AT1G61570	1652
AT1G09090	276
AT1G68250	1
AT1G24060	0
AT1G63055	0
AT1G68720	1907
AT1G30580	7190
AT1G04130	267
AT1G45545	33
AT1G79870	2095
AT1G57790	129
AT1G62800	490
AT1G16570	424
AT1G70140	174
AT1G33970	1672
AT1G03687	546
AT1G45221	0
AT1G30755	206
AT1G09020	1769
AT1G74160	888
AT1G23420	0
AT1G70330	509
AT1G49340	2354
AT1G09710	188
AT1G49710	631
AT1G64080	133
AT1G17080	957
AT1G76950	915
AT1G05690	44
AT1G51055	12
AT1G07060	10
AT1G72030	513
AT1G79010	3902
AT1G60640	935
AT1G61060	0
AT1G28180	1
AT1G02900	739
AT1G03210	372
AT1G70620	1922
AT1G02160	676
AT1G53165	643
AT1G31450	0
AT1G63930	65
AT1G05890	1608
AT1G68590	7686
AT1G62170	2
AT1G06710	212
AT1G02800	122
AT1G27670	23
AT1G14910	1178
AT1G12850	1463
AT1G75470	0
AT1G79660	347
AT1G14300	588
AT1G75640	479
AT1G70410	3716
AT1G05065	60
AT1G55130	601
AT1G24580	20
AT1G01400	0
AT1G77093	0
AT1G07550	42
AT1G32610	35
AT1G10417	37
AT1G51880	23
AT1G63010	1794
AT1G77240	0
AT1G31020	306
AT1G24577	42
AT1G78915	799
AT1G44100	715
AT1G75180	505
AT1G27008	0
AT1G43700	791
AT1G09770	3973
AT1G53690	16
AT1G55000	550
AT1G51610	2296
AT1G53655	0
AT1G10060	533
AT1G06660	169
AT1G26762	12
AT1G67420	204
AT1G75530	0
AT1G63380	25
AT1G07902	34
AT1G10865	353
AT1G09800	233
AT1G48750	0
AT1G80760	229
AT1G79590	587
AT1G36000	0
AT1G09820	198
AT1G65960	9854
AT1G04750	2556
AT1G68850	216
AT1G23200	73
AT1G74800	645
AT1G44160	95
AT1G02510	0
AT1G14970	316
AT1G20230	142
AT1G11910	11891
AT1G51460	124
AT1G74200	31
AT1G32850	3
AT1G05700	214
AT1G13270	2368
AT1G79820	560
AT1G57906	0
AT1G24256	0
AT1G54070	0
AT1G59910	587
AT1G13990	778
AT1G01210	471
AT1G77770	587
AT1G34015	0
AT1G49360	220
AT1G78490	723
AT1G65346	0
AT1G77530	35
AT1G77450	303
AT1G49900	4
AT1G09160	850
AT1G66850	0
AT1G53885	0
AT1G06590	369
AT1G56045	5546
AT1G70360	90
AT1G67770	1
AT1G53080	4
AT1G07750	995
AT1G18210	2206
AT1G71020	936
AT1G60010	904
AT1G21530	9
AT1G74060	6771
AT1G79915	25
AT1G25390	714
AT1G14410	1276
AT1G06225	0
AT1G24570	6
AT1G49600	4471
AT1G17760	684
AT1G15430	265
AT1G21380	1563
AT1G77000	309
AT1G66940	932
AT1G77220	547
AT1G03475	8321
AT1G71180	481
AT1G70500	71
AT1G11145	0
AT1G17550	1116
AT1G44224	0
AT1G02430	2
AT1G74290	26
AT1G03370	926
AT1G52300	10770
AT1G48980	0
AT1G10950	4282
AT1G04090	44
AT1G05360	438
AT1G23790	351
AT1G21722	0
AT1G18590	1241
AT1G57820	1608
AT1G08570	1303
AT1G72110	0
AT1G02330	1032
AT1G06200	1785
AT1G18020	1
AT1G65470	592
AT1G09450	221
AT1G51100	1067
AT1G80200	57
AT1G30820	1955
AT1G01450	0
AT1G78410	55
AT1G65690	306
AT1G11950	274
AT1G32350	2
AT1G45233	411
AT1G73620	924
AT1G79090	2175
AT1G13150	21
AT1G79540	281
AT1G50180	79
AT1G29350	1587
AT1G66700	11
AT1G06130	708
AT1G43600	0
AT1G08770	241
AT1G60780	2860
AT1G70680	3
AT1G79040	100546
AT1G16340	550
AT1G36627	0
AT1G08920	520
AT1G35230	59
AT1G13470	149
AT1G27740	65
AT1G32770	0
AT1G04290	85
AT1G05150	1520
AT1G65670	20
AT1G53570	958
AT1G60390	437
AT1G58684	0
AT1G06475	0
AT1G17350	428
AT1G50420	358
AT1G05450	18
AT1G60470	107
AT1G45248	97
AT1G79360	49
AT1G76710	456
AT1G11580	5151
AT1G60240	0
AT1G19500	2
AT1G12800	8467
AT1G54690	941
AT1G53470	335
AT1G01390	114
AT1G28270	3
AT1G07360	1749
AT1G60680	1000
AT1G13570	334
AT1G43620	1116
AT1G79390	825
AT1G31860	896
AT1G30450	1352
AT1G10500	911
AT1G44446	2002
AT1G64625	81
AT1G08790	1
AT1G55775	8
AT1G44941	0
AT1G49730	670
AT1G06930	22
AT1G73885	5934
AT1G51030	3
AT1G08140	0
AT1G50670	877
AT1G72300	504
AT1G70390	4
AT1G80750	1863
AT1G04050	168
AT1G76930	21854
AT1G77320	367
AT1G77145	46
AT1G77910	0
AT1G19160	5
AT1G59950	2
AT1G48740	29
AT1G75700	25
AT1G15740	987
AT1G29720	195
AT1G47780	2
AT1G61320	0
AT1G78740	0
AT1G78530	73
AT1G52150	1410
AT1G62970	399
AT1G49960	116
AT1G68020	631
AT1G56700	1241
AT1G33820	0
AT1G03350	1389
AT1G14490	50
AT1G53750	5304
AT1G76390	118
AT1G15150	27
AT1G02680	267
AT1G11940	139
AT1G61840	25
AT1G36230	0
AT1G43667	0
AT1G74675	0
AT1G11680	2929
AT1G66670	3633
AT1G28300	3
AT1G55620	591
AT1G32030	0
AT1G16910	2
AT1G23500	0
AT1G67265	2
AT1G54240	0
AT1G72310	361
AT1G32190	333
AT1G61870	1315
AT1G66080	185
AT1G08490	1449
AT1G30960	219
AT1G09430	2227
AT1G69530	6176
AT1G78220	0
AT1G03250	978
AT1G08840	279
AT1G51960	1
AT1G33400	456
AT1G64500	151
AT1G13440	40491
AT1G50360	737
AT1G50660	1821
AT1G52470	0
AT1G20400	16
AT1G22330	272
AT1G49910	190
AT1G76190	5
AT1G29550	273
AT1G15850	0
AT1G03600	9537
AT1G73840	1095
AT1G53280	1861
AT1G13340	104
AT1G54290	312
AT1G08430	471
AT1G26540	128
AT1G43580	945
AT1G07260	291
AT1G02270	714
AT1G69360	434
AT1G53980	0
AT1G17860	0
AT1G72175	347
AT1G76550	1020
AT1G02210	0
AT1G61260	288
AT1G22680	6
AT1G06540	20
AT1G66920	356
AT1G12220	221
AT1G23280	877
AT1G72520	83
AT1G30890	498
AT1G32880	1
AT1G14480	78
AT1G80240	912
AT1G80165	0
AT1G17190	434
AT1G74840	1453
AT1G03760	256
AT1G76290	0
AT1G74670	1944
AT1G14280	186
AT1G58370	458
AT1G31555	0
AT1G65170	0
AT1G75840	1537
AT1G49405	4
AT1G13480	83
AT1G29300	217
AT1G23130	11983
AT1G32630	69
AT1G62960	678
AT1G17180	1592
AT1G27385	708
AT1G07885	4
AT1G62915	31
AT1G17345	10
AT1G09260	0
AT1G58080	3799
AT1G51940	1153
AT1G09320	330
AT1G54520	2858
AT1G55180	196
AT1G28395	616
AT1G19720	1629
AT1G33240	1379
AT1G26340	486
AT1G18197	4
AT1G09570	3148
AT1G26960	185
AT1G25580	480
AT1G72950	39
AT1G12530	541
AT1G79330	27
AT1G50200	7144
AT1G70720	7
AT1G50280	101
AT1G56030	1
AT1G28310	274
AT1G26250	3
AT1G27280	0
AT1G01453	24
AT1G03110	659
AT1G15060	680
AT1G61200	0
AT1G03200	10
AT1G49660	1210
AT1G11090	0
AT1G01110	203
AT1G61800	513
AT1G51913	9
AT1G65190	1129
AT1G36510	0
AT1G14320	24337
AT1G52720	789
AT1G66470	113
AT1G16170	320
AT1G69710	25
AT1G04160	492
AT1G71720	1533
AT1G33980	1222
AT1G32410	503
AT1G22760	7
AT1G52280	773
AT1G29560	76
AT1G55150	621
AT1G63780	591
AT1G08680	1070
AT1G77410	105
AT1G29962	1
AT1G68530	4581
AT1G33880	1
AT1G43190	2023
AT1G06290	1731
AT1G33940	0
AT1G19770	1053
AT1G50430	2256
AT1G16500	197
AT1G68910	494
AT1G03590	631
AT1G77340	2
AT1G21695	43
AT1G14620	791
AT1G14100	4
AT1G22340	24
AT1G70650	71
AT1G77710	1846
AT1G75600	2
AT1G75410	553
AT1G15690	30832
AT1G65484	21
AT1G30900	348
AT1G05730	97
AT1G80950	1163
AT1G26830	1892
AT1G27730	241
AT1G04830	339
AT1G21720	1524
AT1G62830	509
AT1G20510	909
AT1G49150	0
AT1G61170	228
AT1G26380	72
AT1G30970	1029
AT1G80090	1
AT1G80580	0
AT1G44800	2082
AT1G23720	3430
AT1G15780	1484
AT1G25510	393
AT1G72730	988
AT1G77840	1905
AT1G80060	77
AT1G70510	18
AT1G08845	189
AT1G31390	0
AT1G72050	1299
AT1G11800	308
AT1G68877	0
AT1G25260	1724
AT1G20100	1356
AT1G24148	135
AT1G77520	57
AT1G51402	0
AT1G80680	1396
AT1G27340	1327
AT1G44900	1146
AT1G66830	52
AT1G50580	64
AT1G75390	494
AT1G62510	36
AT1G34812	0
AT1G73830	175
AT1G12672	2
AT1G26255	0
AT1G08160	382
AT1G28530	389
AT1G15750	3049
AT1G54260	335
AT1G76490	5701
AT1G05785	187
AT1G31010	224
AT1G05170	241
AT1G76860	1003
AT1G28080	11
AT1G60450	3
AT1G56270	0
AT1G79230	3456
AT1G13310	2
AT1G69020	146
AT1G76728	0
AT1G09245	0
AT1G68935	0
AT1G53380	843
AT1G69370	253
AT1G05205	628
AT1G06670	2182
AT1G52260	229
AT1G10230	386
AT1G68290	5
AT1G47970	3451
AT1G68200	18
AT1G53900	0
AT1G09310	20668
AT1G55700	1
AT1G47230	395
AT1G04590	710
AT1G68840	1331
AT1G55490	23274
AT1G12000	4768
AT1G10750	105
AT1G76530	37
AT1G07485	1
AT1G31430	83
AT1G60190	33
AT1G33612	42
AT1G51450	290
AT1G24510	7881
AT1G10717	0
AT1G25112	0
AT1G18600	523
AT1G48490	1035
AT1G19520	1877
AT1G64690	152
AT1G72650	566
AT1G01580	409
AT1G55840	1710
AT1G66050	64
AT1G09190	252
AT1G54773	13
AT1G12470	1148
AT1G30515	58
AT1G28375	0
AT1G11545	739
AT1G14345	2171
AT1G67370	96
AT1G59780	75
AT1G67550	960
AT1G03920	60
AT1G16250	251
AT1G58090	0
AT1G74150	50
AT1G20380	470
AT1G08180	122
AT1G74400	59
AT1G02080	2756
AT1G17800	0
AT1G06640	2241
AT1G01170	862
AT1G80745	4
AT1G36970	0
AT1G01410	0
AT1G51910	0
AT1G80220	0
AT1G49475	44
AT1G76370	1
AT1G75670	339
AT1G26230	908
AT1G31600	584
AT1G20900	464
AT1G24822	0
AT1G67960	330
AT1G77380	207
AT1G75710	877
AT1G62620	6
AT1G08315	0
AT1G29740	25
AT1G05790	555
AT1G02350	45
AT1G01310	7
AT1G66090	38
AT1G17745	1548
AT1G49975	928
AT1G13180	374
AT1G14610	4455
AT1G49470	449
AT1G31950	258
AT1G14800	0
AT1G60370	0
AT1G54080	3902
AT1G12930	655
AT1G32810	864
AT1G03510	56
AT1G53163	46
AT1G31350	217
AT1G55030	0
AT1G18410	21
AT1G48410	5761
AT1G53030	215
AT1G58380	2658
AT1G76520	1518
AT1G77682	0
AT1G77620	382
AT1G30730	180
AT1G76460	424
AT1G11475	802
AT1G04010	323
AT1G29570	0
AT1G08890	594
AT1G68238	508
AT1G16680	853
AT1G29860	26
AT1G75290	49
AT1G24050	2198
AT1G32127	143
AT1G50450	1498
AT1G62730	225
AT1G27400	6586
AT1G79430	534
AT1G78690	284
AT1G72120	38
AT1G09560	2344
AT1G54445	0
AT1G49610	4
AT1G49830	5
AT1G10930	1127
AT1G27040	3
AT1G15630	7
AT1G04670	0
AT1G24340	513
AT1G08940	299
AT1G79210	1440
AT1G10820	546
AT1G24480	3
AT1G78960	183
AT1G62080	0
AT1G51000	1
AT1G24706	1707
AT1G47280	0
AT1G61065	116
AT1G29041	0
AT1G78780	42
AT1G73730	574
AT1G55140	853
AT1G04000	310
AT1G14960	86
AT1G45163	1
AT1G53190	450
AT1G61960	212
AT1G35537	0
AT1G34500	0
AT1G59730	109
AT1G06080	210
AT1G02405	3
AT1G07300	108
AT1G11810	0
AT1G35215	0
AT1G61970	139
AT1G76110	405
AT1G34760	121
AT1G08250	0
AT1G47885	0
AT1G54775	0
AT1G21460	464
AT1G49450	97
AT1G20360	0
AT1G53541	0
AT1G34260	744
AT1G07340	0
AT1G65350	0
AT1G02205	842
AT1G69750	407
AT1G63440	366
AT1G65520	225
AT1G67730	1934
AT1G29960	121
AT1G10000	45
AT1G21630	2937
AT1G21651	8
AT1G02060	189
AT1G17510	510
AT1G68180	18
AT1G48910	0
AT1G57760	0
AT1G70860	23
AT1G53390	1057
AT1G75790	0
AT1G18460	476
AT1G04970	639
AT1G07860	0
AT1G05040	3
AT1G18190	622
AT1G58290	4532
AT1G32730	161
AT1G02100	943
AT1G62270	0
AT1G02940	23
AT1G68130	375
AT1G72130	598
AT1G74540	0
AT1G43160	99
AT1G50120	784
AT1G18570	172
AT1G47450	0
AT1G80100	10
AT1G71930	38
AT1G71850	375
AT1G32270	3
AT1G79810	579
AT1G27100	1037
AT1G17980	960
AT1G77500	374
AT1G05370	66
AT1G68630	0
AT1G57540	316
AT1G52450	100
AT1G31040	51
AT1G58170	110
AT1G45474	3145
AT1G50400	20
AT1G23080	3399
AT1G64850	1209
AT1G17910	0
AT1G50760	1
AT1G54720	0
AT1G73930	908
AT1G04760	166
AT1G11510	0
AT1G70175	0
AT1G56560	570
AT1G05440	148
AT1G22280	937
AT1G68600	692
AT1G66490	0
AT1G19860	656
AT1G56190	8527
AT1G05910	1186
AT1G12810	391
AT1G59590	70
AT1G67720	746
AT1G67820	140
AT1G71710	1042
AT1G74990	0
AT1G47290	610
AT1G65720	1650
AT1G08590	21
AT1G15010	15
AT1G66860	8
AT1G79910	79
AT1G16480	159
AT1G32600	0
AT1G71220	3411
AT1G47610	2
AT1G65420	40
AT1G01990	437
AT1G05675	38
AT1G53940	82
AT1G17170	1064
AT1G79580	60
AT1G61290	1
AT1G73330	2376
AT1G18870	253
AT1G35140	94
AT1G22015	0
AT1G10970	148
AT1G23240	0
AT1G11870	1210
AT1G76570	182
AT1G21738	0
AT1G03840	98
AT1G68570	384
AT1G71530	0
AT1G72150	9027
AT1G54360	851
AT1G48170	204
AT1G31070	1009
AT1G30790	0
AT1G21850	0
AT1G47640	1165
AT1G75910	1
AT1G55380	63
AT1G53025	194
AT1G34360	460
AT1G26180	647
AT1G70920	40
AT1G08510	2822
AT1G20880	238
AT1G07820	2740
AT1G20060	242
AT1G26450	660
AT1G03160	1867
AT1G16225	2
AT1G03610	459
AT1G66330	781
AT1G08030	544
AT1G19670	1108
AT1G23000	263
AT1G14700	367
AT1G31170	520
AT1G27660	216
AT1G19050	444
AT1G63690	1726
AT1G44790	598
AT1G18830	10
AT1G66235	0
AT1G18860	60
AT1G32530	827
AT1G65890	41
AT1G78940	76
AT1G67650	50
AT1G55240	47
AT1G80960	69
AT1G33010	0
AT1G46264	405
AT1G25460	22
AT1G35500	0
AT1G65210	0
AT1G28005	0
AT1G75750	1921
AT1G51720	917
AT1G65680	28
AT1G05005	0
AT1G54890	241
AT1G24240	379
AT1G78050	547
AT1G12970	221
AT1G42960	3461
AT1G68723	0
AT1G13160	1440
AT1G14690	961
AT1G66120	0
AT1G73950	384
AT1G67970	663
AT1G02860	268
AT1G77720	370
AT1G59171	0
AT1G62210	0
AT1G57830	0
AT1G55830	358
AT1G79180	62
AT1G02550	0
AT1G70475	0
AT1G01620	9316
AT1G72020	4100
AT1G01290	263
AT1G29025	191
AT1G51580	589
AT1G06230	1828
AT1G73160	26
AT1G71250	0
AT1G03630	5506
AT1G76670	1975
AT1G05290	0
AT1G68990	962
AT1G19210	0
AT1G72840	175
AT1G76790	2655
AT1G80560	1874
AT1G22940	790
AT1G22720	0
AT1G45201	5086
AT1G60030	63
AT1G74790	1158
AT1G09390	292
AT1G12805	107
AT1G80860	682
AT1G61180	612
AT1G79370	0
AT1G04200	684
AT1G59530	0
AT1G03770	198
AT1G74280	126
AT1G65590	676
AT1G72390	1523
AT1G53760	364
AT1G67710	104
AT1G58310	0
AT1G31620	0
AT1G55340	1258
AT1G62740	1784
AT1G56260	95
AT1G25682	687
AT1G75490	9
AT1G07840	772
AT1G77890	201
AT1G51860	292
AT1G79680	14
AT1G50260	355
AT1G51870	40
AT1G21770	48
AT1G17610	2
AT1G20070	0
AT1G30740	6
AT1G62990	294
AT1G62560	1638
AT1G35330	27
AT1G26630	17160
AT1G09500	92
AT1G06510	538
AT1G19270	556
AT1G32975	0
AT1G14350	412
AT1G10380	344
AT1G26170	748
AT1G08165	44
AT1G77930	1048
AT1G60900	1932
AT1G33640	0
AT1G74170	358
AT1G51890	238
AT1G38065	0
AT1G72100	5
AT1G72990	324
AT1G75770	126
AT1G21528	0
AT1G26530	20
AT1G73540	305
AT1G63300	471
AT1G46768	62
AT1G69588	0
AT1G79850	0
AT1G73660	879
AT1G19310	426
AT1G33990	1545
AT1G66245	0
AT1G23350	9
AT1G02640	461
AT1G29830	27
AT1G02630	6
AT1G67680	2064
AT1G28120	1092
AT1G74040	1266
AT1G28230	341
AT1G64390	4939
AT1G61190	2160
AT1G26690	359
AT1G03280	930
AT1G10155	10
AT1G34047	1
AT1G65250	76
AT1G75940	2
AT1G71270	1329
AT1G64090	2887
AT1G08670	50
AT1G51520	58
AT1G30250	4
AT1G16470	1865
AT1G56380	0
AT1G65910	77
AT1G47271	43
AT1G35580	3292
AT1G61540	0
AT1G65580	1695
AT1G63330	0
AT1G65790	46
AT1G50140	1016
AT1G22010	0
AT1G08410	908
AT1G11530	414
AT1G75130	380
AT1G22550	377
AT1G73190	0
AT1G54095	8
AT1G31120	515
AT1G03150	485
AT1G27980	700
AT1G52220	3592
AT1G31960	0
AT1G56440	250
AT1G04540	48
AT1G80140	0
AT1G64280	799
AT1G22910	507
AT1G77850	394
AT1G35510	593
AT1G49510	809
AT1G26930	404
AT1G60815	0
AT1G24460	1701
AT1G22130	0
AT1G43080	0
AT1G06430	2247
AT1G70000	259
AT1G76260	452
AT1G49330	3
AT1G05805	925
AT1G20740	0
AT1G52900	0
AT1G43810	0
AT1G21864	0
AT1G01305	0
AT1G16890	1235
AT1G62940	2
AT1G20923	0
AT1G77390	46
AT1G30455	1
AT1G33355	0
AT1G23110	179
AT1G20970	2655
AT1G02700	32
AT1G70340	184
AT1G09950	13
AT1G66045	0
AT1G77860	17
AT1G21160	817
AT1G06360	1389
AT1G43890	1593
AT1G75360	41
AT1G29410	123
AT1G79060	215
AT1G01280	0
AT1G52950	4
AT1G22170	384
AT1G21520	211
AT1G10730	226
AT1G07880	247
AT1G79030	574
AT1G11930	2088
AT1G49630	1045
AT1G09170	83
AT1G72240	27
AT1G66600	4
AT1G54140	351
AT1G74480	0
AT1G36623	0
AT1G15200	1983
AT1G24095	114
AT1G73090	707
AT1G04780	1371
AT1G68330	87
AT1G34480	4
AT1G76240	177
AT1G20760	1574
AT1G56690	178
AT1G17520	399
AT1G76740	236
AT1G78570	5241
AT1G09470	286
AT1G77260	828
AT1G50930	21
AT1G12270	1932
AT1G68050	3552
AT1G66800	36
AT1G13330	65
AT1G23970	185
AT1G49720	1451
AT1G15290	3301
AT1G09580	549
AT1G42970	48953
AT1G53780	1330
AT1G26910	735
AT1G07410	95
AT1G66345	108
AT1G49670	2036
AT1G24610	1079
AT1G25300	0
AT1G21210	13
AT1G31260	0
AT1G77815	0
AT1G47800	0
AT1G44770	625
AT1G68380	0
AT1G01820	1631
AT1G50050	0
AT1G74088	48
AT1G27620	82
AT1G63320	0
AT1G21200	245
AT1G03780	774
AT1G09070	2290
AT1G56310	307
AT1G48900	2077
AT1G78700	385
AT1G65845	722
AT1G34350	484
AT1G31630	0
AT1G28470	77
AT1G12665	0
AT1G22460	31
AT1G27390	1709
AT1G18330	320
AT1G72700	1439
AT1G79000	2024
AT1G24485	0
AT1G11730	60
AT1G73480	514
AT1G10480	68
AT1G74530	412
AT1G07645	0
AT1G75920	6
AT1G29990	1160
AT1G79560	3619
AT1G70670	349
AT1G04530	1227
AT1G41920	0
AT1G07570	253
AT1G78280	591
AT1G15530	365
AT1G53050	1312
AT1G67180	166
AT1G36922	0
AT1G33430	0
AT1G17620	933
AT1G48745	46
AT1G76020	578
AT1G66110	0
AT1G10640	452
AT1G48670	33
AT1G11740	42
AT1G18040	337
AT1G02990	549
AT1G17700	90
AT1G23490	4614
AT1G75440	160
AT1G20810	1333
AT1G04400	3938
AT1G23390	2404
AT1G50370	1372
AT1G65295	535
AT1G21900	912
AT1G13960	590
AT1G62320	45
AT1G79160	371
AT1G02390	51
AT1G29680	2
AT1G04450	0
AT1G04660	5
AT1G69340	1137
AT1G51840	316
AT1G77690	1136
AT1G11370	3
AT1G66480	259
AT1G47940	0
AT1G64235	0
AT1G47580	444
AT1G12730	348
AT1G79080	759
AT1G23950	791
AT1G22300	7681
AT1G24120	910
AT1G31710	628
AT1G61620	798
AT1G31370	1
AT1G64630	460
AT1G10586	0
AT1G75350	9906
AT1G20683	0
AT1G08210	536
AT1G04250	1281
AT1G69880	442
AT1G16445	180
AT1G53400	471
AT1G17420	249
AT1G09270	2873
AT1G03530	1063
AT1G47990	8
AT1G26798	0
AT1G11560	2
AT1G63960	1
AT1G29395	1725
AT1G08560	1532
AT1G48700	0
AT1G19400	758
AT1G76400	1328
AT1G19790	36
AT1G29120	989
AT1G48590	2
AT1G35170	0
AT1G10280	154
AT1G80970	64
AT1G21120	151
AT1G73600	15821
AT1G66210	3
AT1G11710	121
AT1G75830	2
AT1G13410	122
AT1G53935	1
AT1G03860	2303
AT1G55330	1
AT1G52710	337
AT1G23520	2
AT1G14688	2
AT1G67455	0
AT1G08830	1197
AT1G25310	0
AT1G63340	0
AT1G78910	119
AT1G11572	0
AT1G39070	0
AT1G07830	759
AT1G05630	596
AT1G79500	1037
AT1G72040	2300
AT1G73290	6
AT1G14980	3183
AT1G78070	444
AT1G51550	44
AT1G80670	812
AT1G30160	19
AT1G37140	1
AT1G79800	0
AT1G69180	9
AT1G66855	0
AT1G30710	0
AT1G17230	0
AT1G68550	615
AT1G09100	909
AT1G35850	0
AT1G11040	4
AT1G74560	2283
AT1G71820	1909
AT1G65050	0
AT1G10710	10
AT1G63140	1
AT1G33780	334
AT1G64950	2037
AT1G06750	10
AT1G07290	87
AT1G20620	63483
AT1G22700	2502
AT1G33770	5
AT1G10920	160
AT1G80490	1902
AT1G61410	20
AT1G76650	89
AT1G54570	1460
AT1G33265	764
AT1G71290	0
AT1G04900	349
AT1G28090	733
AT1G55720	0
AT1G02370	431
AT1G24250	2
AT1G12290	100
AT1G23800	529
AT1G70505	93
AT1G66740	328
AT1G15030	657
AT1G13230	6
AT1G31580	5384
AT1G31320	358
AT1G58350	628
AT1G34120	212
AT1G49210	20
AT1G10040	143
AT1G50750	3
AT1G67100	24
AT1G65180	61
AT1G06310	48
AT1G36325	0
AT1G24110	0
AT1G27950	2932
AT1G34840	0
AT1G54385	504
AT1G21313	0
AT1G18500	2385
AT1G70980	730
AT1G26780	13
AT1G30825	279
AT1G19250	18
AT1G70090	877
AT1G18773	37
AT1G17120	566
AT1G51510	3353
AT1G52855	13
AT1G60400	0
AT1G80360	2510
AT1G49160	239
AT1G29050	441
AT1G67623	0
AT1G53610	6
AT1G48500	124
AT1G06340	1
AT1G24996	0
AT1G06440	119
AT1G04620	1624
AT1G19460	0
AT1G78870	1093
AT1G54475	1
AT1G65340	0
AT1G64170	1077
AT1G70370	3936
AT1G31200	23
AT1G04240	247
AT1G27130	1505
AT1G25410	0
AT1G63050	508
AT1G47660	0
AT1G12244	232
AT1G50600	877
AT1G18620	854
AT1G03290	589
AT1G18250	1490
AT1G75630	2132
AT1G61680	7
AT1G18910	353
AT1G47128	11569
AT1G65970	53
AT1G05940	1061
AT1G76640	6
AT1G13120	790
AT1G73610	2
AT1G26900	229
AT1G43980	51
AT1G22270	868
AT1G32540	337
AT1G05410	472
AT1G03700	19
AT1G30473	0
AT1G49015	0
AT1G55950	10
AT1G75150	331
AT1G29690	571
AT1G76350	471
AT1G44980	0
AT1G78650	432
AT1G19000	2904
AT1G64100	9
AT1G29430	85
AT1G15415	5
AT1G21190	793
AT1G31360	326
AT1G45063	2
AT1G05020	45
AT1G09010	2387
AT1G76954	0
AT1G55600	3
AT1G80540	6
AT1G07810	1570
AT1G45110	202
AT1G33220	0
AT1G12240	1698
AT1G61780	942
AT1G52910	218
AT1G27820	2
AT1G51160	1136
AT1G11760	219
AT1G07725	0
AT1G60860	477
AT1G07140	6114
AT1G79990	3562
AT1G11200	447
AT1G27520	633
AT1G78560	1071
AT1G44910	1134
AT1G71160	0
AT1G58245	0
AT1G66510	252
AT1G73607	0
AT1G33270	533
AT1G10460	44
AT1G63520	28
AT1G16320	608
AT1G43320	0
AT1G69720	58
AT1G19830	13
AT1G35160	3479
AT1G52180	0
AT1G24030	68
AT1G35181	0
AT1G78300	3893
AT1G19750	45
AT1G12040	674
AT1G64190	2093
AT1G53635	15
AT1G21070	233
AT1G01320	13805
AT1G69310	347
AT1G69450	737
AT1G26150	3098
AT1G14530	186
AT1G09840	1482
AT1G63980	2218
AT1G47960	332
AT1G63110	861
AT1G65486	260
AT1G64870	0
AT1G29220	581
AT1G78400	0
AT1G78635	0
AT1G79550	13693
AT1G72920	135
AT1G77640	21
AT1G10840	3198
AT1G01790	4539
AT1G79650	1256
AT1G16350	3122
AT1G68510	0
AT1G23770	0
AT1G04350	711
AT1G16220	246
AT1G32700	483
AT1G67040	271
AT1G54610	2060
AT1G50950	96
AT1G78200	371
AT1G56553	0
AT1G26680	38
AT1G10130	1176
AT1G76900	989
AT1G20830	408
AT1G73700	33
AT1G52565	50
AT1G70600	20808
AT1G66260	2735
AT1G05970	124
AT1G17000	0
AT1G07110	4515
AT1G70220	23
AT1G60890	891
AT1G23965	3
AT1G28020	0
AT1G18335	193
AT1G25270	0
AT1G09420	200
AT1G04105	1
AT1G19320	9
AT1G07710	40
AT1G48950	518
AT1G15760	82
AT1G17920	148
AT1G80920	2867
AT1G65160	0
AT1G76780	135
AT1G14000	1381
AT1G68460	6
AT1G79150	1346
AT1G27350	1291
AT1G22060	1459
AT1G76410	45
AT1G02030	16
AT1G17580	1134
AT1G36030	0
AT1G64800	0
AT1G02960	318
AT1G28100	296
AT1G79280	2596
AT1G59680	0
AT1G78660	823
AT1G53680	65
AT1G30860	75
AT1G66360	5
AT1G66900	399
AT1G11660	1424
AT1G62070	0
AT1G06830	375
AT1G21780	559
AT1G57613	0
AT1G24560	1009
AT1G35670	800
AT1G44960	328
AT1G45160	1387
AT1G16190	808
AT1G76140	2653
AT1G56010	375
AT1G61700	0
AT1G12150	2
AT1G70380	0
AT1G06923	22
AT1G47840	446
AT1G52325	0
AT1G80930	2997
AT1G60930	144
AT1G14940	0
AT1G74770	555
AT1G27880	240
AT1G72190	292
AT1G01810	12
AT1G03330	943
AT1G79610	426
AT1G74055	0
AT1G26710	0
AT1G68140	1301
AT1G05550	0
AT1G30080	168
AT1G64370	7388
AT1G33475	29
AT1G80620	1289
AT1G13140	20
AT1G11060	446
AT1G64150	1049
AT1G02816	256
AT1G68540	200
AT1G16280	504
AT1G71370	0
AT1G62360	99
AT1G45229	18
AT1G50630	188
AT1G12630	41
AT1G65349	0
AT1G20693	7440
AT1G13380	868
AT1G20160	537
AT1G23900	1168
AT1G51150	0
AT1G64310	35
AT1G21620	0
AT1G16860	1522
AT1G03940	263
AT1G31250	0
AT1G49715	0
AT1G07970	510
AT1G32763	0
AT1G20240	0
AT1G12360	1404
AT1G32230	5080
AT1G22985	77
AT1G78340	520
AT1G28370	58
AT1G64585	0
AT1G53180	225
AT1G23205	245
AT1G69660	0
AT1G56670	106
AT1G32380	531
AT1G52390	3
AT1G15520	136
AT1G30440	2306
AT1G44835	828
AT1G17665	662
AT1G18680	149
AT1G69670	573
AT1G73805	100
AT1G75300	3
AT1G44180	15
AT1G42430	1063
AT1G36050	1310
AT1G61390	66
AT1G04560	0
AT1G30350	0
AT1G55220	1
AT1G04080	2778
AT1G43330	0
AT1G26225	0
AT1G09600	109
AT1G51590	1271
AT1G79120	67
AT1G16850	231
AT1G18140	111
AT1G68110	86
AT1G19565	3
AT1G50490	1297
AT1G48370	422
AT1G02705	3
AT1G21065	1771
AT1G32940	228
AT1G50240	800
AT1G71015	78
AT1G46696	1
AT1G71790	514
AT1G30380	59276
AT1G05860	350
AT1G21350	811
AT1G26976	1
AT1G53430	1241
AT1G35350	346
AT1G21700	1250
AT1G69260	106
AT1G78430	404
AT1G52030	76
AT1G22190	507
AT1G25520	524
AT1G30370	12
AT1G62225	4
AT1G15960	169
AT1G33710	0
AT1G03270	126
AT1G30460	721
AT1G06148	5
AT1G07450	72
AT1G16790	0
AT1G64295	0
AT1G30750	235
AT1G36180	521
AT1G75020	230
AT1G30500	105
AT1G76465	0
AT1G55480	5384
AT1G06850	250
AT1G63720	92
AT1G32450	3635
AT1G27555	0
AT1G70180	747
AT1G63230	57
AT1G76380	416
AT1G48150	0
AT1G70950	128
AT1G14990	349
AT1G22080	0
AT1G66410	5890
AT1G72275	148
AT1G31163	0
AT1G31180	3114
AT1G67740	27062
AT1G43770	93
AT1G47380	607
AT1G01840	3
AT1G29380	217
AT1G19650	421
AT1G02820	48
AT1G55450	1454
AT1G52340	293
AT1G04980	819
AT1G16330	183
AT1G48300	4670
AT1G76610	12
AT1G78770	374
AT1G49120	0
AT1G07120	3
AT1G28030	0
AT1G25422	109
AT1G20130	5
AT1G63950	0
AT1G67090	519960
AT1G55900	753
AT1G73410	36
AT1G48630	4778
AT1G22640	288
AT1G28335	0
AT1G53440	1222
AT1G77885	423
AT1G26515	0
AT1G69990	2
AT1G71980	1451
AT1G17750	82
AT1G12060	210
AT1G04040	2166
AT1G06410	4056
AT1G76760	89
AT1G64561	8
AT1G50575	685
AT1G34750	292
AT1G63260	256
AT1G02320	0
AT1G02575	2
AT1G65550	0
AT1G16380	0
AT1G07320	18796
AT1G30400	4714
AT1G67570	180
AT1G31380	0
AT1G07370	962
AT1G19190	65
AT1G80770	1480
AT1G33830	0
AT1G32720	0
AT1G64405	135
AT1G06960	477
AT1G76690	965
AT1G78190	87
AT1G73230	5125
AT1G05600	210
AT1G25350	2658
AT1G64105	0
AT1G47915	2
AT1G17880	5210
AT1G59650	437
AT1G78360	11
AT1G77030	1638
AT1G28400	3723
AT1G13680	1
AT1G68740	512
AT1G20910	506
AT1G12680	599
AT1G64220	99
AT1G47750	278
AT1G27850	988
AT1G50970	155
AT1G47655	95
AT1G52370	756
AT1G49032	187
AT1G09830	1125
AT1G75500	6110
AT1G26355	0
AT1G57650	1
AT1G74500	286
AT1G73850	193
AT1G71320	0
AT1G08370	1018
AT1G10760	20200
AT1G20610	357
AT1G31220	300
AT1G26770	2012
AT1G28420	1491
AT1G79520	239
AT1G63130	347
AT1G20090	1519
AT1G62180	1055
AT1G33960	75
AT1G16460	1139
AT1G69920	12
AT1G17680	694
AT1G22430	1294
AT1G75880	125
AT1G05400	30
AT1G67120	1434
AT1G10780	327
AT1G03400	245
AT1G77300	1536
AT1G19910	4946
AT1G66310	0
AT1G66750	255
AT1G72416	311
AT1G05055	501
AT1G74230	3529
AT1G80420	455
AT1G05470	389
AT1G07160	23
AT1G11925	2
AT1G79200	480
AT1G61490	115
AT1G12950	188
AT1G57765	322
AT1G65481	49
AT1G09625	0
AT1G28060	2300
AT1G17940	298
AT1G14450	476
AT1G06630	391
AT1G51930	0
AT1G72440	2088
AT1G76170	144
AT1G23150	264
AT1G05210	242
AT1G27210	1019
AT1G75100	163
AT1G72125	52
AT1G24200	0
AT1G48095	0
AT1G61380	590
AT1G52660	59
AT1G16000	1007
AT1G60550	2181
AT1G69680	193
AT1G22480	1
AT1G48520	2595
AT1G10400	77
AT1G64770	3655
AT1G21440	2597
AT1G78900	17672
AT1G03982	0
AT1G25054	0
AT1G03340	124
AT1G60985	0
AT1G29540	0
AT1G80555	13
AT1G53600	104
AT1G24807	0
AT1G64540	9
AT1G78450	155
AT1G52820	45
AT1G19260	0
AT1G14380	1053
AT1G47495	0
AT1G67860	970
AT1G51670	30
AT1G67785	3016
AT1G33540	20
AT1G08800	536
AT1G21000	515
AT1G50920	5140
AT1G05650	5
AT1G64680	3390
AT1G60670	308
AT1G17065	11
AT1G73490	1528
AT1G71690	9
AT1G53650	302
AT1G02530	12
AT1G10680	17
AT1G30990	16
AT1G21400	382
AT1G33920	0
AT1G09810	318
AT1G06870	645
AT1G20030	1101
AT1G12310	0
AT1G19290	330
AT1G21390	187
AT1G78060	1536
AT1G01980	10
AT1G69240	64
AT1G48020	3
AT1G53950	20
AT1G66140	519
AT1G75030	41
AT1G08970	1074
AT1G74780	234
AT1G05090	41
AT1G27300	420
AT1G53540	5
AT1G49740	602
AT1G78670	1010
AT1G20500	2
AT1G57750	0
AT1G69050	17
AT1G11650	7291
AT1G33500	4
AT1G51330	0
AT1G77020	211
AT1G80280	1251
AT1G49560	457
AT1G18510	0
AT1G72830	157
AT1G29775	0
AT1G72470	372
AT1G29230	18
AT1G12330	497
AT1G22810	0
AT1G74870	15
AT1G17630	138
AT1G57720	9052
AT1G14580	595
AT1G05835	8
AT1G19840	107
AT1G75890	5
AT1G32570	9
AT1G50732	522
AT1G12070	9
AT1G30140	2
AT1G76440	163
AT1G71350	657
AT1G03000	950
AT1G48480	1556
AT1G64440	511
AT1G31130	1184
AT1G52060	660
AT1G71760	66
AT1G14340	340
AT1G49380	1369
AT1G73500	451
AT1G22750	861
AT1G16310	238
AT1G59710	502
AT1G09590	11285
AT1G36280	621
AT1G20680	6
AT1G06110	635
AT1G62980	307
AT1G29760	328
AT1G26773	0
AT1G14270	2038
AT1G23700	2
AT1G68930	141
AT1G20225	750
AT1G22960	354
AT1G70570	1792
AT1G44050	26
AT1G54320	1569
AT1G65030	695
AT1G47695	0
AT1G17290	4575
AT1G06210	1022
AT1G17030	58
AT1G80780	1053
AT1G71950	761
AT1G20950	2469
AT1G19394	7
AT1G58230	1327
AT1G21835	0
AT1G58050	0
AT1G70150	134
AT1G35560	330
AT1G13090	904
AT1G64050	721
AT1G17850	761
AT1G45150	508
AT1G04510	1983
AT1G68795	92
AT1G71470	0
AT1G73130	166
AT1G21580	1726
AT1G67600	57
AT1G75690	3278
AT1G10310	804
AT1G22880	483
AT1G40090	0
AT1G48570	1150
AT1G72900	381
AT1G65230	1180
AT1G17480	225
AT1G53660	34
AT1G36960	0
AT1G80160	11
AT1G19020	168
AT1G17150	0
AT1G61250	1710
AT1G54210	140
AT1G55750	376
AT1G18700	830
AT1G16130	70
AT1G68920	585
AT1G17820	0
AT1G77870	19
AT1G71990	115
AT1G61440	11
AT1G73920	1346
AT1G64040	1899
AT1G07135	464
AT1G52420	1653
AT1G35320	375
AT1G17100	2286
AT1G47540	0
AT1G77950	0
AT1G79450	222
AT1G01540	1684
AT1G48130	0
AT1G67080	708
AT1G44575	34463
AT1G19610	18
AT1G34042	0
AT1G08390	159
AT1G10090	761
AT1G74650	81
AT1G69610	121
AT1G54700	0
AT1G66530	1070
AT1G11610	0
AT1G32420	0
AT1G60625	0
AT1G08340	172
AT1G13040	173
AT1G25320	342
AT1G66780	4
AT1G23550	53
AT1G35730	1
AT1G20803	0
AT1G19060	0
AT1G43310	0
AT1G03820	814
AT1G03100	50
AT1G27030	1139
AT1G80450	163
AT1G07560	126
AT1G69330	298
AT1G51560	671
AT1G18270	1458
AT1G28670	696
AT1G07870	356
AT1G08860	12
AT1G55560	3
AT1G73820	358
AT1G18320	85
AT1G71840	1417
AT1G63610	1649
AT1G32690	120
AT1G77730	15
AT1G79250	15
AT1G48550	267
AT1G79190	471
AT1G59930	11
AT1G74440	74
AT1G74010	67
AT1G51640	0
AT1G08980	2093
AT1G60810	1313
AT1G28265	0
AT1G05850	12864
AT1G31780	1478
AT1G10745	0
AT1G16400	977
AT1G64065	50
AT1G63206	0
AT1G23935	245
AT1G61950	23
AT1G50940	444
AT1G33140	5996
AT1G59600	613
AT1G69760	447
AT1G23780	922
AT1G06135	0
AT1G14760	17
AT1G56385	0
AT1G65270	2009
AT1G07890	23274
AT1G69825	0
AT1G09360	0
AT1G73890	23
AT1G53480	0
AT1G10960	8170
AT1G06550	1796
AT1G50960	3
AT1G70020	18
AT1G06925	0
AT1G32330	402
AT1G01900	146
AT1G55790	0
AT1G24400	110
AT1G11290	286
AT1G26360	42
AT1G02065	58
AT1G20280	0
AT1G48355	0
AT1G16940	0
AT1G20940	0
AT1G15710	672
AT1G14190	80
AT1G09200	3890
AT1G48390	49
AT1G10875	0
AT1G60600	1493
AT1G67800	426
AT1G31810	1288
AT1G58055	0
AT1G24230	0
AT1G68070	718
AT1G63180	158
AT1G52800	64
AT1G17160	590
AT1G72540	19
AT1G35260	269
AT1G59610	2573
AT1G54050	122
AT1G65390	192
AT1G70480	875
AT1G15900	20
AT1G26330	175
AT1G11270	89
AT1G64860	1240
AT1G20405	0
AT1G16770	16
AT1G18400	252
AT1G61050	70
AT1G72910	193
AT1G51355	45
AT1G29179	14
AT1G13143	0
AT1G42560	0
AT1G13760	2
AT1G74740	295
AT1G63450	42
AT1G63680	2770
AT1G34050	2
AT1G03470	282
AT1G74380	1433
AT1G66170	3
AT1G28340	1572
AT1G79890	64
AT1G20980	2440
AT1G70200	2385
AT1G71480	83
AT1G20260	6680
AT1G32090	895
AT1G62760	15
AT1G07510	1436
AT1G02460	106
AT1G19300	391
AT1G20700	107
AT1G20310	0
AT1G80040	1484
AT1G78230	112
AT1G20640	748
AT1G67410	216
AT1G44110	713
AT1G24475	0
AT1G56170	0
AT1G23460	307
AT1G80480	3668
AT1G72370	17403
AT1G43780	2
AT1G24388	0
AT1G02040	2
AT1G30010	249
AT1G13830	76
AT1G45130	1745
AT1G56100	0
AT1G75250	9
AT1G19090	0
AT1G66820	0
AT1G54115	638
AT1G12870	0
AT1G32337	0
AT1G69170	160
AT1G15770	0
AT1G52780	801
AT1G32340	422
AT1G05615	0
AT1G04190	990
AT1G61475	0
AT1G72710	4060
AT1G05490	40
AT1G69030	660
AT1G27440	268
AT1G24909	0
AT1G64195	0
AT1G46912	0
AT1G58100	755
AT1G03260	265
AT1G56590	529
AT1G06820	1234
AT1G62262	18
AT1G71070	779
AT1G80000	1425
AT1G74890	64
AT1G20687	0
AT1G59560	170
AT1G15580	11
AT1G08280	375
AT1G10350	521
AT1G24160	1446
AT1G25211	0
AT1G12370	375
AT1G26920	678
AT1G56290	435
AT1G18070	4675
AT1G26850	6597
AT1G08120	0
AT1G72010	1239
AT1G16690	365
AT1G01380	19
AT1G58180	511
AT1G72790	272
AT1G33870	1
AT1G11280	790
AT1G31140	0
AT1G68585	184
AT1G75720	29
AT1G77920	682
AT1G73010	1077
AT1G72460	1
AT1G55917	0
AT1G50820	1
AT1G22030	228
AT1G12580	900
AT1G17990	0
AT1G16916	525
AT1G56130	162
AT1G19490	88
AT1G30520	1052
AT1G19980	168
AT1G75945	165
AT1G53060	90
AT1G13080	182
AT1G54215	11
AT1G67325	931
AT1G59830	1051
AT1G15825	0
AT1G28327	0
AT1G68220	948
AT1G19350	1934
AT1G76420	16
AT1G53460	431
AT1G56610	118
AT1G72810	714
AT1G23090	712
AT1G15020	498
AT1G17870	60
AT1G29390	1366
AT1G70750	509
AT1G79310	30
AT1G15320	2
AT1G63660	1992
AT1G70209	0
AT1G59750	1737
AT1G08580	1788
AT1G13607	1
AT1G07390	171
AT1G44085	0
AT1G11630	246
AT1G02230	12
AT1G13280	742
AT1G58190	64
AT1G09860	0
AT1G61093	0
AT1G12300	142
AT1G11480	1786
AT1G26750	638
AT1G52650	7
AT1G07901	17
AT1G52040	111
AT1G23870	810
AT1G27580	0
AT1G11785	2
AT1G34380	376
AT1G17470	1843
AT1G29810	314
AT1G79620	244
AT1G34770	164
AT1G30795	0
AT1G23530	165
AT1G62600	370
AT1G14630	212
AT1G29250	1814
AT1G04170	3439
AT1G29070	11251
AT1G19170	423
AT1G77610	1107
AT1G05035	32
AT1G31520	0
AT1G55670	15139
AT1G60250	0
AT1G48140	278
AT1G79830	3205
AT1G05230	327
AT1G34315	71
AT1G79020	322
AT1G77590	2497
AT1G03910	2044
AT1G09380	17
AT1G80310	0
AT1G66550	0
AT1G68430	91
AT1G50870	0
AT1G76730	1233
AT1G03970	362
AT1G21090	326
AT1G44780	459
AT1G60880	0
AT1G06160	202
AT1G20530	41
AT1G16710	1140
AT1G07590	16990
AT1G32080	6773
AT1G21100	170
AT1G73150	202
AT1G07010	554
AT1G61566	0
AT1G65541	0
AT1G70830	3403
AT1G52920	23
AT1G24405	14
AT1G71740	86
AT1G08613	0
AT1G07447	0
AT1G04943	0
AT1G06373	0
AT1G09597	0
AT1G07317	0
AT1G06443	0
AT1G06427	0
AT1G05117	0
AT1G04967	0
AT1G04137	0
AT1G09503	0
AT1G07597	0
AT1G07617	0
AT1G08393	5
AT1G08553	0
AT1G08977	0
AT1G09767	0
AT1G06603	0
AT1G07723	0
AT1G08587	0
AT1G07793	0
AT1G07133	0
AT1G06123	0
AT1G08007	0
AT1G07337	0
AT1G09013	0
AT1G08703	0
AT1G08403	0
AT1G05177	0
AT1G05413	0
AT1G06023	0
AT1G09343	0
AT1G05793	0
AT1G09123	0
AT1G07417	0
AT1G07383	0
AT1G07353	0
AT1G05597	0
AT1G06133	0
AT1G07787	0
AT1G09117	0
AT1G04313	17
AT1G06413	2
AT1G04377	0
AT1G09807	0
AT1G06567	0
AT1G07167	19
AT1G05567	0
AT1G06347	0
AT1G05003	0
AT1G05713	0
AT1G05103	0
AT1G05903	0
AT1G06687	5
AT1G09953	0
AT1G07763	0
AT1G08677	1
AT1G08697	13
AT1G06507	0
AT1G04133	0
AT1G06513	0
AT1G08913	0
AT1G07533	0
AT1G09307	0
AT1G08147	0
AT1G07437	0
AT1G09263	0
AT1G04397	0
AT1G08433	0
AT1G07873	0
AT1G06747	0
AT1G06007	0
AT1G06127	0
AT1G04323	28
AT1G06363	0
AT1G04493	0
AT1G09317	0
AT1G06307	0
AT1G08033	0
AT1G04403	0
AT1G09357	0
AT1G07503	0
AT1G05693	0
AT1G06117	0
AT1G07247	0
AT1G06097	0
AT1G07397	0
AT1G09937	2
AT1G07367	64
AT1G05497	0
AT1G09703	0
AT1G09407	0
AT1G07027	3
AT1G09103	2
AT1G08153	0
AT1G04717	0
AT1G07237	0
AT1G09113	0
AT1G07343	0
AT1G09427	4
AT1G06947	0
AT1G04667	0
AT1G08103	0
AT1G04257	0
AT1G08897	0
AT1G04863	1
AT1G05823	1
AT1G07527	0
AT1G05633	0
AT1G08653	0
AT1G08717	0
AT1G09607	0
AT1G04557	0
AT1G09477	0
AT1G06377	0
AT1G08817	0
AT1G07163	0
AT1G08277	0
AT1G06827	0
AT1G06187	0
AT1G06683	0
AT1G08397	0
AT1G04983	1
AT1G04337	0
AT1G07267	0
AT1G05233	0
AT1G06743	2
AT1G06057	0
AT1G05803	0
AT1G08247	0
AT1G08763	1
AT1G09773	0
AT1G07413	0
AT1G09047	0
AT1G08883	0
AT1G08907	0
AT1G06313	0
AT1G05443	4
AT1G09337	0
AT1G06613	0
AT1G09833	0
AT1G05303	0
AT1G09197	0
AT1G08063	0
AT1G07373	37
AT1G09303	0
AT1G08623	0
AT1G08833	12
AT1G05937	1
AT1G09373	0
AT1G05027	0
AT1G04287	0
AT1G05067	0
AT1G09173	0
AT1G05313	0
AT1G06317	0
AT1G09127	0
AT1G05607	0
AT1G08923	0
AT1G05173	0
AT1G07177	0
AT1G04293	0
AT1G06103	0
AT1G09633	0
AT1G04653	0
AT1G05647	0
AT1G07917	0
AT1G05013	0
AT1G08027	0
AT1G06417	0
AT1G06403	0
AT1G04593	0
AT1G09283	0
AT1G07767	0
AT1G04787	0
AT1G09957	0
AT1G08227	0
AT1G05093	0
AT1G09723	0
AT1G06203	0
AT1G09293	0
AT1G06943	0
AT1G04253	0
AT1G04793	0
AT1G05913	0
AT1G06967	0
AT1G07287	0
AT1G09273	0
AT1G09563	0
AT1G04657	0
AT1G05827	0
AT1G06433	0
AT1G06533	0
AT1G06473	28
AT1G07627	0
AT1G05543	0
AT1G08523	0
AT1G08383	0
AT1G06557	0
AT1G05237	0
AT1G06693	0
AT1G06013	0
AT1G05613	0
AT1G04987	0
AT1G05517	6
AT1G07497	0
AT1G07927	0
AT1G06407	0
AT1G06593	2
AT1G07907	0
AT1G09737	0
AT1G08903	34
AT1G08637	0
AT1G07347	5
AT1G06957	6
AT1G05447	0
AT1G04687	0
AT1G04847	0
AT1G07523	0
AT1G07923	0
AT1G07433	0
AT1G08497	0
AT1G07777	0
AT1G05377	0
AT1G06197	0
AT1G08357	0
AT1G04203	0
AT1G04703	0
AT1G04063	0
AT1G08223	0
AT1G04747	0
AT1G06733	1
AT1G06173	6
AT1G08217	0
AT1G08627	0
AT1G07467	0
AT1G09033	0
AT1G05153	20
AT1G09667	0
AT1G05477	0
AT1G05643	0
AT1G06853	0
AT1G09653	1
AT1G04497	0
AT1G04037	16
AT1G08313	0
AT1G06353	0
AT1G09423	0
AT1G05863	0
AT1G08663	0
AT1G07123	0
AT1G09763	0
AT1G06357	0
AT1G06157	0
AT1G08057	0
AT1G08013	0
AT1G06487	2
AT1G05527	0
AT1G05373	0
AT1G05127	0
AT1G07463	0
AT1G04177	0
AT1G06837	15
AT1G09797	0
AT1G04093	0
AT1G09577	0
AT1G04143	0
AT1G28715	115
AT1G09603	0
AT1G07407	1
AT1G04333	0
AT1G04763	0
AT1G04033	1
AT1G05217	0
AT1G05097	0
AT1G05407	0
AT1G04327	0
AT1G06437	0
AT1G09613	0
AT1G09177	0
AT1G04783	0
AT1G06663	0
AT1G04963	0
AT1G07233	0
AT1G07023	0
AT1G06343	0
AT1G09353	0
AT1G06147	0
AT1G06113	5
AT1G06867	1
AT1G08017	0
AT1G06953	0
AT1G06963	11
AT1G05323	0
AT1G06617	0
AT1G06393	0
AT1G09107	0
AT1G08457	0
AT1G08377	0
AT1G08453	0
AT1G06447	0
AT1G05887	0
AT1G06783	0
AT1G05797	0
AT1G04407	0
AT1G09217	5
AT1G07483	0
AT1G06927	0
AT1G06543	0
AT1G04363	0
AT1G06657	0
AT1G09057	0
AT1G06817	0
AT1G07333	0
AT1G06883	3
AT1G08743	0
AT1G04207	0
AT1G08213	1
AT1G05493	0
AT1G07493	0
AT1G08207	0
AT1G05227	0
AT1G07913	1
AT1G07553	0
AT1G04367	6
AT1G05847	0
AT1G05953	0
AT1G07773	0
AT1G05223	0
AT1G04813	0
AT1G05133	0
AT1G06333	0
AT1G05473	0
AT1G09847	0
AT1G09973	0
AT1G07657	0
AT1G04447	0
AT1G05587	0
AT1G05307	0
AT1G05107	0
AT1G08257	0
AT1G07623	0
AT1G05947	0
AT1G07017	0
AT1G09507	0
AT1G07833	0
AT1G07003	0
AT1G05807	0
AT1G07863	0
AT1G04753	0
AT1G06177	0
AT1G07197	0
AT1G06383	0
AT1G09547	0
AT1G06047	0
AT1G09187	0
AT1G09803	0
AT1G05857	0
AT1G04427	2
AT1G06823	0
AT1G04127	7
AT1G06633	0
AT1G04693	0
AT1G08283	25
AT1G09793	0
AT1G06497	0
AT1G04453	0
AT1G06043	0
AT1G05623	0
AT1G09097	0
AT1G06297	0
AT1G05663	0
AT1G08237	0
AT1G07947	0
AT1G04807	0
AT1G06987	0
AT1G08193	0
AT1G05197	0
AT1G08507	25
AT1G04603	0
AT1G06093	0
AT1G06697	0
AT1G09857	0
AT1G07857	0
AT1G09063	0
AT1G08673	0
AT1G04873	0
AT1G06627	0
AT1G06777	0
AT1G06327	0
AT1G05843	0
AT1G07187	71
AT1G05537	0
AT1G08967	2
AT1G04997	1
AT1G09153	0
AT1G07783	0
AT1G08603	0
AT1G08843	0
AT1G08097	0
AT1G07193	0
AT1G08297	0
AT1G04167	0
AT1G08893	0
AT1G07453	0
AT1G07837	0
AT1G08487	0
AT1G07673	0
AT1G09747	0
AT1G03987	0
AT1G09967	0
AT1G05533	1
AT1G09147	0
AT1G06537	0
AT1G05747	0
AT1G05603	0
AT1G06757	0
AT1G07183	0
AT1G08807	0
AT1G09683	0
AT1G07323	545
AT1G06493	0
AT1G09693	0
AT1G05653	0
AT1G49938	0
AT1G09647	3
AT1G08573	0
AT1G06907	0
AT1G07683	2
AT1G08583	0
AT1G05707	0
AT1G07457	0
AT1G07303	0
AT1G06293	0
AT1G07717	0
AT1G05583	0
AT1G08863	0
AT1G05357	0
AT1G06917	0
AT1G04573	0
AT1G08877	0
AT1G06723	0
AT1G04373	0
AT1G09733	0
AT1G06577	7
AT1G04597	0
AT1G06067	0
AT1G05113	0
AT1G06637	0
AT1G06387	0
AT1G04173	2
AT1G07313	8
AT1G08953	0
AT1G08503	0
AT1G04957	0
AT1G08183	0
AT1G08993	0
AT1G08887	0
AT1G06897	0
AT1G09813	0
AT1G09743	0
AT1G08093	0
AT1G09887	0
AT1G08127	0
AT1G04937	0
AT1G08133	0
AT1G07117	0
AT1G08447	0
AT1G04877	2
AT1G06287	0
AT1G05967	0
AT1G04623	0
AT1G06707	0
AT1G09417	0
AT1G09207	0
AT1G08777	0
AT1G08177	0
AT1G09037	0
AT1G07147	0
AT1G04023	0
AT1G08443	0
AT1G07263	0
AT1G07127	0
AT1G09067	0
AT1G04713	0
AT1G06737	1
AT1G06483	4
AT1G04523	0
AT1G09573	13
AT1G06037	1
AT1G06027	0
AT1G08607	0
AT1G06933	0
AT1G07557	0
AT1G07253	0
AT1G05737	0
AT1G07707	1
AT1G07973	0
AT1G08473	1
AT1G05943	0
AT1G09077	0
AT1G05263	0
AT1G09697	0
AT1G07423	0
AT1G09387	0
AT1G04677	0
AT1G09393	0
AT1G06583	2
AT1G06063	0
AT1G06913	0
AT1G04017	0
AT1G07937	13
AT1G06163	0
AT1G08077	0
AT1G06857	0
AT1G09133	0
AT1G09717	0
AT1G04383	0
AT1G06527	0
AT1G08363	0
AT1G06997	0
AT1G05553	0
AT1G05387	0
AT1G08767	0
AT1G06303	0
AT1G09587	0
AT1G08023	0
AT1G05397	1
AT1G05983	0
AT1G09397	0
AT1G05283	0
AT1G05593	0
AT1G06607	0
AT1G09567	0
AT1G09377	0
AT1G08867	0
AT1G07843	0
AT1G08683	0
AT1G08413	0
AT1G05817	0
AT1G09493	0
AT1G06937	0
AT1G09997	0
AT1G04087	0
AT1G05683	0
AT1G05483	0
AT1G06713	0
AT1G08463	0
AT1G07143	8
AT1G04857	0
AT1G07007	0
AT1G05073	0
AT1G06983	7
AT1G08787	0
AT1G07157	0
AT1G04923	0
AT1G08173	33
AT1G04243	0
AT1G07173	0
AT1G05617	0
AT1G09007	2
AT1G06727	6
AT1G09323	0
AT1G06587	0
AT1G05897	1
AT1G05193	0
AT1G08983	0
AT1G09227	0
AT1G05893	0
AT1G09183	0
AT1G08483	0
AT1G05507	0
AT1G09137	0
AT1G09853	0
AT1G05963	0
AT1G09313	0
AT1G09163	0
AT1G08143	0
AT1G09977	0
AT1G06973	0
AT1G08517	0
AT1G09017	0
AT1G08827	0
AT1G05667	0
AT1G04683	0
AT1G05657	0
AT1G06773	6
AT1G08947	9
AT1G08773	0
AT1G04947	0
AT1G08263	0
AT1G07573	0
AT1G09497	0
AT1G04443	0
AT1G08307	0
AT1G06993	0
AT1G06863	0
AT1G06073	0
AT1G07013	0
AT1G04283	0
AT1G08293	25
AT1G08847	162
AT1G08137	0
AT1G04673	0
AT1G06517	0
AT1G04003	0
AT1G07293	0
AT1G08997	0
AT1G05717	0
AT1G04357	7
AT1G04563	5
AT1G07273	0
AT1G07583	0
AT1G08927	0
AT1G06703	0
AT1G09043	0
AT1G04307	0
AT1G04607	0
AT1G07297	0
AT1G06053	0
AT1G08513	0
AT1G08713	0
AT1G07277	0
AT1G05957	0
AT1G09753	24
AT1G07327	0
AT1G08757	90
AT1G09593	0
AT1G04387	0
AT1G08417	0
AT1G06323	0
AT1G05053	2
AT1G08437	0
AT1G09243	0
AT1G09983	0
AT1G05487	0
AT1G05037	0
AT1G05987	0
AT1G05007	0
AT1G05463	0
AT1G08747	5
AT1G05353	0
AT1G09923	0
AT1G09903	0
AT1G05257	0
AT1G04057	0
AT1G07963	0
AT1G68568	0
AT1G08427	0
AT1G08547	0
AT1G09837	0
AT1G07847	0
AT1G07757	0
AT1G07647	0
AT1G07543	0
AT1G09843	0
AT1G05787	0
AT1G09637	0
AT1G71528	0
AT1G05703	7
AT1G06753	24
AT1G05367	0
AT1G07983	0
AT1G26208	37
AT1G18735	0
AT1G04513	0
AT1G08267	4
AT1G79529	17
AT1G04183	0
AT1G07733	0
AT1G08803	0
AT1G05183	0
AT1G05773	18
AT1G09223	0
AT1G08592	0
AT1G06573	30
AT1G05207	43
AT1G67792	4
AT1G04417	3
AT1G04853	5
AT1G07807	0
AT1G07743	14
AT1G18415	17
AT1G06083	7
AT1G29785	232
AT1G04537	0
AT1G04647	0
AT1G07637	0
AT1G72855	1
AT1G06717	2
AT1G04503	0
AT1G04833	0
AT1G09617	0
AT1G08003	0
AT1G05687	13
AT1G05333	0
AT1G07128	5
AT1G09453	0
AT1G04973	35
AT1G74205	0
AT1G13448	19
AT1G05562	0
AT1G05523	0
AT1G04437	1
AT1G09003	0
AT1G08567	3
AT1G05297	6
AT1G07753	0
AT1G09907	0
AT1G69572	0
AT1G74545	7
AT1G04913	4
AT1G09257	0
AT1G07653	6
AT1G04053	0
AT1G05267	0
AT1G60545	184
AT1G05873	0
AT1G05557	4
AT1G04073	0
AT1G07813	0
AT1G07697	4
AT1G05143	5
AT1G04157	0
AT1G05767	0
AT1G05383	4
AT1G09167	0
AT1G09913	0
AT1G04163	0
AT1G05927	0
AT1G04817	1
AT1G09917	5
AT1G04893	7
AT1G07803	0
AT1G04643	0
AT1G07603	3
AT1G05363	0
AT1G07887	0
AT1G04007	20
AT1G07119	11
AT1G71828	0
AT1G09367	11
AT1G05253	0
AT1G07513	0
AT1G06207	3
AT1G08857	4
AT1G05833	13
AT1G28685	9
AT1G08973	0
AT1G05977	4
AT1G09437	0
AT1G08563	8
AT1G08477	0
AT1G04117	0
AT1G05023	2
AT1G05123	0
AT1G07943	0
AT1G05347	0
AT1G04587	2
AT1G04247	12
AT1G09443	0
AT1G09827	0
AT1G07993	0
AT1G04803	0
AT1G09193	0
AT1G30282	0
AT1G08707	0
AT1G04483	0
AT1G06257	0
AT1G31485	0
AT1G04477	13
AT1G20691	3
AT1G53801	0
AT1G06213	0
AT1G04123	0
AT1G09823	0
AT1G08577	0
AT1G04295	0
AT1G67365	47
AT1G80325	4
AT1G09457	1
AT1G06003	0
AT1G09433	0
AT1G04297	8
AT1G09527	3
AT1G07517	1
AT1G07967	3
AT1G08387	0
AT1G05163	2
AT1G04837	0
AT1G06787	0
AT1G05337	0
AT1G56242	0
AT1G07893	0
AT1G09777	9
AT1G44125	0
AT1G09421	0
AT1G05727	0
AT1G04047	2
AT1G08323	0
AT1G06017	4
AT1G05837	0
AT1G05757	0
AT1G75891	5
AT1G05867	4
AT1G08963	0
AT1G09513	5
AT1G04487	0
AT1G05203	0
AT1G09663	2
AT1G18382	1
AT1G17232	0
AT1G04737	0
AT1G09463	3
AT1G04353	0
AT1G04917	0
AT1G20515	7
AT1G07563	0
AT1G05453	0
AT1G04433	0
AT1G06423	0
AT1G05147	0
AT1G09517	0
AT1G04467	30
AT1G17255	32
AT1G04103	0
AT1G04083	1
AT1G04147	1
AT1G04473	7
AT1G04413	0
AT1G04583	0
AT1G04767	0
AT1G07703	0
AT1G78265	0
AT1G34844	89
AT1G05317	0
AT1G05287	0
AT1G09447	3
AT1G07987	0
AT1G05733	0
AT1G04953	0
AT1G05047	0
AT1G06227	13
AT1G05723	0
AT1G69587	97
AT1G08037	0
AT1G08537	0
AT1G09927	0
AT1G05293	0
AT1G48698	1
AT1G05327	0
AT1G76878	32
AT1G04463	0
AT1G04233	0
AT1G09553	0
AT1G07663	0
AT1G09673	0
AT1G09537	2
AT1G04887	0
AT1G06977	16
AT1G09987	2
AT1G07997	0
AT1G04507	0
AT1G76892	0
AT1G03997	0
AT1G07728	1
AT1G05343	0
AT1G67328	0
AT1G29357	32
AT1G04977	0
AT1G07587	13
AT1G08797	0
AT1G05753	0
AT1G04237	4
AT1G08727	0
AT1G07933	0
AT1G05077	5
AT1G06337	0
AT1G75295	7
AT1G04013	6
AT1G05213	20
AT1G07567	0
AT1G08657	0
AT1G06217	4
AT1G07477	0
AT1G09233	0
AT1G07877	7
AT1G04303	3
AT1G15175	66
AT1G07667	0
AT1G08753	0
AT1G04567	2
AT1G09053	0
AT1G05017	0
AT1G02952	0
AT1G08543	1
AT1G08333	3
AT1G06153	0
AT1G51645	4
AT1G05933	0
AT1G56612	101
AT1G05277	2
AT1G48315	44
AT1G07607	13
AT1G05973	0
AT1G09023	0
AT1G16489	0
AT1G27921	31
AT1G54355	12
AT1G04343	0
AT1G04773	0
AT1G05043	7
AT1G36992	0
AT1G03545	1
AT1G09297	0
AT1G06265	55
AT1G26218	28
AT1G08557	0
AT1G05243	0
AT1G07737	0
AT1G05033	0
AT1G08043	0
AT1G33415	80
AT1G09677	8
AT1G15002	1
AT1G09627	0
AT1G08853	0
AT1G04927	4
AT1G04697	0
AT1G04797	7
AT1G09757	0
AT1G04067	0
AT1G04347	9
AT1G07547	0
AT1G09713	0
AT1G09363	3
AT1G09557	0
AT1G08047	1
AT1G56165	7
AT1G04577	3
AT1G08533	0
AT1G53233	39
AT1G05777	0
AT1G04933	0
AT1G05187	0
AT1G05083	3
AT1G09383	0
AT1G08647	0
AT1G08073	0
AT1G04723	3
AT1G04883	0
AT1G60505	200
AT1G09993	17
AT1G72852	15
AT1G07853	0
AT1G08733	3
AT1G77992	0
AT1G09783	0
AT1G04043	0
AT1G09523	0
AT1G07823	0
AT1G08723	0
AT1G09247	0
AT1G04097	0
AT1G04153	1
AT1G25098	0
AT1G03993	0
AT1G04823	0
AT1G60525	55
AT1G09327	0
AT1G08273	1
AT1G05467	39
AT1G04707	0
AT1G08633	0
AT1G04743	0
AT1G05763	2
AT1G08667	0
AT1G09487	0
AT1G04533	0
AT1G04077	0
AT1G09897	6
AT1G08087	0
AT1G08317	0
AT1G09543	15
AT1G09963	0
AT1G01448	91
AT1G06002	0
AT1G09267	6
AT1G09253	0
AT1G09657	0
AT1G09863	14
AT1G07693	0
AT1G09623	0
AT1G35545	0
AT1G09287	3
AT1G04827	4
AT1G06653	0
AT1G07867	0
AT1G06643	0
AT1G48267	6
AT1G18075	102
AT1G08287	0
AT1G35501	0
AT1G21202	0
AT1G60072	0
AT1G26975	0
AT1G04423	14
AT1G20375	0
AT1G14071	15
AT1G07727	0
AT1G01183	1
AT1G67195	415
AT1G52185	0
AT1G08597	0
AT1G32713	0
AT1G77235	0
AT1G19464	1
AT1G69795	3
AT1G09817	0
AT1G06647	0
AT1G78206	31
AT1G62355	10
AT1G70645	0
AT1G05637	0
AT1G07243	0
AT1G08157	0
AT1G09213	0
AT1G61732	0
AT1G32582	2
AT1G19371	0
AT1G07137	0
AT1G04393	0
AT1G18879	0
AT1G07051	1
AT1G78478	10
AT1G08303	0
AT1G61224	4
AT1G60073	0
AT1G06903	0
AT1G07633	0
AT1G11735	4
AT1G32992	0
AT1G06597	0
AT1G07283	0
AT1G71002	4
AT1G04027	6
AT1G04993	0
AT1G26985	0
AT1G55591	0
AT1G66783	11
AT1G53687	0
AT1G08783	0
AT1G08337	0
AT1G66795	0
AT1G26973	0
AT1G67481	1
AT1G07357	0
AT1G76062	0
AT1G01046	15
AT1G29265	0
AT1G62035	6
AT1G08793	0
AT1G09687	99
AT1G61226	0
AT1G08343	0
AT1G63005	0
AT1G69792	0
AT1G31358	0
AT1G66725	90
AT1G53683	0
AT1G09473	0
AT1G12294	0
AT1G31173	88
AT1G69797	0
AT1G06623	0
AT1G73687	10
AT1G08053	0
AT1G60025	0
AT1G08163	0
AT1G07613	0
AT1G05627	0
AT1G48742	0
AT1G06523	0
AT1G08813	0
AT1G76135	2
AT1G03502	2
AT1G04267	6
AT1G06033	26
AT1G06467	0
AT1G06277	2
AT1G06237	0
AT1G06463	6
AT1G07903	0
AT1G19376	10
AT1G08937	13
AT1G08107	0
AT1G05563	0
AT1G06253	0
AT1G07593	0
AT1G04227	0
AT1G06673	0
AT1G08643	1
AT1G05247	0
AT1G09883	0
AT1G04527	0
AT1G08327	0
AT1G04197	13
AT1G20015	26
AT1G08353	2
AT1G32385	12
AT1G09333	0
AT1G74453	117
AT1G04193	1
AT1G06233	0
AT1G06453	0
AT1G26233	6
AT1G09877	0
AT1G05917	0
AT1G07487	0
AT1G09873	0
AT1G12015	0
AT1G05433	0
AT1G09533	78
AT1G04273	7
AT1G08113	10
AT1G06457	0
AT1G04547	1
AT1G04217	20
AT1G06273	1
AT1G74456	44
AT1G75163	5
AT1G07957	5
AT1G08117	4
AT1G05423	0
AT1G06243	0
AT1G04213	0
AT1G75166	44
AT1G07393	18
AT1G05417	0
AT1G06283	28
AT1G06247	0
AT1G03743	0
AT1G07897	83
AT1G09467	133
AT1G04277	22
AT1G04223	18
AT1G06397	0
AT1G19373	2
AT1G06263	0
AT1G08347	0
AT1G04187	11
AT1G03506	6
AT1G06667	3
AT1G03746	0
AT1G05427	0
AT1G08123	0
AT1G06087	16
AT1G07702	0
AT1G05997	3
AT1G03935	12
AT1G09027	0
AT1G04517	2
AT1G09867	35
AT1G06267	1
AT1G05993	1
AT1G12013	3
AT1G05137	0
AT1G29071	15
AT1G06547	63
AT1G09083	33
AT1G09787	22
AT1G09087	18
AT1G05907	0
AT1G06553	43
AT1G05853	0
AT1G08115	1
AT1G08987	4
AT1G05273	0
AT1G07827	0
AT1G06877	0
AT1G09143	0
AT1G09237	0
AT1G05057	5
AT1G04897	0
AT1G09947	1
AT1G05673	0
AT1G61275	11
AT1G04733	0
AT1G07883	0
AT1G04263	0
AT1G04907	2
AT1G09893	0
AT1G07537	0
AT1G08367	0
AT1G08737	0
AT1G06873	0
AT1G28890	4
AT1G56840	0
AT1G72780	0
AT1G24080	0
AT1G04320	0
AT1G57090	0
AT1G36350	0
AT1G49020	0
AT1G56800	0
AT1G57240	0
AT1G57230	0
AT1G11010	0
AT1G06610	0
AT1G56880	0
AT1G57430	0
AT1G13850	0
AT1G56790	0
AT1G28840	1
AT1G28750	1
AT1G29210	0
AT1G57280	0
AT1G28940	1
AT1G76330	0
AT1G12510	0
AT1G56930	0
AT1G06860	0
AT1G57020	0
AT1G49460	0
AT1G15090	1
AT1G01890	0
AT1G28800	0
AT1G05390	0
AT1G20170	0
AT1G56900	0
AT1G80250	0
AT1G43820	0
AT1G57270	0
AT1G57050	0
AT1G02760	0
AT1G16100	0
AT1G69000	0
AT1G57440	0
AT1G57490	0
AT1G64120	0
AT1G68860	0
AT1G57110	0
AT1G54670	0
AT1G56860	0
AT1G63790	0
AT1G64420	0
AT1G28810	0
AT1G03640	0
AT1G28990	0
AT1G57210	0
AT1G28790	0
AT1G69300	0
AT1G76000	0
AT1G55625	0
AT1G75970	0
AT1G49280	0
AT1G56810	0
AT1G26490	0
AT1G57180	0
AT1G28920	3
AT1G59570	0
AT1G28720	0
AT1G57320	0
AT1G75570	0
AT1G57200	0
AT1G57190	0
AT1G68770	0
AT1G77040	0
AT1G20420	0
AT1G57530	0
AT1G52170	0
AT1G57350	0
AT1G57070	0
AT1G79300	0
AT1G11550	0
AT1G57220	0
AT1G45244	0
AT1G11030	0
AT1G75070	0
AT1G75650	0
AT1G77560	0
AT1G45234	10
AT1G08950	0
AT1G07100	0
AT1G57000	0
AT1G52860	0
AT1G56820	0
AT1G02600	0
AT1G57040	0
AT1G17570	0
AT1G57340	0
AT1G17660	0
AT1G75740	0
AT1G57520	0
AT1G28770	0
AT1G57010	0
AT1G57460	0
AT1G57450	0
AT1G28850	3
AT1G57130	0
AT1G28880	0
AT1G60820	0
AT1G03570	0
AT1G57330	0
AT1G06880	0
AT1G18430	0
AT1G57250	0
AT1G20210	0
AT1G20820	0
AT1G18820	0
AT1G28740	2
AT1G28930	3
AT1G57380	0
AT1G57360	0
AT1G56750	0
AT1G02480	0
AT1G53220	0
AT1G56870	0
AT1G78250	0
AT1G56910	0
AT1G28970	3
AT1G61020	0
AT1G31110	0
AT1G50100	0
AT1G15650	0
AT1G45242	0
AT1G28830	5
AT1G56920	0
AT1G20040	0
AT1G01270	0
AT1G08240	0
AT1G17670	0
AT1G33370	0
AT1G68970	0
AT1G20250	0
AT1G56780	0
AT1G28780	0
AT1G57290	0
AT1G56850	0
AT1G56960	0
AT1G56730	0
AT1G28980	1
AT1G56950	0
AT1G57080	0
AT1G28910	0
AT1G57160	0
AT1G57470	0
AT1G13720	0
AT1G57310	0
AT1G79980	0
AT1G69130	0
AT1G12590	0
AT1G56890	0
AT1G28870	0
AT1G03515	0
AT1G42120	0
AT1G57390	0
AT1G06480	0
AT1G21800	0
AT1G77190	0
AT1G57400	0
AT1G13240	0
AT1G57030	0
AT1G56740	0
AT1G57150	0
AT1G30830	0
AT1G52350	0
AT1G71700	0
AT1G57100	0
AT1G57510	0
AT1G07580	0
AT1G65830	0
AT1G32620	0
AT1G28860	0
AT1G56770	0
AT1G53410	26
AT1G57410	0
AT1G57260	0
AT1G57420	0
AT1G50070	0
AT1G60840	0
AT1G15450	0
AT1G79290	0
AT1G11640	0
AT1G57120	0
AT1G57500	0
AT1G21420	0
AT1G13840	0
AT1G26430	0
AT1G30430	0
AT1G28950	1
AT1G79240	0
AT1G01870	0
AT1G74570	0
AT1G45240	6
AT1G57300	0
AT1G68950	0
AT1G28900	0
AT1G63510	0
AT1G49690	0
AT1G57060	0
AT1G28820	4
AT1G16450	0
AT1G59880	0
AT1G22320	0
AT1G57140	0
AT1G07760	0
AT1G56830	0
AT1G73900	0
AT1G08870	0
AT1G45246	0
AT1G28730	1
AT1G70050	0
AT1G56980	0
AT1G57370	0
AT1G57480	0
AT1G45238	0
AT1G13010	0
AT1G56970	0
AT1G04720	0
AT1G74610	0
AT1G09110	0
AT1G60910	0
AT1G56760	0
AT1G60580	0
AT1G80430	0
AT1G48080	0
AT1G57170	0
AT1G05980	0
AT1G61880	0
AT1G10440	0
AT1G56990	0
AT1G61910	0
AT1G56940	0
AT1G69252	338
AT1G68872	48
AT1G57835	1
AT1G52615	0
AT1G67105	80
AT1G22403	82
AT1G08493	0
AT1G09277	0
AT1G05547	0
AT1G11185	61
AT1G16635	2
AT1G43765	25
AT1G06797	0
AT1G52347	130
AT1G64563	25
AT1G04867	0
AT1G05697	0
AT1G50659	1
AT1G46554	106
AT1G07507	0
AT1G09073	0
AT1G08253	0
AT1G33615	50
AT1G34392	0
AT1G23052	0
AT1G50055	204
AT1G64618	1
AT1G70518	87
AT1G77138	30
AT1G55525	0
AT1G05813	0
AT1G07257	0
AT1G21529	3
AT1G09583	0
AT1G49832	20
AT1G66173	18
AT1G58590	325
AT1G49952	5
AT1G11175	163
AT1G31935	87
AT1G64572	123
AT1G70185	3
AT1G26235	0
AT1G34418	438
AT1G08823	0
AT1G25175	0
AT1G11592	80
AT1G58808	0
AT1G70581	5
AT1G24068	1
AT1G08933	0
AT1G19968	1
AT1G14518	0
AT1G06677	0
AT1G15405	0
AT1G04425	212
AT1G10682	1178
AT1G78865	123
AT1G32172	6
AT1G26558	8
AT1G07977	0
AT1G18745	88
AT1G67238	1
AT1G79075	978
AT1G31258	111
AT5G16970	2242
AT5G41480	395
AT5G15008	0
AT5G07360	531
AT5G46240	606
AT5G62260	233
AT5G35715	0
AT5G41908	0
AT5G20470	16
AT5G04950	1672
AT5G50110	263
AT5G66670	3
AT5G23000	71
AT5G03560	337
AT5G46260	170
AT5G27680	293
AT5G61960	2456
AT5G15420	0
AT5G06020	0
AT5G18730	9
AT5G67570	812
AT5G29054	0
AT5G57625	398
AT5G66440	298
AT5G51680	0
AT5G54610	24
AT5G20560	0
AT5G65470	1012
AT5G66420	2208
AT5G62750	4
AT5G50000	1704
AT5G63820	49
AT5G26220	447
AT5G15730	535
AT5G61930	185
AT5G08760	138
AT5G42110	463
AT5G23030	20
AT5G20250	3861
AT5G08070	61
AT5G08450	2635
AT5G14030	3016
AT5G66080	159
AT5G05340	33
AT5G45440	62
AT5G25380	25
AT5G56920	0
AT5G38000	69
AT5G15050	442
AT5G53670	0
AT5G44630	0
AT5G05950	358
AT5G63810	3040
AT5G02340	0
AT5G24100	99
AT5G48545	503
AT5G56950	2253
AT5G58400	4
AT5G39510	1530
AT5G23090	178
AT5G45920	193
AT5G52750	100
AT5G18830	960
AT5G50720	138
AT5G51840	708
AT5G21930	1578
AT5G24240	25
AT5G27607	0
AT5G25480	145
AT5G65130	3
AT5G27280	547
AT5G37180	216
AT5G10110	377
AT5G05050	0
AT5G42470	443
AT5G51380	298
AT5G61770	984
AT5G58750	133
AT5G66240	1362
AT5G47050	415
AT5G45095	13
AT5G65000	495
AT5G35660	0
AT5G34908	0
AT5G59800	322
AT5G60580	288
AT5G24790	0
AT5G48780	26
AT5G41490	0
AT5G22820	228
AT5G60260	0
AT5G14740	22458
AT5G66760	7578
AT5G54225	0
AT5G47510	102
AT5G16950	267
AT5G43066	0
AT5G20300	1151
AT5G49950	449
AT5G40530	372
AT5G45850	44
AT5G38420	42505
AT5G37910	0
AT5G11320	44
AT5G63910	655
AT5G59120	0
AT5G43420	284
AT5G04347	0
AT5G53330	634
AT5G11050	0
AT5G61700	0
AT5G07160	0
AT5G11565	0
AT5G09900	3446
AT5G64920	596
AT5G65590	120
AT5G60470	14
AT5G10430	68
AT5G52790	223
AT5G44020	4430
AT5G47840	3456
AT5G04850	642
AT5G44870	469
AT5G60400	487
AT5G59010	678
AT5G50115	0
AT5G45790	51
AT5G27700	5078
AT5G19970	104
AT5G48430	137
AT5G18130	459
AT5G05470	721
AT5G40730	763
AT5G09805	10
AT5G41250	0
AT5G12430	1218
AT5G37620	0
AT5G19770	8132
AT5G07040	27
AT5G27810	6
AT5G04475	0
AT5G59880	4449
AT5G27230	86
AT5G54062	0
AT5G11020	199
AT5G26030	1725
AT5G62760	380
AT5G17210	197
AT5G02190	165
AT5G42957	0
AT5G48510	0
AT5G55560	96
AT5G65820	113
AT5G32590	0
AT5G63190	460
AT5G38120	8
AT5G02810	3234
AT5G65100	0
AT5G57350	4689
AT5G32613	0
AT5G49240	0
AT5G16130	8314
AT5G27470	3113
AT5G03260	626
AT5G01370	342
AT5G26920	191
AT5G54750	983
AT5G47180	508
AT5G04810	2886
AT5G44000	883
AT5G08020	545
AT5G64570	1108
AT5G42797	0
AT5G14060	2500
AT5G11480	2680
AT5G17847	0
AT5G05270	2544
AT5G45190	1318
AT5G41120	135
AT5G19940	8122
AT5G66820	478
AT5G08240	192
AT5G18260	19
AT5G38450	10
AT5G19380	423
AT5G11660	0
AT5G17860	254
AT5G20620	1673
AT5G10790	589
AT5G07070	94
AT5G40280	452
AT5G07380	15
AT5G62320	3
AT5G23950	37
AT5G45110	489
AT5G52990	170
AT5G44330	0
AT5G08530	9349
AT5G13970	513
AT5G56200	16
AT5G24830	243
AT5G24530	196
AT5G13360	518
AT5G01230	341
AT5G63080	247
AT5G10710	349
AT5G48070	646
AT5G61570	281
AT5G58780	55
AT5G03540	1539
AT5G63960	571
AT5G57810	2
AT5G08040	1475
AT5G49900	418
AT5G65609	31
AT5G02320	109
AT5G66400	323
AT5G46960	2
AT5G11425	0
AT5G36460	0
AT5G11030	447
AT5G48090	24
AT5G01320	9
AT5G58010	119
AT5G57870	7189
AT5G37475	1055
AT5G53010	298
AT5G41240	383
AT5G55970	122
AT5G43670	469
AT5G08350	0
AT5G49070	13
AT5G24560	0
AT5G22310	245
AT5G36925	46
AT5G43840	1
AT5G58390	565
AT5G37320	1
AT5G33355	0
AT5G43600	736
AT5G13295	0
AT5G07540	0
AT5G50560	0
AT5G42180	363
AT5G43610	0
AT5G60940	549
AT5G56990	47
AT5G64490	13
AT5G60960	2001
AT5G19260	197
AT5G65230	32
AT5G18100	533
AT5G64880	262
AT5G17240	239
AT5G36310	0
AT5G64840	3108
AT5G57650	0
AT5G16300	1936
AT5G27944	0
AT5G53070	583
AT5G07130	148
AT5G53905	0
AT5G48595	0
AT5G65980	31
AT5G39645	0
AT5G46530	148
AT5G57785	584
AT5G41590	33
AT5G12236	0
AT5G40950	12747
AT5G20410	263
AT5G09970	25
AT5G37570	134
AT5G18410	1426
AT5G22460	46
AT5G56760	1453
AT5G07690	560
AT5G66631	88
AT5G05120	0
AT5G20730	1342
AT5G65800	12
AT5G41670	9096
AT5G07760	6
AT5G57780	164
AT5G58190	395
AT5G66030	1336
AT5G23395	481
AT5G57720	0
AT5G49100	667
AT5G46920	412
AT5G30520	0
AT5G05700	560
AT5G66740	9
AT5G60810	5
AT5G46440	21
AT5G43860	29
AT5G19600	477
AT5G39960	581
AT5G36940	681
AT5G53040	0
AT5G17950	0
AT5G05085	1
AT5G50810	973
AT5G52930	33
AT5G25350	2307
AT5G28000	0
AT5G48460	741
AT5G23600	0
AT5G59270	0
AT5G27860	981
AT5G48150	987
AT5G15350	2558
AT5G41850	68
AT5G38900	73
AT5G49250	0
AT5G55750	2
AT5G36410	0
AT5G27310	0
AT5G28190	0
AT5G15570	452
AT5G51105	0
AT5G26840	0
AT5G06755	0
AT5G36520	0
AT5G19690	3905
AT5G45520	145
AT5G29210	0
AT5G13600	3
AT5G16850	38
AT5G33300	270
AT5G60230	55
AT5G15970	13374
AT5G40870	952
AT5G35110	19
AT5G42420	1376
AT5G64401	0
AT5G52900	138
AT5G10860	5107
AT5G07680	161
AT5G08005	0
AT5G65400	202
AT5G53510	0
AT5G22380	5
AT5G26692	4
AT5G52000	6
AT5G58787	427
AT5G52830	193
AT5G11110	488
AT5G59190	22
AT5G49630	739
AT5G38750	6
AT5G56850	601
AT5G54970	655
AT5G46610	0
AT5G60340	1605
AT5G46930	0
AT5G64380	526
AT5G37480	358
AT5G08550	691
AT5G04290	1638
AT5G56320	308
AT5G06790	57
AT5G41180	504
AT5G11910	455
AT5G66390	959
AT5G38050	115
AT5G43990	455
AT5G57330	2059
AT5G52680	0
AT5G36250	850
AT5G38220	412
AT5G42650	2861
AT5G07930	0
AT5G28920	0
AT5G01850	255
AT5G46870	79
AT5G47830	185
AT5G53410	0
AT5G01730	37
AT5G10200	668
AT5G02660	0
AT5G25310	3
AT5G37370	1437
AT5G24313	42
AT5G37220	0
AT5G63460	471
AT5G52150	0
AT5G06270	356
AT5G20930	423
AT5G15220	681
AT5G46790	750
AT5G20460	0
AT5G19040	130
AT5G58360	13
AT5G66840	159
AT5G13520	1250
AT5G53637	0
AT5G49400	702
AT5G59720	98
AT5G55330	5
AT5G44220	0
AT5G07730	118
AT5G50530	3
AT5G40420	0
AT5G11590	81
AT5G66300	99
AT5G55740	1033
AT5G40550	254
AT5G23380	166
AT5G24470	2919
AT5G57370	538
AT5G03740	1836
AT5G50670	0
AT5G07280	191
AT5G50950	1931
AT5G65900	1102
AT5G22830	1272
AT5G65440	1076
AT5G14970	3150
AT5G43920	375
AT5G41170	63
AT5G54700	5
AT5G03650	3730
AT5G42390	8393
AT5G43810	1722
AT5G35380	0
AT5G67120	1
AT5G44740	151
AT5G40450	4336
AT5G64820	0
AT5G50010	241
AT5G20680	665
AT5G26800	745
AT5G60830	0
AT5G45469	0
AT5G54080	402
AT5G47620	1350
AT5G56220	781
AT5G08695	0
AT5G65460	965
AT5G22785	0
AT5G58030	1032
AT5G65158	2
AT5G46830	35
AT5G38440	0
AT5G58990	776
AT5G50260	27
AT5G07890	341
AT5G51230	1137
AT5G49640	0
AT5G01080	0
AT5G56780	182
AT5G56900	932
AT5G58870	1467
AT5G48060	140
AT5G44345	0
AT5G05300	3
AT5G27650	796
AT5G66460	453
AT5G20790	1108
AT5G53100	1
AT5G19350	1486
AT5G39775	0
AT5G65180	384
AT5G43250	159
AT5G43850	1020
AT5G19190	427
AT5G20950	4315
AT5G16140	418
AT5G48760	3094
AT5G37630	493
AT5G23140	1251
AT5G60550	1406
AT5G20885	541
AT5G41770	2181
AT5G08500	643
AT5G19560	34
AT5G27630	100
AT5G09315	203
AT5G56985	0
AT5G56520	168
AT5G35210	2186
AT5G02800	410
AT5G63940	1147
AT5G05250	1186
AT5G23450	2151
AT5G24910	66
AT5G54370	637
AT5G03010	8
AT5G15110	4
AT5G13050	575
AT5G20420	24
AT5G53870	36
AT5G03310	0
AT5G62390	5981
AT5G20100	0
AT5G45880	3
AT5G48440	547
AT5G09590	2995
AT5G51580	0
AT5G48740	60
AT5G05970	496
AT5G01210	0
AT5G18110	1390
AT5G58640	634
AT5G64590	1
AT5G48610	412
AT5G27460	231
AT5G10010	1980
AT5G67450	73
AT5G58590	1190
AT5G57110	7223
AT5G10440	61
AT5G05010	5393
AT5G06390	1513
AT5G01120	26
AT5G46050	161
AT5G17480	0
AT5G11870	22
AT5G64500	1286
AT5G06730	67
AT5G53350	3229
AT5G23340	460
AT5G19880	3
AT5G37920	0
AT5G45480	0
AT5G20990	2094
AT5G10300	114
AT5G03530	404
AT5G50375	894
AT5G22990	0
AT5G45360	733
AT5G47220	449
AT5G64900	39
AT5G06620	109
AT5G25195	0
AT5G13440	4420
AT5G58250	5881
AT5G16030	1598
AT5G21970	361
AT5G52010	1123
AT5G37000	152
AT5G19310	590
AT5G16390	2302
AT5G38740	0
AT5G66950	1229
AT5G03600	0
AT5G19025	141
AT5G05090	0
AT5G62480	126
AT5G01430	458
AT5G51310	53
AT5G12910	2
AT5G67260	1067
AT5G26260	1424
AT5G24400	1210
AT5G40150	168
AT5G59865	14
AT5G65710	342
AT5G45760	251
AT5G53540	1013
AT5G60030	911
AT5G57035	412
AT5G21070	505
AT5G43380	215
AT5G15340	69
AT5G58320	567
AT5G23900	4048
AT5G49590	1
AT5G42223	0
AT5G35480	133
AT5G19090	2996
AT5G08030	26
AT5G19315	0
AT5G58730	436
AT5G18680	1045
AT5G37310	1318
AT5G34881	0
AT5G22700	514
AT5G13140	1612
AT5G42460	77
AT5G58130	512
AT5G39365	0
AT5G59930	28
AT5G65020	2019
AT5G48420	0
AT5G43745	962
AT5G38392	0
AT5G06920	0
AT5G53320	221
AT5G63050	1962
AT5G53570	869
AT5G23730	237
AT5G41790	3190
AT5G16880	1872
AT5G53060	519
AT5G01750	7004
AT5G03830	143
AT5G08290	3770
AT5G46420	3527
AT5G62340	234
AT5G64760	655
AT5G46450	819
AT5G49510	1019
AT5G67380	1138
AT5G56560	0
AT5G46877	0
AT5G03230	277
AT5G40050	0
AT5G58120	72
AT5G22910	0
AT5G03620	21
AT5G20150	1583
AT5G24410	36
AT5G40660	632
AT5G24580	249
AT5G13370	365
AT5G18470	32
AT5G52340	24
AT5G55230	2794
AT5G67370	1627
AT5G16800	411
AT5G55540	924
AT5G52140	0
AT5G20860	78
AT5G42620	1434
AT5G38800	8
AT5G46570	854
AT5G14650	555
AT5G35050	0
AT5G13460	435
AT5G25180	1
AT5G63450	36
AT5G55470	42
AT5G03406	142
AT5G21940	1396
AT5G51170	98
AT5G40770	3087
AT5G67080	9
AT5G14470	10
AT5G11650	275
AT5G18570	3110
AT5G66020	2
AT5G01800	1190
AT5G48953	0
AT5G63625	25
AT5G58110	1675
AT5G54150	0
AT5G12480	1299
AT5G27780	0
AT5G02410	315
AT5G41300	2
AT5G48950	11
AT5G59260	1
AT5G56050	41
AT5G66750	696
AT5G07220	1091
AT5G05080	1767
AT5G28460	36
AT5G42830	104
AT5G65670	7481
AT5G51640	157
AT5G02580	111
AT5G17120	0
AT5G01190	67
AT5G09530	1345
AT5G07340	2355
AT5G43900	1807
AT5G37780	7028
AT5G65450	321
AT5G15820	128
AT5G09330	1787
AT5G53940	637
AT5G02510	8
AT5G59370	3
AT5G04320	613
AT5G26040	309
AT5G55930	621
AT5G62210	1074
AT5G43935	0
AT5G15725	14
AT5G30341	0
AT5G21430	2137
AT5G36662	0
AT5G51140	917
AT5G42820	324
AT5G03680	228
AT5G41110	246
AT5G59020	252
AT5G46150	500
AT5G40340	2192
AT5G09510	4529
AT5G24390	107
AT5G49810	2618
AT5G65950	2237
AT5G38130	0
AT5G10240	1328
AT5G51330	14
AT5G53720	0
AT5G44820	82
AT5G17090	0
AT5G62620	417
AT5G20360	570
AT5G09860	851
AT5G37360	2022
AT5G14550	904
AT5G63905	110
AT5G02700	0
AT5G16610	375
AT5G24490	9570
AT5G61820	2012
AT5G14240	1019
AT5G01590	7494
AT5G28010	38
AT5G58770	95
AT5G61490	14
AT5G45260	561
AT5G36770	0
AT5G58375	660
AT5G62170	114
AT5G50520	0
AT5G40350	0
AT5G49920	0
AT5G02440	90
AT5G60650	44
AT5G19010	1561
AT5G59970	1938
AT5G26749	96
AT5G20940	0
AT5G08480	0
AT5G07060	10
AT5G10920	2019
AT5G41610	3
AT5G61150	2120
AT5G14870	19
AT5G48860	0
AT5G03920	0
AT5G09490	0
AT5G06750	435
AT5G02140	28
AT5G53700	29
AT5G09560	0
AT5G51460	424
AT5G40840	204
AT5G55950	55
AT5G52390	42
AT5G59250	3182
AT5G45630	12
AT5G35370	304
AT5G52450	642
AT5G54390	2446
AT5G26130	0
AT5G45200	56
AT5G26717	0
AT5G45590	468
AT5G48945	0
AT5G20970	278
AT5G49650	1883
AT5G05400	105
AT5G42990	527
AT5G01040	592
AT5G50790	37
AT5G11730	408
AT5G14670	0
AT5G02900	1
AT5G24220	7
AT5G02220	22
AT5G03770	75
AT5G59290	1789
AT5G39080	433
AT5G60180	10
AT5G04853	0
AT5G05370	2073
AT5G48140	3
AT5G53390	5
AT5G57700	455
AT5G20040	973
AT5G61850	5
AT5G16150	4437
AT5G55380	66
AT5G27340	0
AT5G05730	1100
AT5G48770	0
AT5G45080	141
AT5G19840	212
AT5G58140	3970
AT5G35690	1133
AT5G28345	0
AT5G39460	0
AT5G06650	4
AT5G44070	1661
AT5G55730	1369
AT5G09280	0
AT5G42567	0
AT5G07110	188
AT5G01620	434
AT5G06720	123
AT5G01020	2087
AT5G55810	100
AT5G64200	1690
AT5G10040	82
AT5G55620	371
AT5G47640	745
AT5G42200	91
AT5G28463	0
AT5G44316	0
AT5G26770	141
AT5G21150	22
AT5G20400	988
AT5G58670	239
AT5G03545	980
AT5G61040	403
AT5G40382	1
AT5G19210	462
AT5G61350	94
AT5G41401	0
AT5G25460	7814
AT5G15870	591
AT5G56530	1002
AT5G28540	13606
AT5G25540	740
AT5G08535	299
AT5G38150	547
AT5G05540	500
AT5G20910	289
AT5G50630	0
AT5G04310	201
AT5G37020	1203
AT5G19710	0
AT5G57010	41
AT5G58530	270
AT5G19595	0
AT5G03345	712
AT5G04267	0
AT5G57000	132
AT5G35400	290
AT5G57340	121
AT5G66700	11
AT5G14895	6
AT5G10400	1904
AT5G61880	352
AT5G50365	0
AT5G64395	0
AT5G51280	838
AT5G63510	2207
AT5G05240	268
AT5G02080	117
AT5G47560	950
AT5G57460	1531
AT5G22300	400
AT5G64350	7129
AT5G37520	0
AT5G44060	297
AT5G45940	189
AT5G20030	83
AT5G18200	470
AT5G25950	0
AT5G26200	56
AT5G59990	71
AT5G54010	0
AT5G19570	449
AT5G40090	51
AT5G04780	149
AT5G19550	4304
AT5G23250	1679
AT5G43330	918
AT5G58440	1241
AT5G17440	656
AT5G49880	829
AT5G14860	11
AT5G01280	23
AT5G22730	289
AT5G06760	12
AT5G44210	134
AT5G42000	408
AT5G48010	748
AT5G57050	286
AT5G60130	2
AT5G26865	2
AT5G37960	0
AT5G45180	0
AT5G29050	0
AT5G47890	2804
AT5G57710	2565
AT5G64990	38
AT5G46800	2842
AT5G47760	621
AT5G16870	385
AT5G52280	810
AT5G43280	560
AT5G66920	1244
AT5G61360	72
AT5G01350	1542
AT5G19700	1
AT5G38340	164
AT5G64810	28
AT5G27270	726
AT5G21222	1181
AT5G04680	139
AT5G53080	197
AT5G38565	27
AT5G62610	926
AT5G58450	1132
AT5G61440	606
AT5G63650	174
AT5G44566	0
AT5G05960	1577
AT5G15800	9
AT5G16580	0
AT5G02060	56
AT5G65170	136
AT5G41820	7
AT5G55060	581
AT5G02010	403
AT5G13565	0
AT5G24680	137
AT5G53820	62
AT5G18810	71
AT5G36890	1207
AT5G18590	1490
AT5G41060	426
AT5G35180	2795
AT5G23050	1201
AT5G66600	150
AT5G58790	70
AT5G04530	1144
AT5G15930	429
AT5G61470	0
AT5G39870	0
AT5G53920	151
AT5G26600	960
AT5G38320	24
AT5G27430	569
AT5G44430	18
AT5G35230	0
AT5G38880	1025
AT5G05550	236
AT5G23980	144
AT5G65274	0
AT5G34581	0
AT5G08305	60
AT5G07880	7
AT5G67100	694
AT5G48375	0
AT5G59130	853
AT5G43010	1849
AT5G16910	1424
AT5G15460	339
AT5G47970	394
AT5G41760	575
AT5G55460	14
AT5G43450	417
AT5G52560	1138
AT5G24570	329
AT5G64780	69
AT5G17010	986
AT5G57320	34
AT5G42190	1745
AT5G15360	13
AT5G66150	9
AT5G01480	18
AT5G56075	0
AT5G61540	146
AT5G46160	782
AT5G26860	1889
AT5G60930	1246
AT5G10620	184
AT5G45660	207
AT5G16230	75
AT5G51795	104
AT5G02480	6335
AT5G26731	82
AT5G09210	3
AT5G09440	535
AT5G64050	3828
AT5G05150	1
AT5G15530	1280
AT5G22860	290
AT5G22810	0
AT5G09260	265
AT5G01305	4
AT5G56150	833
AT5G51590	483
AT5G62570	488
AT5G55490	44
AT5G23280	893
AT5G17760	851
AT5G23080	874
AT5G52420	664
AT5G38560	1007
AT5G42120	7
AT5G11450	3570
AT5G07400	113
AT5G12880	74
AT5G16780	1808
AT5G19130	745
AT5G40260	0
AT5G09540	45
AT5G16040	1179
AT5G47580	338
AT5G02460	155
AT5G11610	236
AT5G23130	107
AT5G14920	4083
AT5G37460	2
AT5G41685	476
AT5G08430	638
AT5G06100	384
AT5G26667	3452
AT5G59650	96
AT5G45980	0
AT5G25020	48
AT5G62600	745
AT5G43820	75
AT5G07780	15
AT5G45580	62
AT5G22791	2
AT5G29624	0
AT5G50175	12
AT5G16990	528
AT5G49320	51
AT5G08620	1171
AT5G03420	1170
AT5G44850	0
AT5G46510	593
AT5G66430	0
AT5G11440	15
AT5G41920	545
AT5G47300	0
AT5G17540	20
AT5G16280	1103
AT5G14290	0
AT5G18280	1495
AT5G56369	0
AT5G20810	16
AT5G46460	123
AT5G66830	22
AT5G42130	1301
AT5G14460	1536
AT5G61280	24
AT5G48605	0
AT5G16930	618
AT5G52210	318
AT5G19473	1
AT5G24840	476
AT5G28090	0
AT5G05170	10642
AT5G24780	65
AT5G19180	1255
AT5G50335	96
AT5G12250	5105
AT5G64910	32
AT5G13130	0
AT5G49560	195
AT5G11000	954
AT5G40760	1474
AT5G07570	39
AT5G58680	44
AT5G60540	2127
AT5G27980	4
AT5G55270	9
AT5G09450	468
AT5G18525	981
AT5G44575	255
AT5G66490	287
AT5G04920	1230
AT5G56360	2770
AT5G01740	90
AT5G28610	36
AT5G27200	2
AT5G18000	0
AT5G57060	241
AT5G15853	0
AT5G57950	507
AT5G37430	0
AT5G64600	287
AT5G06010	3
AT5G51110	5473
AT5G51930	7
AT5G24215	34
AT5G57550	0
AT5G43580	680
AT5G65207	580
AT5G52710	12
AT5G67090	46
AT5G09910	11
AT5G46100	112
AT5G47060	720
AT5G58100	1859
AT5G13530	1637
AT5G67470	1320
AT5G20710	18
AT5G13640	1668
AT5G51100	1446
AT5G27790	0
AT5G37510	6510
AT5G04180	6
AT5G60530	908
AT5G58960	1213
AT5G01880	64
AT5G08310	155
AT5G67590	3274
AT5G42140	527
AT5G48880	2333
AT5G52600	17
AT5G54640	919
AT5G27690	278
AT5G65720	3462
AT5G13000	4455
AT5G20610	841
AT5G44390	140
AT5G61495	0
AT5G11800	443
AT5G02210	2
AT5G13800	1239
AT5G62930	1011
AT5G43070	317
AT5G51451	22
AT5G39630	0
AT5G14515	0
AT5G13810	1001
AT5G12860	12038
AT5G47590	39
AT5G05750	261
AT5G25560	1615
AT5G02310	1731
AT5G52310	9600
AT5G51200	1878
AT5G40855	0
AT5G38350	48
AT5G04190	16
AT5G07870	366
AT5G49180	0
AT5G17470	0
AT5G14890	68
AT5G49945	570
AT5G58240	758
AT5G54960	3044
AT5G66000	140
AT5G44582	59
AT5G52430	368
AT5G16180	782
AT5G38397	0
AT5G25010	70
AT5G19270	0
AT5G42655	36
AT5G02550	154
AT5G62100	105
AT5G36659	0
AT5G47940	304
AT5G24180	0
AT5G45680	2259
AT5G42770	265
AT5G55680	129
AT5G67150	548
AT5G01760	4
AT5G12170	761
AT5G14230	242
AT5G61670	873
AT5G38391	0
AT5G45820	224
AT5G38290	679
AT5G10810	431
AT5G61430	107
AT5G35695	0
AT5G27495	0
AT5G54720	140
AT5G13420	7733
AT5G19960	419
AT5G41190	1630
AT5G45210	81
AT5G58610	66
AT5G23908	0
AT5G55980	0
AT5G47175	0
AT5G23360	99
AT5G08790	1174
AT5G42230	10
AT5G17420	467
AT5G19640	0
AT5G27765	0
AT5G22940	387
AT5G07320	563
AT5G46025	0
AT5G26910	674
AT5G10630	784
AT5G39400	1
AT5G56960	3
AT5G26060	0
AT5G22360	722
AT5G05520	1138
AT5G54790	22
AT5G23480	66
AT5G02170	11
AT5G22580	1737
AT5G12110	167
AT5G60270	259
AT5G18580	1672
AT5G43155	86
AT5G13310	382
AT5G37290	219
AT5G10695	0
AT5G55600	891
AT5G16760	1413
AT5G35730	910
AT5G64870	31
AT5G50930	103
AT5G14000	225
AT5G61520	960
AT5G13060	300
AT5G33280	755
AT5G50820	149
AT5G43290	142
AT5G41890	0
AT5G01150	5
AT5G60640	3913
AT5G52155	0
AT5G06960	327
AT5G54540	2399
AT5G18080	51
AT5G37070	256
AT5G01140	0
AT5G01540	0
AT5G01830	349
AT5G03550	10
AT5G03140	403
AT5G16620	2352
AT5G38378	0
AT5G51990	0
AT5G54740	0
AT5G39430	0
AT5G05690	2487
AT5G63020	511
AT5G52640	262
AT5G23270	13
AT5G04790	0
AT5G47635	34
AT5G46795	0
AT5G59780	480
AT5G51660	1242
AT5G37350	983
AT5G52800	48
AT5G61780	6682
AT5G26640	0
AT5G48170	54
AT5G42270	16686
AT5G13410	883
AT5G57015	815
AT5G63710	563
AT5G39330	9
AT5G56290	1923
AT5G45220	37
AT5G15150	179
AT5G59400	240
AT5G49700	77
AT5G44080	486
AT5G26790	62
AT5G42440	135
AT5G45510	5088
AT5G66250	453
AT5G42880	392
AT5G35670	167
AT5G24575	0
AT5G50600	0
AT5G22840	502
AT5G54800	2497
AT5G07571	0
AT5G24130	0
AT5G22800	3447
AT5G36907	39
AT5G03720	111
AT5G03330	497
AT5G18420	782
AT5G56860	572
AT5G63770	513
AT5G03270	6
AT5G18460	685
AT5G13730	1602
AT5G10190	432
AT5G42240	1267
AT5G06820	13
AT5G52950	232
AT5G55210	550
AT5G40540	172
AT5G04170	1291
AT5G10590	0
AT5G58020	1294
AT5G17100	0
AT5G07545	0
AT5G22750	266
AT5G28520	3
AT5G61410	15846
AT5G16840	1354
AT5G13260	1014
AT5G53560	4341
AT5G24010	271
AT5G23320	43
AT5G49020	1005
AT5G60660	267
AT5G16010	1696
AT5G39940	431
AT5G51830	1283
AT5G11350	485
AT5G03050	195
AT5G61390	145
AT5G61640	199
AT5G57345	2163
AT5G24105	96
AT5G57690	15
AT5G43040	93
AT5G02730	0
AT5G38790	17
AT5G65740	242
AT5G33330	0
AT5G01420	97
AT5G35735	1858
AT5G46820	0
AT5G65690	101
AT5G54020	57
AT5G50410	411
AT5G04490	484
AT5G07210	0
AT5G10960	3629
AT5G10820	394
AT5G45610	296
AT5G66130	183
AT5G49860	1
AT5G48020	1305
AT5G12240	705
AT5G11500	5351
AT5G34887	0
AT5G62540	533
AT5G49710	301
AT5G09930	11
AT5G47530	50
AT5G22270	178
AT5G02450	9378
AT5G58830	1
AT5G39670	16
AT5G51510	516
AT5G61840	845
AT5G53400	1455
AT5G21020	1530
AT5G55150	0
AT5G36220	147
AT5G49770	83
AT5G40405	143
AT5G37710	249
AT5G50310	1840
AT5G10150	188
AT5G40690	329
AT5G66970	0
AT5G49665	428
AT5G37280	0
AT5G24340	372
AT5G25270	1516
AT5G10560	1647
AT5G07530	1
AT5G02790	4302
AT5G48820	150
AT5G55040	1476
AT5G67540	507
AT5G26660	82
AT5G47210	22338
AT5G24500	554
AT5G59280	0
AT5G57150	552
AT5G15200	20112
AT5G02160	11466
AT5G53450	3607
AT5G38400	0
AT5G24260	1357
AT5G56280	874
AT5G10390	1164
AT5G08740	1349
AT5G35430	1091
AT5G37270	0
AT5G60000	0
AT5G64830	478
AT5G28060	7824
AT5G10500	0
AT5G16810	726
AT5G43910	282
AT5G41420	0
AT5G46200	0
AT5G15750	619
AT5G52440	2606
AT5G46190	610
AT5G16650	587
AT5G14950	1137
AT5G63380	665
AT5G65570	140
AT5G12190	504
AT5G28730	0
AT5G05070	0
AT5G10550	2051
AT5G11400	0
AT5G11760	1041
AT5G11290	1
AT5G43650	0
AT5G50100	305
AT5G13100	1170
AT5G01710	1516
AT5G26673	0
AT5G18700	885
AT5G39600	562
AT5G14770	281
AT5G16160	43
AT5G52730	1
AT5G03440	171
AT5G24310	217
AT5G51370	102
AT5G17730	0
AT5G05480	299
AT5G48670	42
AT5G40510	353
AT5G03020	9
AT5G66810	559
AT5G28160	0
AT5G23920	1418
AT5G20870	70
AT5G17110	0
AT5G43710	557
AT5G52020	43
AT5G54600	12970
AT5G58760	362
AT5G05720	0
AT5G14750	96
AT5G62860	0
AT5G04110	300
AT5G03970	250
AT5G16750	1112
AT5G43140	307
AT5G05285	0
AT5G44370	459
AT5G38670	0
AT5G05830	374
AT5G50960	1474
AT5G36920	18
AT5G40210	23
AT5G22520	3
AT5G53592	8
AT5G07165	3
AT5G51980	981
AT5G44710	600
AT5G12400	1208
AT5G54180	940
AT5G43020	845
AT5G34930	406
AT5G06490	0
AT5G26610	655
AT5G10750	367
AT5G39360	306
AT5G42050	2604
AT5G27580	0
AT5G14200	7683
AT5G08335	156
AT5G60780	154
AT5G67070	2266
AT5G12470	3701
AT5G19320	1107
AT5G07860	560
AT5G18705	0
AT5G55640	218
AT5G40270	251
AT5G47880	2110
AT5G26570	8459
AT5G13181	1
AT5G67020	20
AT5G04440	1106
AT5G63000	781
AT5G48490	246
AT5G59845	39
AT5G23870	242
AT5G36820	0
AT5G04640	0
AT5G03750	0
AT5G46850	189
AT5G67385	1101
AT5G66220	0
AT5G10625	101
AT5G17200	0
AT5G58970	267
AT5G18020	51
AT5G05200	5623
AT5G60040	654
AT5G22090	5813
AT5G46871	22
AT5G33320	4656
AT5G47790	547
AT5G09980	54
AT5G37200	0
AT5G09470	53
AT5G07120	506
AT5G35525	13
AT5G20200	1000
AT5G22020	1041
AT5G57540	131
AT5G61060	651
AT5G25050	152
AT5G62790	4734
AT5G03510	139
AT5G03980	0
AT5G60080	0
AT5G56130	515
AT5G09420	321
AT5G51780	104
AT5G22680	0
AT5G08139	304
AT5G14280	70
AT5G52040	2694
AT5G09880	1787
AT5G27260	0
AT5G14490	4
AT5G52290	48
AT5G45370	117
AT5G35475	0
AT5G57630	2472
AT5G24610	1830
AT5G54350	0
AT5G66550	519
AT5G13690	921
AT5G66850	1061
AT5G62920	296
AT5G57030	1959
AT5G56340	481
AT5G09300	349
AT5G27660	146
AT5G64020	636
AT5G12200	1131
AT5G27450	873
AT5G35170	4852
AT5G47090	425
AT5G40860	26
AT5G65840	1301
AT5G55320	2
AT5G27893	11
AT5G08590	2058
AT5G08640	3628
AT5G60730	159
AT5G26310	102
AT5G54910	758
AT5G39100	3
AT5G02490	1167
AT5G46874	1
AT5G18940	520
AT5G12235	13
AT5G25040	570
AT5G46310	0
AT5G57567	6
AT5G52260	9
AT5G36970	1
AT5G04000	24
AT5G37230	0
AT5G43560	1475
AT5G27140	0
AT5G16350	103
AT5G04045	0
AT5G51270	48
AT5G42580	5
AT5G38770	41
AT5G19430	419
AT5G38570	0
AT5G44790	2572
AT5G01290	811
AT5G51210	13
AT5G25510	1084
AT5G06300	190
AT5G03860	86
AT5G22690	195
AT5G59390	15
AT5G65360	5256
AT5G55880	0
AT5G66816	26
AT5G24810	1251
AT5G61090	2
AT5G24960	49
AT5G64970	215
AT5G62090	848
AT5G64816	31
AT5G11630	393
AT5G53430	412
AT5G59910	6646
AT5G53910	0
AT5G56970	16
AT5G09320	0
AT5G56100	250
AT5G65760	921
AT5G55410	0
AT5G61300	212
AT5G53360	83
AT5G43270	313
AT5G28210	0
AT5G18090	9
AT5G64650	418
AT5G25300	0
AT5G46230	98
AT5G23405	232
AT5G05680	525
AT5G24275	4
AT5G04590	14051
AT5G34870	0
AT5G19080	204
AT5G40910	1296
AT5G62350	4038
AT5G18640	673
AT5G25415	1
AT5G13850	3885
AT5G16470	2642
AT5G57140	161
AT5G66053	0
AT5G24150	290
AT5G54680	2321
AT5G44540	3
AT5G39830	2228
AT5G33898	0
AT5G50550	0
AT5G27360	109
AT5G41390	4
AT5G56170	837
AT5G67530	904
AT5G48655	579
AT5G23190	245
AT5G44005	289
AT5G46890	146
AT5G45730	64
AT5G11410	51
AT5G47740	100
AT5G14510	22
AT5G22980	0
AT5G45140	1048
AT5G54690	91
AT5G24820	0
AT5G25260	64
AT5G24318	76
AT5G23760	553
AT5G53240	0
AT5G06030	0
AT5G07410	11
AT5G14570	1332
AT5G62810	2181
AT5G06590	111
AT5G54220	0
AT5G60590	371
AT5G51180	770
AT5G57800	1262
AT5G07700	54
AT5G39770	5
AT5G45290	669
AT5G16100	0
AT5G24320	552
AT5G40230	57
AT5G08200	388
AT5G49540	1041
AT5G61605	0
AT5G47380	182
AT5G38960	0
AT5G48530	103
AT5G25810	294
AT5G67270	688
AT5G11330	1285
AT5G60450	1540
AT5G39610	153
AT5G37474	0
AT5G27290	837
AT5G10420	1
AT5G40153	0
AT5G17450	166
AT5G44574	47
AT5G15537	27
AT5G43513	0
AT5G51790	16
AT5G64690	24
AT5G15320	1783
AT5G04500	0
AT5G64010	110
AT5G64400	6609
AT5G10660	10
AT5G36910	393
AT5G41430	0
AT5G64140	4253
AT5G26210	1104
AT5G15060	0
AT5G60520	124
AT5G03870	399
AT5G56700	17
AT5G64940	2769
AT5G54760	3158
AT5G38530	1677
AT5G48110	324
AT5G23350	74
AT5G39650	0
AT5G63690	62
AT5G36805	0
AT5G24155	88
AT5G37478	8
AT5G46020	3466
AT5G38600	717
AT5G36661	0
AT5G19780	9039
AT5G04380	0
AT5G16570	158
AT5G60615	1
AT5G51960	599
AT5G49580	662
AT5G51910	127
AT5G48400	16
AT5G10740	279
AT5G50860	794
AT5G52620	0
AT5G58340	209
AT5G28420	0
AT5G36710	0
AT5G26930	5
AT5G14800	3288
AT5G64130	2600
AT5G25400	0
AT5G09940	0
AT5G42940	1065
AT5G49690	5
AT5G37690	433
AT5G23470	0
AT5G26180	583
AT5G55700	651
AT5G03120	86
AT5G39024	0
AT5G14270	1866
AT5G08410	2342
AT5G28810	0
AT5G47229	0
AT5G14960	199
AT5G52580	1411
AT5G35090	0
AT5G56370	39
AT5G59200	76
AT5G36657	0
AT5G11130	0
AT5G07950	187
AT5G27540	1814
AT5G63920	490
AT5G59580	0
AT5G56420	146
AT5G35300	0
AT5G63700	338
AT5G53550	1366
AT5G12260	374
AT5G17900	1219
AT5G41080	414
AT5G01240	1010
AT5G53370	1142
AT5G03180	210
AT5G02040	390
AT5G39440	0
AT5G50370	1075
AT5G62780	1
AT5G44690	0
AT5G05790	372
AT5G58290	4544
AT5G35080	407
AT5G55720	36
AT5G53120	970
AT5G49210	841
AT5G05610	1324
AT5G53990	129
AT5G42210	92
AT5G45320	21
AT5G17670	1127
AT5G52910	262
AT5G50380	1230
AT5G50423	0
AT5G06240	282
AT5G17320	0
AT5G52130	0
AT5G64390	642
AT5G26100	0
AT5G43401	0
AT5G60160	1188
AT5G67300	1313
AT5G51430	1478
AT5G44560	305
AT5G05630	78
AT5G41840	0
AT5G35890	0
AT5G04238	0
AT5G36130	2
AT5G35330	476
AT5G37970	0
AT5G64230	114
AT5G12150	4036
AT5G12090	0
AT5G62840	364
AT5G15120	415
AT5G57100	283
AT5G20070	1785
AT5G20390	0
AT5G25210	359
AT5G66590	350
AT5G27130	1
AT5G54280	694
AT5G34883	0
AT5G66960	138
AT5G48540	268
AT5G54270	78334
AT5G06970	1760
AT5G57260	1
AT5G22410	119
AT5G56470	0
AT5G41660	0
AT5G35590	2921
AT5G19120	1003
AT5G55850	2206
AT5G36080	0
AT5G06360	2930
AT5G01790	394
AT5G16000	752
AT5G08360	60
AT5G27520	397
AT5G25590	812
AT5G25160	81
AT5G19790	112
AT5G13680	1339
AT5G46390	888
AT5G27350	1093
AT5G47360	126
AT5G65070	50
AT5G17650	327
AT5G45710	232
AT5G28900	1134
AT5G11990	69
AT5G09830	839
AT5G15810	1173
AT5G67630	1096
AT5G64360	571
AT5G23710	0
AT5G60300	509
AT5G54200	471
AT5G41580	426
AT5G38840	1016
AT5G25240	90
AT5G11930	29
AT5G64370	1465
AT5G52700	0
AT5G17850	155
AT5G13920	65
AT5G22160	0
AT5G50360	1
AT5G45030	0
AT5G63590	276
AT5G59030	576
AT5G17700	985
AT5G64950	103
AT5G18360	108
AT5G58900	1883
AT5G64510	43
AT5G66910	270
AT5G54950	0
AT5G19480	336
AT5G54920	387
AT5G57510	2
AT5G53340	584
AT5G58220	1097
AT5G46650	14
AT5G15430	6
AT5G07650	13
AT5G23910	680
AT5G67200	339
AT5G41690	51
AT5G42450	119
AT5G17270	604
AT5G47350	4
AT5G55135	0
AT5G53740	57
AT5G45010	123
AT5G63420	2764
AT5G59100	0
AT5G63310	9758
AT5G18140	458
AT5G57960	694
AT5G10800	164
AT5G44567	11
AT5G08055	0
AT5G37870	0
AT5G18800	2340
AT5G28235	0
AT5G50665	0
AT5G43310	1272
AT5G07670	457
AT5G57940	991
AT5G07490	0
AT5G40980	0
AT5G38620	0
AT5G15790	275
AT5G60970	171
AT5G32470	706
AT5G43890	49
AT5G26955	0
AT5G02870	19218
AT5G47750	1529
AT5G50760	264
AT5G13630	34271
AT5G44090	1087
AT5G46740	352
AT5G58910	54
AT5G42690	132
AT5G33210	0
AT5G27170	0
AT5G67520	43
AT5G13120	4165
AT5G09370	0
AT5G49010	222
AT5G04150	61
AT5G18310	930
AT5G36228	0
AT5G06690	2036
AT5G15230	6156
AT5G22180	0
AT5G61600	434
AT5G19660	710
AT5G60050	189
AT5G49940	1959
AT5G38030	340
AT5G16410	22
AT5G64660	267
AT5G36380	0
AT5G47600	18
AT5G50330	147
AT5G42710	52
AT5G28660	0
AT5G55870	0
AT5G63580	21
AT5G41761	68
AT5G05598	0
AT5G63980	2549
AT5G08600	94
AT5G33390	0
AT5G56940	1203
AT5G24440	0
AT5G67480	2187
AT5G57890	299
AT5G51120	1719
AT5G12890	396
AT5G66595	15
AT5G06640	1116
AT5G63890	2091
AT5G61400	60
AT5G62630	954
AT5G50890	256
AT5G17170	3782
AT5G37670	64
AT5G22440	3826
AT5G65050	962
AT5G04080	330
AT5G17370	158
AT5G27220	30
AT5G44990	2
AT5G07440	5700
AT5G53970	203
AT5G01895	0
AT5G62430	102
AT5G28530	317
AT5G11560	5370
AT5G03930	0
AT5G54490	55
AT5G03355	58
AT5G58370	634
AT5G48410	34
AT5G40900	0
AT5G65480	1782
AT5G58000	538
AT5G24430	455
AT5G60430	87
AT5G27880	0
AT5G58040	2292
AT5G02070	0
AT5G03555	385
AT5G27889	55
AT5G66110	20
AT5G26160	371
AT5G06980	96
AT5G06810	212
AT5G55260	539
AT5G17040	202
AT5G54570	4
AT5G22850	582
AT5G04520	192
AT5G62470	144
AT5G22505	0
AT5G51465	3
AT5G65685	832
AT5G25640	42
AT5G09780	0
AT5G62400	0
AT5G54410	0
AT5G53760	464
AT5G03795	25
AT5G47860	675
AT5G28620	0
AT5G42570	892
AT5G45960	37
AT5G23260	1
AT5G61120	4
AT5G38540	38
AT5G57210	481
AT5G25756	0
AT5G43730	175
AT5G56090	680
AT5G28390	91
AT5G14560	0
AT5G61200	136
AT5G46910	322
AT5G07960	685
AT5G47160	39
AT5G59810	0
AT5G35195	0
AT5G01490	29
AT5G54450	0
AT5G06043	0
AT5G06520	0
AT5G23890	3916
AT5G65630	4480
AT5G26890	0
AT5G65810	1056
AT5G36730	0
AT5G59980	239
AT5G67180	131
AT5G59680	61
AT5G53640	0
AT5G05560	783
AT5G60480	0
AT5G64210	0
AT5G45420	1143
AT5G27850	17516
AT5G10210	174
AT5G12380	0
AT5G14660	2141
AT5G58690	138
AT5G09430	3
AT5G43790	192
AT5G20520	911
AT5G57830	212
AT5G35760	15
AT5G18370	186
AT5G57300	829
AT5G10610	292
AT5G01990	338
AT5G41980	90
AT5G45340	61
AT5G59600	0
AT5G17870	7797
AT5G12300	90
AT5G08280	10337
AT5G53580	1517
AT5G27570	0
AT5G62410	1090
AT5G36700	0
AT5G10080	213
AT5G04940	815
AT5G61270	391
AT5G49660	1309
AT5G35510	0
AT5G54780	397
AT5G67420	2446
AT5G58660	151
AT5G67140	38
AT5G55240	0
AT5G65620	4816
AT5G38920	0
AT5G09570	90
AT5G46780	269
AT5G61320	0
AT5G09270	287
AT5G52820	1308
AT5G56120	742
AT5G22550	74
AT5G57990	3122
AT5G11940	0
AT5G64270	3605
AT5G64640	324
AT5G54590	236
AT5G42480	1705
AT5G48680	566
AT5G56810	36
AT5G04350	0
AT5G11240	1015
AT5G06430	168
AT5G44572	570
AT5G39930	0
AT5G37340	110
AT5G23690	255
AT5G08100	1198
AT5G13550	941
AT5G10230	128
AT5G52250	177
AT5G57740	398
AT5G13620	0
AT5G44980	16
AT5G63850	1453
AT5G09920	888
AT5G58980	222
AT5G58650	205
AT5G44140	3
AT5G49490	0
AT5G16680	1146
AT5G13820	203
AT5G02930	2
AT5G01050	99
AT5G65495	211
AT5G52970	1478
AT5G51890	726
AT5G58210	303
AT5G17840	666
AT5G14220	1273
AT5G47980	38
AT5G16710	3981
AT5G51340	675
AT5G67640	196
AT5G56770	0
AT5G41460	365
AT5G48290	257
AT5G35698	0
AT5G43870	479
AT5G66160	531
AT5G63570	7455
AT5G28288	0
AT5G06330	159
AT5G05670	457
AT5G10070	680
AT5G01660	126
AT5G41320	0
AT5G58350	590
AT5G14160	0
AT5G14090	261
AT5G15840	55
AT5G35540	0
AT5G65430	3201
AT5G14080	245
AT5G39000	11
AT5G13080	48
AT5G57420	10
AT5G05620	581
AT5G34828	0
AT5G42400	626
AT5G28180	0
AT5G12960	12
AT5G58950	3580
AT5G42300	4876
AT5G60320	2
AT5G41900	129
AT5G22500	374
AT5G44150	186
AT5G56910	327
AT5G57580	1662
AT5G39150	0
AT5G19670	173
AT5G25890	886
AT5G37940	20
AT5G05350	48
AT5G62250	1
AT5G14480	245
AT5G14780	3605
AT5G14600	343
AT5G58800	999
AT5G52480	0
AT5G14285	258
AT5G61650	27
AT5G56452	0
AT5G17560	1957
AT5G60870	230
AT5G05290	2
AT5G55440	0
AT5G45040	85
AT5G45500	1429
AT5G05890	421
AT5G09876	9
AT5G55510	832
AT5G05990	378
AT5G61910	560
AT5G49290	33
AT5G62680	2705
AT5G24080	2
AT5G08390	685
AT5G40930	1015
AT5G39310	0
AT5G24890	774
AT5G62380	42
AT5G53680	0
AT5G44960	0
AT5G23115	1
AT5G44065	0
AT5G16120	1028
AT5G28885	0
AT5G03190	458
AT5G45020	245
AT5G64440	1265
AT5G35640	0
AT5G45250	507
AT5G05600	217
AT5G51900	0
AT5G48240	910
AT5G47120	2367
AT5G57640	20
AT5G39140	0
AT5G48335	664
AT5G67340	173
AT5G35320	336
AT5G52850	141
AT5G45300	570
AT5G28295	0
AT5G07240	646
AT5G52070	138
AT5G08470	940
AT5G14105	420
AT5G48575	1
AT5G09220	6130
AT5G61000	782
AT5G15210	460
AT5G46470	870
AT5G40850	5585
AT5G07200	14
AT5G59340	3
AT5G07310	5
AT5G01170	656
AT5G37810	0
AT5G10690	1526
AT5G16080	65
AT5G59900	149
AT5G12460	0
AT5G11890	886
AT5G16940	103
AT5G60265	0
AT5G49305	4
AT5G36120	1112
AT5G52760	45
AT5G43755	0
AT5G17930	722
AT5G67490	0
AT5G19810	12
AT5G47480	2560
AT5G25930	199
AT5G46080	96
AT5G55920	2862
AT5G09700	2
AT5G01380	10
AT5G45810	14
AT5G55170	47
AT5G20330	0
AT5G44760	0
AT5G47650	382
AT5G27490	163
AT5G66260	1
AT5G65225	14
AT5G46950	0
AT5G66780	4
AT5G40030	122
AT5G49830	1402
AT5G55893	4
AT5G47200	2750
AT5G63280	302
AT5G22960	0
AT5G04630	5
AT5G09290	30
AT5G09800	133
AT5G47080	570
AT5G54900	2547
AT5G41160	16
AT5G14360	27
AT5G39380	243
AT5G43150	619
AT5G39450	199
AT5G01500	735
AT5G41330	336
AT5G21130	19
AT5G28510	22
AT5G54530	76
AT5G24314	3876
AT5G17630	1342
AT5G43050	535
AT5G46660	1
AT5G42970	1192
AT5G62800	0
AT5G44306	7
AT5G56210	332
AT5G16860	118
AT5G11960	824
AT5G09720	26
AT5G63110	1203
AT5G50340	581
AT5G01090	697
AT5G17260	52
AT5G02020	51
AT5G03630	5305
AT5G38470	3200
AT5G24740	997
AT5G58330	7549
AT5G63950	853
AT5G55220	5954
AT5G05580	1967
AT5G39865	17
AT5G28720	0
AT5G06190	61
AT5G61690	0
AT5G40820	239
AT5G15270	869
AT5G25760	572
AT5G55310	1356
AT5G16420	190
AT5G25860	0
AT5G01390	479
AT5G38300	245
AT5G63400	5214
AT5G61710	0
AT5G10570	15
AT5G19910	274
AT5G58050	9
AT5G45060	746
AT5G56580	310
AT5G41700	4172
AT5G60740	4
AT5G56390	0
AT5G36780	0
AT5G17510	805
AT5G52060	1712
AT5G17165	36
AT5G01110	89
AT5G08565	174
AT5G39320	2063
AT5G41830	2
AT5G60460	554
AT5G56930	258
AT5G43360	0
AT5G15760	221
AT5G08540	2231
AT5G64620	809
AT5G52780	1004
AT5G25850	0
AT5G49060	350
AT5G14610	889
AT5G07470	2076
AT5G03090	2
AT5G49620	7
AT5G17800	123
AT5G03640	64
AT5G46297	0
AT5G26720	74
AT5G45950	950
AT5G13790	87
AT5G05653	0
AT5G27940	4
AT5G19510	8701
AT5G18636	1
AT5G62160	6
AT5G44910	234
AT5G10760	353
AT5G10170	1662
AT5G18220	15
AT5G62650	954
AT5G41940	920
AT5G37470	1
AT5G44040	690
AT5G60964	0
AT5G36290	1346
AT5G15900	35
AT5G27320	467
AT5G40330	83
AT5G40590	120
AT5G25600	0
AT5G53590	230
AT5G23420	1048
AT5G02860	1055
AT5G67230	91
AT5G59820	80
AT5G27240	388
AT5G48970	451
AT5G58930	1199
AT5G15720	5
AT5G51500	74
AT5G18540	397
AT5G57850	1634
AT5G51060	416
AT5G65610	15
AT5G57910	164
AT5G16550	586
AT5G07450	19
AT5G43185	0
AT5G48340	410
AT5G42760	73
AT5G26230	239
AT5G15450	2919
AT5G12180	4
AT5G67050	31
AT5G37850	1009
AT5G04930	1614
AT5G61140	1429
AT5G39180	1
AT5G25990	16
AT5G24030	590
AT5G09976	5
AT5G66200	1628
AT5G06160	1465
AT5G58180	0
AT5G05100	995
AT5G37890	267
AT5G41071	0
AT5G27440	0
AT5G11220	0
AT5G62950	259
AT5G09630	127
AT5G07500	6
AT5G35069	0
AT5G02390	5
AT5G43210	96
AT5G35520	296
AT5G48830	1190
AT5G48230	2864
AT5G38460	350
AT5G10990	16
AT5G20740	553
AT5G42870	1167
AT5G66930	409
AT5G39500	1162
AT5G54043	0
AT5G54130	370
AT5G25750	0
AT5G40750	0
AT5G35603	0
AT5G26120	6
AT5G11420	2610
AT5G40940	1
AT5G52380	268
AT5G35920	1
AT5G17770	3912
AT5G18407	0
AT5G05140	658
AT5G44578	222
AT5G10840	2448
AT5G38730	108
AT5G56660	359
AT5G50050	0
AT5G07600	2
AT5G62240	3
AT5G38180	0
AT5G49910	9937
AT5G48800	274
AT5G45840	191
AT5G27030	665
AT5G45170	960
AT5G45070	285
AT5G23390	1050
AT5G26050	0
AT5G17960	11
AT5G51050	411
AT5G64090	591
AT5G50910	0
AT5G63830	230
AT5G63760	429
AT5G09670	1446
AT5G48810	2989
AT5G66370	0
AT5G50690	0
AT5G38160	0
AT5G33406	0
AT5G13010	2056
AT5G08750	443
AT5G45740	26
AT5G02130	241
AT5G42630	93
AT5G59520	927
AT5G22640	7872
AT5G18870	0
AT5G27400	33
AT5G66170	185
AT5G52547	36
AT5G18510	0
AT5G66410	602
AT5G23170	106
AT5G58570	74
AT5G42220	1830
AT5G55940	1381
AT5G52370	764
AT5G25870	0
AT5G48930	3499
AT5G07940	1211
AT5G16600	92
AT5G60410	2284
AT5G38190	0
AT5G12320	523
AT5G65860	638
AT5G16530	122
AT5G20010	5426
AT5G37760	0
AT5G17590	0
AT5G18380	20700
AT5G15940	12
AT5G02670	243
AT5G41765	10
AT5G48650	101
AT5G21482	435
AT5G59510	21
AT5G59110	1
AT5G16340	85
AT5G47700	12306
AT5G40390	1331
AT5G39715	0
AT5G40040	10
AT5G37800	5
AT5G15520	733
AT5G15710	184
AT5G12840	411
AT5G17050	1095
AT5G59760	33
AT5G64580	2570
AT5G47280	0
AT5G20310	0
AT5G26300	16
AT5G54580	827
AT5G15190	112
AT5G25790	58
AT5G63840	3586
AT5G32450	1086
AT5G59613	6556
AT5G47250	180
AT5G56500	1895
AT5G01860	0
AT5G39760	602
AT5G53500	814
AT5G01510	276
AT5G51020	779
AT5G59320	170
AT5G37165	0
AT5G26330	293
AT5G67250	1313
AT5G13660	192
AT5G56630	2133
AT5G58280	17
AT5G22280	725
AT5G65090	76
AT5G10580	996
AT5G19870	40
AT5G07710	203
AT5G42232	0
AT5G35190	807
AT5G59350	461
AT5G65310	5202
AT5G14500	591
AT5G36690	0
AT5G51520	13
AT5G58300	901
AT5G09810	13310
AT5G17530	1244
AT5G12210	1175
AT5G56380	165
AT5G65080	11
AT5G41520	7643
AT5G52100	587
AT5G23820	2077
AT5G16520	273
AT5G35610	0
AT5G46970	0
AT5G59540	2247
AT5G47710	277
AT5G25830	184
AT5G26710	3033
AT5G28080	60
AT5G04395	0
AT5G53710	1
AT5G59230	0
AT5G11770	4871
AT5G03030	542
AT5G55360	8
AT5G21140	104
AT5G39580	300
AT5G15830	108
AT5G07910	354
AT5G50565	0
AT5G18010	4
AT5G27750	182
AT5G46590	24
AT5G40700	197
AT5G18670	348
AT5G01930	809
AT5G25780	1688
AT5G47850	3
AT5G63135	199
AT5G23740	5896
AT5G11790	1885
AT5G04160	527
AT5G16486	8
AT5G56040	1322
AT5G56540	436
AT5G04020	616
AT5G23810	110
AT5G60240	0
AT5G41650	86
AT5G38630	820
AT5G47370	468
AT5G19200	117
AT5G51550	2593
AT5G25100	3452
AT5G45230	1
AT5G42780	109
AT5G28462	0
AT5G19140	6250
AT5G19675	0
AT5G66800	138
AT5G02502	592
AT5G40140	298
AT5G56740	793
AT5G37530	202
AT5G22930	180
AT5G04690	77
AT5G55200	547
AT5G08710	504
AT5G05860	334
AT5G37740	1070
AT5G63290	165
AT5G10720	153
AT5G27065	0
AT5G42960	867
AT5G07250	439
AT5G60280	119
AT5G61220	847
AT5G06550	663
AT5G04260	361
AT5G39010	0
AT5G52840	6301
AT5G44130	2276
AT5G03495	74
AT5G08170	993
AT5G47960	69
AT5G57860	354
AT5G36180	152
AT5G01130	0
AT5G59740	137
AT5G39730	1215
AT5G40070	0
AT5G65340	20
AT5G49260	0
AT5G23940	2048
AT5G55132	0
AT5G50660	0
AT5G50900	573
AT5G45900	298
AT5G22950	825
AT5G48330	440
AT5G64470	328
AT5G52965	0
AT5G07980	782
AT5G48250	2233
AT5G56190	894
AT5G30510	14778
AT5G04620	552
AT5G64220	1085
AT5G05820	571
AT5G33806	0
AT5G08420	2619
AT5G44350	54
AT5G42850	978
AT5G47140	382
AT5G39020	143
AT5G60200	564
AT5G65640	1444
AT5G05920	415
AT5G51650	0
AT5G37140	0
AT5G23680	341
AT5G49050	0
AT5G45875	0
AT5G05190	140
AT5G55550	490
AT5G28290	730
AT5G04870	2056
AT5G64710	129
AT5G38280	126
AT5G47340	0
AT5G10780	2407
AT5G63470	576
AT5G41780	2
AT5G23120	8513
AT5G39620	0
AT5G29070	0
AT5G13830	74
AT5G54380	834
AT5G52670	2
AT5G64730	350
AT5G61620	0
AT5G60380	0
AT5G28770	437
AT5G36200	0
AT5G04410	1814
AT5G11510	611
AT5G55300	1974
AT5G38040	95
AT5G58200	921
AT5G59000	185
AT5G14520	2917
AT5G40520	349
AT5G51400	1477
AT5G54240	47
AT5G62960	215
AT5G18770	165
AT5G23990	13
AT5G62575	558
AT5G66060	955
AT5G06830	750
AT5G28560	0
AT5G20640	79
AT5G66570	93039
AT5G51950	3
AT5G51800	9
AT5G61510	1421
AT5G25290	0
AT5G06150	1278
AT5G27100	180
AT5G62020	145
AT5G52460	0
AT5G47470	2
AT5G61160	94
AT5G66985	416
AT5G24450	827
AT5G61380	5451
AT5G51360	0
AT5G19151	114
AT5G11140	2
AT5G37450	22
AT5G27093	5
AT5G51880	838
AT5G20900	1324
AT5G03660	1872
AT5G38895	201
AT5G46210	2468
AT5G63390	8
AT5G26700	19
AT5G24290	123
AT5G23440	683
AT5G24090	182
AT5G04140	28254
AT5G07090	14612
AT5G02380	59907
AT5G51860	1
AT5G47130	122
AT5G41540	6
AT5G57360	1217
AT5G38910	0
AT5G63240	0
AT5G53635	0
AT5G10330	596
AT5G25970	101
AT5G20180	732
AT5G39110	15
AT5G35945	1
AT5G04820	360
AT5G08440	503
AT5G66330	80
AT5G24040	6
AT5G27820	429
AT5G48905	0
AT5G36370	0
AT5G10380	135
AT5G04990	1049
AT5G14820	20
AT5G39340	547
AT5G36980	0
AT5G11620	45
AT5G37260	607
AT5G41880	345
AT5G60170	1510
AT5G04560	1789
AT5G42930	9
AT5G63090	58
AT5G27990	809
AT5G64190	1
AT5G35360	6433
AT5G43160	81
AT5G11570	8
AT5G56880	0
AT5G52270	13
AT5G40800	14
AT5G63120	916
AT5G45120	0
AT5G40580	1527
AT5G28630	162
AT5G58005	469
AT5G50620	0
AT5G18910	4
AT5G62150	85
AT5G57610	938
AT5G46730	1022
AT5G05850	153
AT5G10880	9
AT5G06410	208
AT5G39840	437
AT5G15770	0
AT5G22920	833
AT5G35680	2037
AT5G36800	0
AT5G67620	59
AT5G50610	0
AT5G39890	345
AT5G05940	285
AT5G04700	66
AT5G66680	3703
AT5G28650	23
AT5G25840	385
AT5G43068	0
AT5G58860	935
AT5G15010	157
AT5G11380	605
AT5G38500	0
AT5G60335	76
AT5G12900	565
AT5G59490	70
AT5G02600	316
AT5G20850	153
AT5G13480	826
AT5G54300	77
AT5G07050	0
AT5G56400	0
AT5G54330	1
AT5G65970	465
AT5G42765	1353
AT5G23903	0
AT5G60680	763
AT5G47690	4016
AT5G62080	0
AT5G46873	0
AT5G19170	124
AT5G57290	11799
AT5G18660	3977
AT5G08130	1724
AT5G18480	965
AT5G26940	632
AT5G59450	140
AT5G67030	4498
AT5G39520	17
AT5G22240	15
AT5G66070	377
AT5G57190	127
AT5G64330	1810
AT5G18250	193
AT5G55340	122
AT5G64860	2931
AT5G63540	96
AT5G25580	195
AT5G28050	2226
AT5G01310	296
AT5G44940	0
AT5G53486	191
AT5G55830	95
AT5G49270	241
AT5G50430	653
AT5G54090	164
AT5G41130	226
AT5G06050	763
AT5G10140	26
AT5G13250	29
AT5G05675	0
AT5G01580	0
AT5G24920	33
AT5G58575	246
AT5G35830	0
AT5G67040	0
AT5G59300	560
AT5G28550	0
AT5G54930	394
AT5G52540	1490
AT5G59060	1
AT5G51720	1865
AT5G44460	45
AT5G53420	1185
AT5G36160	1677
AT5G15580	804
AT5G49720	7942
AT5G14320	10943
AT5G14275	0
AT5G65390	550
AT5G45460	133
AT5G01920	2484
AT5G16770	13
AT5G06710	132
AT5G14420	843
AT5G17400	444
AT5G47150	0
AT5G16220	848
AT5G58380	708
AT5G37400	62
AT5G24270	256
AT5G06060	2000
AT5G05160	704
AT5G12310	633
AT5G26740	713
AT5G44510	311
AT5G11600	267
AT5G49740	299
AT5G27970	1193
AT5G41030	1
AT5G54650	482
AT5G58410	1153
AT5G20980	618
AT5G17250	319
AT5G28491	0
AT5G13160	688
AT5G62700	7299
AT5G02980	0
AT5G43680	294
AT5G22560	17
AT5G36000	26
AT5G02050	1783
AT5G35100	2256
AT5G39785	196
AT5G19633	0
AT5G49750	0
AT5G26010	262
AT5G46110	27967
AT5G06380	3
AT5G56980	271
AT5G12060	0
AT5G62770	65
AT5G56680	3383
AT5G44800	2179
AT5G04610	0
AT5G18490	319
AT5G43510	0
AT5G20935	380
AT5G61480	1242
AT5G48380	1269
AT5G55890	0
AT5G28646	9
AT5G54860	399
AT5G22530	11
AT5G24655	129
AT5G03670	125
AT5G17522	0
AT5G13070	684
AT5G04050	191
AT5G37060	1
AT5G06480	41
AT5G39190	68
AT5G43750	3144
AT5G36930	427
AT5G59500	1383
AT5G53950	18
AT5G67560	1035
AT5G37490	8
AT5G36280	0
AT5G20570	1539
AT5G37840	0
AT5G10730	884
AT5G16070	2555
AT5G12950	1127
AT5G49360	802
AT5G35410	197
AT5G48750	0
AT5G60760	222
AT5G66720	1966
AT5G17790	792
AT5G43390	1
AT5G64420	2172
AT5G23880	852
AT5G43430	490
AT5G66870	169
AT5G66280	0
AT5G66050	598
AT5G36140	1
AT5G08010	504
AT5G03460	1254
AT5G57900	560
AT5G61500	1054
AT5G20220	135
AT5G42350	289
AT5G43460	1863
AT5G56555	0
AT5G21326	1248
AT5G24860	1
AT5G55670	1642
AT5G61990	158
AT5G04800	6604
AT5G19630	254
AT5G36658	0
AT5G08780	219
AT5G35927	0
AT5G22610	2
AT5G63180	1958
AT5G60553	0
AT5G19855	1245
AT5G26980	209
AT5G23770	39
AT5G14990	0
AT5G07770	227
AT5G16560	263
AT5G57535	0
AT5G59616	0
AT5G44010	135
AT5G23430	729
AT5G02200	30
AT5G59950	2147
AT5G49015	538
AT5G47680	1129
AT5G02750	100
AT5G27000	237
AT5G51090	4
AT5G42100	2185
AT5G38720	882
AT5G56890	1727
AT5G61370	215
AT5G35870	6
AT5G63300	15
AT5G52050	47
AT5G49030	5093
AT5G52770	1
AT5G07580	1470
AT5G14790	514
AT5G06470	17
AT5G17350	11
AT5G45910	0
AT5G54990	0
AT5G41410	729
AT5G39170	0
AT5G15560	0
AT5G15700	615
AT5G14110	14
AT5G54770	166045
AT5G50970	293
AT5G42380	5
AT5G20540	471
AT5G16890	303
AT5G44420	53
AT5G64687	19
AT5G23310	2408
AT5G67330	1154
AT5G19060	62
AT5G17290	264
AT5G38210	0
AT5G17620	396
AT5G64320	204
AT5G21040	782
AT5G22290	250
AT5G55450	2
AT5G54890	225
AT5G54630	691
AT5G11850	917
AT5G38410	146796
AT5G03880	4721
AT5G64070	2286
AT5G10940	929
AT5G61730	0
AT5G62910	575
AT5G11975	0
AT5G45640	0
AT5G36340	0
AT5G27550	693
AT5G02990	0
AT5G19520	604
AT5G22780	1508
AT5G16490	57
AT5G44700	28
AT5G48600	1092
AT5G16510	1550
AT5G18710	26
AT5G05870	342
AT5G24110	33
AT5G35580	158
AT5G23490	355
AT5G63220	632
AT5G19485	750
AT5G63063	0
AT5G43370	2
AT5G67170	105
AT5G49140	5
AT5G38510	1373
AT5G26580	0
AT5G01017	0
AT5G11190	26
AT5G10930	292
AT5G22799	26
AT5G64150	405
AT5G10700	224
AT5G20240	9
AT5G53380	13
AT5G60110	0
AT5G65510	98
AT5G14910	5473
AT5G45380	256
AT5G36260	50
AT5G55125	573
AT5G24550	0
AT5G64410	481
AT5G04885	1353
AT5G57685	598
AT5G55790	505
AT5G65270	1292
AT5G14180	11
AT5G58560	1055
AT5G64800	8
AT5G66650	105
AT5G13330	130
AT5G61290	264
AT5G44160	172
AT5G10160	1415
AT5G48310	615
AT5G13400	375
AT5G49570	538
AT5G47460	46
AT5G10280	150
AT5G47190	9584
AT5G02000	8
AT5G25370	151
AT5G15490	2250
AT5G42370	116
AT5G11090	707
AT5G62880	580
AT5G37990	385
AT5G51390	54
AT5G11810	801
AT5G54460	1
AT5G13590	1326
AT5G35120	0
AT5G41860	7
AT5G58170	0
AT5G51760	5
AT5G47240	784
AT5G44860	429
AT5G11780	135
AT5G53660	47
AT5G55650	11
AT5G19720	0
AT5G18450	1
AT5G20050	576
AT5G52470	6395
AT5G56110	0
AT5G16050	3102
AT5G25550	0
AT5G39680	55
AT5G14620	361
AT5G38950	0
AT5G63060	306
AT5G07300	1223
AT5G36790	0
AT5G16440	1805
AT5G62890	4194
AT5G47630	431
AT5G26820	1533
AT5G11200	3610
AT5G22720	0
AT5G14380	39
AT5G19580	113
AT5G52690	0
AT5G50060	2
AT5G14440	1505
AT5G20600	1028
AT5G18740	15
AT5G16285	0
AT5G14370	1346
AT5G67360	4897
AT5G04130	1233
AT5G35160	2782
AT5G24950	0
AT5G57270	498
AT5G53620	1631
AT5G48120	793
AT5G26250	3
AT5G12990	0
AT5G57670	35
AT5G36738	0
AT5G50500	0
AT5G60215	0
AT5G10605	16
AT5G28640	900
AT5G36739	0
AT5G09500	2
AT5G66610	103
AT5G15170	330
AT5G03810	0
AT5G62720	6505
AT5G05530	4
AT5G11830	0
AT5G55120	788
AT5G41510	0
AT5G22796	25
AT5G06610	258
AT5G26680	649
AT5G60220	12
AT5G22870	35
AT5G61900	0
AT5G44320	2371
AT5G16790	108
AT5G05810	81
AT5G02610	3768
AT5G60390	96263
AT5G18270	195
AT5G20290	31209
AT5G10980	4264
AT5G03400	0
AT5G14530	285
AT5G16310	245
AT5G62830	0
AT5G50800	109
AT5G08730	0
AT5G40680	0
AT5G36300	0
AT5G16240	318
AT5G15843	0
AT5G48360	1129
AT5G60190	129
AT5G16715	2457
AT5G22970	0
AT5G52170	62
AT5G25800	337
AT5G41740	171
AT5G46630	2030
AT5G44520	1123
AT5G50180	1168
AT5G20130	2143
AT5G63260	620
AT5G49520	144
AT5G52630	177
AT5G38060	201
AT5G61180	0
AT5G45240	15
AT5G29613	0
AT5G19290	1887
AT5G49610	178
AT5G24050	0
AT5G19540	4511
AT5G15410	2251
AT5G20660	2458
AT5G07370	930
AT5G23790	3
AT5G01450	259
AT5G25265	1559
AT5G58720	983
AT5G63340	0
AT5G13180	1807
AT5G47550	431
AT5G61760	489
AT5G61630	0
AT5G27600	768
AT5G14880	686
AT5G27493	0
AT5G13670	0
AT5G43320	2942
AT5G65030	38
AT5G62040	8
AT5G05420	7
AT5G15680	1545
AT5G02960	13360
AT5G67240	1105
AT5G66340	2
AT5G26751	1426
AT5G37790	620
AT5G40560	0
AT5G13320	71
AT5G42290	0
AT5G58003	314
AT5G42146	233
AT5G35338	0
AT5G58940	205
AT5G42250	757
AT5G01890	1117
AT5G16460	0
AT5G49460	2553
AT5G53280	417
AT5G20840	1109
AT5G09850	1507
AT5G64980	171
AT5G24540	1
AT5G67320	1769
AT5G45455	21
AT5G20260	12
AT5G52550	691
AT5G52740	3
AT5G47320	1254
AT5G14070	21
AT5G56020	187
AT5G39250	169
AT5G41730	17
AT5G06930	141
AT5G10290	893
AT5G61740	27
AT5G48220	1901
AT5G56710	8938
AT5G48710	2
AT5G51260	223
AT5G14250	1336
AT5G66320	754
AT5G35600	0
AT5G61550	98
AT5G56620	22
AT5G41910	173
AT5G06905	0
AT5G61210	1078
AT5G63620	862
AT5G03110	83
AT5G56550	134
AT5G15540	886
AT5G23540	4114
AT5G44670	278
AT5G40240	576
AT5G09950	95
AT5G37860	0
AT5G18720	6
AT5G10030	494
AT5G40490	1042
AT5G23750	197
AT5G39200	0
AT5G37730	0
AT5G14345	0
AT5G63660	237
AT5G52860	265
AT5G47730	565
AT5G03210	39
AT5G51610	0
AT5G59380	337
AT5G46320	0
AT5G10370	362
AT5G39493	6
AT5G38590	147
AT5G43130	1208
AT5G59480	638
AT5G57620	123
AT5G13870	390
AT5G21010	527
AT5G05230	489
AT5G45970	71
AT5G62640	1295
AT5G16640	52
AT5G57130	741
AT5G21274	1617
AT5G65250	826
AT5G47450	246
AT5G06940	121
AT5G66815	22
AT5G01015	43
AT5G42910	1
AT5G57980	98
AT5G06200	34
AT5G39420	30
AT5G06040	0
AT5G02830	1392
AT5G17345	0
AT5G62270	1512
AT5G63150	464
AT5G40020	129
AT5G28490	372
AT5G65850	45
AT5G11010	394
AT5G55080	0
AT5G05430	5
AT5G55860	458
AT5G16060	588
AT5G50870	1041
AT5G33393	0
AT5G45775	6161
AT5G65165	7
AT5G48300	13060
AT5G67060	83
AT5G65730	201
AT5G41025	0
AT5G07630	540
AT5G22660	22
AT5G34850	4692
AT5G64280	713
AT5G55570	116
AT5G63780	2370
AT5G17820	1658
AT5G02100	578
AT5G25530	1
AT5G39690	0
AT5G37210	11
AT5G54140	203
AT5G46170	561
AT5G61460	420
AT5G51410	1175
AT5G25340	2
AT5G54030	10
AT5G10180	2258
AT5G26950	0
AT5G06460	1682
AT5G42080	5802
AT5G65600	23
AT5G53310	1025
AT5G04900	885
AT5G50280	872
AT5G19740	334
AT5G44660	335
AT5G41570	35
AT5G62580	1036
AT5G26262	0
AT5G14995	0
AT5G06811	189
AT5G03040	2666
AT5G44730	766
AT5G18065	134
AT5G26360	6248
AT5G10830	429
AT5G15290	6
AT5G22545	0
AT5G14390	491
AT5G03240	13944
AT5G52200	949
AT5G59770	735
AT5G46620	495
AT5G41500	0
AT5G43620	46
AT5G04740	3839
AT5G46090	75
AT5G27640	4947
AT5G07390	83
AT5G06700	1746
AT5G18950	245
AT5G42600	3
AT5G14350	130
AT5G55990	1034
AT5G56820	0
AT5G56490	22
AT5G06290	6895
AT5G15950	699
AT5G64790	0
AT5G36870	8
AT5G51850	84
AT5G09711	1
AT5G55760	202
AT5G06120	789
AT5G41270	135
AT5G59730	0
AT5G54100	491
AT5G44240	1557
AT5G62990	233
AT5G61170	8994
AT5G13090	243
AT5G55856	0
AT5G22770	1537
AT5G18330	0
AT5G63600	2547
AT5G50160	1429
AT5G62070	627
AT5G15265	88
AT5G54210	0
AT5G47020	2287
AT5G43064	0
AT5G42660	476
AT5G01360	60
AT5G22430	1
AT5G14020	133
AT5G25330	0
AT5G19530	1043
AT5G05113	0
AT5G59895	0
AT5G52975	0
AT5G19490	20
AT5G12360	110
AT5G56180	461
AT5G53860	2451
AT5G38435	0
AT5G40300	466
AT5G53020	405
AT5G01680	0
AT5G07475	199
AT5G42590	38
AT5G34940	500
AT5G17390	54
AT5G66210	783
AT5G58270	1538
AT5G49340	11
AT5G16370	735
AT5G18690	295
AT5G63087	20
AT5G08060	3123
AT5G41990	1897
AT5G37247	6
AT5G26110	480
AT5G18990	0
AT5G02110	4
AT5G06860	0
AT5G64540	1
AT5G49530	731
AT5G12000	4
AT5G22630	1003
AT5G10360	13206
AT5G03990	223
AT5G37030	0
AT5G54820	0
AT5G36400	0
AT5G22390	142
AT5G65940	1303
AT5G39540	0
AT5G24330	165
AT5G06870	299
AT5G14710	301
AT5G56670	8833
AT5G03710	0
AT5G35550	2
AT5G38070	58
AT5G04120	0
AT5G45720	159
AT5G48370	370
AT5G18735	0
AT5G10480	2228
AT5G08770	133
AT5G51690	322
AT5G22250	72
AT5G06320	683
AT5G56720	96
AT5G17430	36
AT5G10000	0
AT5G07720	76
AT5G35405	0
AT5G18860	535
AT5G03204	0
AT5G47900	185
AT5G61110	0
AT5G66335	0
AT5G42895	0
AT5G63350	18
AT5G53610	0
AT5G62670	1452
AT5G06910	635
AT5G12120	1113
AT5G57440	694
AT5G22120	501
AT5G36420	0
AT5G21090	5337
AT5G27920	345
AT5G11820	0
AT5G63720	0
AT5G66540	1175
AT5G27830	305
AT5G21990	1398
AT5G20160	3031
AT5G57970	166
AT5G66500	96
AT5G40610	862
AT5G48543	0
AT5G53300	7440
AT5G09750	0
AT5G09350	319
AT5G17660	326
AT5G64930	273
AT5G39220	115
AT5G24060	1720
AT5G25250	127
AT5G15040	0
AT5G65750	1625
AT5G07920	625
AT5G51630	360
AT5G20170	510
AT5G28690	3
AT5G39471	32
AT5G01780	396
AT5G02430	205
AT5G24480	0
AT5G17190	1544
AT5G62060	0
AT5G50920	48433
AT5G34829	0
AT5G10870	268
AT5G38850	181
AT5G18240	6
AT5G38520	3256
AT5G22350	777
AT5G12370	2184
AT5G12980	351
AT5G46600	81
AT5G26830	3698
AT5G03430	1675
AT5G53780	0
AT5G19100	37
AT5G15640	936
AT5G07030	4942
AT5G12280	27
AT5G16740	0
AT5G19020	215
AT5G48175	36
AT5G01640	45
AT5G22650	7990
AT5G46180	799
AT5G38860	164
AT5G23212	0
AT5G50120	115
AT5G10220	0
AT5G39900	249
AT5G50040	3
AT5G44270	3
AT5G65920	323
AT5G58890	0
AT5G02270	2668
AT5G55520	705
AT5G35960	12
AT5G12140	4874
AT5G07260	3
AT5G08391	35
AT5G35930	341
AT5G42280	147
AT5G12020	7
AT5G01060	33
AT5G12270	27
AT5G20350	1395
AT5G13710	3857
AT5G02260	985
AT5G19500	409
AT5G65205	165
AT5G57790	81
AT5G41720	0
AT5G15390	669
AT5G49130	0
AT5G40670	971
AT5G44120	3
AT5G62510	0
AT5G55660	5899
AT5G60610	16
AT5G53460	20519
AT5G39040	1141
AT5G39590	2249
AT5G16630	434
AT5G10460	592
AT5G65500	16
AT5G03940	6927
AT5G16170	49
AT5G23220	178
AT5G55580	716
AT5G01720	790
AT5G61790	11499
AT5G41150	456
AT5G54745	0
AT5G17220	485
AT5G17570	96
AT5G09840	340
AT5G54400	41
AT5G15890	40
AT5G12043	0
AT5G41050	263
AT5G38344	11
AT5G35790	2631
AT5G66770	760
AT5G62110	0
AT5G25430	0
AT5G62980	660
AT5G22760	1212
AT5G01820	1040
AT5G60090	0
AT5G24460	1005
AT5G55000	411
AT5G55855	0
AT5G58420	7725
AT5G24170	156
AT5G37130	1600
AT5G47440	36
AT5G08150	8
AT5G60600	11079
AT5G55840	213
AT5G64180	567
AT5G50130	233
AT5G47610	80
AT5G67430	45
AT5G39660	87
AT5G43950	209
AT5G02290	668
AT5G50420	506
AT5G59690	4350
AT5G47780	2246
AT5G01700	47
AT5G63225	3
AT5G56300	5
AT5G35732	188
AT5G37660	209
AT5G30495	481
AT5G57490	1555
AT5G22220	178
AT5G53440	1620
AT5G06510	38
AT5G54290	1584
AT5G07560	38
AT5G65580	0
AT5G46720	63
AT5G17167	1
AT5G14450	357
AT5G11270	1422
AT5G03080	628
AT5G46270	495
AT5G22210	290
AT5G25320	2
AT5G12850	1188
AT5G26760	955
AT5G27380	3686
AT5G43660	11
AT5G08570	4724
AT5G17980	287
AT5G50680	0
AT5G13510	2096
AT5G43110	0
AT5G42860	405
AT5G43060	4563
AT5G60010	0
AT5G21900	98
AT5G47420	505
AT5G23510	277
AT5G65613	0
AT5G61890	12
AT5G40600	147
AT5G18190	1852
AT5G13700	31
AT5G19730	577
AT5G59790	260
AT5G26990	426
AT5G18120	386
AT5G42955	0
AT5G13960	396
AT5G34780	0
AT5G02920	0
AT5G08120	747
AT5G46520	184
AT5G43230	34
AT5G59090	1608
AT5G07970	1044
AT5G02840	403
AT5G19420	545
AT5G64550	687
AT5G36230	5196
AT5G04360	1290
AT5G18600	584
AT5G11710	1961
AT5G43340	0
AT5G49480	1296
AT5G67550	44
AT5G01075	85
AT5G20450	142
AT5G05450	992
AT5G56800	0
AT5G43211	0
AT5G64770	1880
AT5G54310	1966
AT5G36320	0
AT5G04330	41
AT5G40645	0
AT5G45430	3580
AT5G02370	362
AT5G50562	0
AT5G08090	2
AT5G37600	10176
AT5G02820	584
AT5G46860	1229
AT5G24970	449
AT5G64290	5820
AT5G37055	128
AT5G49110	123
AT5G47435	1527
AT5G49555	1128
AT5G67210	195
AT5G15780	2949
AT5G07550	11
AT5G27390	1111
AT5G08190	379
AT5G59590	7
AT5G24350	1212
AT5G06080	2
AT5G35700	951
AT5G60900	71
AT5G06370	625
AT5G36480	0
AT5G04760	126
AT5G01950	767
AT5G65880	372
AT5G59860	5
AT5G15080	631
AT5G48730	486
AT5G20920	3244
AT5G42540	2296
AT5G27420	183
AT5G21280	150
AT5G10270	631
AT5G41450	0
AT5G17740	0
AT5G11880	3086
AT5G39470	0
AT5G44100	1626
AT5G42635	0
AT5G07430	8
AT5G28350	1140
AT5G35910	2051
AT5G48630	536
AT5G13450	7044
AT5G63670	919
AT5G04047	0
AT5G55100	766
AT5G40640	315
AT5G66450	395
AT5G18933	0
AT5G40595	0
AT5G65910	814
AT5G05910	0
AT5G47010	3829
AT5G50200	1525
AT5G46690	700
AT5G40180	41
AT5G18970	302
AT5G53650	778
AT5G61010	473
AT5G03905	435
AT5G16400	1896
AT5G28840	5932
AT5G53530	696
AT5G24980	337
AT5G24590	665
AT5G06265	337
AT5G63320	1103
AT5G38890	455
AT5G27770	6185
AT5G58520	464
AT5G19440	3395
AT5G55507	7
AT5G05590	275
AT5G65420	160
AT5G22320	619
AT5G48940	325
AT5G58782	0
AT5G61130	1695
AT5G60920	4061
AT5G20370	0
AT5G58700	572
AT5G62330	9
AT5G09660	18319
AT5G41290	12
AT5G24355	4
AT5G52720	2
AT5G21120	12
AT5G25755	12
AT5G27730	704
AT5G53090	180
AT5G62220	615
AT5G04550	1668
AT5G60840	353
AT5G17060	343
AT5G02630	98
AT5G48130	4
AT5G25570	144
AT5G49470	634
AT5G05965	2
AT5G43180	379
AT5G56310	102
AT5G11740	4632
AT5G63860	4932
AT5G38980	2778
AT5G37010	633
AT5G23850	271
AT5G39280	0
AT5G37240	3
AT5G17690	540
AT5G54260	269
AT5G37500	191
AT5G67390	304
AT5G15280	341
AT5G22620	1423
AT5G35450	585
AT5G63410	578
AT5G53200	16
AT5G13610	422
AT5G57815	751
AT5G06839	148
AT5G55590	41
AT5G04933	0
AT5G46540	2
AT5G04750	1668
AT5G65380	1027
AT5G52880	287
AT5G45470	0
AT5G58500	53
AT5G54360	0
AT5G65060	339
AT5G64560	556
AT5G43822	142
AT5G09960	413
AT5G38580	0
AT5G65120	214
AT5G54050	13
AT5G50440	133
AT5G37640	0
AT5G42520	1072
AT5G42020	13023
AT5G37715	0
AT5G45620	1366
AT5G67130	1190
AT5G42430	0
AT5G37950	0
AT5G42510	129
AT5G26080	8
AT5G39790	351
AT5G04890	358
AT5G54585	82
AT5G02240	7436
AT5G17720	0
AT5G62627	0
AT5G62000	5923
AT5G53000	1301
AT5G39090	33
AT5G66040	2786
AT5G44470	0
AT5G08560	1745
AT5G35917	0
AT5G44190	903
AT5G10950	826
AT5G20720	24705
AT5G36225	0
AT5G04060	579
AT5G60670	2927
AT5G35753	316
AT5G56840	110
AT5G42325	0
AT5G35490	83
AT5G37050	4
AT5G41070	241
AT5G52350	0
AT5G17300	39
AT5G13350	0
AT5G25090	631
AT5G35630	50396
AT5G56510	1
AT5G10320	160
AT5G62120	0
AT5G13390	1575
AT5G11580	2564
AT5G52980	335
AT5G65960	728
AT5G05060	501
AT5G15090	4869
AT5G18780	138
AT5G49930	934
AT5G54980	303
AT5G64530	54
AT5G60990	922
AT5G05030	0
AT5G47950	61
AT5G51040	1795
AT5G37610	0
AT5G42260	0
AT5G05640	68
AT5G45990	20
AT5G45410	1331
AT5G49150	0
AT5G26650	0
AT5G66230	1291
AT5G48040	147
AT5G63610	517
AT5G65010	3935
AT5G40220	0
AT5G49960	250
AT5G05660	1136
AT5G15180	182
AT5G42750	229
AT5G05365	69
AT5G43518	0
AT5G42560	973
AT5G48000	438
AT5G35737	0
AT5G20000	1127
AT5G04400	0
AT5G12410	1246
AT5G23300	1219
AT5G28590	0
AT5G60142	20
AT5G40810	4004
AT5G37820	3
AT5G66580	173
AT5G51440	141
AT5G54710	498
AT5G57250	362
AT5G22590	0
AT5G37793	19
AT5G36680	0
AT5G09760	828
AT5G04470	142
AT5G66730	868
AT5G60950	280
AT5G59470	96
AT5G62970	0
AT5G18750	405
AT5G53600	0
AT5G24360	668
AT5G05440	870
AT5G23230	0
AT5G22875	332
AT5G65005	0
AT5G12330	335
AT5G18630	543
AT5G08490	97
AT5G08660	565
AT5G42170	0
AT5G24850	676
AT5G26340	1605
AT5G58710	3324
AT5G56330	0
AT5G57230	218
AT5G54480	0
AT5G41350	344
AT5G15550	1359
AT5G57240	26
AT5G13750	667
AT5G58630	31
AT5G25880	49
AT5G13990	145
AT5G51030	8
AT5G06540	74
AT5G27080	0
AT5G23290	744
AT5G63750	10
AT5G41640	0
AT5G44400	1346
AT5G27210	90
AT5G38100	49
AT5G44580	1588
AT5G44720	2081
AT5G18475	122
AT5G58480	390
AT5G50590	0
AT5G22890	314
AT5G05330	65
AT5G48030	1141
AT5G42950	2865
AT5G46550	634
AT5G18150	0
AT5G49730	732
AT5G07840	328
AT5G40970	139
AT5G43700	1217
AT5G43940	8637
AT5G03885	44
AT5G10540	2953
AT5G13560	2048
AT5G23610	1021
AT5G38480	6328
AT5G59570	195
AT5G51480	3
AT5G42030	1299
AT5G28470	3
AT5G61310	527
AT5G10600	0
AT5G48900	668
AT5G49780	72
AT5G01980	459
AT5G14410	218
AT5G18661	21
AT5G59710	930
AT5G07460	891
AT5G48385	4364
AT5G35604	0
AT5G13650	16649
AT5G19850	383
AT5G10530	0
AT5G65320	54
AT5G25030	0
AT5G46710	128
AT5G23411	0
AT5G63375	0
AT5G47170	6
AT5G55530	1395
AT5G20650	655
AT5G06260	777
AT5G50830	4
AT5G02590	398
AT5G53880	2566
AT5G06890	0
AT5G47455	523
AT5G45570	1
AT5G52190	0
AT5G61590	1583
AT5G01520	145
AT5G60880	183
AT5G01670	181
AT5G27950	1058
AT5G54810	8627
AT5G40960	149
AT5G07810	379
AT5G12970	228
AT5G63730	0
AT5G54880	188
AT5G07175	6
AT5G50915	255
AT5G15610	1694
AT5G20480	240
AT5G42235	2
AT5G53895	9
AT5G22170	0
AT5G28150	360
AT5G64680	413
AT5G51080	97
AT5G66005	210
AT5G63640	575
AT5G09680	388
AT5G20080	2918
AT5G18620	1922
AT5G08720	883
AT5G43780	2810
AT5G25220	1074
AT5G13930	13656
AT5G49760	2326
AT5G25110	168
AT5G09870	3506
AT5G25425	0
AT5G40740	667
AT5G50450	862
AT5G23035	0
AT5G58470	2586
AT5G38780	76
AT5G25440	122
AT5G24670	724
AT5G27150	1378
AT5G44590	2
AT5G29560	0
AT5G13470	251
AT5G18210	126
AT5G50070	0
AT5G45670	1042
AT5G24300	4878
AT5G19620	1627
AT5G57220	217
AT5G44830	0
AT5G55960	877
AT5G61190	673
AT5G54230	54
AT5G44265	0
AT5G01650	1393
AT5G59830	378
AT5G42053	0
AT5G66900	344
AT5G62460	598
AT5G15310	350
AT5G58540	383
AT5G43740	340
AT5G20670	13
AT5G55140	692
AT5G48550	8
AT5G01840	256
AT5G49850	531
AT5G10470	2400
AT5G61920	46
AT5G08320	179
AT5G56690	0
AT5G32619	0
AT5G45450	0
AT5G18610	829
AT5G38200	538
AT5G21910	10
AT5G08460	2
AT5G61720	6
AT5G50080	0
AT5G49300	146
AT5G01260	371
AT5G16540	670
AT5G17490	81
AT5G59050	230
AT5G20500	1368
AT5G44260	84
AT5G53960	0
AT5G54165	13
AT5G46430	11283
AT5G35460	857
AT5G01610	127
AT5G16360	93
AT5G64700	131
AT5G10970	0
AT5G49330	261
AT5G21030	2
AT5G53110	139
AT5G03900	2344
AT5G41315	99
AT5G50990	107
AT5G44230	213
AT5G54855	545
AT5G14310	428
AT5G37040	0
AT5G13170	42
AT5G06180	174
AT5G35688	0
AT5G14900	0
AT5G64740	7691
AT5G01030	425
AT5G38810	0
AT5G63880	380
AT5G06340	2272
AT5G47540	818
AT5G18560	32
AT5G19220	3423
AT5G53160	1991
AT5G52300	19
AT5G05650	0
AT5G19930	307
AT5G57500	44
AT5G61530	1405
AT5G14400	6
AT5G15600	99
AT5G50240	85
AT5G19360	2
AT5G08330	1303
AT5G45150	32
AT5G45115	53
AT5G18037	0
AT5G14150	105
AT5G40370	2966
AT5G64340	1828
AT5G48700	0
AT5G53220	138
AT5G25200	0
AT5G17030	21
AT5G14340	25
AT5G49040	0
AT5G08080	1110
AT5G26620	3
AT5G44610	433
AT5G47500	2710
AT5G39740	15832
AT5G18500	1772
AT5G62900	575
AT5G44900	52
AT5G61330	875
AT5G67160	174
AT5G23530	461
AT5G05130	133
AT5G54250	591
AT5G59105	0
AT5G64850	329
AT5G28780	0
AT5G04210	0
AT5G65650	501
AT5G18840	296
AT5G03200	393
AT5G54340	0
AT5G59210	759
AT5G06210	483
AT5G22600	0
AT5G20270	406
AT5G05780	2674
AT5G54070	0
AT5G48890	0
AT5G27090	0
AT5G36740	19
AT5G18980	446
AT5G15025	97
AT5G20490	1875
AT5G04270	147
AT5G49280	339
AT5G17910	1312
AT5G15745	0
AT5G36720	0
AT5G51845	0
AT5G16250	1473
AT5G67411	14
AT5G26970	40
AT5G66380	261
AT5G60910	33
AT5G26960	451
AT5G05020	0
AT5G37560	0
AT5G22330	1218
AT5G62050	971
AT5G54060	289
AT5G51730	330
AT5G01330	61
AT5G10745	470
AT5G62710	618
AT5G38640	801
AT5G56790	677
AT5G02740	1278
AT5G52320	268
AT5G10680	4
AT5G02760	533
AT5G59420	1580
AT5G64670	1813
AT5G38680	0
AT5G08690	14029
AT5G19460	503
AT5G48470	779
AT5G53480	4597
AT5G54067	2
AT5G42490	3
AT5G44750	938
AT5G51810	46
AT5G43440	728
AT5G48720	335
AT5G03960	74
AT5G04510	902
AT5G63680	1672
AT5G14260	4869
AT5G19410	121
AT5G52530	2240
AT5G64110	638
AT5G54620	0
AT5G38170	0
AT5G36550	0
AT5G66290	205
AT5G09460	1781
AT5G31412	0
AT5G58740	1700
AT5G54320	0
AT5G53180	902
AT5G36540	0
AT5G51560	823
AT5G17130	0
AT5G36001	0
AT5G26617	0
AT5G09990	34
AT5G50570	0
AT5G05800	607
AT5G63440	380
AT5G40460	54
AT5G27840	887
AT5G43695	0
AT5G56410	0
AT5G03590	0
AT5G02970	533
AT5G07230	0
AT5G53750	109
AT5G15030	0
AT5G42800	861
AT5G66190	22192
AT5G48580	2402
AT5G05930	361
AT5G48480	1495
AT5G46840	1419
AT5G64250	1545
AT5G07150	0
AT5G42340	2
AT5G41440	0
AT5G14580	727
AT5G03380	2398
AT5G04600	1934
AT5G63200	593
AT5G66660	1
AT5G25980	19116
AT5G47310	984
AT5G40190	295
AT5G36210	2095
AT5G51740	340
AT5G05570	771
AT5G64750	28
AT5G45750	1227
AT5G18820	528
AT5G04040	767
AT5G41630	0
AT5G53900	539
AT5G18890	0
AT5G27395	1039
AT5G09230	368
AT5G61420	2002
AT5G48960	1245
AT5G05380	77
AT5G38970	19
AT5G46040	3
AT5G17310	844
AT5G02350	69
AT5G04200	186
AT5G24380	994
AT5G32460	0
AT5G66180	291
AT5G63370	2175
AT5G23110	1260
AT5G54095	5
AT5G59660	37
AT5G37550	88
AT5G44770	8
AT5G15100	5
AT5G65700	2729
AT5G38550	233
AT5G51600	1117
AT5G65870	149
AT5G19800	40
AT5G45275	240
AT5G67460	146
AT5G37170	0
AT5G27070	0
AT5G06500	1
AT5G39800	243
AT5G26270	160
AT5G11070	872
AT5G03320	594
AT5G09770	1057
AT5G52870	206
AT5G48180	3489
AT5G41090	2
AT5G24990	223
AT5G47070	202
AT5G40290	0
AT5G03150	348
AT5G56140	1989
AT5G60560	0
AT5G40080	227
AT5G58260	2263
AT5G54500	4187
AT5G15650	8018
AT5G24140	20
AT5G27060	11
AT5G05210	1631
AT5G03280	3498
AT5G02030	322
AT5G57480	263
AT5G05490	17
AT5G63870	1004
AT5G45280	1036
AT5G41560	281
AT5G55565	0
AT5G40710	158
AT5G50850	6876
AT5G47077	0
AT5G11210	21
AT5G39120	14
AT5G57750	0
AT5G52650	6791
AT5G10770	934
AT5G45350	2877
AT5G46140	13
AT5G44250	506
AT5G20510	219
AT5G40981	0
AT5G17640	528
AT5G19030	226
AT5G03610	824
AT5G56260	1284
AT5G49350	260
AT5G27670	1783
AT5G41360	470
AT5G67440	398
AT5G48980	10
AT5G46070	1942
AT5G66120	3076
AT5G24620	1685
AT5G13300	2313
AT5G09978	68
AT5G60770	4
AT5G14170	1419
AT5G15670	0
AT5G18403	0
AT5G07850	0
AT5G21060	1304
AT5G09250	285
AT5G46900	173
AT5G59360	47
AT5G15630	108
AT5G18850	151
AT5G50090	87
AT5G04670	766
AT5G54440	1931
AT5G56080	542
AT5G07640	29
AT5G04220	175
AT5G19150	517
AT5G64460	1392
AT5G05320	82
AT5G11750	458
AT5G23630	2423
AT5G52960	1218
AT5G61580	738
AT5G21080	16
AT5G20060	1752
AT5G03370	511
AT5G37980	21
AT5G05840	170
AT5G37415	0
AT5G23590	628
AT5G05500	346
AT5G58510	653
AT5G49970	1579
AT5G45330	326
AT5G20110	174
AT5G18960	944
AT5G53270	0
AT5G13230	55
AT5G60710	1536
AT5G45600	546
AT5G52120	104
AT5G24200	62
AT5G03360	1
AT5G48200	0
AT5G28340	5
AT5G19230	334
AT5G35530	7846
AT5G14130	161
AT5G50780	373
AT5G41800	202
AT5G36900	0
AT5G25190	165
AT5G48640	405
AT5G55070	3081
AT5G22765	0
AT5G24210	683
AT5G44310	0
AT5G27760	1519
AT5G05980	1022
AT5G60630	39
AT5G54510	1075
AT5G63270	38
AT5G07740	1865
AT5G19390	1836
AT5G45100	598
AT5G26290	374
AT5G22050	435
AT5G61750	3
AT5G16500	0
AT5G58160	514
AT5G09580	85
AT5G35375	2
AT5G11390	496
AT5G62180	211
AT5G51250	0
AT5G44568	155
AT5G27238	0
AT5G67500	3588
AT5G25410	0
AT5G57920	12
AT5G64160	336
AT5G46500	12
AT5G64060	66
AT5G61240	1394
AT5G50510	0
AT5G09600	602
AT5G15802	445
AT5G57760	6
AT5G36110	24
AT5G62290	392
AT5G48205	0
AT5G07330	0
AT5G62280	158
AT5G48100	8
AT5G24930	4772
AT5G43080	154
AT5G53840	0
AT5G09790	154
AT5G20960	2441
AT5G09640	0
AT5G58840	43
AT5G16090	3
AT5G03415	367
AT5G39640	0
AT5G54660	449
AT5G06850	431
AT5G37300	6
AT5G38080	4
AT5G14940	167
AT5G10060	905
AT5G63160	244
AT5G57160	539
AT5G20230	216
AT5G18300	40
AT5G01550	27
AT5G19900	1372
AT5G65330	0
AT5G37160	0
AT5G55350	22
AT5G44570	5
AT5G33370	256
AT5G04280	2003
AT5G59670	50
AT5G63130	79
AT5G03480	0
AT5G01970	435
AT5G03470	623
AT5G52940	23
AT5G19300	632
AT5G48560	542
AT5G39410	1819
AT5G05460	264
AT5G64030	2704
AT5G04370	8
AT5G67600	998
AT5G05987	291
AT5G02690	73
AT5G55131	0
AT5G01200	72
AT5G51920	75
AT5G47430	1217
AT5G56750	462
AT5G62740	1504
AT5G08415	1098
AT5G54830	808
AT5G56795	76
AT5G12870	50
AT5G43720	832
AT5G46400	403
AT5G43540	60
AT5G56440	0
AT5G05710	262
AT5G09400	1014
AT5G25450	11
AT5G40890	2353
AT5G37473	0
AT5G26594	0
AT5G51290	598
AT5G11300	130
AT5G10410	119
AT5G60490	175
AT5G03944	0
AT5G27510	0
AT5G59840	520
AT5G13910	142
AT5G12070	0
AT5G36350	0
AT5G01225	0
AT5G66658	50
AT5G54040	107
AT5G67350	254
AT5G28400	172
AT5G44495	0
AT5G44780	103
AT5G25080	683
AT5G43190	184
AT5G20890	6563
AT5G24510	7
AT5G19340	350
AT5G63100	300
AT5G05280	1
AT5G14040	13938
AT5G46560	347
AT5G43090	0
AT5G17230	4782
AT5G10900	174
AT5G40440	280
AT5G34830	0
AT5G63970	175
AT5G20320	652
AT5G18937	14
AT5G41310	0
AT5G25490	269
AT5G06170	0
AT5G66140	1712
AT5G59530	124
AT5G10520	136
AT5G63800	2098
AT5G52045	0
AT5G07830	989
AT5G12340	32
AT5G59850	6285
AT5G04720	953
AT5G50700	0
AT5G05760	273
AT5G27740	919
AT5G59410	328
AT5G47075	0
AT5G38310	8
AT5G07350	5452
AT5G02520	96
AT5G02640	54
AT5G01070	15
AT5G61810	996
AT5G08300	3439
AT5G24800	533
AT5G41620	202
AT5G28020	720
AT5G54730	487
AT5G43480	0
AT5G60360	8839
AT5G66640	37
AT5G39210	848
AT5G04860	462
AT5G01910	218
AT5G22190	0
AT5G24020	948
AT5G60980	2420
AT5G08180	2955
AT5G59700	107
AT5G05740	3243
AT5G58880	0
AT5G11230	459
AT5G63530	3137
AT5G64960	1871
AT5G08315	0
AT5G04970	157
AT5G50320	1243
AT5G13840	742
AT5G59440	456
AT5G49550	266
AT5G14700	224
AT5G19680	688
AT5G28500	7611
AT5G36880	4248
AT5G53980	61
AT5G06280	258
AT5G01690	0
AT5G65300	68
AT5G04540	790
AT5G10020	1090
AT5G66310	627
AT5G07520	0
AT5G40430	0
AT5G54840	315
AT5G63990	718
AT5G49190	46
AT5G48657	266
AT5G19760	9665
AT5G47990	412
AT5G41260	1033
AT5G17780	138
AT5G53730	161
AT5G15070	364
AT5G50640	51
AT5G40170	725
AT5G04090	386
AT5G09610	1
AT5G56590	256
AT5G09890	1348
AT5G07420	1
AT5G13240	532
AT5G42785	29
AT5G27330	2209
AT5G08050	4694
AT5G22740	2562
AT5G09730	152
AT5G13950	1478
AT5G50170	285
AT5G04390	16
AT5G04230	1075
AT5G39700	0
AT5G25820	238
AT5G44030	542
AT5G61680	1
AT5G46980	0
AT5G02330	4
AT5G14540	1833
AT5G23400	514
AT5G47800	198
AT5G43030	25
AT5G17305	0
AT5G24160	353
AT5G06110	2121
AT5G66520	0
AT5G07610	180
AT5G15400	1772
AT5G03790	53
AT5G43470	2268
AT5G64100	1859
AT5G25475	218
AT5G53470	586
AT5G15980	1141
AT5G46060	10
AT5G41109	0
AT5G07290	1219
AT5G13270	273
AT5G12230	612
AT5G37770	586
AT5G52570	55
AT5G22450	1493
AT5G14330	764
AT5G22260	0
AT5G19000	1315
AT5G51670	187
AT5G07190	80
AT5G07800	194
AT5G53030	101
AT5G37720	1270
AT5G17020	2870
AT5G63250	0
AT5G37750	20
AT5G50580	0
AT5G50740	1292
AT5G15581	0
AT5G51195	0
AT5G38260	0
AT5G52500	0
AT5G65520	253
AT5G58460	0
AT5G52115	0
AT5G06420	117
AT5G45530	105
AT5G50770	0
AT5G42700	135
AT5G63170	0
AT5G67000	0
AT5G47100	494
AT5G08270	152
AT5G13280	1294
AT5G48910	702
AT5G52510	1006
AT5G06680	576
AT5G12220	584
AT5G11080	0
AT5G50350	612
AT5G57570	55
AT5G66890	0
AT5G02620	610
AT5G27870	5
AT5G67220	1506
AT5G05410	299
AT5G66710	10
AT5G26070	0
AT5G19070	235
AT5G42410	0
AT5G42320	847
AT5G44585	169
AT5G63230	0
AT5G20550	150
AT5G01410	6643
AT5G67190	119
AT5G38270	0
AT5G65350	48
AT5G23960	0
AT5G66510	2771
AT5G41210	1550
AT5G47400	286
AT5G35900	1
AT5G62370	172
AT5G55690	14
AT5G03700	397
AT5G45540	58
AT5G62300	5957
AT5G40360	0
AT5G15860	363
AT5G11550	872
AT5G47230	236
AT5G46130	3
AT5G04480	827
AT5G03570	105
AT5G55020	0
AT5G64240	972
AT5G65770	0
AT5G38240	14
AT5G51490	75
AT5G25150	682
AT5G49160	2063
AT5G47870	986
AT5G06450	313
AT5G40000	10
AT5G28910	159
AT5G46395	13
AT5G59180	624
AT5G19650	33
AT5G66630	58
AT5G19280	710
AT5G07990	531
AT5G60720	134
AT5G14640	1610
AT5G06645	0
AT5G10050	472
AT5G13860	152
AT5G49000	138
AT5G17750	0
AT5G61660	0
AT5G67310	2
AT5G23930	63
AT5G62520	79
AT5G59040	3
AT5G01810	1546
AT5G25754	1101
AT5G55900	99
AT5G38490	0
AT5G45130	1315
AT5G56650	599
AT5G26622	377
AT5G56870	754
AT5G11690	317
AT5G39720	19
AT5G07020	5708
AT5G44170	219
AT5G14730	307
AT5G58230	1342
AT5G25280	2173
AT5G60070	0
AT5G60310	17
AT5G59610	367
AT5G07000	217
AT5G19240	520
AT5G58620	816
AT5G23370	30
AT5G54148	2
AT5G59310	6
AT5G56270	424
AT5G45490	2194
AT5G15480	0
AT5G42040	21
AT5G46750	1153
AT5G23010	8666
AT5G41970	1479
AT5G07270	799
AT5G20120	325
AT5G15620	0
AT5G33340	0
AT5G15260	170
AT5G38650	0
AT5G40790	0
AT5G06740	111
AT5G59170	18
AT5G22000	1610
AT5G19950	344
AT5G59870	4412
AT5G38020	304
AT5G60440	15
AT5G49440	2358
AT5G59430	755
AT5G13380	0
AT5G10340	3
AT5G41550	19
AT5G40100	82
AT5G24879	2
AT5G38820	3
AT5G41000	203
AT5G48210	0
AT5G51570	1302
AT5G58600	589
AT5G48485	0
AT5G38710	93
AT5G12940	619
AT5G05657	2
AT5G04340	245
AT5G53850	2523
AT5G42920	1198
AT5G13980	3136
AT5G11250	480
AT5G55390	1147
AT5G01400	986
AT5G43770	1
AT5G10450	9255
AT5G52400	0
AT5G16830	470
AT5G56610	126
AT5G05360	545
AT5G43520	57
AT5G14680	575
AT5G39260	1
AT5G21160	2766
AT5G60570	1909
AT5G25500	104
AT5G62420	14
AT5G15510	605
AT5G24520	763
AT5G44380	1352
AT5G20820	86
AT5G67510	2354
AT5G15020	1678
AT5G56325	0
AT5G20190	3225
AT5G11260	515
AT5G67110	3
AT5G11950	1336
AT5G02950	77
AT5G63480	146
AT5G51620	305
AT5G62820	71
AT5G53190	0
AT5G46010	0
AT5G40470	183
AT5G46380	6
AT5G06230	42
AT5G47490	1121
AT5G50390	316
AT5G13580	273
AT5G26805	0
AT5G03300	4676
AT5G23040	4365
AT5G16023	1
AT5G13890	493
AT5G16200	69
AT5G62530	1857
AT5G47570	5048
AT5G42640	0
AT5G53930	499
AT5G27010	0
AT5G43300	28
AT5G43970	2687
AT5G44840	0
AT5G58550	481
AT5G17710	4729
AT5G03553	150
AT5G49430	884
AT5G39850	252
AT5G17410	505
AT5G45870	8
AT5G25000	1
AT5G27620	367
AT5G13110	1338
AT5G65780	1343
AT5G57180	1772
AT5G55770	0
AT5G46115	23
AT5G55910	1371
AT5G42670	503
AT5G62865	183
AT5G53210	557
AT5G65550	1
AT5G51070	3222
AT5G36100	3
AT5G06560	589
AT5G58580	122
AT5G14120	1493
AT5G62230	150
AT5G58150	0
AT5G14010	0
AT5G66470	2369
AT5G21170	593
AT5G49990	438
AT5G44490	107
AT5G26190	26
AT5G37420	13
AT5G62065	0
AT5G45000	23
AT5G01340	414
AT5G44063	12
AT5G49200	2
AT5G03250	114
AT5G65683	704
AT5G66010	562
AT5G39050	691
AT5G09340	0
AT5G61020	4210
AT5G03130	27
AT5G37590	361
AT5G51150	686
AT5G27110	121
AT5G04710	1531
AT5G57080	62
AT5G28750	2865
AT5G64450	10
AT5G18180	25
AT5G63550	1219
AT5G16590	1148
AT5G63070	0
AT5G02890	842
AT5G56030	15314
AT5G61950	217
AT5G27606	0
AT5G66790	139
AT5G07820	384
AT5G61450	464
AT5G57565	118
AT5G30500	0
AT5G16190	173
AT5G59750	465
AT5G54170	829
AT5G59240	132
AT5G55090	43
AT5G28823	0
AT5G50540	0
AT5G22340	2051
AT5G49645	69
AT5G48160	2239
AT5G05880	207
AT5G47520	404
AT5G46760	1685
AT5G40200	1459
AT5G28850	925
AT5G13190	454
AT5G08110	257
AT5G50300	111
AT5G16690	242
AT5G27960	0
AT5G08520	1006
AT5G61250	125
AT5G49525	39
AT5G25420	0
AT5G14210	902
AT5G22040	357
AT5G04830	1370
AT5G18748	0
AT5G44550	766
AT5G14050	2248
AT5G46810	0
AT5G38380	500
AT5G28830	327
AT5G25470	8
AT5G27530	0
AT5G61865	77
AT5G23020	4567
AT5G28950	0
AT5G38010	54
AT5G61100	3
AT5G25140	38
AT5G44360	0
AT5G43285	1
AT5G26670	497
AT5G38250	5
AT5G63490	378
AT5G43530	58
AT5G44600	428
AT5G43590	9
AT5G06780	598
AT5G12040	1794
AT5G38610	116
AT5G47000	45
AT5G19110	87
AT5G15690	0
AT5G40650	783
AT5G42825	0
AT5G55800	0
AT5G15500	19
AT5G23670	1162
AT5G39240	123
AT5G52090	0
AT5G50250	2459
AT5G62130	126
AT5G51450	386
AT5G38990	913
AT5G40620	0
AT5G27800	0
AT5G13740	1688
AT5G18400	1302
AT5G11150	1499
AT5G56640	0
AT5G44300	1
AT5G10910	1034
AT5G57090	1247
AT5G28615	0
AT5G02230	118
AT5G42500	110
AT5G12350	1083
AT5G49120	39
AT5G51585	0
AT5G01440	0
AT5G43240	7
AT5G50650	0
AT5G41530	0
AT5G06580	673
AT5G41750	71
AT5G01900	1
AT5G12390	337
AT5G14300	0
AT5G23150	1292
AT5G04430	6655
AT5G20995	0
AT5G51010	1761
AT5G15880	624
AT5G38386	5
AT5G03800	329
AT5G62660	0
AT5G40780	923
AT5G39370	2
AT5G26630	8
AT5G04460	693
AT5G35950	1
AT5G15910	778
AT5G35770	16
AT5G56450	157
AT5G55250	127
AT5G09520	108
AT5G35926	23
AT5G27610	181
AT5G10250	29
AT5G28310	7
AT5G53290	240
AT5G41810	357
AT5G48390	30
AT5G43170	110
AT5G25960	3
AT5G26170	67
AT5G58070	3953
AT5G62623	0
AT5G52110	409
AT5G44680	1368
AT5G39750	0
AT5G06250	43
AT5G64890	8
AT5G51190	0
AT5G53250	216
AT5G36360	0
AT5G03490	209
AT5G57560	501
AT5G02400	168
AT5G34882	0
AT5G59080	206
AT5G36450	0
AT5G40060	299
AT5G52520	2710
AT5G42360	511
AT5G01560	395
AT5G41280	4
AT5G06220	2029
AT5G55010	7
AT5G22130	277
AT5G37380	551
AT5G08160	1476
AT5G12010	664
AT5G44280	237
AT5G43760	2471
AT5G44650	3160
AT5G56250	588
AT5G11412	0
AT5G04660	0
AT5G54160	5675
AT5G38195	0
AT5G58490	2595
AT5G43410	0
AT5G63010	249
AT5G05040	0
AT5G52160	0
AT5G36960	25
AT5G43120	25
AT5G57040	1825
AT5G02880	1008
AT5G28680	0
AT5G35940	57
AT5G18920	116
AT5G63520	361
AT5G66880	840
AT5G48450	300
AT5G14930	285
AT5G55508	0
AT5G27050	0
AT5G06630	653
AT5G63040	547
AT5G23840	11
AT5G06660	685
AT5G13430	4178
AT5G19590	2223
AT5G19890	191
AT5G42610	5
AT5G56160	85
AT5G56000	1786
AT5G46290	6482
AT5G45390	9170
AT5G37830	2617
AT5G61980	178
AT5G27720	1559
AT5G27945	0
AT5G57840	142
AT5G65660	1373
AT5G02530	2870
AT5G61830	384
AT5G18930	101
AT5G28320	137
AT5G28410	1
AT5G67580	613
AT5G66055	2764
AT5G44620	19
AT5G18790	491
AT5G41100	337
AT5G48620	2177
AT5G59940	31
AT5G65280	186
AT5G08680	5452
AT5G53230	7
AT5G40010	22
AT5G35560	1160
AT5G39130	3
AT5G47040	3072
AT5G16700	0
AT5G38747	13
AT5G26810	0
AT5G19990	1737
AT5G46350	16
AT5G26140	0
AT5G39270	0
AT5G03340	910
AT5G15250	0
AT5G25520	1234
AT5G49500	167
AT5G60690	1151
AT5G47810	364
AT5G41200	0
AT5G61230	1807
AT5G51770	374
AT5G01770	356
AT5G37440	43
AT5G18320	2
AT5G10100	175
AT5G42310	1671
AT5G44110	1227
AT5G13020	1713
AT5G22110	201
AT5G24190	9
AT5G60060	0
AT5G24880	51
AT5G35740	415
AT5G62500	323
AT5G25610	8091
AT5G22790	620
AT5G26900	3
AT5G51350	330
AT5G66270	52
AT5G53890	698
AT5G54000	0
AT5G03390	182
AT5G57530	140
AT5G22510	1971
AT5G13825	0
AT5G51710	356
AT5G19830	92
AT5G39290	0
AT5G46990	0
AT5G15960	2462
AT5G11040	1360
AT5G65210	1389
AT5G58430	1383
AT5G67245	80
AT5G60370	295
AT5G47770	3097
AT5G47030	6965
AT5G19250	2848
AT5G29000	343
AT5G25130	111
AT5G24120	284
AT5G41010	706
AT5G39570	14537
AT5G09620	1869
AT5G45780	287
AT5G21125	0
AT5G56240	1397
AT5G23240	3678
AT5G55710	1651
AT5G27930	952
AT5G40320	13
AT5G27020	4
AT5G18290	262
AT5G48870	642
AT5G01881	6
AT5G51545	1204
AT5G11520	2798
AT5G46085	7
AT5G54190	30
AT5G06090	42
AT5G15160	136
AT5G46580	5022
AT5G22555	10
AT5G38830	1774
AT5G49840	658
AT5G11900	1265
AT5G59150	660
AT5G19750	1694
AT5G65830	143
AT5G13940	0
AT5G05635	0
AT5G48690	53
AT5G22150	1
AT5G65925	134
AT5G01570	35
AT5G62573	0
AT5G50460	1899
AT5G48790	1493
AT5G20830	2527
AT5G04960	879
AT5G47910	1845
AT5G54470	38
AT5G23780	42
AT5G64040	40645
AT5G06000	202
AT5G02420	77
AT5G50480	0
AT5G15660	0
AT5G43830	4054
AT5G01270	804
AT5G55780	14
AT5G22080	1076
AT5G02065	1
AT5G40380	184
AT5G38090	0
AT5G05000	1122
AT5G53130	788
AT5G17080	0
AT5G55370	2
AT5G07660	137
AT5G17380	2623
AT5G28300	1417
AT5G49600	0
AT5G65140	321
AT5G51160	47
AT5G53140	4221
AT5G20090	1734
AT5G43690	63
AT5G61940	79
AT5G56060	0
AT5G02360	55
AT5G50400	507
AT5G51915	0
AT5G02120	1614
AT5G19450	1491
AT5G20447	0
AT5G40160	849
AT5G57770	52
AT5G54560	0
AT5G16330	0
AT5G34885	0
AT5G64080	688
AT5G44920	57
AT5G24230	96
AT5G22880	5369
AT5G07900	243
AT5G65890	261
AT5G42530	4856
AT5G60250	48
AT5G23460	88
AT5G49390	101
AT5G66607	13
AT5G09690	124
AT5G59070	0
AT5G19610	0
AT5G10336	13
AT5G23210	1031
AT5G28450	2
AT5G24760	441
AT5G51000	0
AT5G15000	0
AT5G26730	17
AT5G20635	155
AT5G54110	487
AT5G06770	437
AT5G64720	0
AT5G40400	171
AT5G04840	130
AT5G42810	368
AT5G47920	101
AT5G37150	0
AT5G18230	2947
AT5G23160	4
AT5G59550	473
AT5G24940	46
AT5G38317	0
AT5G15380	0
AT5G65540	449
AT5G52080	0
AT5G04030	0
AT5G17550	615
AT5G46770	0
AT5G01180	80
AT5G26880	1864
AT5G22200	6
AT5G21050	20
AT5G47660	408
AT5G52610	0
AT5G48320	45
AT5G18030	59
AT5G52605	0
AT5G43500	474
AT5G66350	143
AT5G64430	915
AT5G35390	0
AT5G64813	930
AT5G25900	752
AT5G09410	1228
AT5G11970	119
AT5G15533	0
AT5G09995	316
AT5G44050	60
AT5G44930	282
AT5G65240	326
AT5G37410	48
AT5G03840	28
AT5G60800	204
AT5G42242	1
AT5G22570	5
AT5G39160	16
AT5G18040	225
AT5G44970	0
AT5G20340	0
AT5G48270	2
AT5G09550	1
AT5G05900	21
AT5G17810	14
AT5G39820	7
AT5G23720	581
AT5G51540	258
AT5G64260	2002
AT5G61030	2773
AT5G01960	841
AT5G64000	0
AT5G18430	144
AT5G25170	399
AT5G21950	64
AT5G45113	0
AT5G05510	176
AT5G03890	90
AT5G03000	0
AT5G22608	24
AT5G36950	543
AT5G17160	1285
AT5G51220	674
AT5G47330	170
AT5G03450	389
AT5G13030	3157
AT5G51530	25
AT5G44290	1368
AT5G09380	212
AT5G60500	0
AT5G38140	101
AT5G22100	683
AT5G60850	484
AT5G16480	208
AT5G49220	666
AT5G18760	421
AT5G45277	0
AT5G11460	202
AT5G59160	1726
AT5G62310	80
AT5G57380	4
AT5G14760	254
AT5G47260	0
AT5G64520	133
AT5G08000	703
AT5G35570	706
AT5G26850	1842
AT5G14590	1960
AT5G08400	356
AT5G42010	136
AT5G13200	144
AT5G26690	5
AT5G60750	571
AT5G62730	0
AT5G16980	199
AT5G54430	2183
AT5G65160	174
AT5G36430	0
AT5G25230	40
AT5G24650	2715
AT5G03100	133
AT5G39980	531
AT5G66560	0
AT5G51820	6779
AT5G44500	318
AT5G06570	206
AT5G48840	437
AT5G16453	3
AT5G05735	0
AT5G39920	0
AT5G62550	695
AT5G53830	231
AT5G59330	130
AT5G50750	10
AT5G49230	333
AT5G46300	0
AT5G11530	616
AT5G44635	718
AT5G57590	558
AT5G22400	373
AT5G26780	2122
AT5G07510	1
AT5G48990	200
AT5G38865	257
AT5G13150	96
AT5G46280	880
AT5G47390	786
AT5G66675	395
AT5G23970	0
AT5G09360	1
AT5G49820	1083
AT5G28237	0
AT5G07590	433
AT5G37250	1
AT5G60140	3
AT5G57930	3746
AT5G02540	100
AT5G03995	152
AT5G13220	72
AT5G18170	1725
AT5G35200	1346
AT5G03290	2704
AT5G55160	1317
AT5G24710	2808
AT5G61070	31
AT5G20580	271
AT5G42090	39
AT5G13760	402
AT5G03220	151
AT5G52890	96
AT5G26280	4587
AT5G48280	0
AT5G49980	1815
AT5G19860	1122
AT5G01870	1457
AT5G57400	6
AT5G03070	327
AT5G41600	1292
AT5G20430	0
AT5G01470	303
AT5G42330	160
AT5G53790	0
AT5G23650	0
AT5G38930	139
AT5G08670	15995
AT5G45930	2635
AT5G02910	145
AT5G47820	1857
AT5G20380	880
AT5G48190	6
AT5G36330	0
AT5G17500	0
AT5G39910	0
AT5G25120	237
AT5G59305	4
AT5G65930	1302
AT5G03780	112
AT5G11670	12498
AT5G53170	3039
AT5G46360	3
AT5G17280	0
AT5G01220	2568
AT5G61340	398
AT5G17150	10
AT5G48500	547
AT5G11700	2509
AT5G24352	81
AT5G07225	0
AT5G15130	111
AT5G11540	74
AT5G10260	104
AT5G46220	43
AT5G07180	361
AT5G09390	747
AT5G54420	0
AT5G37930	298
AT5G23550	240
AT5G15440	361
AT5G48660	162
AT5G49870	39
AT5G58784	18
AT5G15850	0
AT5G28380	0
AT5G10310	44
AT5G24900	24
AT5G44180	1836
AT5G38430	35304
AT5G15470	780
AT5G62940	285
AT5G43960	2971
AT5G16430	0
AT5G39560	0
AT5G50140	8
AT5G60350	4
AT5G44440	2
AT5G46825	0
AT5G11980	895
AT5G17990	2591
AT5G47290	0
AT5G53742	2
AT5G63085	0
AT5G54145	189
AT5G22370	417
AT5G60100	1418
AT5G61050	0
AT5G39350	275
AT5G11170	4657
AT5G57390	151
AT5G25060	2186
AT5G44563	0
AT5G25757	1307
AT5G17880	518
AT5G02180	272
AT5G18160	0
AT5G43640	0
AT5G66620	42
AT5G65790	204
AT5G58850	0
AT5G46330	442
AT5G57450	38
AT5G47720	504
AT5G45650	1039
AT5G35995	264
AT5G03850	5060
AT5G23180	1
AT5G27120	3187
AT5G17070	444
AT5G52655	0
AT5G38760	1
AT5G18050	28
AT5G03690	262
AT5G61610	24
AT5G50490	0
AT5G08630	734
AT5G12050	216
AT5G45830	50
AT5G58412	0
AT5G41220	354
AT5G46880	243
AT5G47110	6531
AT5G67410	24
AT5G19980	690
AT5G28030	89
AT5G62850	2
AT5G27910	9
AT5G36390	0
AT5G10130	561
AT5G67265	0
AT5G03760	1085
AT5G27370	0
AT5G11340	751
AT5G32440	1221
AT5G08260	3626
AT5G06990	39
AT5G54670	836
AT5G20165	452
AT5G18070	348
AT5G52660	235
AT5G34869	0
AT5G18550	734
AT5G62440	1517
AT5G19370	1943
AT5G19172	0
AT5G52030	288
AT5G39810	0
AT5G14140	250
AT5G57887	25
AT5G53800	862
AT5G27890	239
AT5G21960	0
AT5G17330	3584
AT5G61260	61
AT5G42905	0
AT5G16960	9
AT5G27300	286
AT5G15330	153
AT5G57880	44
AT5G28442	68
AT5G07100	226
AT5G34905	0
AT5G08510	234
AT5G57655	2365
AT5G08610	4690
AT5G56230	41
AT5G59460	398
AT5G39970	230
AT5G57170	1056
AT5G11370	0
AT5G49410	138
AT5G24750	199
AT5G04910	357
AT5G57120	2246
AT5G38390	0
AT5G20020	4022
AT5G12450	0
AT5G37190	686
AT5G42790	2513
AT5G44450	631
AT5G35980	2642
AT5G64905	14
AT5G13290	209
AT5G60890	663
AT5G11280	964
AT5G23580	426
AT5G12920	98
AT5G06670	339
AT5G63930	540
AT5G45770	29
AT5G16900	58
AT5G25630	2690
AT5G44973	3
AT5G06900	6
AT5G60020	231
AT5G43260	482
AT5G18404	9
AT5G40315	0
AT5G57070	691
AT5G48570	210
AT5G26090	5
AT5G16450	460
AT5G10435	0
AT5G67290	555
AT5G40310	0
AT5G11310	191
AT5G09740	372
AT5G65040	160
AT5G65220	16843
AT5G11060	1643
AT5G39880	2
AT5G39990	698
AT5G49890	1152
AT5G54215	0
AT5G25920	1
AT5G52545	62
AT5G63500	156
AT5G60700	542
AT5G65370	0
AT5G43350	1915
AT5G62998	5
AT5G55050	223
AT5G41400	298
AT5G35067	0
AT5G05110	379
AT5G24870	221
AT5G24370	0
AT5G11680	764
AT5G56570	0
AT5G02470	296
AT5G16920	6
AT5G55500	734
AT5G11160	177
AT5G55400	423
AT5G10890	61
AT5G17140	0
AT5G11180	1
AT5G43200	5
AT5G28040	646
AT5G38660	3244
AT5G46640	137
AT5G61412	53
AT5G55610	1144
AT5G65410	1082
AT5G23520	437
AT5G12290	702
AT5G40720	155
AT5G42504	0
AT5G58920	501
AT5G65110	1806
AT5G52330	49
AT5G22540	3
AT5G03580	0
AT5G17180	0
AT5G62200	669
AT5G39530	1534
AT5G45050	625
AT5G66090	1144
AT5G38690	680
AT5G05770	0
AT5G15240	93
AT5G42720	1742
AT5G01250	80
AT5G10490	1589
AT5G38396	0
AT5G50020	733
AT5G11920	64
AT5G67280	975
AT5G25940	617
AT5G02150	155
AT5G44640	0
AT5G43980	61
AT5G16290	1671
AT5G49800	131
AT5G11100	98
AT5G10090	2
AT5G24165	3244
AT5G40500	512
AT5G27710	268
AT5G24600	23
AT5G40990	2
AT5G43930	472
AT5G52882	1732
AT5G01940	41
AT5G08505	0
AT5G55630	451
AT5G26742	20035
AT5G46340	618
AT5G01630	352
AT5G42060	520
AT5G13500	814
AT5G48350	2
AT5G50940	20
AT5G52810	434
AT5G60120	1304
AT5G44340	11113
AT5G48920	259
AT5G04420	1189
AT5G60510	0
AT5G44200	1146
AT5G17580	109
AT5G60210	1143
AT5G43550	0
AT5G58080	1
AT5G52360	0
AT5G52920	5610
AT5G62030	512
AT5G45860	8
AT5G03350	599
AT5G46295	8
AT5G24690	6640
AT5G18900	774
AT5G43175	2
AT5G23200	540
AT5G64480	764
AT5G20280	5891
AT5G07140	237
AT5G08141	0
AT5G59890	1355
AT5G54550	2
AT5G02570	0
AT5G13770	744
AT5G65687	288
AT5G16210	1481
AT5G57520	4
AT5G24316	0
AT5G46700	613
AT5G06310	102
AT5G16320	154
AT5G41140	1385
AT5G04250	160
AT5G55430	0
AT5G52410	387
AT5G57569	0
AT5G18520	2581
AT5G08230	406
AT5G07790	157
AT5G60620	954
AT5G63595	77
AT5G24000	445
AT5G03910	1137
AT5G45560	369
AT5G50710	0
AT5G24660	1086
AT5G64300	2664
AT5G06440	794
AT5G10946	16
AT5G20630	26626
AT5G43525	0
AT5G12030	2
AT5G59220	51
AT5G66690	1648
AT5G02680	141
AT5G42900	1975
AT5G62690	7095
AT5G18880	0
AT5G06800	82
AT5G02850	398
AT5G57123	114
AT5G06130	1993
AT5G59140	1027
AT5G04895	438
AT5G56730	670
AT5G12130	1182
AT5G13720	826
AT5G17460	1061
AT5G62560	640
AT5G45890	6
AT5G06350	572
AT5G49680	319
AT5G14602	0
AT5G24070	44
AT5G22794	49
AT5G50840	512
AT5G39860	21
AT5G46250	1969
AT5G18060	33
AT5G12420	482
AT5G56368	0
AT5G41680	28
AT5G22355	12
AT5G01300	3
AT5G41370	1045
AT5G58060	899
AT5G01600	5386
AT5G21920	1696
AT5G11640	493
AT5G11840	882
AT5G37680	282
AT5G37540	147
AT5G52490	0
AT5G05260	1
AT5G25995	15
AT5G35220	2455
AT5G28919	0
AT5G39710	300
AT5G09820	747
AT5G66100	718
AT5G03160	1068
AT5G42840	56
AT5G66360	330
AT5G12930	231
AT5G21100	936
AT5G14100	328
AT5G36722	0
AT5G18350	3
AT5G67010	3
AT5G46670	1
AT5G21105	2298
AT5G26000	43644
AT5G20690	1
AT5G44530	415
AT5G41950	2131
AT5G15685	0
AT5G24770	875
AT5G07480	0
AT5G50470	0
AT5G38330	0
AT5G45690	0
AT5G48590	515
AT5G14720	2011
AT5G38197	0
AT5G08650	4762
AT5G56460	224
AT5G42740	2517
AT5G18650	1220
AT5G55110	63
AT5G65530	205
AT5G22420	0
AT5G25360	938
AT5G22060	2748
AT5G17000	594
AT5G53520	0
AT5G39480	5
AT5G57820	4
AT5G02090	140
AT5G65260	1498
AT5G35913	0
AT5G65490	783
AT5G23575	3537
AT5G26320	7
AT5G14850	307
AT5G66530	4515
AT5G62490	8
AT5G53045	300
AT5G13340	315
AT5G14690	168
AT5G54940	2746
AT5G14430	1497
AT5G22070	660
AT5G50220	0
AT5G39030	142
AT5G11470	143
AT5G62360	1196
AT5G58820	0
AT5G25070	915
AT5G23830	257
AT5G02780	72
AT5G01160	584
AT5G19050	539
AT5G44410	389
AT5G26150	0
AT5G38700	42
AT5G36150	0
AT5G55180	2271
AT5G12440	1061
AT5G57200	2
AT5G44480	320
AT5G27247	2
AT5G66860	1795
AT5G42890	1464
AT5G17970	0
AT5G56070	0
AT5G62190	8045
AT5G48520	636
AT5G51420	0
AT5G63030	764
AT5G23330	412
AT5G13210	86
AT5G28220	502
AT5G43880	1029
AT5G50361	0
AT5G41340	723
AT5G39390	0
AT5G16020	1
AT5G48850	304
AT5G13570	689
AT5G46490	211
AT5G12100	278
AT5G40570	46
AT5G57410	548
AT5G20700	9588
AT5G09445	0
AT5G17830	4
AT5G56600	847
AT5G10350	1755
AT5G35750	788
AT5G35620	3265
AT5G51700	348
AT5G61997	0
AT5G11720	1537
AT5G63560	447
AT5G22900	0
AT5G04010	1
AT5G60945	0
AT5G17680	49
AT5G05220	0
AT5G42150	790
AT5G48515	0
AT5G36440	0
AT5G53490	3985
AT5G64120	7443
AT5G60290	29
AT5G41380	32
AT5G56430	0
AT5G40120	0
AT5G15140	10
AT5G43570	8
AT5G40480	1966
AT5G07620	115
AT5G61970	1590
AT5G55280	3662
AT5G41040	808
AT5G39300	0
AT5G36810	0
AT5G42680	135
AT5G20045	31
AT5G45090	8
AT5G06070	1
AT5G25390	13
AT5G17920	69278
AT5G66480	76
AT5G18390	246
AT5G11490	1626
AT5G02770	3102
AT5G01100	66
AT5G06400	90
AT5G39950	2378
AT5G13880	79
AT5G63740	0
AT5G35810	0
AT5G22480	807
AT5G59920	176
AT5G10120	0
AT5G36470	0
AT5G63140	492
AT5G60150	382
AT5G56350	2792
AT5G16730	2241
AT5G43400	454
AT5G51130	152
AT5G10510	295
AT5G65290	472
AT5G46915	21
AT5G23860	1560
AT5G37650	0
AT5G04937	0
AT5G25620	200
AT5G17520	632
AT5G41470	10
AT5G43490	0
AT5G22470	0
AT5G13490	834
AT5G42070	751
AT5G40155	0
AT5G27560	1665
AT5G28740	2022
AT5G67400	555
AT5G52220	106
AT5G22140	217
AT5G63790	2107
AT5G25910	22
AT5G49420	0
AT5G38940	734
AT5G01460	1205
AT5G23700	14
AT5G19470	21
AT5G16660	2120
AT5G08250	41
AT5G64630	264
AT5G04980	175
AT5G19330	2264
AT5G11416	2
AT5G22010	1182
AT5G17360	29
AT5G26240	909
AT5G38110	505
AT5G23800	104
AT5G66052	398
AT5G18440	437
AT5G11860	604
AT5G63630	381
AT5G09240	199
AT5G51870	1
AT5G16820	420
AT5G20590	795
AT5G03170	250
AT5G24630	233
AT5G59960	658
AT5G52230	218
AT5G56010	13163
AT5G46940	0
AT5G57020	2022
AT5G41960	413
AT5G61560	184
AT5G07080	236
AT5G65990	935
AT5G17610	413
AT5G04240	768
AT5G02500	64303
AT5G05180	580
AT5G44565	76
AT5G13780	3073
AT5G16110	1520
AT5G53260	0
AT5G45310	22
AT5G51750	2345
AT5G02560	305
AT5G42965	2
AT5G05310	244
AT5G43100	970
AT5G67610	419
AT5G51970	4021
AT5G16260	958
AT5G55480	1221
AT5G50230	492
AT5G54870	877
AT5G48050	25
AT5G28370	0
AT5G08380	1009
AT5G39550	618
AT5G17890	1189
AT5G49215	312
AT5G43630	961
AT5G66990	0
AT5G51940	899
AT5G08340	301
AT5G64610	838
AT5G45160	699
AT5G46000	0
AT5G62140	537
AT5G03820	0
AT5G54850	117
AT5G37900	0
AT5G52180	0
AT5G03730	2446
AT5G01010	2514
AT5G03060	16
AT5G17523	0
AT5G15740	920
AT5G62165	15
AT5G55290	758
AT5G23660	1147
AT5G49450	126
AT5G28960	7
AT5G10650	264
AT5G05390	3
AT5G55130	622
AT5G51300	2091
AT5G40250	467
AT5G41763	20
AT5G22490	8
AT5G36670	0
AT5G04730	2
AT5G46370	1
AT5G39230	3
AT5G41870	299
AT5G46410	370
AT5G58310	247
AT5G24640	4
AT5G23070	815
AT5G36500	0
AT5G19400	3058
AT5G06140	1525
AT5G50443	5
AT5G18340	15
AT5G02250	1277
AT5G60790	5900
AT5G55190	4431
AT5G50270	0
AT5G19920	469
AT5G09310	546
AT5G41020	769
AT5G16720	414
AT5G59560	358
AT5G45800	960
AT5G17600	161
AT5G03500	183
AT5G02995	0
AT5G63900	0
AT5G36170	2009
AT5G06600	3688
AT5G02650	195
AT5G64667	27
AT5G19820	4545
AT5G60805	0
AT5G40880	265
AT5G06530	251
AT5G50030	9
AT5G07572	0
AT5G53150	821
AT5G20440	0
AT5G43000	0
AT5G15920	513
AT5G23570	734
AT5G53050	582
AT5G33290	604
AT5G23100	282
AT5G03520	1386
AT5G11360	7
AT5G50290	28
AT5G44785	759
AT5G57280	559
AT5G17340	0
AT5G45550	954
AT5G16270	2077
AT5G22030	925
AT5G45400	368
AT5G19175	0
AT5G04770	266
AT5G66980	0
AT5G46680	89
AT5G50345	0
AT5G53770	560
AT5G24280	207
AT5G64310	1265
AT5G19875	121
AT5G58090	1426
AT5G06950	534
AT5G52240	2029
AT5G35970	3643
AT5G64170	781
AT5G51470	27
AT5G25770	433
AT5G45573	0
AT5G38360	389
AT5G50210	1292
AT5G35840	1186
AT5G42980	27223
AT5G22145	0
AT5G20140	1113
AT5G03435	13
AT5G15300	100
AT5G47930	8014
AT5G30490	588
AT5G22670	0
AT5G50150	868
AT5G14980	4
AT5G36190	0
AT5G54035	0
AT5G60860	97
AT5G09650	8194
AT5G46030	1527
AT5G36490	0
AT5G47670	0
AT5G04070	131
AT5G36240	0
AT5G49310	2
AT5G08370	511
AT5G02720	0
AT5G40830	753
AT5G02280	356
AT5G23060	6796
AT5G65560	332
AT5G38743	6
AT5G40410	74
AT5G45700	404
AT5G57660	1469
AT5G66940	58
AT5G40630	34
AT5G16380	235
AT5G13900	156
AT5G32670	0
AT5G02710	1016
AT5G07170	2
AT5G30360	0
AT5G03455	784
AT5G54520	135
AT5G55820	811
AT5G44950	0
AT5G60820	191
AT5G56480	0
AT5G09480	670
AT5G23535	1094
AT5G65200	154
AT5G27410	762
AT5G08580	824
AT5G39490	0
AT5G24420	178
AT5G61800	48
AT5G01445	48
AT5G02940	2370
AT5G12080	1071
AT5G07010	103
AT5G01530	121817
AT5G53810	21
AT5G28820	0
AT5G19160	113
AT5G11430	794
AT5G49170	78
AT5G09225	278
AT5G08765	0
AT5G07805	0
AT5G03485	2
AT5G03525	0
AT5G07115	4
AT5G02425	13
AT5G02485	3
AT5G06455	0
AT5G09825	0
AT5G06635	0
AT5G00790	3
AT5G03515	0
AT5G07865	0
AT5G06875	0
AT5G07995	25
AT5G01045	21
AT5G08585	0
AT5G05235	0
AT5G05445	0
AT5G08165	0
AT5G03935	0
AT5G07445	0
AT5G02015	0
AT5G08975	0
AT5G05875	0
AT5G04715	0
AT5G00985	9
AT5G04205	14
AT5G00795	0
AT5G04865	0
AT5G08945	0
AT5G08665	0
AT5G05415	1
AT5G06735	0
AT5G00975	0
AT5G06495	0
AT5G06065	0
AT5G03215	0
AT5G09835	0
AT5G08485	0
AT5G08895	0
AT5G00940	0
AT5G04785	0
AT5G08265	0
AT5G05135	0
AT5G07555	0
AT5G06285	0
AT5G01575	0
AT5G02205	0
AT5G03615	0
AT5G07935	0
AT5G01855	0
AT5G06925	0
AT5G06785	0
AT5G00835	0
AT5G08455	0
AT5G01705	0
AT5G08955	0
AT5G04575	2
AT5G03915	0
AT5G08465	0
AT5G02765	0
AT5G03785	0
AT5G03275	0
AT5G04025	0
AT5G04595	0
AT5G07795	0
AT5G07845	0
AT5G09695	0
AT5G04325	0
AT5G06715	0
AT5G03645	0
AT5G06035	0
AT5G03565	0
AT5G07635	0
AT5G06345	0
AT5G03405	0
AT5G05625	0
AT5G03335	0
AT5G01395	0
AT5G07715	0
AT5G09190	10
AT5G01605	0
AT5G05605	0
AT5G01655	0
AT5G05065	0
AT5G06945	0
AT5G05835	0
AT5G09965	2
AT5G02075	0
AT5G04245	0
AT5G09205	0
AT5G04725	0
AT5G08385	0
AT5G05045	0
AT5G09465	4
AT5G04165	1
AT5G04815	0
AT5G00970	0
AT5G03465	0
AT5G09955	4
AT5G06405	0
AT5G01065	0
AT5G05545	11
AT5G01275	0
AT5G03395	3
AT5G01285	0
AT5G07905	0
AT5G03815	0
AT5G06545	0
AT5G07605	1
AT5G05925	0
AT5G04385	0
AT5G05335	0
AT5G07035	0
AT5G02865	5
AT5G08935	0
AT5G08065	0
AT5G01475	0
AT5G09455	0
AT5G06045	0
AT5G01155	0
AT5G09415	1
AT5G09425	0
AT5G00810	0
AT5G04855	0
AT5G05905	0
AT5G02835	0
AT5G07395	0
AT5G00845	0
AT5G08815	0
AT5G08735	0
AT5G05015	0
AT5G09675	0
AT5G06475	6
AT5G03075	0
AT5G05825	0
AT5G05855	0
AT5G04635	0
AT5G03325	0
AT5G07465	0
AT5G05805	0
AT5G04435	0
AT5G03095	0
AT5G05935	0
AT5G09895	0
AT5G07695	0
AT5G06595	0
AT5G07565	0
AT5G10965	57
AT5G02965	0
AT5G08645	0
AT5G05425	0
AT5G06855	0
AT5G01405	0
AT5G08445	0
AT5G05195	0
AT5G03845	0
AT5G03035	0
AT5G08855	10
AT5G07925	0
AT5G04225	0
AT5G08195	1
AT5G07195	0
AT5G04825	1
AT5G07705	1
AT5G06015	0
AT5G07495	0
AT5G02885	4
AT5G03055	0
AT5G02045	0
AT5G05555	0
AT5G06325	0
AT5G03595	0
AT5G08775	0
AT5G05755	0
AT5G04695	0
AT5G05275	8
AT5G01885	0
AT5G09775	0
AT5G01995	0
AT5G08655	0
AT5G09025	0
AT5G08970	0
AT5G03715	0
AT5G08755	0
AT5G02925	0
AT5G02805	0
AT5G02185	0
AT5G03625	0
AT5G04125	0
AT5G06885	0
AT5G05125	0
AT5G07295	1
AT5G06335	0
AT5G04615	1
AT5G03945	0
AT5G01665	0
AT5G05395	0
AT5G03685	0
AT5G01775	32
AT5G09605	0
AT5G01795	0
AT5G09235	0
AT5G00995	0
AT5G09215	0
AT5G09070	0
AT5G01385	0
AT5G05215	0
AT5G01245	2
AT5G03955	1
AT5G07915	0
AT5G00960	0
AT5G07185	0
AT5G05535	0
AT5G06795	0
AT5G07155	0
AT5G02795	1
AT5G08705	0
AT5G05325	0
AT5G09015	0
AT5G01685	0
AT5G06775	0
AT5G01485	0
AT5G09035	0
AT5G04585	0
AT5G07435	0
AT5G04445	0
AT5G06145	0
AT5G03115	0
AT5G04705	0
AT5G06425	0
AT5G08205	0
AT5G04035	0
AT5G09335	2
AT5G02345	0
AT5G04515	0
AT5G08375	0
AT5G06965	0
AT5G07615	0
AT5G05815	0
AT5G06415	0
AT5G08910	0
AT5G04675	0
AT5G08685	0
AT5G05585	0
AT5G04755	0
AT5G09875	0
AT5G04215	0
AT5G07535	0
AT5G05205	0
AT5G07485	0
AT5G09050	0
AT5G07945	0
AT5G04765	0
AT5G09110	0
AT5G08435	0
AT5G09145	0
AT5G01725	0
AT5G00955	0
AT5G02365	0
AT5G06575	0
AT5G03135	0
AT5G03695	0
AT5G09090	0
AT5G03605	0
AT5G08940	0
AT5G05455	0
AT5G06985	0
AT5G00740	0
AT5G08225	0
AT5G02775	0
AT5G07745	0
AT5G04365	0
AT5G01345	0
AT5G03765	0
AT5G00745	0
AT5G09105	0
AT5G04925	0
AT5G07835	0
AT5G08930	0
AT5G07955	2
AT5G06005	0
AT5G06025	0
AT5G07005	0
AT5G09715	0
AT5G02275	0
AT5G01105	0
AT5G09545	0
AT5G05565	0
AT5G03105	0
AT5G03925	0
AT5G07145	0
AT5G07425	0
AT5G08900	0
AT5G03155	0
AT5G06435	0
AT5G08105	1
AT5G07855	4
AT5G04775	0
AT5G09645	0
AT5G09705	0
AT5G00910	0
AT5G03025	0
AT5G06915	0
AT5G02945	0
AT5G01965	0
AT5G08015	0
AT5G09555	1
AT5G02495	0
AT5G06255	0
AT5G01415	0
AT5G09295	34
AT5G07325	1
AT5G01925	0
AT5G05255	0
AT5G04075	2
AT5G09165	0
AT5G00805	2
AT5G02935	1
AT5G08725	0
AT5G02335	0
AT5G02215	0
AT5G02645	5
AT5G05485	0
AT5G02465	0
AT5G03735	0
AT5G05105	0
AT5G08635	0
AT5G08715	0
AT5G08215	0
AT5G01825	0
AT5G08745	0
AT5G09375	0
AT5G07665	0
AT5G05895	1
AT5G02715	0
AT5G06745	0
AT5G06975	0
AT5G05155	0
AT5G07815	0
AT5G03005	0
AT5G05465	1
AT5G05845	0
AT5G03205	0
AT5G08675	0
AT5G02405	0
AT5G06085	0
AT5G04345	0
AT5G03295	0
AT5G00825	0
AT5G04135	0
AT5G09325	0
AT5G05695	0
AT5G06465	0
AT5G09100	0
AT5G02145	0
AT5G00950	0
AT5G03045	2
AT5G09635	0
AT5G05745	0
AT5G00840	0
AT5G06525	0
AT5G05495	0
AT5G04405	0
AT5G01425	0
AT5G02635	2
AT5G09045	0
AT5G06205	0
AT5G07385	0
AT5G07355	0
AT5G07205	0
AT5G08890	0
AT5G05525	1
AT5G05885	0
AT5G08915	0
AT5G03535	2
AT5G05265	3
AT5G06515	0
AT5G02395	0
AT5G05955	0
AT5G04115	0
AT5G09265	0
AT5G02265	0
AT5G07785	0
AT5G09065	10
AT5G07125	0
AT5G06880	0
AT5G04665	1
AT5G05475	0
AT5G07575	0
AT5G08605	0
AT5G05175	0
AT5G04195	0
AT5G09735	13
AT5G05705	0
AT5G01805	0
AT5G04795	0
AT5G08395	0
AT5G09915	0
AT5G05055	0
AT5G09255	1
AT5G06075	0
AT5G06995	1
AT5G00930	0
AT5G06185	0
AT5G09125	22
AT5G01565	0
AT5G09085	0
AT5G02685	0
AT5G08595	0
AT5G06585	15
AT5G09200	0
AT5G09095	1
AT5G03125	0
AT5G00935	0
AT5G09040	0
AT5G05075	0
AT5G02175	0
AT5G00855	0
AT5G03385	0
AT5G02855	0
AT5G02085	0
AT5G05515	0
AT5G01055	3
AT5G05725	1
AT5G02955	0
AT5G09885	0
AT5G02785	0
AT5G00730	0
AT5G09245	0
AT5G07255	0
AT5G01975	0
AT5G06275	0
AT5G09475	0
AT5G06935	0
AT5G01325	0
AT5G09765	4
AT5G09435	0
AT5G06365	0
AT5G00850	0
AT5G09365	1
AT5G08965	0
AT5G06705	1
AT5G00980	39
AT5G08035	0
AT5G04845	0
AT5G03015	0
AT5G02055	1
AT5G09815	0
AT5G03575	1
AT5G00735	0
AT5G08095	0
AT5G09615	0
AT5G06655	0
AT5G04685	0
AT5G05765	2
AT5G01585	0
AT5G09305	0
AT5G01115	0
AT5G00770	0
AT5G04055	0
AT5G03065	0
AT5G00775	4
AT5G01865	0
AT5G04355	3
AT5G03085	14
AT5G01465	0
AT5G05665	0
AT5G07585	0
AT5G09060	1
AT5G09055	0
AT5G02745	0
AT5G01535	0
AT5G06615	0
AT5G08905	0
AT5G02735	0
AT5G04625	0
AT5G07595	0
AT5G05685	0
AT5G05645	0
AT5G04605	0
AT5G03755	0
AT5G08045	0
AT5G06445	0
AT5G06535	0
AT5G02375	0
AT5G01455	0
AT5G01235	1
AT5G07455	1
AT5G08985	0
AT5G05095	0
AT5G02985	0
AT5G09665	0
AT5G04065	3
AT5G01985	0
AT5G08995	0
AT5G00800	0
AT5G04505	0
AT5G09505	13
AT5G02355	0
AT5G01955	0
AT5G08785	0
AT5G08085	0
AT5G06845	13
AT5G09195	0
AT5G01695	0
AT5G01875	0
AT5G01635	0
AT5G07365	0
AT5G06675	0
AT5G07825	0
AT5G04525	0
AT5G06765	0
AT5G08475	0
AT5G04495	0
AT5G08845	0
AT5G09170	0
AT5G04745	1
AT5G08615	0
AT5G00925	0
AT5G01265	0
AT5G03965	0
AT5G08875	0
AT5G04175	0
AT5G05865	0
AT5G09865	0
AT5G02445	0
AT5G02535	1
AT5G02115	2
AT5G03315	1
AT5G06245	0
AT5G06395	0
AT5G03835	0
AT5G09185	0
AT5G48775	12
AT5G04005	0
AT5G65575	71
AT5G03975	0
AT5G00880	0
AT5G63195	0
AT5G09535	2
AT5G00820	0
AT5G64572	0
AT5G08820	0
AT5G09395	0
AT5G02455	0
AT5G00780	1
AT5G41612	0
AT5G01945	0
AT5G03668	0
AT5G49152	1
AT5G08175	0
AT5G03875	3
AT5G38212	40
AT5G01545	18
AT5G03255	0
AT5G09385	17
AT5G03825	0
AT5G02875	16
AT5G01675	0
AT5G05435	110
AT5G44562	0
AT5G07015	0
AT5G09030	0
AT5G08920	0
AT5G04375	0
AT5G01005	0
AT5G00905	0
AT5G00865	13
AT5G03175	9
AT5G09155	0
AT5G00990	0
AT5G09565	0
AT5G00815	0
AT5G01295	0
AT5G36002	0
AT5G00920	0
AT5G04015	0
AT5G09285	0
AT5G08235	2
AT5G07265	0
AT5G09855	0
AT5G01645	0
AT5G09405	0
AT5G01595	27
AT5G09845	0
AT5G09120	0
AT5G02905	0
AT5G08885	0
AT5G02195	0
AT5G08275	0
AT5G15022	13
AT5G03195	0
AT5G19221	0
AT5G06865	0
AT5G09785	4
AT5G01815	0
AT5G08825	0
AT5G07025	0
AT5G03165	8
AT5G03585	0
AT5G08880	0
AT5G06695	0
AT5G02705	2
AT5G08960	0
AT5G09925	0
AT5G08835	0
AT5G07525	0
AT5G00870	0
AT5G01175	79
AT5G07885	0
AT5G09685	0
AT5G01215	0
AT5G01095	0
AT5G09160	0
AT5G01255	0
AT5G07515	0
AT5G08830	0
AT5G01375	0
AT5G08870	0
AT5G45472	1
AT5G06295	4
AT5G02225	2
AT5G04185	1
AT5G67488	6
AT5G02525	1
AT5G40348	0
AT5G66558	0
AT5G07975	0
AT5G07985	0
AT5G01732	0
AT5G01555	0
AT5G02125	0
AT5G06665	0
AT5G01542	0
AT5G59732	0
AT5G09275	0
AT5G02515	59
AT5G09135	0
AT5G07152	0
AT5G06505	0
AT5G08840	0
AT5G09175	1
AT5G02095	0
AT5G00785	0
AT5G08135	16
AT5G00900	0
AT5G01435	0
AT5G09443	6
AT5G02695	0
AT5G18245	48
AT5G02605	1
AT5G03635	0
AT5G18255	94
AT5G42092	0
AT5G01315	0
AT5G07895	1
AT5G01205	0
AT5G08980	0
AT5G03235	4
AT5G03245	0
AT5G01125	0
AT5G03805	0
AT5G54569	10
AT5G53048	32
AT5G03985	6
AT5G01935	0
AT5G02755	0
AT5G04905	3
AT5G06155	0
AT5G15845	5
AT5G06385	0
AT5G00895	0
AT5G02595	2
AT5G05995	0
AT5G08990	1
AT5G07285	51
AT5G06235	0
AT5G03185	0
AT5G08285	0
AT5G16235	1
AT5G01615	0
AT5G02415	12
AT5G09150	0
AT5G26146	4
AT5G49138	0
AT5G00875	11
AT5G07275	0
AT5G00860	0
AT5G60022	4
AT5G00965	2
AT5G03375	0
AT5G01835	0
AT5G02105	0
AT5G08950	0
AT5G02155	0
AT5G59662	19
AT5G04335	0
AT5G08425	0
AT5G01765	2
AT5G02895	0
AT5G20225	2
AT5G09595	0
AT5G05975	2
AT5G02555	0
AT5G04935	0
AT5G41905	2
AT5G04995	0
AT5G41663	2
AT5G04975	0
AT5G59505	0
AT5G24825	1
AT5G04275	7
AT5G06105	0
AT5G04955	0
AT5G02035	1
AT5G03305	0
AT5G06175	0
AT5G10945	6
AT5G07055	0
AT5G01915	0
AT5G01735	0
AT5G04915	0
AT5G14565	20
AT5G14545	0
AT5G04965	0
AT5G07655	0
AT5G55835	0
AT5G26147	0
AT5G07965	0
AT5G39635	0
AT5G40384	0
AT5G11977	0
AT5G03145	0
AT5G07075	0
AT5G39693	1
AT5G26038	0
AT5G08255	0
AT5G62848	0
AT5G52797	0
AT5G05505	0
AT5G08210	14
AT5G66045	2
AT5G62162	7
AT5G08800	0
AT5G46845	13
AT5G04415	0
AT5G01747	10
AT5G45307	0
AT5G23065	0
AT5G15833	0
AT5G05005	0
AT5G05185	0
AT5G03425	0
AT5G50717	0
AT5G03475	1
AT5G01755	0
AT5G03225	0
AT5G35407	4
AT5G08185	37
AT5G08925	0
AT5G03265	0
AT5G13887	0
AT5G58465	0
AT5G60408	0
AT5G06605	0
AT5G04255	0
AT5G27807	6
AT5G07065	0
AT5G05035	0
AT5G43603	2
AT5G05315	0
AT5G63715	0
AT5G08717	0
AT5G03552	94
AT5G08712	0
AT5G04145	1
AT5G05915	0
AT5G04985	0
AT5G07875	2
AT5G01745	0
AT5G01785	0
AT5G06565	3
AT5G08865	0
AT5G05375	0
AT5G01495	4
AT5G51174	11
AT5G09130	0
AT5G44286	0
AT5G02675	0
AT5G52471	7
AT5G02315	0
AT5G08805	2
AT5G58595	24
AT5G06305	1
AT5G06835	2
AT5G02325	0
AT5G08850	0
AT5G09020	2
AT5G08860	0
AT5G02295	0
AT5G09000	0
AT5G53902	0
AT5G09515	0
AT5G07725	24
AT5G66564	2
AT5G00755	12
AT5G08515	12
AT5G04945	0
AT5G07105	6
AT5G66567	0
AT5G09005	0
AT5G54075	0
AT5G13225	0
AT5G02305	0
AT5G07095	18
AT5G02665	0
AT5G10572	1
AT5G02915	0
AT5G01515	18
AT5G01195	0
AT5G05385	0
AT5G41471	2
AT5G00760	9
AT5G01505	11
AT5G00765	13
AT5G04425	13
AT5G02575	248
AT5G00750	8
AT5G09495	0
AT5G01165	0
AT5G01145	3
AT5G06825	19
AT5G04545	0
AT5G08525	6
AT5G07735	2
AT5G08495	22
AT5G02565	155
AT5G66562	10
AT5G06115	4
AT5G02655	0
AT5G01135	0
AT5G09945	0
AT5G08810	0
AT5G02255	0
AT5G04085	0
AT5G07345	2
AT5G09010	0
AT5G04465	13
AT5G02245	0
AT5G04105	0
AT5G04315	0
AT5G04455	0
AT5G09585	5
AT5G06815	0
AT5G46315	0
AT5G40395	1
AT5G09140	0
AT5G61455	0
AT5G08025	0
AT5G07775	0
AT5G07335	0
AT5G08115	0
AT5G07415	0
AT5G06055	0
AT5G04305	0
AT5G01845	0
AT5G09080	0
AT5G07405	0
AT5G40545	0
AT5G46105	0
AT5G02815	0
AT5G02025	0
AT5G55505	0
AT5G07315	0
AT5G51055	0
AT5G41265	0
AT5G65305	0
AT5G44375	0
AT5G65615	0
AT5G10525	0
AT5G05985	0
AT5G41675	0
AT5G61345	0
AT5G25625	0
AT5G54365	0
AT5G18005	0
AT5G65015	0
AT5G40945	0
AT5G11325	0
AT5G65445	0
AT5G15175	0
AT5G02435	0
AT5G55045	3
AT5G13845	0
AT5G48465	0
AT5G59385	1
AT5G67455	0
AT5G14035	0
AT5G18085	1
AT5G03775	0
AT5G38905	0
AT5G60285	3
AT5G20854	0
AT5G09975	0
AT5G10455	0
AT5G18015	0
AT5G11225	0
AT5G56975	0
AT5G07135	0
AT5G45745	0
AT5G46595	0
AT5G45715	0
AT5G02725	0
AT5G60966	0
AT5G52355	0
AT5G43455	0
AT5G59055	0
AT5G20858	0
AT5G02615	0
AT5G37795	0
AT5G01365	0
AT5G44705	0
AT5G38155	0
AT5G16375	0
AT5G52495	0
AT5G61445	0
AT5G06125	0
AT5G50995	0
AT5G61835	0
AT5G07675	1
AT5G19095	0
AT5G20852	0
AT5G25585	0
AT5G03745	0
AT5G66817	0
AT5G22315	0
AT5G54375	0
AT5G64735	0
AT5G05945	0
AT5G09655	0
AT5G15805	0
AT5G57885	0
AT5G10235	0
AT5G03705	0
AT5G64855	0
AT5G48835	0
AT5G06685	0
AT5G44283	0
AT5G18755	0
AT5G55055	0
AT5G64505	0
AT5G32017	0
AT5G54865	0
AT5G48675	0
AT5G21378	0
AT5G60963	0
AT5G03452	0
AT5G52815	0
AT5G39895	0
AT5G65535	0
AT5G08075	0
AT5G50805	0
AT5G09755	0
AT5G05795	0
AT5G20856	0
AT5G56365	0
AT5G46325	0
AT5G03445	0
AT5G59395	0
AT5G66755	0
AT5G39535	0
AT5G41605	0
AT5G66535	0
AT5G02385	0
AT5G53487	0
AT5G23665	0
AT5G11475	0
AT5G63145	0
AT5G15815	0
AT5G59945	0
AT5G56745	0
AT5G07625	0
AT5G66568	0
AT5G14495	0
AT5G35605	0
AT5G27715	0
AT5G43535	0
AT5G09345	0
AT5G49435	0
AT5G58495	0
AT5G02505	0
AT5G50190	0
AT5G57735	2
AT5G02825	0
AT5G07322	256
AT5G06165	11
AT5G48412	654
AT5G44569	22
AT5G00885	0
AT5G45475	0
AT5G40316	4
AT5G33399	3
AT5G06955	0
AT5G08125	0
AT5G49615	7
AT5G08575	0
AT5G28824	0
AT5G37485	9
AT5G43403	99
AT5G38005	34
AT5G02135	0
AT5G34871	0
AT5G28262	26
AT5G43725	61
AT5G23410	160
AT5G05295	0
AT5G22788	29
AT5G33439	0
AT5G06095	0
AT5G05785	0
AT5G24205	16
AT5G03285	120
AT5G24206	25
AT5G23155	9
AT5G02975	0
AT5G40275	0
AT5G10278	30
AT5G24735	648
AT3G18710	374
AT3G07950	824
AT3G51870	832
AT3G18310	215
AT3G25717	724
AT3G48330	536
AT3G46440	1761
AT3G53910	0
AT3G16830	1791
AT3G03305	396
AT3G03272	5
AT3G28960	16
AT3G10210	244
AT3G09680	66
AT3G63470	121
AT3G46920	302
AT3G57080	580
AT3G13820	1
AT3G49770	0
AT3G56070	2756
AT3G15251	0
AT3G02780	3121
AT3G52460	98
AT3G55380	1089
AT3G44560	1
AT3G56520	0
AT3G27970	5
AT3G17420	470
AT3G08780	476
AT3G55660	683
AT3G48480	54
AT3G02740	691
AT3G63400	1904
AT3G06130	1157
AT3G05660	145
AT3G17140	0
AT3G24110	61
AT3G20920	1197
AT3G54830	569
AT3G09190	137
AT3G05545	2117
AT3G26470	335
AT3G51100	732
AT3G29580	1
AT3G28370	298
AT3G26840	213
AT3G29010	127
AT3G10450	182
AT3G14510	32
AT3G28930	863
AT3G52950	858
AT3G57620	0
AT3G50670	2409
AT3G44080	0
AT3G50370	4304
AT3G09550	109
AT3G07568	492
AT3G48670	1261
AT3G11270	526
AT3G08530	7994
AT3G22380	7391
AT3G05140	38
AT3G29750	0
AT3G54500	561
AT3G52760	382
AT3G27460	222
AT3G62780	46
AT3G28210	76
AT3G47675	159
AT3G25060	17
AT3G26240	290
AT3G04860	158
AT3G55990	255
AT3G43940	0
AT3G09920	702
AT3G54900	2024
AT3G16500	1129
AT3G12910	5
AT3G18510	245
AT3G25730	345
AT3G48680	1383
AT3G63360	2
AT3G18010	86
AT3G01250	0
AT3G46070	0
AT3G19120	702
AT3G21305	0
AT3G01840	8
AT3G14290	1299
AT3G23090	534
AT3G08690	586
AT3G48540	138
AT3G48343	0
AT3G54300	738
AT3G36659	9
AT3G58970	798
AT3G13010	0
AT3G01820	707
AT3G54630	0
AT3G45720	0
AT3G15548	0
AT3G54530	1
AT3G62900	1347
AT3G54410	1
AT3G22320	1351
AT3G57440	6
AT3G09700	281
AT3G50390	6
AT3G23070	2099
AT3G14360	106
AT3G01550	304
AT3G58010	546
AT3G03740	908
AT3G53900	1468
AT3G08970	201
AT3G62620	231
AT3G51780	783
AT3G14880	6
AT3G45600	937
AT3G25573	0
AT3G59110	757
AT3G04570	542
AT3G10320	48
AT3G02640	1179
AT3G03110	541
AT3G28917	4
AT3G19960	2287
AT3G14820	0
AT3G45630	1399
AT3G18905	0
AT3G20560	449
AT3G12050	1913
AT3G03341	17
AT3G50120	32
AT3G15970	940
AT3G01970	151
AT3G47670	328
AT3G26810	1225
AT3G27190	838
AT3G26512	0
AT3G10130	724
AT3G54826	752
AT3G08040	239
AT3G10680	115
AT3G52590	13971
AT3G54920	1411
AT3G22040	0
AT3G47836	1230
AT3G44570	6
AT3G02590	0
AT3G18430	729
AT3G44735	214
AT3G57570	412
AT3G28300	0
AT3G23830	2011
AT3G32980	9944
AT3G25030	233
AT3G62200	514
AT3G54060	24
AT3G19830	766
AT3G43810	4303
AT3G03780	12476
AT3G01030	2
AT3G54110	2077
AT3G44230	0
AT3G24780	16
AT3G06150	559
AT3G52750	1919
AT3G13600	66
AT3G15380	757
AT3G45390	28
AT3G13222	688
AT3G56660	5
AT3G28680	0
AT3G51880	1825
AT3G18035	3117
AT3G14400	1750
AT3G18840	17
AT3G16590	0
AT3G10845	0
AT3G12010	1130
AT3G56390	2
AT3G19660	293
AT3G04990	0
AT3G46840	0
AT3G58710	170
AT3G29100	100
AT3G58810	150
AT3G05640	357
AT3G28330	0
AT3G24440	727
AT3G27500	34
AT3G01185	0
AT3G61190	37
AT3G15010	1686
AT3G50840	368
AT3G51171	2
AT3G60100	0
AT3G17440	818
AT3G10350	1511
AT3G46086	0
AT3G17030	176
AT3G12145	481
AT3G01080	5
AT3G60190	1955
AT3G49990	1598
AT3G55580	52
AT3G03180	99
AT3G42786	0
AT3G25655	10
AT3G44718	0
AT3G04010	131
AT3G02270	0
AT3G42770	0
AT3G08650	2169
AT3G48231	0
AT3G61150	941
AT3G12970	164
AT3G61980	145
AT3G15115	112
AT3G33530	1932
AT3G18210	739
AT3G01410	392
AT3G05720	17
AT3G05320	90
AT3G47110	27
AT3G31350	0
AT3G11430	165
AT3G56210	790
AT3G04290	3071
AT3G11150	9
AT3G03540	0
AT3G09940	528
AT3G51860	484
AT3G27700	830
AT3G60120	3
AT3G23260	44
AT3G43860	3
AT3G43880	0
AT3G09020	94
AT3G48195	430
AT3G51960	65
AT3G09520	74
AT3G25540	830
AT3G23590	1014
AT3G42180	98
AT3G27720	0
AT3G21510	928
AT3G13710	0
AT3G01880	0
AT3G50050	208
AT3G08960	1044
AT3G54700	9
AT3G24310	19
AT3G20898	57
AT3G24516	0
AT3G26934	3
AT3G59980	1810
AT3G22430	267
AT3G17060	2
AT3G15530	767
AT3G55750	7093
AT3G60860	1788
AT3G05020	1288
AT3G02920	380
AT3G14550	154
AT3G33293	0
AT3G03080	0
AT3G51150	706
AT3G46620	721
AT3G49570	277
AT3G62770	802
AT3G05270	756
AT3G57760	59
AT3G10330	768
AT3G23810	12450
AT3G49190	53
AT3G44300	678
AT3G26290	1468
AT3G12080	2754
AT3G19490	2401
AT3G04420	54
AT3G18170	245
AT3G02470	31984
AT3G18050	1784
AT3G26616	1
AT3G51370	2811
AT3G63052	2
AT3G29633	3
AT3G11470	143
AT3G53990	3848
AT3G13210	30
AT3G24890	97
AT3G61090	2
AT3G24070	472
AT3G13610	911
AT3G10120	0
AT3G20580	1
AT3G54680	422
AT3G50960	199
AT3G45190	1919
AT3G44340	2578
AT3G60570	0
AT3G60790	1
AT3G06540	557
AT3G43340	0
AT3G27210	426
AT3G16670	6563
AT3G29050	0
AT3G19070	0
AT3G52350	1
AT3G53030	649
AT3G17380	143
AT3G23380	0
AT3G20810	2103
AT3G07440	384
AT3G27425	0
AT3G47580	9
AT3G23640	1673
AT3G54730	1
AT3G08870	51
AT3G53120	402
AT3G52930	22944
AT3G01085	1
AT3G19780	417
AT3G14330	946
AT3G43890	22
AT3G06740	359
AT3G17450	558
AT3G03050	1753
AT3G12587	476
AT3G07170	1209
AT3G04970	295
AT3G14470	143
AT3G12240	14
AT3G54260	969
AT3G27360	391
AT3G55810	0
AT3G27480	0
AT3G13130	20
AT3G19030	1004
AT3G46650	13
AT3G04720	3887
AT3G18900	298
AT3G23770	0
AT3G43540	1441
AT3G43270	428
AT3G11170	6440
AT3G15578	0
AT3G23190	201
AT3G23130	0
AT3G10340	363
AT3G01690	2342
AT3G01460	1051
AT3G44280	311
AT3G58430	85
AT3G60220	93
AT3G62220	359
AT3G48410	338
AT3G28850	108
AT3G17150	0
AT3G58290	2
AT3G62180	0
AT3G14480	0
AT3G18620	199
AT3G03560	822
AT3G15358	79
AT3G09310	53
AT3G10110	269
AT3G26500	163
AT3G13760	73
AT3G62690	203
AT3G50620	169
AT3G46860	0
AT3G04200	0
AT3G11680	0
AT3G29230	856
AT3G52610	348
AT3G48720	554
AT3G18660	75
AT3G62499	8
AT3G58100	275
AT3G22060	460
AT3G10915	589
AT3G62360	3401
AT3G29570	0
AT3G62980	2362
AT3G49100	386
AT3G28770	16
AT3G17320	0
AT3G61280	56
AT3G01750	287
AT3G44115	0
AT3G10460	0
AT3G26710	3263
AT3G29360	3817
AT3G18070	46
AT3G45577	0
AT3G24800	508
AT3G22810	219
AT3G59330	95
AT3G18960	118
AT3G29636	0
AT3G12810	1346
AT3G27080	1062
AT3G02100	0
AT3G25585	875
AT3G57260	303
AT3G28920	952
AT3G22590	657
AT3G14930	8081
AT3G26250	0
AT3G45690	0
AT3G42473	0
AT3G06778	152
AT3G50480	951
AT3G29791	1
AT3G51240	2
AT3G51330	593
AT3G53830	120
AT3G09630	16101
AT3G50830	829
AT3G15770	125
AT3G25220	1479
AT3G17655	0
AT3G21490	0
AT3G57370	2
AT3G25493	0
AT3G30845	0
AT3G23690	938
AT3G16260	1431
AT3G03800	2
AT3G55610	2420
AT3G20190	5
AT3G58460	806
AT3G03170	144
AT3G47750	68
AT3G13435	76
AT3G12850	0
AT3G32260	0
AT3G12977	76
AT3G23470	234
AT3G10390	792
AT3G26820	7
AT3G19550	3
AT3G50460	24
AT3G44590	1872
AT3G07220	925
AT3G21840	0
AT3G27840	0
AT3G30385	0
AT3G17230	0
AT3G14860	840
AT3G43572	0
AT3G59950	795
AT3G13120	10066
AT3G55005	474
AT3G47250	1334
AT3G59750	17
AT3G04870	3613
AT3G53430	9566
AT3G01720	1417
AT3G42723	0
AT3G07850	30
AT3G11420	515
AT3G13030	528
AT3G14410	497
AT3G21880	0
AT3G04470	2107
AT3G60810	500
AT3G63420	327
AT3G16800	243
AT3G63160	37590
AT3G17410	1293
AT3G58930	230
AT3G21350	314
AT3G11825	0
AT3G17690	23
AT3G49780	440
AT3G14950	7
AT3G23250	40
AT3G56730	67
AT3G06690	21
AT3G03060	826
AT3G16525	0
AT3G31900	0
AT3G21920	0
AT3G10950	0
AT3G27590	0
AT3G14810	478
AT3G22190	1159
AT3G48760	1079
AT3G30180	793
AT3G49170	398
AT3G10720	854
AT3G29430	12
AT3G27416	0
AT3G15930	0
AT3G26930	4
AT3G21210	19
AT3G16100	795
AT3G10370	1170
AT3G50660	728
AT3G28070	568
AT3G23780	950
AT3G53611	0
AT3G43148	0
AT3G60310	207
AT3G02400	0
AT3G53610	1285
AT3G50940	6
AT3G61172	0
AT3G60160	190
AT3G54100	410
AT3G09270	1628
AT3G01980	606
AT3G45780	4919
AT3G16840	1700
AT3G23560	411
AT3G27680	0
AT3G19710	4083
AT3G53920	1431
AT3G50860	222
AT3G03490	336
AT3G30320	0
AT3G06610	1162
AT3G04110	345
AT3G57800	809
AT3G20480	71
AT3G52190	1158
AT3G47090	42
AT3G26395	313
AT3G62230	0
AT3G49910	18361
AT3G25011	14
AT3G45760	0
AT3G17227	0
AT3G62000	380
AT3G05630	505
AT3G27060	2460
AT3G12570	1099
AT3G06240	565
AT3G02820	301
AT3G06930	1105
AT3G62540	19
AT3G22460	84
AT3G13229	0
AT3G57640	51
AT3G06190	1105
AT3G14430	477
AT3G22050	0
AT3G45200	0
AT3G49240	0
AT3G49680	4292
AT3G27310	600
AT3G44763	0
AT3G51850	1677
AT3G13780	229
AT3G50510	5
AT3G19160	0
AT3G18291	0
AT3G56060	376
AT3G23510	82
AT3G30222	0
AT3G27030	278
AT3G09470	799
AT3G47590	423
AT3G46355	0
AT3G04240	2038
AT3G21890	6
AT3G49070	63
AT3G62420	1686
AT3G13000	670
AT3G48208	0
AT3G15950	5561
AT3G02160	86
AT3G24500	114
AT3G32960	0
AT3G05710	541
AT3G59010	191
AT3G57460	21
AT3G29060	1
AT3G54310	13
AT3G14310	16706
AT3G25420	2
AT3G12480	744
AT3G58720	119
AT3G01070	98
AT3G57450	561
AT3G03700	0
AT3G57110	3
AT3G18570	0
AT3G63460	5661
AT3G21330	29
AT3G27331	0
AT3G58020	296
AT3G29173	15
AT3G04735	0
AT3G58540	0
AT3G14595	669
AT3G33528	1
AT3G08810	1
AT3G23460	1
AT3G51140	2967
AT3G24090	225
AT3G44670	998
AT3G60800	565
AT3G52330	0
AT3G12220	5
AT3G04750	311
AT3G13682	131
AT3G56230	53
AT3G52850	3676
AT3G25230	4126
AT3G09820	9439
AT3G56170	510
AT3G10730	673
AT3G20940	77
AT3G17310	661
AT3G04160	159
AT3G18235	1
AT3G15210	1026
AT3G28610	0
AT3G11860	1
AT3G10200	132
AT3G54640	2338
AT3G52630	359
AT3G03550	428
AT3G16510	77
AT3G23910	378
AT3G16710	61
AT3G63140	12150
AT3G18910	253
AT3G18915	0
AT3G16970	0
AT3G58875	68
AT3G53620	1013
AT3G53380	674
AT3G06483	2823
AT3G61370	324
AT3G56110	698
AT3G13630	0
AT3G44265	0
AT3G06390	132
AT3G19390	528
AT3G42880	0
AT3G15460	521
AT3G63200	2184
AT3G11110	116
AT3G59090	516
AT3G15355	459
AT3G53190	1906
AT3G11397	583
AT3G02530	2626
AT3G51030	190
AT3G25790	249
AT3G26445	0
AT3G45900	319
AT3G47890	1294
AT3G14030	0
AT3G47060	727
AT3G56590	1369
AT3G43170	0
AT3G01450	163
AT3G58910	0
AT3G48460	300
AT3G17880	636
AT3G26610	125
AT3G20790	1165
AT3G07273	100
AT3G63500	1575
AT3G49750	90
AT3G47510	188
AT3G03826	0
AT3G15020	1431
AT3G61530	247
AT3G10116	0
AT3G21240	794
AT3G31925	0
AT3G48425	319
AT3G27355	0
AT3G20270	334
AT3G55900	8
AT3G21310	24
AT3G49480	3
AT3G55980	845
AT3G63030	497
AT3G59295	0
AT3G30220	0
AT3G54990	139
AT3G20820	1691
AT3G19500	69
AT3G16020	10
AT3G22890	11008
AT3G46970	21634
AT3G01950	0
AT3G51550	5549
AT3G59340	19
AT3G11040	148
AT3G20310	1120
AT3G22640	0
AT3G45450	0
AT3G44260	272
AT3G01370	2539
AT3G15150	206
AT3G49380	20
AT3G14190	404
AT3G28820	0
AT3G15060	364
AT3G47130	3
AT3G02430	2
AT3G05470	453
AT3G27170	181
AT3G20280	310
AT3G60870	36
AT3G57010	764
AT3G22090	1
AT3G50310	31
AT3G28007	69
AT3G07400	732
AT3G15860	0
AT3G26980	366
AT3G20900	0
AT3G58380	7
AT3G20590	29
AT3G61826	0
AT3G56740	222
AT3G09120	0
AT3G17400	0
AT3G18282	1
AT3G55060	363
AT3G52830	0
AT3G56790	6
AT3G51920	588
AT3G43990	0
AT3G04400	19689
AT3G19320	39
AT3G11660	878
AT3G18030	259
AT3G58250	0
AT3G53450	31
AT3G15720	187
AT3G09750	0
AT3G57930	912
AT3G44090	0
AT3G53510	409
AT3G06590	918
AT3G11080	56
AT3G29450	0
AT3G43580	85
AT3G17650	859
AT3G60620	829
AT3G16660	3569
AT3G45245	0
AT3G02480	104
AT3G24170	4316
AT3G05210	336
AT3G12680	517
AT3G01160	1120
AT3G13880	168
AT3G05110	0
AT3G48520	30
AT3G07420	497
AT3G13460	11787
AT3G10150	12
AT3G62050	73
AT3G15290	488
AT3G28480	539
AT3G05910	1710
AT3G52230	1996
AT3G07710	0
AT3G66656	0
AT3G51690	0
AT3G52000	1
AT3G02540	1945
AT3G25840	1695
AT3G52910	554
AT3G27999	0
AT3G05690	234
AT3G05170	162
AT3G12660	0
AT3G32380	0
AT3G57780	502
AT3G22680	276
AT3G02280	454
AT3G19230	53
AT3G15590	1355
AT3G45410	156
AT3G11380	0
AT3G47140	0
AT3G05000	912
AT3G24150	400
AT3G20530	4
AT3G59250	75
AT3G25610	526
AT3G63170	1684
AT3G60600	2388
AT3G50750	189
AT3G12720	34
AT3G53170	200
AT3G06145	168
AT3G26090	387
AT3G49860	78
AT3G27880	308
AT3G08750	0
AT3G63010	403
AT3G07110	7744
AT3G20170	238
AT3G05700	339
AT3G42660	883
AT3G47300	155
AT3G04945	0
AT3G45020	122
AT3G18740	6310
AT3G19880	0
AT3G13857	1
AT3G61060	236
AT3G53280	455
AT3G21530	257
AT3G28785	0
AT3G42790	1822
AT3G53340	479
AT3G43583	0
AT3G21760	0
AT3G48570	290
AT3G21690	2243
AT3G29370	5
AT3G62430	15
AT3G30540	0
AT3G17626	49
AT3G44440	2
AT3G23550	147
AT3G50690	1597
AT3G11520	311
AT3G25250	133
AT3G53970	1006
AT3G09560	642
AT3G01140	29
AT3G01430	142
AT3G01475	0
AT3G63070	1131
AT3G18630	72
AT3G61120	4
AT3G10530	1036
AT3G26450	0
AT3G24508	0
AT3G56460	1834
AT3G48630	3
AT3G55370	244
AT3G09160	90
AT3G03460	118
AT3G22530	0
AT3G13490	2324
AT3G05130	1098
AT3G51680	16
AT3G14770	112
AT3G31550	0
AT3G21520	4
AT3G14450	140
AT3G43550	0
AT3G05230	407
AT3G49650	314
AT3G02560	5504
AT3G53065	0
AT3G22450	80
AT3G28200	836
AT3G52270	7
AT3G15990	167
AT3G27220	678
AT3G19570	465
AT3G27930	447
AT3G27440	3
AT3G14067	5592
AT3G12955	32
AT3G61730	2
AT3G24465	0
AT3G60960	287
AT3G23140	0
AT3G57970	0
AT3G01860	875
AT3G49400	110
AT3G24580	0
AT3G15550	605
AT3G56630	648
AT3G29140	32
AT3G24605	5
AT3G46300	0
AT3G47840	72
AT3G52250	1394
AT3G46390	0
AT3G01170	333
AT3G46770	1
AT3G57060	644
AT3G49620	69
AT3G24280	0
AT3G27010	231
AT3G55646	24
AT3G17930	2333
AT3G07130	434
AT3G51510	2453
AT3G48180	112
AT3G10470	28
AT3G23840	423
AT3G45580	0
AT3G61410	95
AT3G59020	2929
AT3G24810	99
AT3G53250	21
AT3G23000	1788
AT3G27670	669
AT3G01328	0
AT3G27630	14
AT3G08500	23
AT3G48190	627
AT3G21160	749
AT3G04830	1579
AT3G18690	106
AT3G21130	0
AT3G48560	12983
AT3G24120	631
AT3G10880	106
AT3G21405	0
AT3G54970	279
AT3G57310	0
AT3G54890	125532
AT3G15395	431
AT3G54430	0
AT3G07430	4534
AT3G22250	6
AT3G13445	460
AT3G53050	0
AT3G10840	858
AT3G28580	80
AT3G02380	86
AT3G12370	806
AT3G13175	205
AT3G57587	4
AT3G08590	4263
AT3G20997	0
AT3G26680	214
AT3G22820	22
AT3G16470	2260
AT3G01220	203
AT3G13540	0
AT3G62695	0
AT3G43720	1307
AT3G09100	1502
AT3G04500	609
AT3G56260	88
AT3G48320	177
AT3G59650	614
AT3G59140	762
AT3G15500	18
AT3G03940	3292
AT3G29310	710
AT3G22970	2149
AT3G05120	1008
AT3G23175	241
AT3G30290	0
AT3G05550	31
AT3G47950	114
AT3G44770	30
AT3G52120	1045
AT3G13420	52
AT3G15190	9660
AT3G50090	0
AT3G32050	0
AT3G47760	13
AT3G01050	572
AT3G05530	3722
AT3G55600	176
AT3G45490	1
AT3G59530	69
AT3G43291	0
AT3G18810	0
AT3G05280	912
AT3G03650	34
AT3G18530	5
AT3G62710	2
AT3G59960	0
AT3G26870	0
AT3G58240	0
AT3G24480	3574
AT3G50710	2
AT3G51570	2
AT3G59780	5441
AT3G28410	0
AT3G62570	80
AT3G49040	0
AT3G26700	368
AT3G06035	724
AT3G01380	791
AT3G03410	0
AT3G22183	0
AT3G16290	4091
AT3G20390	7096
AT3G63410	12828
AT3G52730	2808
AT3G22240	1125
AT3G62615	0
AT3G25890	578
AT3G58200	42
AT3G01520	1320
AT3G24542	0
AT3G53240	381
AT3G62740	186
AT3G32150	0
AT3G42830	0
AT3G54363	52
AT3G19800	1033
AT3G02660	1089
AT3G24315	349
AT3G16110	710
AT3G28280	0
AT3G59670	790
AT3G02120	728
AT3G54400	2973
AT3G10040	589
AT3G22030	0
AT3G57340	602
AT3G26742	8
AT3G50760	165
AT3G58620	547
AT3G51710	81
AT3G25650	0
AT3G58210	0
AT3G06470	584
AT3G61830	316
AT3G25400	233
AT3G16550	0
AT3G24982	2
AT3G62810	2008
AT3G06560	0
AT3G05760	459
AT3G56570	101
AT3G04220	45
AT3G22790	1558
AT3G10270	1861
AT3G25720	0
AT3G27025	3
AT3G27473	17
AT3G61640	778
AT3G08010	1509
AT3G15740	3
AT3G62250	13828
AT3G47650	6155
AT3G01760	6
AT3G28970	477
AT3G54800	5
AT3G45280	10
AT3G08770	3525
AT3G32280	0
AT3G16175	29
AT3G29380	0
AT3G28880	71
AT3G13225	992
AT3G52800	981
AT3G55490	161
AT3G43210	411
AT3G28430	573
AT3G61340	4
AT3G09220	753
AT3G57920	0
AT3G42148	0
AT3G28715	1933
AT3G05345	202
AT3G26539	40
AT3G03500	54
AT3G11490	520
AT3G06500	1459
AT3G02620	40
AT3G56500	1
AT3G51290	488
AT3G31910	0
AT3G48050	2287
AT3G48835	3
AT3G13480	447
AT3G10815	9
AT3G16200	559
AT3G20555	0
AT3G51250	1038
AT3G06550	1310
AT3G18940	649
AT3G03140	564
AT3G59920	4918
AT3G42160	0
AT3G60390	484
AT3G57550	1486
AT3G03600	999
AT3G52105	69
AT3G19220	516
AT3G18490	3511
AT3G44235	0
AT3G15650	461
AT3G44050	810
AT3G57740	14
AT3G57220	750
AT3G48187	139
AT3G21500	2
AT3G08600	461
AT3G30200	0
AT3G61970	106
AT3G07760	628
AT3G17020	7739
AT3G59890	682
AT3G51520	726
AT3G07005	0
AT3G46000	2230
AT3G52430	536
AT3G11670	819
AT3G58000	28
AT3G57330	2038
AT3G63540	9160
AT3G19720	2066
AT3G05410	729
AT3G17190	0
AT3G26085	503
AT3G60820	3344
AT3G51540	59
AT3G32200	0
AT3G53075	0
AT3G55480	886
AT3G58585	0
AT3G07340	294
AT3G18700	0
AT3G46140	0
AT3G30430	0
AT3G02250	1505
AT3G12030	0
AT3G11990	0
AT3G62720	517
AT3G46900	232
AT3G50580	0
AT3G01810	1258
AT3G53740	9130
AT3G04280	0
AT3G57600	135
AT3G25940	247
AT3G20993	0
AT3G50220	59
AT3G27050	766
AT3G29200	969
AT3G10740	1522
AT3G20230	1491
AT3G60250	939
AT3G09000	859
AT3G06480	1069
AT3G61940	0
AT3G55800	20126
AT3G33494	0
AT3G24710	0
AT3G16460	7814
AT3G07550	253
AT3G24690	0
AT3G48660	76
AT3G26100	1257
AT3G49870	1008
AT3G50880	413
AT3G57900	0
AT3G02240	51
AT3G63350	1
AT3G63180	727
AT3G07580	137
AT3G59120	8
AT3G47410	0
AT3G50920	390
AT3G02750	1512
AT3G61350	157
AT3G59940	7
AT3G15490	0
AT3G13160	833
AT3G51480	346
AT3G61760	142
AT3G49115	0
AT3G52500	3014
AT3G48870	8427
AT3G60420	0
AT3G18090	290
AT3G09330	29
AT3G53840	16
AT3G09950	16
AT3G04940	1291
AT3G43800	1548
AT3G25830	0
AT3G27960	519
AT3G53110	2460
AT3G45500	1
AT3G59830	8
AT3G58180	478
AT3G11030	442
AT3G27870	293
AT3G46670	0
AT3G12410	2
AT3G24450	59
AT3G26235	15
AT3G11230	435
AT3G05937	145
AT3G61570	338
AT3G27490	8
AT3G10610	2066
AT3G08680	1903
AT3G44210	0
AT3G55950	107
AT3G54980	399
AT3G18730	261
AT3G56670	0
AT3G03520	536
AT3G04650	1454
AT3G14730	131
AT3G58990	2279
AT3G23980	811
AT3G03230	2
AT3G58470	522
AT3G47540	182
AT3G55450	979
AT3G09670	439
AT3G49900	233
AT3G61962	0
AT3G29785	0
AT3G13672	51
AT3G42990	0
AT3G62460	480
AT3G23240	4
AT3G26620	3
AT3G18400	122
AT3G45460	0
AT3G15351	153
AT3G58640	1365
AT3G12640	858
AT3G03710	3347
AT3G16820	0
AT3G17830	461
AT3G28345	1336
AT3G14840	3332
AT3G55740	383
AT3G46830	1114
AT3G23390	6658
AT3G09380	0
AT3G08860	210
AT3G05900	0
AT3G54880	450
AT3G16620	666
AT3G45930	1252
AT3G27350	351
AT3G63130	1171
AT3G49730	290
AT3G23715	0
AT3G17820	2758
AT3G61300	0
AT3G59740	1
AT3G14790	1015
AT3G16230	943
AT3G22410	104
AT3G52550	50
AT3G30350	39
AT3G18850	217
AT3G03820	56
AT3G12190	0
AT3G51470	229
AT3G47720	23
AT3G23145	0
AT3G51280	864
AT3G29110	1
AT3G13890	0
AT3G47680	364
AT3G25980	784
AT3G63220	271
AT3G49550	257
AT3G22160	147
AT3G49430	1905
AT3G14380	5
AT3G25910	1177
AT3G50560	18
AT3G50630	314
AT3G46470	1
AT3G09260	46132
AT3G04740	1121
AT3G45851	0
AT3G51320	225
AT3G14750	157
AT3G58480	9
AT3G52150	8968
AT3G22337	0
AT3G07940	646
AT3G48040	322
AT3G42800	41
AT3G61510	0
AT3G06660	413
AT3G24290	0
AT3G62830	1972
AT3G07880	1504
AT3G21120	0
AT3G14570	374
AT3G26310	214
AT3G20040	156
AT3G05890	783
AT3G51460	1513
AT3G27390	955
AT3G07510	22
AT3G11590	1084
AT3G14900	1463
AT3G23600	5795
AT3G10780	6
AT3G46060	2208
AT3G45970	156
AT3G14940	5995
AT3G26200	136
AT3G11773	2
AT3G56100	362
AT3G47120	552
AT3G17090	2089
AT3G56250	53
AT3G01329	0
AT3G10030	683
AT3G04854	32
AT3G14520	2
AT3G03570	599
AT3G03640	805
AT3G42170	1849
AT3G28620	9
AT3G15120	893
AT3G15880	2038
AT3G08950	392
AT3G07190	329
AT3G62170	10
AT3G54580	4290
AT3G62950	47
AT3G58270	106
AT3G26570	3022
AT3G51642	38
AT3G54020	220
AT3G54840	1043
AT3G07090	1244
AT3G62680	685
AT3G12800	3014
AT3G25870	165
AT3G17980	3
AT3G44766	0
AT3G45050	900
AT3G50020	0
AT3G12620	1049
AT3G05850	599
AT3G14560	229
AT3G09860	4683
AT3G59280	777
AT3G28150	29
AT3G10540	514
AT3G28050	1489
AT3G15240	426
AT3G11400	4715
AT3G53460	59872
AT3G48980	207
AT3G01324	0
AT3G43505	0
AT3G59680	154
AT3G43083	0
AT3G53210	147
AT3G19610	0
AT3G10290	56
AT3G28810	0
AT3G03960	4856
AT3G47940	253
AT3G50430	187
AT3G05770	3
AT3G17180	0
AT3G02210	208
AT3G48250	301
AT3G57700	0
AT3G46580	298
AT3G01910	4280
AT3G15760	82
AT3G61898	88
AT3G25480	1268
AT3G59970	8957
AT3G50500	3211
AT3G58400	0
AT3G44290	7
AT3G17712	88
AT3G52640	1110
AT3G25850	0
AT3G21990	0
AT3G04080	1012
AT3G18370	1464
AT3G46230	0
AT3G09180	502
AT3G50700	522
AT3G47340	243
AT3G23685	0
AT3G15170	26
AT3G08580	43670
AT3G44620	1125
AT3G51310	1748
AT3G18720	1
AT3G13790	1943
AT3G53420	6400
AT3G50060	254
AT3G04060	156
AT3G01311	4
AT3G23430	1944
AT3G48230	1
AT3G59540	5875
AT3G13650	440
AT3G54850	418
AT3G45170	1
AT3G04550	6627
AT3G50440	701
AT3G61290	0
AT3G48360	2021
AT3G48310	426
AT3G32410	0
AT3G16750	199
AT3G02180	2182
AT3G63093	1
AT3G14395	26
AT3G63530	343
AT3G11310	0
AT3G19615	0
AT3G53140	0
AT3G46590	1772
AT3G05730	11542
AT3G62870	10660
AT3G48100	182
AT3G07350	141
AT3G11510	7973
AT3G27040	0
AT3G18715	14
AT3G05180	348
AT3G15040	472
AT3G51830	687
AT3G22770	0
AT3G06320	461
AT3G57850	0
AT3G20015	622
AT3G24160	4753
AT3G61710	653
AT3G52510	1
AT3G13380	536
AT3G61140	1681
AT3G09830	473
AT3G13040	637
AT3G09430	59
AT3G14650	2940
AT3G03847	0
AT3G14270	1890
AT3G06250	699
AT3G29033	0
AT3G23800	167
AT3G44006	0
AT3G15410	1059
AT3G56480	821
AT3G10195	0
AT3G09720	558
AT3G49530	629
AT3G21060	580
AT3G57140	173
AT3G10380	2584
AT3G15130	127
AT3G24670	523
AT3G13845	331
AT3G59320	161
AT3G61740	334
AT3G57830	279
AT3G29160	852
AT3G42950	581
AT3G11940	11490
AT3G49440	0
AT3G44700	3
AT3G54240	0
AT3G28570	13
AT3G15220	591
AT3G47170	0
AT3G50530	1394
AT3G47930	1326
AT3G50340	377
AT3G49540	16
AT3G54010	1431
AT3G04000	54
AT3G02810	0
AT3G02730	6402
AT3G27230	1184
AT3G43590	770
AT3G23320	0
AT3G12580	702
AT3G57670	72
AT3G16240	4249
AT3G55720	69
AT3G49820	15
AT3G18240	970
AT3G04630	1427
AT3G12470	0
AT3G26120	3
AT3G14890	949
AT3G09770	949
AT3G07720	1262
AT3G29645	0
AT3G17910	526
AT3G52260	214
AT3G06400	3005
AT3G45275	0
AT3G46700	185
AT3G18250	100
AT3G01500	65875
AT3G16930	0
AT3G27320	520
AT3G52900	441
AT3G54740	227
AT3G17225	25
AT3G29670	61
AT3G28170	5
AT3G49140	3285
AT3G26110	3
AT3G20000	3459
AT3G50950	1919
AT3G10560	3
AT3G19180	648
AT3G15356	662
AT3G27180	948
AT3G23605	145
AT3G50770	46
AT3G49330	52
AT3G01390	3533
AT3G60350	730
AT3G23900	1323
AT3G15750	245
AT3G23970	0
AT3G50590	2738
AT3G44580	2
AT3G01020	0
AT3G15420	49
AT3G57590	158
AT3G03773	342
AT3G49130	5
AT3G48120	295
AT3G16350	372
AT3G20110	273
AT3G55280	3198
AT3G66652	351
AT3G17890	83
AT3G14680	601
AT3G26060	11551
AT3G06760	379
AT3G53540	986
AT3G49950	79
AT3G21260	220
AT3G55590	0
AT3G19430	317
AT3G09200	23842
AT3G04360	22
AT3G12920	538
AT3G57950	36
AT3G58420	0
AT3G49360	379
AT3G15840	6728
AT3G25670	67
AT3G50000	1673
AT3G01660	359
AT3G59150	134
AT3G20910	205
AT3G07980	466
AT3G30842	12
AT3G55140	709
AT3G18130	3370
AT3G21680	61
AT3G06730	1503
AT3G47620	1582
AT3G57980	355
AT3G58390	0
AT3G20970	754
AT3G58440	0
AT3G25190	834
AT3G29830	0
AT3G54910	188
AT3G48580	16
AT3G32180	0
AT3G18770	163
AT3G21400	307
AT3G24880	532
AT3G51644	1
AT3G21465	426
AT3G52520	61
AT3G06530	2042
AT3G49250	383
AT3G07770	3324
AT3G23110	98
AT3G56410	0
AT3G60410	767
AT3G12430	0
AT3G61630	216
AT3G20930	494
AT3G12340	382
AT3G19840	802
AT3G49055	12
AT3G28700	462
AT3G02990	145
AT3G26550	62
AT3G52050	553
AT3G51450	177
AT3G49180	494
AT3G55550	1
AT3G47610	582
AT3G23100	332
AT3G19050	944
AT3G07060	342
AT3G09320	462
AT3G24520	0
AT3G51350	65
AT3G29080	0
AT3G57390	234
AT3G17390	14027
AT3G63255	0
AT3G27160	9307
AT3G14120	842
AT3G23920	1386
AT3G01480	8048
AT3G11130	7444
AT3G19100	1481
AT3G45030	3583
AT3G61160	176
AT3G43980	1223
AT3G43410	0
AT3G25120	432
AT3G45610	139
AT3G13290	938
AT3G44490	0
AT3G10140	481
AT3G51660	846
AT3G61440	11366
AT3G58030	1323
AT3G43220	791
AT3G50240	938
AT3G09960	20
AT3G57300	1440
AT3G46210	445
AT3G55515	3
AT3G62330	749
AT3G26640	365
AT3G26147	0
AT3G22370	1047
AT3G18750	443
AT3G62990	1
AT3G53890	5758
AT3G05680	1721
AT3G52880	11692
AT3G01260	486
AT3G59550	187
AT3G26370	1006
AT3G44960	107
AT3G45740	398
AT3G48280	82
AT3G05350	1999
AT3G18550	0
AT3G11650	188
AT3G22942	321
AT3G03950	1034
AT3G23290	448
AT3G44680	708
AT3G03890	1007
AT3G29410	55
AT3G58050	1159
AT3G25590	184
AT3G13740	1126
AT3G19410	0
AT3G58170	673
AT3G12060	27
AT3G28600	4
AT3G50850	34
AT3G44540	168
AT3G43833	0
AT3G45300	842
AT3G61550	322
AT3G11220	347
AT3G50180	0
AT3G07480	4303
AT3G47660	10
AT3G14130	224
AT3G12260	3351
AT3G16785	952
AT3G21940	0
AT3G17700	288
AT3G48780	824
AT3G57630	513
AT3G30387	0
AT3G50808	0
AT3G09870	1
AT3G06170	989
AT3G07540	619
AT3G61600	1891
AT3G25597	75
AT3G54340	1
AT3G04520	803
AT3G59220	445
AT3G14170	96
AT3G15080	379
AT3G16730	242
AT3G54650	933
AT3G42960	0
AT3G27000	273
AT3G06860	3120
AT3G24870	609
AT3G55180	3
AT3G19970	201
AT3G18518	0
AT3G11700	2094
AT3G62300	1056
AT3G03480	3
AT3G48131	4
AT3G47600	167
AT3G14060	210
AT3G61680	170
AT3G10590	15
AT3G58130	143
AT3G20240	776
AT3G02890	535
AT3G10572	252
AT3G13228	0
AT3G44990	4138
AT3G13800	374
AT3G19340	1104
AT3G52060	1120
AT3G53700	972
AT3G43645	0
AT3G15920	926
AT3G22345	0
AT3G19890	0
AT3G16080	5999
AT3G13310	861
AT3G49000	616
AT3G48940	17
AT3G41762	5
AT3G56720	1483
AT3G20120	386
AT3G19370	1554
AT3G53750	1054
AT3G10050	2001
AT3G13640	32
AT3G12500	1214
AT3G21910	0
AT3G61540	638
AT3G52920	1241
AT3G30770	5
AT3G20520	13
AT3G63110	663
AT3G12120	15766
AT3G10860	8750
AT3G30725	13
AT3G23530	2590
AT3G17730	88
AT3G23122	0
AT3G16432	0
AT3G42565	0
AT3G12550	422
AT3G08660	63
AT3G17350	237
AT3G54210	12362
AT3G55050	564
AT3G10430	4
AT3G06430	1570
AT3G12530	249
AT3G11920	2
AT3G59900	118
AT3G24010	414
AT3G14280	177
AT3G11890	328
AT3G04130	172
AT3G11580	162
AT3G19200	46
AT3G21290	646
AT3G28155	10
AT3G27415	0
AT3G12230	1
AT3G56050	2137
AT3G21420	168
AT3G14390	1979
AT3G24929	45
AT3G12250	182
AT3G29740	0
AT3G23680	0
AT3G45470	0
AT3G21825	0
AT3G04540	0
AT3G62510	6
AT3G23633	0
AT3G62640	1
AT3G23150	767
AT3G59380	1085
AT3G06880	1357
AT3G55700	29
AT3G02010	0
AT3G47350	4328
AT3G53310	36
AT3G26080	333
AT3G17261	0
AT3G26350	22
AT3G56120	531
AT3G22720	0
AT3G60150	112
AT3G57240	174
AT3G19035	0
AT3G03130	828
AT3G49740	0
AT3G14230	2592
AT3G60970	1
AT3G12690	236
AT3G47220	43
AT3G26010	0
AT3G19530	0
AT3G12890	18
AT3G45870	35
AT3G52380	7249
AT3G16150	119
AT3G52480	75
AT3G25740	320
AT3G22180	394
AT3G25265	0
AT3G05390	84
AT3G54720	579
AT3G15000	7558
AT3G05860	0
AT3G16250	2107
AT3G20130	159
AT3G20490	369
AT3G01640	510
AT3G13390	3
AT3G01327	0
AT3G13850	2
AT3G03030	161
AT3G62060	419
AT3G22845	1449
AT3G24513	0
AT3G02340	461
AT3G57130	55
AT3G59580	39
AT3G24750	36
AT3G45180	6
AT3G45880	73
AT3G05310	1
AT3G43110	97
AT3G43430	134
AT3G06280	1
AT3G01330	206
AT3G47295	155
AT3G48600	95
AT3G26920	244
AT3G57690	7
AT3G15780	113
AT3G63080	653
AT3G22310	2469
AT3G28690	1292
AT3G60500	1062
AT3G19553	675
AT3G15390	206
AT3G58160	216
AT3G60260	382
AT3G45750	247
AT3G24000	228
AT3G01400	304
AT3G46260	1
AT3G29250	242
AT3G52470	1685
AT3G62260	149
AT3G47850	677
AT3G56770	43
AT3G09570	1060
AT3G30280	0
AT3G25780	267
AT3G53130	1239
AT3G24715	130
AT3G53010	44
AT3G21000	1
AT3G42995	0
AT3G25810	1
AT3G61890	124
AT3G16890	136
AT3G26220	84
AT3G60020	0
AT3G13020	61
AT3G49080	1537
AT3G48070	827
AT3G15690	1114
AT3G55790	0
AT3G21300	1077
AT3G59100	818
AT3G04380	168
AT3G62110	1286
AT3G06340	652
AT3G26600	509
AT3G59450	12
AT3G17860	310
AT3G19508	249
AT3G19270	31
AT3G61720	0
AT3G07140	910
AT3G60490	50
AT3G56750	579
AT3G25110	568
AT3G24210	113
AT3G14300	1
AT3G04430	0
AT3G07560	2044
AT3G27280	1732
AT3G46370	184
AT3G48390	13
AT3G19010	1279
AT3G59840	1348
AT3G53680	270
AT3G02520	2164
AT3G55360	2242
AT3G61080	828
AT3G45850	1230
AT3G23740	183
AT3G49725	516
AT3G25820	0
AT3G48170	3007
AT3G16690	91
AT3G61620	469
AT3G44703	0
AT3G14910	372
AT3G11390	3
AT3G14460	45
AT3G18773	46
AT3G04020	209
AT3G07640	1084
AT3G18280	1123
AT3G56950	907
AT3G06545	1
AT3G58900	237
AT3G14075	627
AT3G48475	0
AT3G07120	16
AT3G55040	1535
AT3G62590	105
AT3G19820	11725
AT3G22230	8505
AT3G24080	3656
AT3G57040	513
AT3G18380	596
AT3G05810	709
AT3G22350	0
AT3G05620	74
AT3G03150	1233
AT3G21280	362
AT3G27185	0
AT3G15800	85
AT3G02090	10035
AT3G26115	195
AT3G26890	1186
AT3G42140	0
AT3G62350	0
AT3G20800	850
AT3G18440	1119
AT3G60650	24
AT3G50980	1
AT3G48344	0
AT3G20557	6
AT3G13170	17
AT3G55080	451
AT3G48640	7
AT3G28840	27
AT3G22990	669
AT3G45310	989
AT3G23480	78
AT3G28830	20
AT3G01960	101
AT3G09370	240
AT3G18990	872
AT3G23420	0
AT3G56880	877
AT3G59660	1060
AT3G59820	2166
AT3G03720	863
AT3G49880	460
AT3G27980	0
AT3G12520	365
AT3G48210	495
AT3G61850	344
AT3G15580	1096
AT3G19580	56
AT3G04260	4400
AT3G01650	432
AT3G22260	175
AT3G25970	78
AT3G08610	4245
AT3G26460	168
AT3G07180	1295
AT3G24590	1415
AT3G43180	0
AT3G46616	0
AT3G14350	1419
AT3G16010	238
AT3G55650	1
AT3G13784	199
AT3G56370	1982
AT3G27520	184
AT3G10240	0
AT3G47460	423
AT3G28130	400
AT3G59690	33
AT3G15670	12
AT3G02060	1771
AT3G04690	136
AT3G03930	0
AT3G01600	94
AT3G18650	0
AT3G47550	654
AT3G03320	419
AT3G07670	1401
AT3G46510	1617
AT3G11530	490
AT3G21351	142
AT3G13150	380
AT3G58060	33
AT3G19560	0
AT3G55000	738
AT3G28875	16
AT3G10020	1615
AT3G55840	10
AT3G07610	755
AT3G55780	1
AT3G11370	11
AT3G42550	0
AT3G14710	1
AT3G29240	1696
AT3G01890	247
AT3G45130	15
AT3G26650	51226
AT3G55880	197
AT3G54150	61
AT3G30775	3782
AT3G13062	633
AT3G25530	4252
AT3G25014	0
AT3G47450	1622
AT3G21640	490
AT3G01900	28
AT3G15520	1585
AT3G10900	0
AT3G13070	2086
AT3G07930	179
AT3G11800	1446
AT3G19540	1027
AT3G16720	387
AT3G15300	131
AT3G19650	787
AT3G20080	484
AT3G29400	420
AT3G62880	319
AT3G56610	0
AT3G24575	0
AT3G47960	1047
AT3G60370	1118
AT3G01830	16
AT3G22490	0
AT3G04545	0
AT3G29630	80
AT3G07000	54
AT3G47500	835
AT3G02840	10
AT3G29637	0
AT3G02030	225
AT3G01513	52
AT3G08520	5078
AT3G25550	0
AT3G21600	305
AT3G52710	560
AT3G47200	77
AT3G20395	51
AT3G15518	19
AT3G45240	745
AT3G49760	92
AT3G02510	411
AT3G15870	0
AT3G24600	3
AT3G62600	2788
AT3G17280	26
AT3G07750	542
AT3G05970	2327
AT3G53550	0
AT3G04460	502
AT3G55566	0
AT3G16040	0
AT3G13050	282
AT3G16910	1556
AT3G28040	1528
AT3G26800	0
AT3G16360	159
AT3G03760	4
AT3G28470	0
AT3G61182	0
AT3G60440	731
AT3G02360	5450
AT3G45680	57
AT3G43870	0
AT3G43700	248
AT3G52280	411
AT3G04310	151
AT3G06870	0
AT3G50685	2386
AT3G57180	1087
AT3G62970	364
AT3G12590	934
AT3G63240	304
AT3G05520	834
AT3G63340	982
AT3G52210	257
AT3G56490	1676
AT3G28230	0
AT3G15352	178
AT3G25930	490
AT3G16120	46
AT3G54780	190
AT3G48730	8904
AT3G43790	179
AT3G62190	435
AT3G11290	444
AT3G48060	976
AT3G54620	1314
AT3G51730	1618
AT3G51620	911
AT3G23080	733
AT3G09930	0
AT3G54490	4
AT3G28455	132
AT3G23540	757
AT3G48080	152
AT3G55920	426
AT3G52080	0
AT3G13770	45
AT3G53720	498
AT3G48990	8652
AT3G19290	843
AT3G57500	126
AT3G17080	0
AT3G61829	0
AT3G48790	5
AT3G20650	435
AT3G25290	590
AT3G22150	1320
AT3G24020	12
AT3G19690	0
AT3G08790	1
AT3G07860	254
AT3G44690	127
AT3G21700	231
AT3G17155	0
AT3G50420	97
AT3G01015	25
AT3G28120	0
AT3G30260	7
AT3G26720	1353
AT3G01100	538
AT3G10585	0
AT3G12740	1281
AT3G11260	76
AT3G09540	691
AT3G20350	571
AT3G04210	633
AT3G49720	2663
AT3G25710	342
AT3G59910	1505
AT3G47520	3885
AT3G13075	0
AT3G13320	766
AT3G23700	3435
AT3G47770	55
AT3G14540	117
AT3G16565	315
AT3G29255	0
AT3G13950	44
AT3G42060	0
AT3G16880	0
AT3G09035	486
AT3G15070	328
AT3G07010	937
AT3G45710	318
AT3G61660	10
AT3G17580	21
AT3G14090	283
AT3G49940	1513
AT3G27890	1135
AT3G19510	629
AT3G11710	5577
AT3G24220	0
AT3G20740	590
AT3G54660	5957
AT3G15400	111
AT3G06010	1184
AT3G22020	0
AT3G63430	220
AT3G14140	2
AT3G55960	642
AT3G21295	361
AT3G57610	3650
AT3G19085	0
AT3G03790	1606
AT3G10000	55
AT3G13590	53
AT3G23870	79
AT3G28660	127
AT3G25900	340
AT3G50845	87
AT3G44405	0
AT3G50300	182
AT3G29260	0
AT3G20960	201
AT3G45830	896
AT3G23120	25
AT3G60050	329
AT3G18160	541
AT3G16160	12
AT3G06260	7
AT3G27710	0
AT3G08920	1345
AT3G47050	25
AT3G55400	2810
AT3G61028	1
AT3G11770	362
AT3G20420	60
AT3G46980	869
AT3G28650	153
AT3G22830	144
AT3G09710	309
AT3G44730	528
AT3G17205	1398
AT3G50780	538
AT3G23360	1
AT3G10527	0
AT3G25140	2341
AT3G14440	96
AT3G04443	0
AT3G44261	0
AT3G13230	1197
AT3G60180	215
AT3G12545	0
AT3G51040	369
AT3G62550	4898
AT3G27690	7934
AT3G58530	434
AT3G58780	10
AT3G24060	0
AT3G47190	0
AT3G19565	0
AT3G02630	2638
AT3G52290	379
AT3G04930	1098
AT3G15095	2600
AT3G22333	0
AT3G28180	1234
AT3G06120	63
AT3G57910	232
AT3G47020	0
AT3G61111	0
AT3G55850	466
AT3G25577	0
AT3G54380	309
AT3G61860	1182
AT3G52320	0
AT3G23860	2
AT3G53950	402
AT3G16780	5584
AT3G27290	61
AT3G55260	1116
AT3G15510	133
AT3G19670	921
AT3G01290	2118
AT3G02140	239
AT3G49510	31
AT3G50130	30
AT3G11980	3
AT3G11500	710
AT3G13990	1280
AT3G05290	645
AT3G01323	0
AT3G57650	1946
AT3G28925	0
AT3G19090	1
AT3G44800	18
AT3G47830	82
AT3G14100	2618
AT3G04900	0
AT3G55410	6118
AT3G56780	1
AT3G60660	140
AT3G43300	3957
AT3G01620	3
AT3G57210	3
AT3G09210	2778
AT3G56830	126
AT3G48860	748
AT3G13700	0
AT3G46270	271
AT3G09980	1719
AT3G01510	882
AT3G18460	0
AT3G22540	102
AT3G15604	0
AT3G12760	1258
AT3G18120	0
AT3G10940	1204
AT3G55940	64
AT3G53600	3
AT3G05741	0
AT3G13224	463
AT3G19900	1128
AT3G22070	0
AT3G63020	0
AT3G61177	0
AT3G19595	0
AT3G46130	411
AT3G09490	73
AT3G49460	0
AT3G12870	414
AT3G53810	175
AT3G23167	0
AT3G52010	4
AT3G02255	0
AT3G05980	167
AT3G20020	431
AT3G60690	260
AT3G52530	18
AT3G08850	2428
AT3G49845	88
AT3G23340	408
AT3G28740	614
AT3G51130	903
AT3G06650	4716
AT3G26900	1729
AT3G06780	138
AT3G59000	122
AT3G05260	6
AT3G43950	2
AT3G12400	714
AT3G09250	820
AT3G30823	0
AT3G54520	0
AT3G45443	239
AT3G29590	381
AT3G01700	6
AT3G10300	898
AT3G59850	45
AT3G51640	952
AT3G26430	21
AT3G03240	1
AT3G28940	4170
AT3G16450	2495
AT3G27110	553
AT3G19380	310
AT3G45980	2558
AT3G63490	18649
AT3G61950	175
AT3G44870	0
AT3G43500	0
AT3G52941	0
AT3G22760	443
AT3G53630	956
AT3G18420	1508
AT3G06850	625
AT3G46660	0
AT3G62700	4135
AT3G47570	260
AT3G57720	80
AT3G26420	2
AT3G54480	893
AT3G58510	3208
AT3G28140	180
AT3G01420	2374
AT3G44480	1376
AT3G08760	780
AT3G07195	193
AT3G14220	1289
AT3G20410	1210
AT3G62340	0
AT3G20730	35
AT3G49305	0
AT3G04300	15
AT3G47820	282
AT3G06110	472
AT3G48800	270
AT3G19130	2006
AT3G48400	0
AT3G25460	0
AT3G11070	1307
AT3G23230	5
AT3G05920	110
AT3G29560	0
AT3G03010	426
AT3G57890	2482
AT3G55680	0
AT3G27730	51
AT3G54280	1578
AT3G29763	0
AT3G14660	3913
AT3G06620	1038
AT3G06840	255
AT3G03510	0
AT3G14370	73
AT3G50520	633
AT3G25580	505
AT3G51380	30
AT3G05570	311
AT3G59640	343
AT3G27660	44
AT3G27835	0
AT3G26730	2085
AT3G24225	10
AT3G12200	1104
AT3G62280	124
AT3G45510	1
AT3G58980	143
AT3G23955	1
AT3G56300	109
AT3G05740	166
AT3G29350	843
AT3G09760	404
AT3G45430	77
AT3G50720	0
AT3G09030	429
AT3G62310	1588
AT3G60590	393
AT3G53070	0
AT3G22110	3721
AT3G08800	194
AT3G14420	17657
AT3G62840	2623
AT3G13970	114
AT3G50790	968
AT3G09510	0
AT3G58740	0
AT3G51500	279
AT3G15359	0
AT3G10670	2423
AT3G62760	108
AT3G46870	312
AT3G55250	2445
AT3G14960	391
AT3G24740	687
AT3G46690	135
AT3G49340	12
AT3G21410	0
AT3G61590	289
AT3G62790	1635
AT3G04140	285
AT3G23172	0
AT3G10986	21
AT3G55910	14
AT3G03100	3638
AT3G52420	452
AT3G20360	6
AT3G10113	0
AT3G49160	81
AT3G21650	383
AT3G18980	507
AT3G46640	3249
AT3G21430	768
AT3G57840	0
AT3G17668	170
AT3G16340	1305
AT3G62290	9335
AT3G03330	479
AT3G51080	242
AT3G54420	103
AT3G63215	0
AT3G04950	220
AT3G25240	153
AT3G17480	0
AT3G56150	9215
AT3G53260	3347
AT3G13450	562
AT3G13570	1539
AT3G43840	24
AT3G54610	460
AT3G09080	78
AT3G59260	0
AT3G03590	153
AT3G26380	746
AT3G30300	1195
AT3G11020	45
AT3G26960	88
AT3G04660	0
AT3G06790	629
AT3G20780	453
AT3G11820	727
AT3G60966	5
AT3G05580	346
AT3G56560	0
AT3G02440	0
AT3G50010	134
AT3G58877	0
AT3G05440	0
AT3G59710	39
AT3G19590	590
AT3G12350	517
AT3G20630	1727
AT3G17250	182
AT3G12820	84
AT3G53200	16
AT3G56980	168
AT3G59455	0
AT3G27820	4392
AT3G53390	666
AT3G08880	249
AT3G25620	54
AT3G59440	0
AT3G24420	127
AT3G47290	1229
AT3G03420	577
AT3G11930	4217
AT3G54470	3470
AT3G55935	0
AT3G56930	330
AT3G26050	197
AT3G61610	427
AT3G51770	1163
AT3G16050	317
AT3G44120	26
AT3G47380	106
AT3G05975	0
AT3G54860	679
AT3G16770	3020
AT3G46540	1002
AT3G61270	186
AT3G05800	1090
AT3G25560	649
AT3G44880	1651
AT3G24900	7
AT3G17210	3162
AT3G15260	713
AT3G18295	189
AT3G60080	435
AT3G55320	659
AT3G55310	5
AT3G52440	1
AT3G58690	284
AT3G07200	287
AT3G02190	568
AT3G27910	0
AT3G62020	304
AT3G51720	1366
AT3G44020	516
AT3G21660	3
AT3G56440	160
AT3G48209	0
AT3G57465	1
AT3G32930	2202
AT3G59350	1117
AT3G21140	714
AT3G05510	257
AT3G30165	0
AT3G44860	75
AT3G56580	781
AT3G57785	210
AT3G01150	676
AT3G47390	670
AT3G56240	8862
AT3G60740	747
AT3G13720	585
AT3G45840	50
AT3G17220	8
AT3G10630	259
AT3G27550	351
AT3G48200	2115
AT3G08840	622
AT3G52780	13
AT3G22080	0
AT3G07370	361
AT3G28460	1037
AT3G46310	0
AT3G56430	650
AT3G48970	88
AT3G56700	7
AT3G53350	187
AT3G21730	0
AT3G08947	352
AT3G44769	0
AT3G55630	1301
AT3G24517	0
AT3G19910	1235
AT3G12770	11
AT3G52600	0
AT3G45093	0
AT3G49830	10
AT3G22710	0
AT3G15480	1113
AT3G04960	17
AT3G13980	176
AT3G19020	285
AT3G55200	400
AT3G12420	0
AT3G52160	3
AT3G59070	0
AT3G49370	146
AT3G10800	759
AT3G06460	83
AT3G44070	0
AT3G10420	1945
AT3G57280	855
AT3G06510	2569
AT3G46710	12
AT3G50250	0
AT3G02245	3
AT3G44370	448
AT3G55670	0
AT3G26780	1481
AT3G24065	8
AT3G10790	0
AT3G57730	0
AT3G12160	4
AT3G08640	2195
AT3G63250	1128
AT3G07520	169
AT3G56130	2529
AT3G44940	140
AT3G31560	0
AT3G17970	1127
AT3G43920	335
AT3G16440	346
AT3G18100	267
AT3G12540	32
AT3G58300	0
AT3G44010	5851
AT3G16990	259
AT3G10750	2
AT3G05725	0
AT3G50540	0
AT3G47040	22
AT3G03910	13
AT3G12630	2208
AT3G25920	18829
AT3G52075	0
AT3G13240	37
AT3G50100	185
AT3G21590	0
AT3G04450	213
AT3G12560	926
AT3G02870	1424
AT3G01780	2039
AT3G61030	0
AT3G12950	1164
AT3G60280	63
AT3G30247	0
AT3G51560	9
AT3G25150	1860
AT3G57090	1094
AT3G51060	100
AT3G48850	18
AT3G01920	556
AT3G58500	3081
AT3G23440	45
AT3G24630	162
AT3G01200	83
AT3G59790	8
AT3G18360	4
AT3G07590	317
AT3G57870	3657
AT3G25760	582
AT3G46550	929
AT3G09880	591
AT3G11910	2987
AT3G25020	155
AT3G21570	0
AT3G16900	6
AT3G52560	2430
AT3G21790	636
AT3G44435	0
AT3G62080	337
AT3G27495	0
AT3G13662	0
AT3G03870	237
AT3G59050	669
AT3G17270	0
AT3G44330	3018
AT3G25080	0
AT3G56530	0
AT3G48150	330
AT3G08490	15
AT3G21950	194
AT3G52390	314
AT3G13520	1907
AT3G62650	1565
AT3G44310	14671
AT3G56810	402
AT3G20860	289
AT3G22057	0
AT3G48110	2671
AT3G27470	559
AT3G60140	4
AT3G29320	13090
AT3G04810	663
AT3G57420	716
AT3G54550	0
AT3G44635	0
AT3G55150	92
AT3G47430	412
AT3G16090	459
AT3G52525	72
AT3G06990	59
AT3G13430	257
AT3G06350	2395
AT3G48950	0
AT3G09600	30
AT3G18500	738
AT3G12860	620
AT3G04030	227
AT3G17500	0
AT3G49410	100
AT3G24330	0
AT3G50550	653
AT3G31950	0
AT3G45140	12899
AT3G49551	23
AT3G29796	0
AT3G18020	150
AT3G27920	41
AT3G45640	1689
AT3G20150	881
AT3G52020	0
AT3G49060	663
AT3G23330	169
AT3G48340	675
AT3G07690	396
AT3G05590	18290
AT3G21150	8
AT3G17170	3352
AT3G10970	2317
AT3G57230	670
AT3G50400	98
AT3G10180	303
AT3G56310	1824
AT3G15830	4
AT3G04820	668
AT3G15280	1
AT3G24770	1006
AT3G56710	218
AT3G18870	87
AT3G03270	2889
AT3G21540	1039
AT3G54590	1960
AT3G48298	0
AT3G27100	397
AT3G29070	0
AT3G44704	0
AT3G57710	317
AT3G04610	1451
AT3G57070	410
AT3G01610	879
AT3G22690	126
AT3G21370	1
AT3G57190	528
AT3G15250	17
AT3G24700	0
AT3G05540	0
AT3G32130	0
AT3G28750	23
AT3G44110	8097
AT3G12880	7
AT3G46790	761
AT3G03350	125
AT3G50870	89
AT3G08510	6468
AT3G49150	0
AT3G59590	0
AT3G13437	45
AT3G43970	1
AT3G61050	3009
AT3G28780	1
AT3G58590	95
AT3G48020	36
AT3G51910	85
AT3G06890	110
AT3G26020	756
AT3G09990	0
AT3G28950	589
AT3G05960	0
AT3G27090	2821
AT3G57510	1
AT3G59570	253
AT3G02230	7093
AT3G61170	62
AT3G20760	0
AT3G61870	5058
AT3G06040	1721
AT3G62450	792
AT3G07970	118
AT3G08700	7
AT3G59870	769
AT3G16430	673
AT3G20950	0
AT3G54870	102
AT3G32330	0
AT3G23310	911
AT3G28320	6
AT3G03850	32
AT3G09150	888
AT3G15360	12872
AT3G14990	8811
AT3G51400	140
AT3G19920	0
AT3G53860	81
AT3G15910	0
AT3G51010	1339
AT3G04184	24
AT3G55100	1
AT3G42725	104
AT3G10010	423
AT3G62890	91
AT3G28670	524
AT3G03000	122
AT3G47210	78
AT3G17670	174
AT3G05450	1
AT3G55420	320
AT3G05010	225
AT3G46220	613
AT3G50810	112
AT3G23940	5441
AT3G28420	95
AT3G45920	0
AT3G02910	0
AT3G22420	301
AT3G05880	4080
AT3G61920	34
AT3G44970	778
AT3G02242	2
AT3G23270	2
AT3G07680	1572
AT3G57400	635
AT3G09660	124
AT3G20670	1944
AT3G23630	34
AT3G22100	8
AT3G52090	1585
AT3G25700	376
AT3G21055	30061
AT3G22235	811
AT3G28922	0
AT3G23060	3
AT3G21620	12
AT3G03280	16
AT3G29638	0
AT3G61780	1295
AT3G29760	488
AT3G01680	1143
AT3G62140	413
AT3G49470	2405
AT3G60990	0
AT3G29720	0
AT3G08030	3412
AT3G48810	198
AT3G59845	0
AT3G44430	673
AT3G03860	742
AT3G45252	0
AT3G13065	70
AT3G02050	1491
AT3G56470	28
AT3G24340	55
AT3G20030	0
AT3G48220	0
AT3G18200	171
AT3G62630	963
AT3G52980	0
AT3G58840	1016
AT3G10985	962
AT3G18780	14313
AT3G59030	0
AT3G48550	52
AT3G54030	584
AT3G22425	520
AT3G47480	64
AT3G44220	93
AT3G07030	1045
AT3G28910	602
AT3G42860	170
AT3G26782	262
AT3G24270	0
AT3G13227	0
AT3G09405	26
AT3G05050	1076
AT3G62010	1968
AT3G22900	66
AT3G46150	12
AT3G10760	563
AT3G27540	122
AT3G23580	739
AT3G55677	0
AT3G14970	0
AT3G52960	11619
AT3G52070	0
AT3G16650	160
AT3G03120	252
AT3G13870	3845
AT3G60030	1915
AT3G14010	1158
AT3G16117	0
AT3G29810	97
AT3G46613	5
AT3G29690	1
AT3G25545	333
AT3G23255	96
AT3G06370	148
AT3G30805	0
AT3G26932	293
AT3G54460	766
AT3G24510	4
AT3G59990	2816
AT3G47400	126
AT3G61500	0
AT3G19330	116
AT3G24240	568
AT3G06290	797
AT3G19600	0
AT3G50740	3087
AT3G58310	0
AT3G13410	4783
AT3G42570	0
AT3G32030	32
AT3G52360	308
AT3G48900	134
AT3G17040	1341
AT3G17010	1
AT3G59160	0
AT3G57560	1465
AT3G51190	0
AT3G19400	412
AT3G53770	0
AT3G01331	0
AT3G11720	418
AT3G26130	22
AT3G02885	621
AT3G45940	9
AT3G16530	1137
AT3G22565	16
AT3G21980	0
AT3G13340	1560
AT3G20620	330
AT3G07570	513
AT3G15370	11
AT3G55605	403
AT3G08636	0
AT3G54140	585
AT3G02720	1406
AT3G43153	0
AT3G23010	8
AT3G62390	343
AT3G45560	0
AT3G53640	0
AT3G46720	235
AT3G27640	137
AT3G01240	5
AT3G26180	969
AT3G07565	525
AT3G10360	1120
AT3G21610	441
AT3G56320	131
AT3G12610	1577
AT3G22800	225
AT3G18680	3808
AT3G13830	0
AT3G57540	164
AT3G27770	1391
AT3G17640	459
AT3G53960	203
AT3G61770	904
AT3G02460	351
AT3G55240	225
AT3G06200	742
AT3G22935	0
AT3G46360	0
AT3G49200	0
AT3G45590	69
AT3G60940	3
AT3G20870	803
AT3G03580	174
AT3G63088	28
AT3G57990	1553
AT3G25520	20233
AT3G46020	112
AT3G23490	1550
AT3G09400	7
AT3G22960	8468
AT3G10690	2725
AT3G30305	7
AT3G48590	590
AT3G60760	0
AT3G19240	750
AT3G18390	7639
AT3G54050	23149
AT3G54450	1
AT3G29770	192
AT3G61230	0
AT3G10650	1831
AT3G06640	15
AT3G04070	232
AT3G23220	0
AT3G13200	1870
AT3G07870	284
AT3G13920	14199
AT3G59600	1240
AT3G10930	24
AT3G28450	436
AT3G08900	1
AT3G61900	14
AT3G61470	96327
AT3G12380	537
AT3G46050	0
AT3G51325	21
AT3G49600	932
AT3G18485	4
AT3G10500	470
AT3G18230	871
AT3G10080	390
AT3G45330	13
AT3G60850	479
AT3G25040	1363
AT3G45620	898
AT3G17550	0
AT3G46320	1253
AT3G49645	205
AT3G22125	0
AT3G54350	1271
AT3G43574	0
AT3G13470	7856
AT3G51820	5188
AT3G03440	195
AT3G32160	0
AT3G15140	432
AT3G12320	42
AT3G30530	1
AT3G58680	5804
AT3G52660	750
AT3G46480	1
AT3G52740	459
AT3G49601	2133
AT3G60130	716
AT3G29680	58
AT3G46200	219
AT3G24180	1999
AT3G04670	1106
AT3G02690	1464
AT3G17750	1010
AT3G15534	3
AT3G42390	0
AT3G24840	412
AT3G45790	0
AT3G44740	141
AT3G02490	338
AT3G14340	0
AT3G44980	0
AT3G46400	12
AT3G63230	0
AT3G15790	455
AT3G15357	250
AT3G25270	0
AT3G13674	209
AT3G23350	0
AT3G63450	443
AT3G48420	3740
AT3G05727	2761
AT3G09530	0
AT3G51950	3518
AT3G19300	151
AT3G07160	3696
AT3G19620	284
AT3G06020	66
AT3G62930	98
AT3G01710	354
AT3G49350	598
AT3G01800	469
AT3G57000	1348
AT3G58220	636
AT3G52570	295
AT3G09055	3
AT3G60110	221
AT3G51740	1669
AT3G51390	325
AT3G14452	0
AT3G61380	411
AT3G58940	159
AT3G02170	604
AT3G05500	1123
AT3G58570	2248
AT3G58790	244
AT3G60900	340
AT3G44240	0
AT3G52620	0
AT3G05870	164
AT3G18670	43
AT3G04770	570
AT3G03776	10
AT3G26855	4
AT3G47730	851
AT3G44630	534
AT3G27580	272
AT3G43260	0
AT3G06270	349
AT3G17120	518
AT3G18957	0
AT3G21770	1792
AT3G24050	1439
AT3G04903	1
AT3G43960	467
AT3G25960	0
AT3G53400	361
AT3G45110	1
AT3G59700	135
AT3G26830	326
AT3G50570	25
AT3G23930	65
AT3G52790	74
AT3G56890	26
AT3G60328	0
AT3G53020	15932
AT3G55530	255
AT3G02070	373
AT3G29152	0
AT3G23300	2053
AT3G17717	78
AT3G22300	753
AT3G55640	224
AT3G18060	3082
AT3G54170	502
AT3G20450	36
AT3G53060	0
AT3G49320	190
AT3G51650	738
AT3G54130	330
AT3G47910	2024
AT3G22700	1
AT3G53305	0
AT3G08670	675
AT3G19310	13
AT3G26410	469
AT3G04170	0
AT3G09810	1116
AT3G53980	694
AT3G08910	543
AT3G53870	11929
AT3G01560	986
AT3G43503	0
AT3G62320	4
AT3G60460	0
AT3G04880	702
AT3G51895	143
AT3G10510	0
AT3G60360	674
AT3G56340	7288
AT3G60720	75
AT3G46100	1631
AT3G54230	1185
AT3G57270	0
AT3G29020	2
AT3G48930	11466
AT3G07290	126
AT3G04190	0
AT3G24535	45
AT3G07600	17
AT3G27510	19
AT3G60700	10
AT3G48750	1123
AT3G07500	98
AT3G25165	0
AT3G09800	409
AT3G23960	0
AT3G29455	0
AT3G49980	2
AT3G45570	1
AT3G21320	0
AT3G62070	113
AT3G17590	420
AT3G60270	0
AT3G20050	6212
AT3G20610	0
AT3G58580	1100
AT3G17465	1513
AT3G09850	1876
AT3G25090	0
AT3G42940	0
AT3G20720	878
AT3G04320	123
AT3G14590	185
AT3G20880	1
AT3G25800	1820
AT3G06030	633
AT3G49840	200
AT3G16680	0
AT3G26860	0
AT3G63290	154
AT3G20070	377
AT3G30230	0
AT3G51980	844
AT3G01310	4002
AT3G14362	9
AT3G55170	1544
AT3G27430	3072
AT3G23727	0
AT3G18180	0
AT3G53232	8
AT3G04910	3128
AT3G61800	408
AT3G20370	2032
AT3G27400	411
AT3G19630	578
AT3G58280	0
AT3G44485	1
AT3G22730	0
AT3G03970	200
AT3G62380	0
AT3G52940	838
AT3G53500	2525
AT3G06868	85
AT3G25860	4357
AT3G53760	456
AT3G60090	0
AT3G05330	496
AT3G26510	210
AT3G58650	610
AT3G63095	0
AT3G01326	0
AT3G11460	98
AT3G19860	858
AT3G24560	168
AT3G16380	3
AT3G16610	65
AT3G28380	6
AT3G20160	52
AT3G20770	2828
AT3G17620	0
AT3G03360	147
AT3G58730	3431
AT3G28193	0
AT3G20210	4
AT3G14760	190
AT3G56080	162
AT3G45230	249
AT3G53342	0
AT3G28900	2576
AT3G55690	113
AT3G22980	652
AT3G01319	0
AT3G14610	524
AT3G10060	2342
AT3G49020	0
AT3G12600	1481
AT3G26740	23418
AT3G21270	285
AT3G50890	136
AT3G20100	631
AT3G12940	253
AT3G47700	323
AT3G27785	0
AT3G07800	455
AT3G19000	569
AT3G14780	60
AT3G46930	169
AT3G21220	827
AT3G22480	824
AT3G46340	2
AT3G59180	0
AT3G01530	2
AT3G19740	1574
AT3G05420	2437
AT3G13580	2763
AT3G52300	9663
AT3G27906	400
AT3G23370	139
AT3G43670	1115
AT3G52450	173
AT3G59230	1
AT3G12990	385
AT3G61310	913
AT3G25130	306
AT3G48160	144
AT3G10850	3199
AT3G12710	301
AT3G05935	0
AT3G51790	368
AT3G27070	14
AT3G60000	6
AT3G47710	23
AT3G47341	0
AT3G55540	0
AT3G50190	35
AT3G49800	814
AT3G29970	8
AT3G15890	181
AT3G24730	141
AT3G10770	1256
AT3G55110	240
AT3G44950	2
AT3G11300	0
AT3G11000	38
AT3G44150	486
AT3G61790	461
AT3G59930	26
AT3G46160	0
AT3G24514	0
AT3G23805	376
AT3G06960	687
AT3G29340	0
AT3G48030	748
AT3G47360	100
AT3G14981	0
AT3G13960	254
AT3G44530	532
AT3G25660	4673
AT3G13280	0
AT3G02080	8776
AT3G57860	262
AT3G46520	0
AT3G26270	1
AT3G63270	393
AT3G53300	0
AT3G15111	0
AT3G48960	0
AT3G60040	65
AT3G51600	12343
AT3G12345	2766
AT3G29034	509
AT3G02550	818
AT3G07020	1089
AT3G28990	1
AT3G56870	234
AT3G27831	0
AT3G18215	447
AT3G58090	241
AT3G01940	38
AT3G59360	812
AT3G56860	3139
AT3G53530	189
AT3G21390	293
AT3G61480	1035
AT3G23570	1155
AT3G44790	15
AT3G17630	71
AT3G27600	0
AT3G05300	0
AT3G05380	790
AT3G10990	0
AT3G26125	0
AT3G56550	64
AT3G23123	0
AT3G28490	0
AT3G59730	5
AT3G23760	495
AT3G17950	210
AT3G58190	7
AT3G27809	0
AT3G10600	2
AT3G59245	0
AT3G19680	704
AT3G16810	1496
AT3G55254	0
AT3G10280	1
AT3G46410	0
AT3G42050	8589
AT3G52220	1551
AT3G10890	0
AT3G29090	698
AT3G47000	1078
AT3G17152	4
AT3G60200	255
AT3G11405	0
AT3G04050	12
AT3G51670	1834
AT3G07360	869
AT3G46080	10
AT3G47070	7945
AT3G29631	0
AT3G26320	133
AT3G12490	3893
AT3G59435	3
AT3G17800	998
AT3G28550	5513
AT3G01790	1399
AT3G28560	2
AT3G47560	556
AT3G59210	497
AT3G54510	1
AT3G28630	10
AT3G52810	0
AT3G07700	1235
AT3G32920	5
AT3G07100	3569
AT3G58830	693
AT3G02770	599
AT3G15820	564
AT3G19055	0
AT3G44200	996
AT3G62470	192
AT3G14530	105
AT3G45530	38
AT3G48500	3660
AT3G29300	8
AT3G44820	316
AT3G27900	1
AT3G16895	0
AT3G02370	89
AT3G20250	896
AT3G25855	34
AT3G24030	449
AT3G52680	154
AT3G10490	969
AT3G09390	21095
AT3G25510	114
AT3G43150	0
AT3G13100	143
AT3G62730	22
AT3G05370	181
AT3G47470	134226
AT3G22620	666
AT3G04780	733
AT3G44160	530
AT3G10250	314
AT3G55340	972
AT3G53330	0
AT3G04370	53
AT3G54220	740
AT3G43570	0
AT3G02310	1
AT3G28520	0
AT3G56690	459
AT3G23710	387
AT3G30383	0
AT3G43280	0
AT3G18950	103
AT3G27940	8
AT3G60286	25
AT3G21945	0
AT3G21090	124
AT3G54090	1994
AT3G07530	137
AT3G09970	834
AT3G52905	179
AT3G53294	0
AT3G58610	20521
AT3G01961	0
AT3G61810	0
AT3G48830	146
AT3G52340	784
AT3G08020	706
AT3G08990	82
AT3G28250	0
AT3G13930	5008
AT3G50080	358
AT3G24790	4
AT3G17360	627
AT3G02410	12
AT3G58330	0
AT3G02000	0
AT3G05190	197
AT3G19850	369
AT3G53270	407
AT3G13690	1847
AT3G11050	103
AT3G30460	47
AT3G22910	82
AT3G47690	258
AT3G24610	0
AT3G50230	53
AT3G28190	0
AT3G58860	1
AT3G25470	1974
AT3G59420	400
AT3G60330	440
AT3G46910	0
AT3G13350	553
AT3G44660	0
AT3G57072	0
AT3G52840	1553
AT3G30739	0
AT3G25805	668
AT3G17920	356
AT3G26950	1131
AT3G24620	0
AT3G48740	2829
AT3G62530	8716
AT3G50373	0
AT3G21340	42
AT3G20180	4
AT3G15980	2976
AT3G63280	228
AT3G09280	4
AT3G10405	780
AT3G55190	0
AT3G59060	879
AT3G09040	138
AT3G20460	50
AT3G16370	4327
AT3G07390	2944
AT3G45910	0
AT3G01210	203
AT3G46960	939
AT3G48260	57
AT3G46565	0
AT3G18880	51
AT3G17520	0
AT3G01130	1808
AT3G01850	410
AT3G61650	622
AT3G46280	1334
AT3G43682	0
AT3G56180	0
AT3G46040	2869
AT3G59500	617
AT3G45673	0
AT3G11325	4
AT3G53800	1573
AT3G25500	1356
AT3G03726	0
AT3G27325	969
AT3G15620	197
AT3G29385	0
AT3G22231	357
AT3G24530	654
AT3G22275	3
AT3G25727	0
AT3G06000	0
AT3G06820	458
AT3G44460	97
AT3G43420	0
AT3G09925	272
AT3G45150	0
AT3G17130	59
AT3G06950	360
AT3G60890	27
AT3G12180	311
AT3G24570	372
AT3G11550	235
AT3G11570	6
AT3G45890	332
AT3G48510	42
AT3G52561	20
AT3G59370	152
AT3G19360	331
AT3G45060	32
AT3G26910	514
AT3G17770	1086
AT3G22520	1126
AT3G62160	102
AT3G19440	248
AT3G10440	274
AT3G18260	83
AT3G13433	2
AT3G46730	6
AT3G45770	1387
AT3G48346	0
AT3G06450	1175
AT3G05625	852
AT3G01360	316
AT3G14200	525
AT3G27503	0
AT3G02220	1348
AT3G51270	1749
AT3G12840	2
AT3G51590	0
AT3G18970	134
AT3G05155	18
AT3G29635	7
AT3G47780	680
AT3G54085	3
AT3G09590	0
AT3G48610	988
AT3G49710	151
AT3G02390	0
AT3G01090	1722
AT3G55890	26
AT3G32190	0
AT3G59390	117
AT3G58340	0
AT3G10230	1507
AT3G11200	1845
AT3G55010	1832
AT3G22436	0
AT3G55330	3399
AT3G09690	401
AT3G55500	88
AT3G05220	6679
AT3G59040	1982
AT3G46740	7574
AT3G02110	681
AT3G52040	48
AT3G26630	435
AT3G14040	13
AT3G06680	1557
AT3G43600	2115
AT3G51440	110
AT3G17710	105
AT3G43160	0
AT3G50123	0
AT3G15440	0
AT3G62580	1660
AT3G56940	23639
AT3G15680	1047
AT3G17330	475
AT3G50350	222
AT3G44850	541
AT3G56040	2663
AT3G12670	2235
AT3G20660	151
AT3G13404	14
AT3G60830	741
AT3G02790	0
AT3G16960	0
AT3G22470	109
AT3G50030	17
AT3G45320	0
AT3G01570	39
AT3G58140	3564
AT3G51180	57
AT3G52490	214
AT3G44805	6
AT3G17760	3
AT3G56090	2863
AT3G13670	3581
AT3G42153	0
AT3G06985	0
AT3G01990	54
AT3G06490	39
AT3G26690	307
AT3G53590	2
AT3G01300	608
AT3G20840	110
AT3G55390	154
AT3G45100	431
AT3G43837	0
AT3G04350	663
AT3G08943	1998
AT3G13110	2226
AT3G18000	2997
AT3G08000	105
AT3G07310	1168
AT3G07410	699
AT3G22170	1484
AT3G23245	0
AT3G44710	7
AT3G56650	1522
AT3G28635	22
AT3G15353	9374
AT3G04480	845
AT3G03880	294
AT3G15354	663
AT3G06230	0
AT3G01590	705
AT3G60540	82
AT3G60320	2450
AT3G20540	1165
AT3G03370	50
AT3G55220	339
AT3G08505	150
AT3G61040	0
AT3G22670	0
AT3G25430	271
AT3G43490	0
AT3G44610	165
AT3G21230	344
AT3G24140	625
AT3G16870	471
AT3G12980	1088
AT3G30340	81
AT3G22085	0
AT3G16520	2468
AT3G01322	0
AT3G12835	0
AT3G16320	142
AT3G29780	96
AT3G05670	1163
AT3G23180	162
AT3G06435	70
AT3G53790	0
AT3G23820	6336
AT3G17840	1754
AT3G28291	0
AT3G18580	312
AT3G29075	1020
AT3G16330	135
AT3G19940	0
AT3G22860	2
AT3G48205	0
AT3G06720	2528
AT3G09910	39
AT3G05150	54
AT3G22010	0
AT3G53710	1718
AT3G13090	122
AT3G19552	0
AT3G46490	314
AT3G56840	354
AT3G22270	928
AT3G15900	445
AT3G01670	1364
AT3G44665	0
AT3G48880	499
AT3G54690	610
AT3G61690	1790
AT3G14490	1
AT3G05490	896
AT3G05365	3
AT3G20155	0
AT3G03990	1564
AT3G18320	143
AT3G11780	820
AT3G11690	219
AT3G43230	944
AT3G10974	0
AT3G25260	0
AT3G53180	1662
AT3G53520	1693
AT3G15430	923
AT3G61490	286
AT3G42560	0
AT3G14150	598
AT3G11330	1010
AT3G24640	1
AT3G57680	90
AT3G12000	0
AT3G04100	0
AT3G05070	816
AT3G44760	0
AT3G26040	15
AT3G53940	252
AT3G13680	5
AT3G46850	0
AT3G32090	0
AT3G02200	2102
AT3G13782	71
AT3G06300	912
AT3G01280	5489
AT3G45160	1633
AT3G06970	0
AT3G14720	1048
AT3G43630	0
AT3G12090	366
AT3G23990	5654
AT3G29375	640
AT3G11840	75
AT3G22104	390
AT3G51970	34
AT3G61390	4
AT3G05100	456
AT3G58560	2332
AT3G23620	1611
AT3G63320	3
AT3G42155	0
AT3G06210	255
AT3G48490	201
AT3G60730	9
AT3G09450	11
AT3G07210	291
AT3G03405	0
AT3G53650	359
AT3G27150	283
AT3G09340	0
AT3G49300	1
AT3G11880	466
AT3G46500	26
AT3G53080	0
AT3G51410	7
AT3G11320	548
AT3G09735	838
AT3G17680	532
AT3G25880	30
AT3G58950	1
AT3G11810	833
AT3G02650	1056
AT3G02130	803
AT3G24190	2008
AT3G29290	831
AT3G48770	25
AT3G27250	33
AT3G61320	444
AT3G07820	12
AT3G21630	682
AT3G16410	632
AT3G27270	89
AT3G50360	1026
AT3G53235	76
AT3G44180	0
AT3G46530	1221
AT3G04120	27847
AT3G45010	1156
AT3G10550	474
AT3G24430	4262
AT3G29130	199
AT3G04340	4515
AT3G26330	169
AT3G28100	173
AT3G26744	1846
AT3G17530	0
AT3G19080	334
AT3G46845	332
AT3G52540	52
AT3G54710	372
AT3G04270	0
AT3G15909	0
AT3G48710	740
AT3G50210	785
AT3G56360	3507
AT3G19790	394
AT3G09840	16918
AT3G16630	2519
AT3G11560	2932
AT3G11830	4816
AT3G28918	0
AT3G50970	1566
AT3G05840	2309
AT3G50170	9
AT3G56990	1240
AT3G04440	0
AT3G52526	12
AT3G23650	0
AT3G04620	111
AT3G05990	643
AT3G21850	0
AT3G03750	0
AT3G57410	2187
AT3G25505	10
AT3G22560	8
AT3G49220	2054
AT3G28870	0
AT3G58490	331
AT3G01010	0
AT3G48090	764
AT3G05160	748
AT3G43190	2244
AT3G17810	2026
AT3G22220	694
AT3G26480	47
AT3G58410	0
AT3G12830	85
AT3G45243	0
AT3G57750	286
AT3G50800	62
AT3G13882	1543
AT3G03810	399
AT3G01175	3
AT3G26490	185
AT3G50140	29
AT3G14205	1121
AT3G12780	42086
AT3G46780	27036
AT3G04840	18132
AT3G04181	14
AT3G05040	797
AT3G26935	1492
AT3G04760	1686
AT3G11850	417
AT3G01120	11943
AT3G46666	0
AT3G06080	478
AT3G10870	332
AT3G20680	494
AT3G28980	3
AT3G14640	9
AT3G09500	16674
AT3G57200	94
AT3G13330	2212
AT3G27020	1227
AT3G29390	1038
AT3G44555	0
AT3G54540	2525
AT3G13500	0
AT3G06980	4796
AT3G20510	692
AT3G21580	409
AT3G53480	1540
AT3G49960	476
AT3G58520	280
AT3G07380	1
AT3G49500	1018
AT3G44930	1
AT3G61930	21
AT3G21175	634
AT3G53850	387
AT3G22580	0
AT3G04510	8
AT3G04800	23
AT3G55570	0
AT3G51430	364
AT3G55520	873
AT3G06570	254
AT3G11160	3
AT3G44320	844
AT3G06220	26
AT3G25882	109
AT3G54190	1220
AT3G58960	0
AT3G42075	0
AT3G13400	25
AT3G28530	0
AT3G56380	1
AT3G62120	5129
AT3G07522	0
AT3G15610	753
AT3G21180	87
AT3G50730	0
AT3G60340	976
AT3G10160	1710
AT3G14670	2
AT3G63000	926
AT3G62090	6
AT3G19260	312
AT3G11950	218
AT3G07900	52
AT3G16555	0
AT3G30210	0
AT3G55020	2029
AT3G55120	1715
AT3G22415	22
AT3G14210	18050
AT3G02980	55
AT3G23400	4325
AT3G03200	39
AT3G01630	2
AT3G51070	0
AT3G15450	1806
AT3G20830	265
AT3G18330	1
AT3G28390	0
AT3G44428	0
AT3G29575	319
AT3G44510	98
AT3G59080	171
AT3G17430	661
AT3G22510	0
AT3G04790	6026
AT3G11060	0
AT3G16400	7308
AT3G50280	25
AT3G55350	375
AT3G47440	0
AT3G18610	38
AT3G23880	151
AT3G02450	2587
AT3G58260	0
AT3G12960	2
AT3G11120	3667
AT3G49420	195
AT3G49010	14050
AT3G03770	903
AT3G56920	0
AT3G62920	91
AT3G21800	0
AT3G25990	32
AT3G58230	0
AT3G01516	70
AT3G16760	1085
AT3G44785	0
AT3G51090	170
AT3G03020	159
AT3G61450	4
AT3G24260	0
AT3G03920	4478
AT3G44716	54
AT3G02493	5
AT3G47920	0
AT3G28890	8
AT3G54180	361
AT3G22650	0
AT3G23050	2424
AT3G49110	1507
AT3G26237	0
AT3G11480	0
AT3G16140	12299
AT3G19930	1870
AT3G18760	864
AT3G16480	1507
AT3G33393	0
AT3G26580	5369
AT3G18480	1013
AT3G11640	20
AT3G02700	618
AT3G01770	854
AT3G11165	0
AT3G56160	1472
AT3G57790	371
AT3G60630	1187
AT3G19870	943
AT3G19190	1037
AT3G11945	1636
AT3G12020	953
AT3G09230	262
AT3G56400	381
AT3G17660	45
AT3G07790	1027
AT3G25716	0
AT3G03470	126
AT3G60550	66
AT3G46810	28
AT3G22142	0
AT3G02555	230
AT3G02600	1276
AT3G56820	122
AT3G26390	0
AT3G57880	718
AT3G57580	141
AT3G15730	15160
AT3G19770	556
AT3G58700	2614
AT3G15660	1200
AT3G27475	0
AT3G52170	719
AT3G62410	9230
AT3G03840	32
AT3G53560	2411
AT3G30390	5074
AT3G24093	0
AT3G22053	0
AT3G22421	0
AT3G03900	208
AT3G62040	703
AT3G20890	380
AT3G23200	86
AT3G22930	170
AT3G17765	0
AT3G14000	472
AT3G18590	1
AT3G27027	76
AT3G30840	0
AT3G49790	191
AT3G48140	7339
AT3G51630	1189
AT3G57100	1
AT3G57360	97
AT3G29800	0
AT3G42630	280
AT3G45950	1
AT3G12040	52
AT3G63440	3
AT3G27420	290
AT3G47030	18
AT3G56010	1664
AT3G56000	34
AT3G60980	324
AT3G09050	547
AT3G54200	201
AT3G49640	293
AT3G07425	21
AT3G55830	632
AT3G47160	1267
AT3G62660	1193
AT3G10190	289
AT3G20140	5
AT3G21670	140
AT3G23730	690
AT3G01730	13
AT3G49590	527
AT3G12650	164
AT3G48920	150
AT3G59300	972
AT3G19640	1000
AT3G47833	1057
AT3G46240	1
AT3G22550	673
AT3G19350	13
AT3G01540	6306
AT3G05360	152
AT3G11745	82
AT3G48010	7
AT3G10439	0
AT3G19990	613
AT3G21780	0
AT3G16210	13
AT3G52720	551
AT3G61960	814
AT3G53220	144
AT3G49690	60
AT3G56600	16
AT3G46760	12
AT3G53370	254
AT3G24068	0
AT3G12210	542
AT3G52310	18
AT3G09900	870
AT3G57380	62
AT3G02950	732
AT3G12915	278
AT3G20200	163
AT3G20980	0
AT3G50410	92
AT3G45210	269
AT3G60480	353
AT3G52100	469
AT3G45090	1125
AT3G44755	0
AT3G49520	0
AT3G02300	1092
AT3G26990	357
AT3G27610	248
AT3G27560	426
AT3G19210	304
AT3G50070	501
AT3G05165	1383
AT3G19980	816
AT3G57470	979
AT3G60950	0
AT3G43250	0
AT3G10185	26
AT3G54820	659
AT3G22840	916
AT3G28080	390
AT3G60975	0
AT3G13080	1953
AT3G18470	0
AT3G63120	622
AT3G24495	494
AT3G32400	0
AT3G47080	504
AT3G24660	585
AT3G55470	372
AT3G16000	6568
AT3G25905	34
AT3G44400	159
AT3G06410	1121
AT3G54160	17
AT3G05200	384
AT3G49700	0
AT3G28790	12
AT3G28020	0
AT3G22000	0
AT3G27329	0
AT3G18640	1185
AT3G18350	369
AT3G13620	300
AT3G21360	216
AT3G47180	23
AT3G54390	255
AT3G21473	0
AT3G16220	348
AT3G15090	1031
AT3G61990	687
AT3G20500	753
AT3G57250	0
AT3G02930	414
AT3G60920	2
AT3G10710	202
AT3G22660	1867
AT3G11964	2703
AT3G58350	80
AT3G54290	479
AT3G53580	2483
AT3G12300	313
AT3G03290	7
AT3G07960	104
AT3G24230	30
AT3G12360	1199
AT3G07740	341
AT3G18150	0
AT3G33520	570
AT3G44910	0
AT3G12150	352
AT3G27380	2860
AT3G57960	0
AT3G05080	0
AT3G52030	425
AT3G54940	0
AT3G50200	10
AT3G56680	2413
AT3G06770	424
AT3G24250	0
AT3G04855	0
AT3G23660	1445
AT3G63210	683
AT3G57490	1147
AT3G49890	310
AT3G61750	245
AT3G30370	0
AT3G46190	0
AT3G47800	2374
AT3G55860	1
AT3G62130	1277
AT3G19760	4367
AT3G18290	3542
AT3G10820	171
AT3G02150	167
AT3G42780	0
AT3G48450	51
AT3G07040	280
AT3G18140	1277
AT3G49580	305
AT3G04230	514
AT3G16700	113
AT3G04090	2352
AT3G26340	763
AT3G42150	372
AT3G20470	1777
AT3G32047	7
AT3G19520	748
AT3G25750	0
AT3G11402	74
AT3G46600	989
AT3G10310	575
AT3G29639	3
AT3G62500	94
AT3G14463	0
AT3G48890	1570
AT3G43740	448
AT3G46010	3650
AT3G12203	4
AT3G43610	1148
AT3G21070	851
AT3G01320	1006
AT3G61400	63
AT3G62440	0
AT3G26790	2
AT3G05750	401
AT3G21165	0
AT3G12070	62
AT3G44900	34
AT3G10700	467
AT3G48700	59
AT3G55070	757
AT3G09090	1793
AT3G01270	13
AT3G44830	2
AT3G25690	5890
AT3G53690	19
AT3G21960	0
AT3G44380	263
AT3G06310	1022
AT3G61910	0
AT3G47640	366
AT3G61360	135
AT3G12510	0
AT3G51200	0
AT3G20865	46
AT3G60910	300
AT3G04850	251
AT3G16490	108
AT3G16920	341
AT3G02500	68
AT3G14415	12045
AT3G17611	226
AT3G16070	41
AT3G52140	4842
AT3G22780	1180
AT3G45960	39
AT3G63310	1123
AT3G23950	0
AT3G45290	140
AT3G51930	233
AT3G14740	374
AT3G62240	862
AT3G44130	0
AT3G26150	0
AT3G16560	875
AT3G55870	2
AT3G23170	220
AT3G16570	1156
AT3G52970	3
AT3G03690	270
AT3G18110	1704
AT3G20690	0
AT3G02040	1052
AT3G53490	115
AT3G09650	1124
AT3G58820	96
AT3G19420	2034
AT3G28270	55
AT3G25440	198
AT3G10410	5176
AT3G59810	597
AT3G27410	4
AT3G20700	0
AT3G26880	0
AT3G55460	2537
AT3G60010	1
AT3G02800	37
AT3G60380	1271
AT3G02975	0
AT3G14240	2723
AT3G26360	451
AT3G28590	0
AT3G17720	0
AT3G45285	0
AT3G46560	1615
AT3G54070	0
AT3G03310	397
AT3G60400	188
AT3G51700	0
AT3G21371	0
AT3G60450	828
AT3G17790	1143
AT3G63480	92
AT3G56020	3095
AT3G30380	446
AT3G63300	550
AT3G20320	1311
AT3G49230	0
AT3G58750	2033
AT3G20600	149
AT3G19450	3696
AT3G11540	1174
AT3G14080	633
AT3G11760	407
AT3G28220	239
AT3G17780	1235
AT3G20400	1
AT3G14020	135
AT3G47630	224
AT3G19274	0
AT3G05930	3
AT3G62940	1003
AT3G56760	664
AT3G52370	601
AT3G32896	0
AT3G48300	11
AT3G32904	0
AT3G59190	18
AT3G08930	1562
AT3G15180	630
AT3G60840	484
AT3G44350	27
AT3G02860	450
AT3G54760	2332
AT3G27240	4433
AT3G58550	661
AT3G45400	186
AT3G42628	0
AT3G11210	348
AT3G21820	424
AT3G07620	1
AT3G63260	920
AT3G07070	62
AT3G27925	3115
AT3G44170	0
AT3G44100	988
AT3G05790	42
AT3G06455	113
AT3G06830	2
AT3G49155	0
AT3G15050	12
AT3G15570	700
AT3G58360	0
AT3G02125	7
AT3G28958	0
AT3G46570	0
AT3G06436	0
AT3G07730	68
AT3G61571	4
AT3G60060	0
AT3G56970	95
AT3G21710	194
AT3G61100	231
AT3G18790	1188
AT3G24503	5300
AT3G29797	0
AT3G23410	910
AT3G08720	410
AT3G25170	0
AT3G20550	636
AT3G13275	115
AT3G19470	123
AT3G05775	0
AT3G20380	269
AT3G04250	0
AT3G66654	635
AT3G46110	91
AT3G48440	357
AT3G47530	160
AT3G50260	160
AT3G46735	0
AT3G54320	273
AT3G61010	695
AT3G07050	3638
AT3G25012	0
AT3G12900	12
AT3G16130	0
AT3G61117	4
AT3G42310	0
AT3G04920	7355
AT3G30720	294
AT3G10220	537
AT3G59170	0
AT3G48000	6086
AT3G28243	0
AT3G26210	492
AT3G61035	0
AT3G11440	91
AT3G08820	124
AT3G22330	1955
AT3G15940	999
AT3G25010	72
AT3G52115	135
AT3G44920	0
AT3G55130	733
AT3G24360	51
AT3G08620	240
AT3G26000	902
AT3G28540	255
AT3G24515	247
AT3G17470	655
AT3G03340	794
AT3G04390	0
AT3G08560	3
AT3G54560	1506
AT3G14600	6023
AT3G12460	10
AT3G52820	39
AT3G60245	22856
AT3G30520	0
AT3G51230	167
AT3G26660	1
AT3G03160	1039
AT3G53290	0
AT3G50290	2
AT3G46330	25
AT3G17365	239
AT3G45670	0
AT3G21110	845
AT3G19170	11321
AT3G19150	267
AT3G24350	832
AT3G53730	3318
AT3G45645	0
AT3G57170	498
AT3G05340	128
AT3G60415	232
AT3G28720	1034
AT3G18820	2823
AT3G13750	9194
AT3G50160	0
AT3G47010	175
AT3G11250	1680
AT3G44810	0
AT3G01930	607
AT3G23030	960
AT3G50910	765
AT3G51800	6522
AT3G24506	1003
AT3G21250	1551
AT3G55513	0
AT3G47870	0
AT3G15630	529
AT3G45440	28
AT3G24860	179
AT3G02677	13
AT3G02320	516
AT3G24040	824
AT3G54670	1502
AT3G61580	4739
AT3G22022	0
AT3G12130	932
AT3G28710	3195
AT3G57660	1640
AT3G13530	968
AT3G22200	5619
AT3G15700	41
AT3G06330	326
AT3G01470	1480
AT3G27300	3232
AT3G13300	3317
AT3G58630	292
AT3G28415	1
AT3G21200	2619
AT3G50470	19
AT3G16980	9
AT3G51940	189
AT3G09863	0
AT3G13730	419
AT3G02065	550
AT3G05746	1
AT3G61180	782
AT3G04040	26
AT3G60070	160
AT3G11750	127
AT3G61200	694
AT3G07150	12
AT3G21450	0
AT3G19950	564
AT3G19250	69
AT3G61220	1114
AT3G03730	0
AT3G26770	280
AT3G29185	2327
AT3G01180	1107
AT3G43440	367
AT3G11900	417
AT3G49670	1933
AT3G28290	0
AT3G63520	6192
AT3G14980	756
AT3G04330	13
AT3G52860	255
AT3G24550	2283
AT3G55210	1
AT3G48380	846
AT3G58660	2965
AT3G04410	1
AT3G49045	0
AT3G07840	0
AT3G43660	0
AT3G25640	167
AT3G53230	524
AT3G43750	1
AT3G58770	51
AT3G54360	2550
AT3G09480	115
AT3G03620	1
AT3G05610	6
AT3G27330	279
AT3G15160	840
AT3G62960	51
AT3G16940	870
AT3G15110	1601
AT3G26160	0
AT3G27620	25
AT3G44753	9
AT3G06090	0
AT3G09070	940
AT3G02580	988
AT3G22400	272
AT3G14160	279
AT3G14172	1549
AT3G07450	0
AT3G03670	0
AT3G26190	0
AT3G04943	0
AT3G12775	1
AT3G21100	458
AT3G22961	2
AT3G55430	1437
AT3G10640	453
AT3G09640	0
AT3G55160	701
AT3G16857	1178
AT3G27860	32
AT3G24540	7
AT3G54080	422
AT3G56190	3032
AT3G53820	0
AT3G09730	143
AT3G60290	77
AT3G09890	635
AT3G11180	10
AT3G22870	2
AT3G18520	1209
AT3G06630	71
AT3G22920	1
AT3G52580	3256
AT3G66658	881
AT3G04560	333
AT3G07920	2
AT3G59760	2475
AT3G48185	77
AT3G19613	0
AT3G29035	171
AT3G62150	627
AT3G58070	166
AT3G13403	8
AT3G58800	133
AT3G46880	25
AT3G50150	7
AT3G53090	453
AT3G53360	123
AT3G57810	343
AT3G43470	0
AT3G03090	390
AT3G26618	1041
AT3G26520	21613
AT3G44780	0
AT3G11740	0
AT3G53320	356
AT3G08550	1032
AT3G13677	181
AT3G29190	0
AT3G05060	4093
AT3G24463	37
AT3G49810	497
AT3G07660	2116
AT3G20330	1491
AT3G09162	143
AT3G47980	340
AT3G11100	520
AT3G45260	712
AT3G44190	1502
AT3G07630	996
AT3G07810	2553
AT3G51580	683
AT3G56290	352
AT3G18775	0
AT3G21865	1224
AT3G49210	251
AT3G60670	27
AT3G01230	3
AT3G49930	45
AT3G62610	24
AT3G46630	1240
AT3G60510	329
AT3G58415	0
AT3G19700	0
AT3G12290	3708
AT3G52890	851
AT3G06700	6666
AT3G17070	162
AT3G29330	55
AT3G31402	0
AT3G61110	5393
AT3G07320	2039
AT3G19184	43
AT3G30820	0
AT3G44840	9
AT3G51110	334
AT3G02960	0
AT3G02673	0
AT3G24760	459
AT3G45810	1
AT3G16850	1302
AT3G54770	317
AT3G59410	540
AT3G28730	2180
AT3G05240	0
AT3G26760	240
AT3G02020	3070
AT3G07890	1291
AT3G17940	1887
AT3G50930	201
AT3G06085	0
AT3G02680	139
AT3G56960	196
AT3G04710	557
AT3G54440	2498
AT3G01415	0
AT3G15200	37
AT3G44326	27
AT3G43910	0
AT3G17340	993
AT3G24650	0
AT3G56891	20
AT3G61175	0
AT3G14467	2
AT3G10090	783
AT3G46290	857
AT3G02570	2366
AT3G06050	3352
AT3G47100	13
AT3G54040	1324
AT3G18600	1919
AT3G28310	6
AT3G49920	68
AT3G53780	381
AT3G44935	0
AT3G05090	1241
AT3G57030	504
AT3G51220	83
AT3G03190	0
AT3G43415	0
AT3G20010	494
AT3G21740	343
AT3G17300	685
AT3G50650	346
AT3G60520	214
AT3G16540	8
AT3G57050	1973
AT3G26070	3373
AT3G59130	6
AT3G01740	1054
AT3G53000	351
AT3G06060	701
AT3G07250	0
AT3G51300	24
AT3G21750	1520
AT3G54270	97
AT3G23210	283
AT3G16600	0
AT3G58450	0
AT3G58370	0
AT3G58920	0
AT3G16390	112
AT3G23750	1773
AT3G24100	590
AT3G15540	101
AT3G10455	0
AT3G03530	134
AT3G49260	1283
AT3G53930	455
AT3G28335	0
AT3G49490	1326
AT3G04600	1531
AT3G55270	1425
AT3G20640	174
AT3G09790	9
AT3G29790	0
AT3G61415	410
AT3G21560	2035
AT3G25221	3
AT3G03430	3
AT3G13510	1148
AT3G25100	288
AT3G07460	2278
AT3G24320	383
AT3G43480	0
AT3G02260	4120
AT3G48820	485
AT3G55440	24015
AT3G27950	44
AT3G27200	178
AT3G12390	3725
AT3G17510	607
AT3G61260	2046
AT3G09130	0
AT3G05460	0
AT3G55730	214
AT3G09455	181
AT3G46450	481
AT3G13860	1731
AT3G21870	62
AT3G04890	393
AT3G61460	952
AT3G62210	31
AT3G49310	653
AT3G09360	315
AT3G18535	594
AT3G09440	15756
AT3G11600	200
AT3G03220	547
AT3G18300	22
AT3G13840	19
AT3G60710	4
AT3G10570	96
AT3G23890	2619
AT3G18560	186
AT3G09140	0
AT3G01490	869
AT3G02290	289
AT3G42670	713
AT3G12685	324
AT3G61840	32
AT3G07990	323
AT3G43930	13
AT3G28640	101
AT3G42130	0
AT3G55230	583
AT3G25160	0
AT3G56800	3249
AT3G26750	175
AT3G53150	24
AT3G26300	736
AT3G13900	10
AT3G44250	0
AT3G20290	1350
AT3G10620	666
AT3G16950	1753
AT3G05820	25
AT3G21170	0
AT3G01440	1529
AT3G18450	8
AT3G09032	91
AT3G29170	310
AT3G59510	8
AT3G03400	0
AT3G45820	0
AT3G53410	240
AT3G01325	0
AT3G51000	708
AT3G16170	410
AT3G02670	0
AT3G26850	281
AT3G58600	659
AT3G16640	22887
AT3G56200	328
AT3G21930	0
AT3G21190	910
AT3G18890	4591
AT3G48290	12
AT3G01350	52
AT3G55930	0
AT3G59880	62
AT3G59610	0
AT3G12700	1171
AT3G12833	5
AT3G23635	15
AT3G09580	887
AT3G14225	3
AT3G23325	372
AT3G61700	943
AT3G50610	28
AT3G58850	139
AT3G03040	485
AT3G20260	764
AT3G14050	721
AT3G59270	20
AT3G08980	140
AT3G11591	3
AT3G53440	194
AT3G05030	716
AT3G59290	567
AT3G10980	673
AT3G56620	116
AT3G16300	28
AT3G11630	19480
AT3G28360	1
AT3G48530	1385
AT3G22120	1
AT3G44695	2
AT3G60680	154
AT3G02850	130
AT3G51420	1676
AT3G19140	0
AT3G51490	38
AT3G04730	3112
AT3G50820	25349
AT3G60560	0
AT3G11870	0
AT3G13560	863
AT3G31430	0
AT3G02970	1
AT3G45525	0
AT3G29280	266
AT3G55770	2977
AT3G07650	2148
AT3G56030	85
AT3G54120	83
AT3G05950	5
AT3G29030	772
AT3G27260	1436
AT3G26135	14
AT3G21080	39
AT3G28510	33
AT3G20935	31
AT3G63390	427
AT3G22360	3
AT3G59800	306
AT3G14690	2290
AT3G49050	516
AT3G61820	3822
AT3G28340	60
AT3G21830	0
AT3G62528	1
AT3G03380	2809
AT3G13898	13
AT3G57350	717
AT3G16712	19
AT3G03300	584
AT3G54065	0
AT3G11340	416
AT3G52990	7173
AT3G07270	1532
AT3G46380	0
AT3G53470	643
AT3G21970	0
AT3G03660	28
AT3G17560	0
AT3G61420	428
AT3G57320	355
AT3G45480	0
AT3G45080	10
AT3G32940	476
AT3G03828	0
AT3G13940	665
AT3G11010	171
AT3G57770	63
AT3G62370	508
AT3G58670	401
AT3G13190	363
AT3G55252	0
AT3G60240	5334
AT3G60640	284
AT3G23020	202
AT3G62910	1743
AT3G12170	122
AT3G02330	132
AT3G56510	672
AT3G07490	20
AT3G24255	138
AT3G57160	128
AT3G51610	745
AT3G46940	783
AT3G56850	460
AT3G60780	2
AT3G08940	36645
AT3G10810	893
AT3G10520	3462
AT3G13360	1050
AT3G46820	836
AT3G05675	224
AT3G11960	1039
AT3G44600	1295
AT3G29270	448
AT3G43520	1945
AT3G42850	7
AT3G63510	705
AT3G46800	3
AT3G09300	1981
AT3G06180	166
AT3G25600	268
AT3G08630	729
AT3G27830	13843
AT3G56540	0
AT3G58040	780
AT3G62100	63
AT3G10910	141
AT3G45700	52
AT3G59630	403
AT3G54570	0
AT3G43290	0
AT3G15030	3065
AT3G59470	293
AT3G20475	55
AT3G21470	48
AT3G51340	99
AT3G11090	330
AT3G51360	19
AT3G61560	395
AT3G27650	139
AT3G45555	0
AT3G43120	0
AT3G18220	0
AT3G23610	79
AT3G59770	1618
AT3G05940	265
AT3G48270	0
AT3G53040	15
AT3G26540	237
AT3G05600	467
AT3G46430	2503
AT3G22850	2936
AT3G56330	537
AT3G48675	0
AT3G22210	131
AT3G09085	95
AT3G15605	1
AT3G05400	212
AT3G30525	0
AT3G46420	0
AT3G16580	0
AT3G42870	0
AT3G46460	641
AT3G50900	290
AT3G45000	3
AT3G46170	6
AT3G63060	26
AT3G04680	568
AT3G43850	0
AT3G27340	473
AT3G02645	0
AT3G06440	474
AT3G59460	0
AT3G46750	0
AT3G06160	83
AT3G12140	850
AT3G57520	5046
AT3G13060	1046
AT3G45800	0
AT3G13140	2
AT3G50925	0
AT3G60210	1247
AT3G42640	180
AT3G05650	69
AT3G24820	186
AT3G18040	868
AT3G27530	1580
AT3G20090	196
AT3G05430	115
AT3G16280	82
AT3G23160	258
AT3G19460	438
AT3G49290	281
AT3G55510	798
AT3G11620	286
AT3G46990	83
AT3G60470	0
AT3G61240	2220
AT3G01190	1104
AT3G24300	1010
AT3G30730	2
AT3G15810	1178
AT3G06140	219
AT3G57150	9039
AT3G47740	47
AT3G25013	52
AT3G07300	996
AT3G47420	931
AT3G02875	244
AT3G45420	76
AT3G08570	110
AT3G21900	0
AT3G01572	2
AT3G59400	7
AT3G28674	0
AT3G51020	0
AT3G46090	33
AT3G46610	750
AT3G04980	150
AT3G01060	1397
AT3G48430	1067
AT3G13810	466
AT3G05250	171
AT3G10480	691
AT3G28857	3
AT3G28500	11
AT3G29765	0
AT3G09060	109
AT3G63050	25
AT3G62670	0
AT3G55760	2047
AT3G09240	32
AT3G50110	261
AT3G04640	204
AT3G16860	48
AT3G22630	1259
AT3G52240	588
AT3G55672	0
AT3G17600	12
AT3G19480	1189
AT3G25410	1134
AT3G23450	1514
AT3G17609	243
AT3G16030	157
AT3G55820	26
AT3G17675	0
AT3G60300	925
AT3G02710	1087
AT3G20440	1490
AT3G48690	2210
AT3G49270	0
AT3G46617	2
AT3G50640	135
AT3G56270	176
AT3G15850	3087
AT3G06420	386
AT3G25180	6
AT3G52770	37
AT3G26030	1226
AT3G61430	4594
AT3G56910	5016
AT3G28956	101
AT3G28060	5
AT3G59490	151
AT3G62400	2214
AT3G43400	0
AT3G09780	114
AT3G57120	214
AT3G17100	904
AT3G09740	1730
AT3G51840	2682
AT3G20340	94
AT3G26230	164
AT3G04490	775
AT3G11410	1016
AT3G26590	742
AT3G54600	3926
AT3G57787	0
AT3G47490	769
AT3G14630	10
AT3G27570	2173
AT3G47150	0
AT3G48620	0
AT3G02880	1316
AT3G58150	8
AT3G52110	596
AT3G18860	1628
AT3G17490	0
AT3G12730	128
AT3G04580	620
AT3G07910	1307
AT3G27120	169
AT3G17570	0
AT3G04180	0
AT3G30160	0
AT3G20570	625
AT3G13660	0
AT3G58120	754
AT3G19280	162
AT3G06895	0
AT3G44720	739
AT3G21810	307
AT3G14620	812
AT3G09922	308
AT3G12100	272
AT3G30580	0
AT3G09620	0
AT3G61210	535
AT3G44450	490
AT3G56350	0
AT3G15635	0
AT3G30235	0
AT3G49970	10
AT3G05936	96
AT3G19040	28
AT3G13432	15
AT3G15710	527
AT3G22880	498
AT3G63150	1276
AT3G49120	6466
AT3G07525	221
AT3G26440	632
AT3G07470	1521
AT3G20362	0
AT3G22950	629
AT3G17540	0
AT3G44550	411
AT3G23280	2152
AT3G62030	25285
AT3G60961	3
AT3G12280	1428
AT3G52130	0
AT3G07080	390
AT3G09290	23
AT3G28760	517
AT3G49850	346
AT3G29794	0
AT3G29305	1
AT3G49660	262
AT3G47990	560
AT3G06070	263
AT3G50270	621
AT3G07780	1712
AT3G15640	2144
AT3G63370	473
AT3G17000	775
AT3G03450	116
AT3G11280	1011
AT3G26560	2330
AT3G59620	1
AT3G06750	354
AT3G52400	627
AT3G02830	1320
AT3G18524	547
AT3G57062	406
AT3G03250	5737
AT3G14110	4171
AT3G54960	2085
AT3G14250	0
AT3G27850	13083
AT3G20430	465
AT3G20750	0
AT3G59240	0
AT3G13220	0
AT3G27810	0
AT3G15340	85
AT3G63190	5330
AT3G16420	14130
AT3G56450	121
AT3G62850	0
AT3G44713	77
AT3G20060	1436
AT3G54930	181
AT3G10525	133
AT3G21380	0
AT3G03260	63
AT3G08710	630
AT3G62860	201
AT3G25770	4226
AT3G16060	1620
AT3G55030	500
AT3G02350	2108
AT3G01435	278
AT3G17240	4297
AT3G53160	30
AT3G45650	386
AT3G48350	410
AT3G51760	64
AT3G48470	117
AT3G13910	344
AT3G57940	806
AT3G52700	0
AT3G60580	62
AT3G04530	128
AT3G21460	42
AT3G25280	0
AT3G55290	147
AT3G10595	0
AT3G46030	4223
AT3G50990	0
AT3G08890	365
AT3G10580	1
AT3G28223	0
AT3G22750	354
AT3G26670	759
AT3G28853	0
AT3G01580	115
AT3G53880	443
AT3G46950	115
AT3G01870	9
AT3G14320	1
AT3G12270	1219
AT3G28899	0
AT3G06910	280
AT3G52690	0
AT3G03210	227
AT3G57290	5107
AT3G06100	13
AT3G53670	1190
AT3G54750	896
AT3G45860	45
AT3G07330	1278
AT3G05035	3
AT3G61723	0
AT3G49142	115
AT3G04150	0
AT3G14580	135
AT3G16180	598
AT3G55970	7
AT3G08740	5396
AT3G44890	7888
AT3G10070	523
AT3G25490	0
AT3G57530	832
AT3G14260	51
AT3G16310	1204
AT3G61520	405
AT3G28030	433
AT3G51990	188
AT3G05685	45
AT3G57480	124
AT3G10605	17
AT3G51120	977
AT3G13772	1391
AT3G11450	2402
AT3G14850	156
AT3G22570	0
AT3G62820	246
AT3G13370	0
AT3G26400	1116
AT3G22740	230
AT3G07255	3
AT3G02760	3017
AT3G05425	0
AT3G52180	2917
AT3G25210	234
AT3G27740	2642
AT3G24490	752
AT3G54810	1108
AT3G51530	192
AT3G46180	297
AT3G47370	4853
AT3G59480	103
AT3G18930	286
AT3G10960	283
AT3G30705	0
AT3G13235	1555
AT3G12750	273
AT3G18190	4356
AT3G25050	0
AT3G25680	520
AT3G55665	0
AT3G47860	3269
AT3G26140	0
AT3G17900	1244
AT3G21860	2
AT3G13180	1484
AT3G23670	1102
AT3G53100	420
AT3G14070	86
AT3G18340	0
AT3G45540	0
AT3G06600	34
AT3G18800	303
AT3G56640	400
AT3G09350	420
AT3G45730	103
AT3G26170	74
AT3G29180	1142
AT3G49796	3
AT3G57430	489
AT3G33187	0
AT3G51810	0
AT3G45248	0
AT3G58880	0
AT3G09010	121
AT3G12440	1
AT3G19515	1078
AT3G54000	164
AT3G17265	0
AT3G63090	272
AT3G46890	17
AT3G22440	7437
AT3G53570	505
AT3G04700	2
AT3G47790	94
AT3G29040	0
AT3G05480	76
AT3G14870	272
AT3G61250	66
AT3G61670	784
AT3G45040	269
AT3G23637	0
AT3G62560	569
AT3G26280	471
AT3G15350	505
AT3G59310	125
AT3G17850	1912
AT3G50040	97
AT3G51160	2069
AT3G52155	746
AT3G14180	940
AT3G29000	36
AT3G22290	802
AT3G54950	454
AT3G21215	1031
AT3G22500	0
AT3G16740	661
AT3G25570	483
AT3G08730	1498
AT3G54790	721
AT3G11730	959
AT3G63380	279
AT3G58320	0
AT3G18410	3912
AT3G15270	13
AT3G16190	826
AT3G62750	2096
AT3G03980	634
AT3G55090	55
AT3G25070	551
AT3G57020	1026
AT3G61070	874
AT3G06670	1872
AT3G01040	518
AT3G61130	3027
AT3G11350	0
AT3G52200	2484
AT3G23165	0
AT3G16270	1425
AT3G15960	0
AT3G32420	0
AT3G50320	0
AT3G05327	22
AT3G06810	1456
AT3G48240	22
AT3G15470	839
AT3G22940	0
AT3G02940	35
AT3G60770	7755
AT3G13226	577
AT3G01340	1648
AT3G10260	776
AT3G18080	15968
AT3G54250	646
AT3G09410	613
AT3G03610	358
AT3G60750	74851
AT3G58890	0
AT3G21720	296
AT3G20710	12
AT3G10660	331
AT3G55620	2332
AT3G06019	0
AT3G20850	4
AT3G47810	2257
AT3G19663	3
AT3G01345	1
AT3G24130	3
AT3G55560	468
AT3G17370	0
AT3G17460	52
AT3G60880	756
AT3G10400	0
AT3G45660	29
AT3G51260	3603
AT3G12110	568
AT3G50330	0
AT3G10920	6152
AT3G03830	3
AT3G55710	147
AT3G22600	935
AT3G46120	0
AT3G61113	45
AT3G49450	0
AT3G61880	113
AT3G44060	0
AT3G03070	2145
AT3G43710	0
AT3G28216	0
AT3G03680	712
AT3G19895	340
AT3G14700	21
AT3G45220	0
AT3G28860	4092
AT3G12930	2097
AT3G06380	819
AT3G04590	1137
AT3G07830	2
AT3G49610	0
AT3G24830	18714
AT3G51210	0
AT3G14830	452
AT3G18165	1689
AT3G32040	83
AT3G59430	211
AT3G20220	2
AT3G21550	382
AT3G56140	1127
AT3G27140	0
AT3G13550	499
AT3G27750	317
AT3G49390	1336
AT3G59520	217
AT3G20300	251
AT3G03630	877
AT3G11240	204
AT3G59200	74
AT3G22723	0
AT3G06920	289
AT3G17740	347
AT3G43432	0
AT3G56420	0
AT3G50380	1066
AT3G24460	88
AT3G19810	1138
AT3G47965	156
AT3G49630	8
AT3G24200	806
AT3G18270	707
AT3G02610	42
AT3G21352	11
AT3G25719	0
AT3G07230	3723
AT3G06360	36
AT3G25200	0
AT3G49307	0
AT3G56900	433
AT3G06710	28
AT3G62270	1883
AT3G24850	0
AT3G46350	0
AT3G45990	0
AT3G25950	18
AT3G51890	198
AT3G18830	1874
AT3G02420	1249
AT3G49030	0
AT3G45070	149
AT3G23790	347
AT3G05858	23
AT3G49560	3312
AT3G43240	1107
AT3G30841	293
AT3G44750	3031
AT3G13440	993
AT3G58110	1222
AT3G54925	0
AT3G58760	652
AT3G21480	419
AT3G44140	0
AT3G51050	1651
AT3G26940	3
AT3G14920	692
AT3G06580	1890
AT3G09110	0
AT3G06520	53
AT3G52870	1783
AT3G02900	947
AT3G26355	0
AT3G56220	73
AT3G17160	1705
AT3G26922	97
AT3G50450	3
AT3G60530	774
AT3G48840	0
AT3G05560	9091
AT3G63040	0
AT3G11385	14
AT3G62800	280
AT3G49744	0
AT3G07260	9
AT3G05830	223
AT3G51750	106
AT3G46680	4
AT3G13276	0
AT3G05780	2
AT3G08360	3
AT3G06725	0
AT3G04265	0
AT3G02625	0
AT3G05965	0
AT3G07965	0
AT3G07765	0
AT3G05735	0
AT3G06525	0
AT3G04365	0
AT3G03165	10
AT3G04335	0
AT3G08345	0
AT3G03655	0
AT3G03285	0
AT3G02155	0
AT3G08875	0
AT3G05275	0
AT3G09525	3
AT3G07495	4
AT3G08310	0
AT3G04385	0
AT3G03035	0
AT3G01285	0
AT3G06285	0
AT3G06055	0
AT3G04245	0
AT3G05605	0
AT3G09605	0
AT3G01655	0
AT3G01105	2
AT3G04565	0
AT3G06855	0
AT3G04325	0
AT3G06185	0
AT3G03835	0
AT3G05705	0
AT3G06605	0
AT3G07675	30
AT3G08175	0
AT3G08050	0
AT3G05555	0
AT3G05485	0
AT3G06405	0
AT3G07665	0
AT3G06685	0
AT3G08745	0
AT3G07745	0
AT3G08315	0
AT3G04205	0
AT3G05995	6
AT3G02135	0
AT3G08450	0
AT3G01445	0
AT3G05025	0
AT3G06765	0
AT3G05315	0
AT3G01195	1
AT3G08755	0
AT3G04675	0
AT3G02685	0
AT3G01885	0
AT3G03605	14
AT3G03805	5
AT3G05645	0
AT3G01565	0
AT3G06555	0
AT3G01295	77
AT3G03915	0
AT3G06395	0
AT3G08355	0
AT3G08140	0
AT3G01585	0
AT3G02325	0
AT3G06155	0
AT3G09025	0
AT3G02415	0
AT3G02235	0
AT3G06575	0
AT3G07775	0
AT3G05205	0
AT3G06955	8
AT3G07645	0
AT3G06165	0
AT3G08455	1
AT3G04665	0
AT3G05305	0
AT3G08465	0
AT3G01075	0
AT3G02985	0
AT3G03705	0
AT3G03005	0
AT3G05085	0
AT3G02665	0
AT3G07295	0
AT3G09095	0
AT3G04625	0
AT3G07325	0
AT3G01965	0
AT3G01625	0
AT3G08775	0
AT3G02995	0
AT3G03985	0
AT3G04345	0
AT3G03825	3
AT3G03465	0
AT3G03715	0
AT3G03505	0
AT3G01125	0
AT3G07985	0
AT3G08925	0
AT3G06275	0
AT3G08325	0
AT3G01855	0
AT3G02145	0
AT3G05945	195
AT3G08190	0
AT3G09695	0
AT3G05455	0
AT3G01315	0
AT3G03875	0
AT3G08200	0
AT3G08855	0
AT3G04925	0
AT3G08330	2
AT3G08155	0
AT3G06535	0
AT3G01275	0
AT3G09415	113
AT3G08420	0
AT3G06385	0
AT3G06625	0
AT3G04145	0
AT3G08035	0
AT3G08380	0
AT3G08845	0
AT3G01975	0
AT3G06475	0
AT3G09075	0
AT3G07075	0
AT3G00995	0
AT3G09935	0
AT3G02745	0
AT3G05495	0
AT3G05385	0
AT3G05925	1
AT3G07225	0
AT3G04775	0
AT3G05795	0
AT3G04425	0
AT3G08185	4
AT3G04725	1
AT3G02735	0
AT3G07165	0
AT3G01535	0
AT3G03345	0
AT3G05635	2
AT3G01865	0
AT3G09675	0
AT3G05825	0
AT3G02815	0
AT3G04395	0
AT3G04475	0
AT3G05785	0
AT3G01365	0
AT3G08255	0
AT3G05105	9
AT3G08295	0
AT3G08100	0
AT3G02655	0
AT3G05595	0
AT3G01575	0
AT3G09185	1
AT3G02405	0
AT3G07815	0
AT3G04875	0
AT3G03075	0
AT3G09835	0
AT3G05475	0
AT3G02695	0
AT3G01395	0
AT3G08105	0
AT3G03085	0
AT3G09445	0
AT3G05535	0
AT3G06905	0
AT3G08130	0
AT3G03195	0
AT3G01845	3
AT3G02595	0
AT3G04005	0
AT3G02945	0
AT3G01595	0
AT3G04745	0
AT3G06585	0
AT3G05195	0
AT3G04085	12
AT3G06695	0
AT3G01305	0
AT3G09265	0
AT3G05375	0
AT3G07945	0
AT3G05695	0
AT3G00970	5
AT3G03755	0
AT3G09335	0
AT3G07555	0
AT3G06415	0
AT3G04595	0
AT3G08265	0
AT3G02705	1
AT3G09125	0
AT3G06115	0
AT3G06095	1
AT3G01805	0
AT3G04645	0
AT3G03665	0
AT3G06745	0
AT3G04235	0
AT3G05665	0
AT3G04805	0
AT3G08825	0
AT3G05005	0
AT3G04955	0
AT3G03945	0
AT3G08135	0
AT3G09345	10
AT3G08965	0
AT3G06245	2
AT3G06045	0
AT3G08065	93
AT3G07475	0
AT3G08390	0
AT3G08250	0
AT3G08935	0
AT3G08725	0
AT3G06925	0
AT3G04045	0
AT3G01385	1
AT3G07435	0
AT3G07275	1
AT3G08110	0
AT3G03555	0
AT3G01425	29
AT3G06835	0
AT3G04895	0
AT3G04415	0
AT3G09705	0
AT3G02895	3
AT3G01735	0
AT3G06375	0
AT3G03735	0
AT3G03455	0
AT3G02805	0
AT3G01665	0
AT3G06975	0
AT3G05915	0
AT3G06075	0
AT3G03355	0
AT3G06315	0
AT3G04845	1
AT3G05895	0
AT3G09555	3
AT3G07585	0
AT3G08005	0
AT3G09315	0
AT3G06755	19
AT3G05395	0
AT3G02835	0
AT3G04125	0
AT3G01835	9
AT3G04975	2
AT3G04225	0
AT3G02055	0
AT3G01225	0
AT3G02825	0
AT3G05465	2
AT3G03205	0
AT3G06735	0
AT3G09065	0
AT3G01765	0
AT3G03635	0
AT3G07955	0
AT3G05235	0
AT3G01985	0
AT3G07465	2
AT3G09765	0
AT3G08430	0
AT3G01255	0
AT3G07085	0
AT3G06635	0
AT3G08915	0
AT3G06795	0
AT3G05045	0
AT3G09195	0
AT3G03045	0
AT3G04585	0
AT3G06715	0
AT3G08765	0
AT3G01095	0
AT3G03365	0
AT3G08460	0
AT3G04495	1
AT3G09825	0
AT3G08395	0
AT3G01785	0
AT3G06675	0
AT3G06515	0
AT3G05505	0
AT3G08415	0
AT3G04575	0
AT3G04505	0
AT3G08815	0
AT3G08025	0
AT3G06845	0
AT3G09665	0
AT3G07975	0
AT3G06465	1
AT3G05855	0
AT3G02775	2
AT3G03775	0
AT3G03495	0
AT3G08090	0
AT3G07395	0
AT3G03115	0
AT3G02425	0
AT3G06205	0
AT3G02905	0
AT3G02635	0
AT3G08905	2
AT3G09545	5
AT3G04795	0
AT3G04555	0
AT3G05745	0
AT3G08985	0
AT3G02615	0
AT3G06255	0
AT3G01235	9
AT3G06295	0
AT3G03995	0
AT3G04515	0
AT3G08080	0
AT3G09015	0
AT3G06485	0
AT3G03795	0
AT3G05815	0
AT3G07865	0
AT3G08435	0
AT3G06355	237
AT3G04455	0
AT3G05845	0
AT3G03685	0
AT3G09045	0
AT3G05135	0
AT3G08335	0
AT3G02785	0
AT3G09785	1
AT3G06495	2
AT3G06025	0
AT3G09205	0
AT3G06265	0
AT3G07405	0
AT3G05125	0
AT3G07335	0
AT3G01025	0
AT3G04115	10
AT3G08535	0
AT3G09105	0
AT3G03435	2
AT3G04295	0
AT3G07845	0
AT3G07245	0
AT3G06785	0
AT3G07855	0
AT3G04935	0
AT3G08125	0
AT3G07905	0
AT3G02195	0
AT3G08160	0
AT3G09435	0
AT3G05885	0
AT3G09565	1
AT3G06425	0
AT3G04065	1
AT3G06015	0
AT3G01675	0
AT3G05265	0
AT3G05225	0
AT3G04375	0
AT3G09365	1
AT3G04995	0
AT3G07505	4
AT3G09465	7
AT3G06225	0
AT3G06065	0
AT3G01555	0
AT3G05805	0
AT3G06935	0
AT3G07415	0
AT3G09945	0
AT3G08835	0
AT3G09855	7
AT3G07125	0
AT3G05445	2
AT3G09115	0
AT3G07345	0
AT3G07235	0
AT3G01115	1
AT3G03325	22
AT3G07995	0
AT3G06215	0
AT3G03525	0
AT3G06615	0
AT3G09775	5
AT3G03375	0
AT3G08545	0
AT3G03645	0
AT3G07135	0
AT3G05245	0
AT3G08715	0
AT3G04305	0
AT3G09245	0
AT3G06815	0
AT3G03615	1
AT3G02265	0
AT3G03935	1
AT3G04095	0
AT3G08290	0
AT3G07915	0
AT3G02605	0
AT3G02395	0
AT3G03335	0
AT3G08205	0
AT3G04705	0
AT3G05765	0
AT3G06805	0
AT3G07155	0
AT3G07895	3
AT3G08585	4
AT3G08120	0
AT3G08370	2
AT3G03925	0
AT3G09355	0
AT3G09485	0
AT3G01815	0
AT3G09685	0
AT3G05055	4
AT3G05095	0
AT3G09255	0
AT3G06775	0
AT3G04435	0
AT3G06565	0
AT3G07045	0
AT3G03055	0
AT3G08280	0
AT3G09395	0
AT3G02345	0
AT3G04405	0
AT3G07655	0
AT3G06235	0
AT3G08595	0
AT3G04315	0
AT3G05655	16
AT3G03295	0
AT3G04815	0
AT3G03595	0
AT3G08260	0
AT3G09755	0
AT3G08495	0
AT3G09425	0
AT3G08270	0
AT3G05295	0
AT3G06135	0
AT3G01645	0
AT3G03515	0
AT3G03725	0
AT3G09325	0
AT3G09845	0
AT3G08340	0
AT3G01775	0
AT3G05175	0
AT3G03905	0
AT3G07935	0
AT3G05955	3
AT3G03675	0
AT3G05585	0
AT3G06645	0
AT3G00975	0
AT3G08115	5
AT3G04215	0
AT3G07545	0
AT3G06655	2
AT3G03765	0
AT3G08055	0
AT3G06915	0
AT3G02955	3
AT3G09475	0
AT3G08085	0
AT3G04355	2
AT3G02585	0
AT3G02475	0
AT3G04195	0
AT3G02115	0
AT3G08170	0
AT3G08895	0
AT3G04685	0
AT3G01615	0
AT3G08975	0
AT3G03155	0
AT3G01005	0
AT3G08785	0
AT3G01605	0
AT3G01135	0
AT3G01525	0
AT3G02075	0
AT3G03745	0
AT3G08705	0
AT3G01925	0
AT3G01905	0
AT3G02565	0
AT3G09645	0
AT3G52072	32
AT3G07835	0
AT3G09625	0
AT3G07925	0
AT3G08635	9
AT3G08405	0
AT3G09155	0
AT3G03702	3
AT3G46668	50
AT3G09815	0
AT3G01895	0
AT3G13061	0
AT3G09305	1
AT3G03895	0
AT3G07355	0
AT3G03385	0
AT3G08235	0
AT3G07885	0
AT3G27990	213
AT3G04135	0
AT3G01202	3
AT3G02485	0
AT3G03975	0
AT3G02845	0
AT3G09635	0
AT3G02275	0
AT3G51238	0
AT3G02575	0
AT3G04695	0
AT3G04785	0
AT3G02095	0
AT3G06325	0
AT3G56408	2
AT3G07825	12
AT3G08240	14
AT3G02855	0
AT3G01142	0
AT3G02755	0
AT3G09875	0
AT3G09745	2
AT3G07105	0
AT3G01795	75
AT3G01755	0
AT3G52535	34
AT3G08215	0
AT3G02105	0
AT3G08795	0
AT3G52605	0
AT3G09965	0
AT3G02035	4
AT3G04285	6
AT3G03955	0
AT3G03135	1
AT3G20978	24
AT3G03145	0
AT3G04965	2
AT3G03475	3
AT3G08470	0
AT3G63445	103
AT3G09275	0
AT3G01165	0
AT3G07795	0
AT3G08225	0
AT3G51075	25
AT3G09575	0
AT3G04755	14
AT3G01485	0
AT3G03865	2
AT3G04035	0
AT3G09895	0
AT3G08245	0
AT3G04255	0
AT3G09655	0
AT3G09905	0
AT3G09795	0
AT3G04015	0
AT3G02465	0
AT3G09145	4
AT3G08515	0
AT3G19002	0
AT3G03815	5
AT3G08480	0
AT3G04615	0
AT3G03025	25
AT3G04635	0
AT3G02765	0
AT3G08665	0
AT3G08805	0
AT3G08645	0
AT3G08220	19
AT3G21755	50
AT3G01045	0
AT3G21781	0
AT3G12502	0
AT3G09985	3
AT3G02935	0
AT3G49668	0
AT3G05905	5
AT3G07625	0
AT3G58795	0
AT3G02225	4
AT3G08300	0
AT3G08230	0
AT3G46658	5
AT3G07315	0
AT3G05285	0
AT3G07785	0
AT3G02545	2
AT3G01945	0
AT3G03125	0
AT3G59695	0
AT3G22121	0
AT3G01515	0
AT3G07205	20
AT3G03095	0
AT3G08475	0
AT3G01035	9
AT3G01215	0
AT3G04055	1
AT3G01375	15
AT3G09135	0
AT3G02535	0
AT3G04185	0
AT3G01065	0
AT3G07365	0
AT3G08350	0
AT3G07705	0
AT3G03785	0
AT3G09295	0
AT3G08070	0
AT3G01495	0
AT3G04275	18
AT3G01935	0
AT3G01915	0
AT3G04025	0
AT3G08655	2
AT3G07875	16
AT3G04825	0
AT3G02085	0
AT3G02305	0
AT3G04915	0
AT3G01505	0
AT3G08685	0
AT3G02365	0
AT3G08045	1
AT3G05932	8
AT3G08525	1
AT3G03965	74
AT3G01995	0
AT3G02505	0
AT3G08400	0
AT3G03105	20
AT3G01745	4
AT3G22072	0
AT3G04835	0
AT3G57965	89
AT3G02015	1
AT3G09725	13
AT3G07305	0
AT3G07175	1
AT3G29644	156
AT3G24332	0
AT3G09175	0
AT3G07375	0
AT3G02165	0
AT3G02295	0
AT3G08425	6
AT3G54625	5
AT3G02455	1
AT3G05575	0
AT3G08675	0
AT3G02925	0
AT3G02025	0
AT3G01635	0
AT3G07805	0
AT3G59068	13
AT3G07385	0
AT3G24518	3
AT3G02525	0
AT3G08365	0
AT3G07615	0
AT3G05015	0
AT3G02495	2
AT3G02285	0
AT3G01545	0
AT3G02915	0
AT3G05145	0
AT3G09495	0
AT3G09955	4
AT3G03215	0
AT3G01055	0
AT3G01205	0
AT3G05075	0
AT3G03225	1
AT3G08075	1
AT3G02215	0
AT3G03265	18
AT3G03275	1
AT3G09995	0
AT3G03535	0
AT3G07605	0
AT3G55734	5
AT3G07065	0
AT3G26812	0
AT3G09515	0
AT3G63375	14
AT3G04655	0
AT3G06595	0
AT3G48057	1
AT3G18895	0
AT3G23326	2
AT3G51375	1
AT3G26813	3
AT3G08150	0
AT3G23125	0
AT3G06445	0
AT3G26816	2
AT3G04765	1
AT3G55512	0
AT3G03235	0
AT3G03255	0
AT3G26819	0
AT3G53016	0
AT3G07515	0
AT3G18217	46
AT3G48201	0
AT3G07095	0
AT3G03245	0
AT3G44444	5
AT3G11435	0
AT3G05515	0
AT3G10745	6
AT3G26815	18
AT3G13405	29
AT3G13724	0
AT3G53015	0
AT3G09285	0
AT3G07695	0
AT3G61897	8
AT3G26818	5
AT3G03625	8
AT3G09615	0
AT3G07685	0
AT3G06345	522
AT3G05985	0
AT3G59884	2
AT3G22886	9
AT3G08285	0
AT3G14385	0
AT3G18827	0
AT3G07755	0
AT3G47347	6
AT3G02795	0
AT3G03415	0
AT3G24615	0
AT3G02725	0
AT3G08275	28
AT3G05335	7
AT3G50825	72
AT3G08165	79
AT3G02205	3
AT3G07725	14
AT3G24614	0
AT3G05355	51
AT3G09865	0
AT3G05715	16
AT3G02045	0
AT3G01155	0
AT3G02385	0
AT3G13525	0
AT3G27865	18
AT3G04165	15
AT3G03445	0
AT3G21805	13
AT3G01313	0
AT3G14475	0
AT3G24612	0
AT3G01145	0
AT3G08485	0
AT3G03425	0
AT3G02435	19
AT3G05325	9
AT3G02445	12
AT3G00985	0
AT3G09225	0
AT3G01316	2
AT3G58193	3
AT3G04985	0
AT3G58196	0
AT3G03175	0
AT3G08210	0
AT3G04175	12
AT3G07735	7
AT3G04155	2
AT3G47342	2
AT3G03585	0
AT3G47348	278
AT3G07715	32
AT3G08735	0
AT3G56825	7
AT3G57645	3
AT3G57765	0
AT3G05115	0
AT3G08945	0
AT3G56705	5
AT3G04905	0
AT3G08615	0
AT3G01715	0
AT3G08695	0
AT3G01695	0
AT3G06900	0
AT3G08575	0
AT3G13855	0
AT3G14735	0
AT3G07265	0
AT3G08605	0
AT3G09005	9
AT3G60805	0
AT3G10415	0
AT3G52345	0
AT3G27555	0
AT3G62285	0
AT3G55795	0
AT3G28695	0
AT3G05525	0
AT3G11505	0
AT3G05755	0
AT3G62735	0
AT3G18952	0
AT3G09505	0
AT3G06105	0
AT3G62245	0
AT3G13335	0
AT3G07185	0
AT3G06335	0
AT3G45955	0
AT3G01705	0
AT3G19235	0
AT3G60075	0
AT3G44955	0
AT3G03845	0
AT3G26747	0
AT3G28685	0
AT3G59415	0
AT3G59923	0
AT3G20655	0
AT3G27845	0
AT3G52955	0
AT3G61715	0
AT3G07055	0
AT3G20885	0
AT3G11395	0
AT3G50895	0
AT3G48275	0
AT3G02335	0
AT3G27825	0
AT3G56085	0
AT3G59926	0
AT3G15055	0
AT3G04525	0
AT3G14855	0
AT3G03852	0
AT3G52565	0
AT3G07115	0
AT3G21475	0
AT3G48745	0
AT3G09595	0
AT3G45965	0
AT3G50835	0
AT3G50665	0
AT3G52765	0
AT3G09585	0
AT3G45935	0
AT3G46875	0
AT3G53965	0
AT3G61825	0
AT3G55735	0
AT3G61105	0
AT3G49925	0
AT3G29095	0
AT3G02715	0
AT3G13223	0
AT3G53775	0
AT3G06665	0
AT3G58165	0
AT3G10015	0
AT3G58035	0
AT3G11285	0
AT3G50505	0
AT3G10035	0
AT3G63006	0
AT3G48515	0
AT3G61755	0
AT3G61545	0
AT3G51135	0
AT3G12385	0
AT3G07025	0
AT3G25715	0
AT3G15585	0
AT3G18815	0
AT3G12585	1
AT3G52285	0
AT3G30345	2
AT3G02315	0
AT3G16552	0
AT3G51265	0
AT3G05835	0
AT3G46585	0
AT3G63003	0
AT3G41979	0
AT3G41768	23345
AT3G54366	394
AT3G18362	1
AT3G60972	6
AT3G55485	0
AT3G61118	11
AT3G53365	15
AT3G06125	374
AT3G27884	9
AT3G26612	122
AT3G12965	2738
AT3G44765	11
AT3G15536	8
AT3G06962	9
AT3G05152	4
AT3G41761	0
AT3G07215	174
AT3G46614	5
AT3G14185	1
AT3G13277	9
AT3G17185	272
AT3G03695	0
AT3G07635	1
AT3G59765	240
AT3G05185	0
AT3G60238	0
AT3G57157	212
AT3G08410	1
AT3G04485	95
AT3G61198	30
AT3G05215	0
AT3G03065	0
AT3G07485	2
AT3G44798	156
AT3G04535	0
AT3G60176	0
AT3G52748	49
AT3G52742	0
AT3G00980	0
AT3G25795	12
AT3G45638	12
AT3G02832	22
AT3G48115	261
AT3G11415	0
AT2G43120	307
AT2G21390	5651
AT2G21930	0
AT2G18870	0
AT2G38310	2018
AT2G26900	7248
AT2G32710	481
AT2G16970	21
AT2G46620	422
AT2G43750	5628
AT2G24490	477
AT2G15080	152
AT2G37678	328
AT2G46225	562
AT2G27700	0
AT2G16953	0
AT2G22320	0
AT2G37260	189
AT2G04031	0
AT2G16130	0
AT2G47560	122
AT2G37390	406
AT2G06050	1271
AT2G35250	0
AT2G38390	865
AT2G25250	461
AT2G15710	0
AT2G33520	0
AT2G26330	1938
AT2G39280	929
AT2G47730	7916
AT2G02310	4
AT2G07719	0
AT2G23160	0
AT2G40900	566
AT2G39140	1276
AT2G46440	159
AT2G17630	1065
AT2G21105	0
AT2G15470	0
AT2G47790	879
AT2G19190	469
AT2G41835	159
AT2G45130	141
AT2G39110	189
AT2G38910	0
AT2G44360	451
AT2G36060	1302
AT2G07684	0
AT2G32950	906
AT2G24420	1715
AT2G40950	856
AT2G40750	159
AT2G05100	34710
AT2G28960	163
AT2G04842	3257
AT2G20690	1918
AT2G45580	0
AT2G31360	9757
AT2G01830	1074
AT2G31865	78
AT2G16710	514
AT2G29080	3792
AT2G46280	3098
AT2G19870	1922
AT2G14210	15
AT2G28520	1217
AT2G22345	0
AT2G44440	269
AT2G16580	74
AT2G30730	4
AT2G23690	58
AT2G40710	8
AT2G30925	0
AT2G31265	0
AT2G02930	2
AT2G32040	1107
AT2G13275	0
AT2G34940	36
AT2G18720	5
AT2G20320	458
AT2G16190	0
AT2G27300	23
AT2G31800	1550
AT2G46420	709
AT2G37805	0
AT2G36420	626
AT2G33580	85
AT2G38010	620
AT2G20625	0
AT2G19490	334
AT2G35320	584
AT2G47400	23178
AT2G40360	4188
AT2G42240	269
AT2G35270	149
AT2G46330	2200
AT2G27035	71
AT2G03300	0
AT2G35610	1674
AT2G30460	221
AT2G19560	399
AT2G31740	1102
AT2G14880	1778
AT2G39725	130
AT2G38660	527
AT2G16505	0
AT2G07785	0
AT2G41082	24
AT2G25330	0
AT2G28560	38
AT2G21140	1791
AT2G01300	8
AT2G35240	1232
AT2G35960	914
AT2G33400	619
AT2G02180	965
AT2G42690	1547
AT2G39570	1246
AT2G23060	3
AT2G22120	447
AT2G47470	5255
AT2G45110	0
AT2G03955	0
AT2G46890	517
AT2G39770	3633
AT2G24180	1342
AT2G29970	1063
AT2G40340	296
AT2G03620	228
AT2G27930	56
AT2G25055	6
AT2G03230	0
AT2G34770	747
AT2G01540	299
AT2G16880	466
AT2G43790	1038
AT2G33793	184
AT2G44030	0
AT2G45650	10
AT2G28350	482
AT2G44080	350
AT2G18400	835
AT2G39210	689
AT2G47040	16
AT2G28630	332
AT2G03290	0
AT2G39320	1
AT2G36200	881
AT2G21090	335
AT2G34140	109
AT2G05642	0
AT2G45450	163
AT2G26695	187
AT2G34325	27
AT2G16005	33
AT2G29790	0
AT2G07734	0
AT2G03880	59
AT2G20784	0
AT2G37790	701
AT2G45760	7
AT2G03932	0
AT2G32910	1091
AT2G34160	589
AT2G29040	0
AT2G05810	30
AT2G30750	202
AT2G37010	2
AT2G26820	119
AT2G24340	0
AT2G14395	0
AT2G28880	340
AT2G21490	0
AT2G24700	173
AT2G21280	2365
AT2G01290	620
AT2G12935	0
AT2G03500	187
AT2G03937	0
AT2G15760	52
AT2G07701	0
AT2G37660	13321
AT2G36160	8578
AT2G24800	10
AT2G20450	5629
AT2G35780	1450
AT2G31020	182
AT2G27775	389
AT2G24410	0
AT2G36740	521
AT2G38130	553
AT2G34650	127
AT2G27570	0
AT2G35020	977
AT2G16535	0
AT2G31670	2016
AT2G18880	0
AT2G16400	1249
AT2G43880	29
AT2G19260	296
AT2G02220	688
AT2G14820	145
AT2G14945	0
AT2G28725	0
AT2G42130	1671
AT2G22941	0
AT2G23130	297
AT2G16940	2307
AT2G21030	5
AT2G22310	153
AT2G32300	233
AT2G02630	27
AT2G14000	0
AT2G31082	9
AT2G42475	0
AT2G03830	20
AT2G04622	0
AT2G01990	311
AT2G36750	142
AT2G40720	106
AT2G39010	4995
AT2G27380	1
AT2G33000	14
AT2G27535	7
AT2G24030	37
AT2G21890	9
AT2G34870	0
AT2G37370	24
AT2G06908	0
AT2G15580	748
AT2G13430	1
AT2G01320	1673
AT2G07621	0
AT2G37610	20
AT2G42350	110
AT2G28710	51
AT2G24740	2
AT2G17350	505
AT2G43795	0
AT2G33260	19
AT2G40070	1120
AT2G07674	4
AT2G40380	949
AT2G46110	211
AT2G46660	111
AT2G39720	974
AT2G44195	6
AT2G47844	13
AT2G25830	1718
AT2G39435	101
AT2G03240	695
AT2G04378	557
AT2G31210	1
AT2G47880	51
AT2G07560	0
AT2G28140	105
AT2G07631	0
AT2G18320	0
AT2G02080	674
AT2G39910	262
AT2G39090	580
AT2G35620	1482
AT2G23670	0
AT2G17190	2532
AT2G15400	31
AT2G43330	362
AT2G11623	0
AT2G43370	180
AT2G04230	303
AT2G37650	187
AT2G31141	146
AT2G18970	0
AT2G20208	0
AT2G30380	30
AT2G34440	0
AT2G04870	0
AT2G01905	31
AT2G46430	330
AT2G14288	0
AT2G41460	415
AT2G42500	2583
AT2G32240	3946
AT2G47650	2335
AT2G46308	0
AT2G36970	346
AT2G37630	2760
AT2G27790	109
AT2G17420	5033
AT2G02250	8
AT2G45590	1237
AT2G03180	0
AT2G29410	36
AT2G33570	470
AT2G41590	1
AT2G34320	2
AT2G39930	1101
AT2G18500	108
AT2G19530	137
AT2G33160	0
AT2G21470	1136
AT2G24710	6
AT2G16890	375
AT2G26790	136
AT2G25600	5
AT2G23090	4334
AT2G46520	1603
AT2G44581	3
AT2G19180	558
AT2G26690	689
AT2G24530	209
AT2G34340	74
AT2G02290	0
AT2G33460	13
AT2G24020	3621
AT2G44730	829
AT2G36960	439
AT2G11626	0
AT2G19760	2723
AT2G24200	7762
AT2G05790	2198
AT2G41231	0
AT2G13960	30
AT2G01880	86
AT2G34700	17
AT2G31470	9
AT2G31820	916
AT2G42530	5128
AT2G20310	274
AT2G11773	0
AT2G42410	0
AT2G34180	30
AT2G05400	1
AT2G42975	150
AT2G38750	443
AT2G37570	978
AT2G20400	254
AT2G28180	0
AT2G44890	0
AT2G18490	13
AT2G46940	26
AT2G30820	113
AT2G36560	0
AT2G30290	3
AT2G26520	65
AT2G43745	13
AT2G13440	1280
AT2G44525	535
AT2G33150	6596
AT2G24480	0
AT2G17740	200
AT2G31425	0
AT2G01850	1442
AT2G15010	1
AT2G44925	0
AT2G42600	11696
AT2G39590	0
AT2G13985	0
AT2G25990	0
AT2G07690	1207
AT2G07640	0
AT2G38960	660
AT2G43570	129
AT2G40760	724
AT2G18150	1056
AT2G29260	69
AT2G47580	754
AT2G26580	438
AT2G32415	400
AT2G25565	1
AT2G05752	0
AT2G30150	427
AT2G36710	9
AT2G32380	504
AT2G07360	2423
AT2G40080	5134
AT2G04790	146
AT2G25482	0
AT2G19350	145
AT2G07695	4
AT2G42960	278
AT2G29870	1
AT2G46600	1304
AT2G15260	0
AT2G21080	189
AT2G35615	0
AT2G35770	156
AT2G02390	1408
AT2G01780	0
AT2G25735	75
AT2G25409	0
AT2G07777	0
AT2G29320	394
AT2G46470	849
AT2G35080	0
AT2G47930	87
AT2G36630	176
AT2G27860	6669
AT2G32850	991
AT2G18530	18
AT2G01008	9
AT2G39060	0
AT2G34670	251
AT2G35310	100
AT2G32150	444
AT2G17010	6
AT2G34030	0
AT2G22155	0
AT2G40670	102
AT2G36440	4
AT2G18700	456
AT2G20463	0
AT2G01021	4
AT2G13422	0
AT2G23260	0
AT2G42040	287
AT2G25180	775
AT2G37520	1043
AT2G23370	516
AT2G07721	0
AT2G39220	693
AT2G22920	204
AT2G34655	17
AT2G34300	1898
AT2G41820	1184
AT2G29065	90
AT2G36695	8
AT2G41280	1
AT2G08986	0
AT2G33240	40
AT2G10455	0
AT2G26360	138
AT2G42120	288
AT2G02240	13
AT2G44690	80
AT2G07120	0
AT2G22990	3550
AT2G17290	975
AT2G19960	0
AT2G11015	0
AT2G32788	0
AT2G15630	114
AT2G44390	9
AT2G22125	4383
AT2G39550	439
AT2G40830	795
AT2G22140	81
AT2G24850	159
AT2G31320	420
AT2G18730	1262
AT2G16230	65
AT2G24120	1870
AT2G24510	0
AT2G42885	2
AT2G38690	0
AT2G36895	735
AT2G39870	1155
AT2G23150	308
AT2G40630	284
AT2G39670	2992
AT2G24692	12
AT2G01090	303
AT2G35736	117
AT2G45000	446
AT2G38700	1954
AT2G27389	3
AT2G20260	14082
AT2G16380	265
AT2G01520	657
AT2G22850	1
AT2G45360	12
AT2G46020	3291
AT2G04040	226
AT2G38050	419
AT2G16405	500
AT2G23770	163
AT2G20930	561
AT2G44175	0
AT2G31430	0
AT2G34010	60
AT2G22760	3
AT2G04050	45
AT2G07798	1
AT2G35510	1315
AT2G03070	673
AT2G27190	1388
AT2G32200	9
AT2G33670	0
AT2G45610	1
AT2G14080	580
AT2G24090	8784
AT2G40370	152
AT2G05760	275
AT2G15900	609
AT2G35550	12
AT2G26160	0
AT2G03560	0
AT2G35585	64
AT2G19520	2663
AT2G38320	174
AT2G40260	139
AT2G17830	53
AT2G33410	3462
AT2G35820	340
AT2G26400	52
AT2G02320	0
AT2G41310	662
AT2G33835	246
AT2G20635	299
AT2G42710	1266
AT2G10615	0
AT2G12280	0
AT2G23910	733
AT2G20880	24
AT2G28230	323
AT2G33250	554
AT2G28440	90
AT2G01400	164
AT2G26260	461
AT2G13290	361
AT2G37580	210
AT2G47450	8332
AT2G37320	77
AT2G23780	561
AT2G36550	0
AT2G45050	364
AT2G16910	1
AT2G17430	25
AT2G03730	404
AT2G27320	0
AT2G20921	0
AT2G43950	1454
AT2G40113	131
AT2G45550	1
AT2G43810	698
AT2G33990	295
AT2G28240	277
AT2G17250	905
AT2G46370	1579
AT2G35630	2412
AT2G31760	0
AT2G38610	596
AT2G02070	2151
AT2G22426	3
AT2G18420	0
AT2G17650	112
AT2G42550	0
AT2G31710	320
AT2G41475	569
AT2G47280	0
AT2G18060	44
AT2G05160	205
AT2G43410	1282
AT2G23290	268
AT2G17900	143
AT2G19620	427
AT2G18290	410
AT2G32750	10
AT2G46580	339
AT2G47680	286
AT2G44370	354
AT2G37190	8139
AT2G19720	358
AT2G16500	4603
AT2G36305	208
AT2G21180	104
AT2G04850	171
AT2G19060	2
AT2G19045	0
AT2G32560	842
AT2G29350	55
AT2G36340	251
AT2G07830	0
AT2G20613	0
AT2G35200	12
AT2G25355	295
AT2G07774	10
AT2G29420	256
AT2G33560	351
AT2G24765	1512
AT2G30810	0
AT2G07180	1063
AT2G27950	1684
AT2G04920	0
AT2G04890	280
AT2G17036	24
AT2G48060	1674
AT2G41770	560
AT2G29480	1
AT2G20815	56
AT2G25685	0
AT2G30500	1111
AT2G34185	12
AT2G38440	1611
AT2G03850	1
AT2G25300	155
AT2G16440	1039
AT2G40980	604
AT2G22830	302
AT2G35760	243
AT2G36360	576
AT2G03110	47
AT2G32830	10
AT2G18020	21535
AT2G39420	326
AT2G46590	394
AT2G43490	668
AT2G35460	0
AT2G05105	0
AT2G28940	303
AT2G31490	4864
AT2G07725	0
AT2G25360	0
AT2G20520	32
AT2G40840	8870
AT2G40510	4768
AT2G04830	0
AT2G38270	2375
AT2G16950	2199
AT2G15820	1031
AT2G19940	1770
AT2G28840	5325
AT2G21500	269
AT2G28225	0
AT2G36320	1877
AT2G32070	617
AT2G25890	0
AT2G05335	0
AT2G41750	0
AT2G35215	0
AT2G36010	320
AT2G44470	0
AT2G05850	1
AT2G01890	347
AT2G41650	1562
AT2G42000	0
AT2G42900	144
AT2G33170	643
AT2G25790	659
AT2G22860	22
AT2G42640	118
AT2G44930	41
AT2G40150	297
AT2G37280	351
AT2G40316	476
AT2G45530	43
AT2G07698	34
AT2G03040	3
AT2G15290	3277
AT2G35160	145
AT2G16640	3299
AT2G35600	39
AT2G47320	1718
AT2G34780	834
AT2G43090	4730
AT2G47760	527
AT2G47900	1272
AT2G47010	679
AT2G35580	0
AT2G30350	271
AT2G42800	139
AT2G39200	434
AT2G28780	953
AT2G38970	602
AT2G07440	0
AT2G35210	10
AT2G05990	5888
AT2G34840	262
AT2G16980	113
AT2G34570	342
AT2G28085	14
AT2G30410	1029
AT2G15730	161
AT2G17680	0
AT2G35980	16
AT2G25200	106
AT2G45740	3369
AT2G37050	1280
AT2G47950	16
AT2G11778	0
AT2G25580	400
AT2G29180	1274
AT2G37620	841
AT2G46760	57
AT2G41250	281
AT2G35120	2724
AT2G22640	402
AT2G45405	0
AT2G06166	0
AT2G01500	0
AT2G21750	0
AT2G44410	772
AT2G03520	0
AT2G41630	1504
AT2G28040	4
AT2G45180	18733
AT2G23445	0
AT2G26120	0
AT2G01120	297
AT2G26550	1036
AT2G43200	269
AT2G15090	2131
AT2G27505	3
AT2G04360	1283
AT2G26940	1
AT2G41225	0
AT2G26250	4429
AT2G30080	154
AT2G45340	1036
AT2G34640	3443
AT2G32520	1498
AT2G26150	31
AT2G15970	8556
AT2G35765	8
AT2G01900	171
AT2G28755	6
AT2G37450	892
AT2G29670	1509
AT2G18980	887
AT2G47110	8902
AT2G31190	504
AT2G18120	84
AT2G34500	48
AT2G41920	0
AT2G04621	0
AT2G07672	0
AT2G30570	53221
AT2G20780	705
AT2G31160	152
AT2G11000	623
AT2G26040	113
AT2G35030	221
AT2G06990	1409
AT2G05120	759
AT2G29710	33
AT2G43235	327
AT2G04650	300
AT2G44750	148
AT2G40450	2
AT2G18040	3588
AT2G03220	518
AT2G23820	900
AT2G12905	0
AT2G19220	0
AT2G39705	211
AT2G18740	1296
AT2G44550	1
AT2G47590	6674
AT2G15690	254
AT2G43220	0
AT2G20725	1053
AT2G41370	290
AT2G37940	1536
AT2G38890	1
AT2G25760	1559
AT2G10955	0
AT2G07708	0
AT2G46494	0
AT2G43800	1399
AT2G37070	44
AT2G36355	58
AT2G48120	1258
AT2G15780	0
AT2G14920	19
AT2G19660	49
AT2G48140	422
AT2G35520	392
AT2G23990	0
AT2G20060	1387
AT2G01045	0
AT2G16595	128
AT2G20510	4
AT2G04020	0
AT2G15240	727
AT2G19910	98
AT2G40390	82
AT2G28110	84
AT2G36640	2
AT2G45770	2213
AT2G30790	32
AT2G40060	2297
AT2G25110	1831
AT2G20100	218
AT2G31725	365
AT2G46450	615
AT2G18710	2910
AT2G40490	7998
AT2G42465	0
AT2G24350	88
AT2G32230	4463
AT2G19790	1648
AT2G03610	0
AT2G04045	0
AT2G30400	21
AT2G29760	412
AT2G45120	43
AT2G22795	3690
AT2G14700	0
AT2G01200	24
AT2G45490	130
AT2G28671	7
AT2G41140	1274
AT2G23580	0
AT2G04235	264
AT2G28100	347
AT2G26850	0
AT2G06000	480
AT2G36885	1580
AT2G29600	1
AT2G17785	0
AT2G31270	514
AT2G25460	47
AT2G33810	0
AT2G42370	0
AT2G34310	858
AT2G36300	586
AT2G44040	1846
AT2G36780	29
AT2G29628	0
AT2G24080	0
AT2G19930	183
AT2G02750	60
AT2G16520	0
AT2G03150	1888
AT2G28605	842
AT2G26960	0
AT2G24195	0
AT2G38620	197
AT2G40530	37
AT2G02690	22
AT2G37435	1
AT2G42140	3
AT2G33080	0
AT2G04046	0
AT2G33655	0
AT2G33610	768
AT2G40165	0
AT2G07661	0
AT2G44540	7
AT2G05270	2
AT2G34120	0
AT2G43770	1313
AT2G34730	448
AT2G38600	23
AT2G07170	575
AT2G10025	0
AT2G18000	60
AT2G34990	0
AT2G38580	466
AT2G06520	32551
AT2G47485	177
AT2G07806	2
AT2G17890	12
AT2G30800	947
AT2G44180	812
AT2G40940	1989
AT2G14100	64
AT2G11520	522
AT2G03450	280
AT2G07724	0
AT2G31970	887
AT2G39450	823
AT2G33233	0
AT2G47360	138
AT2G39975	0
AT2G36590	50
AT2G21800	50
AT2G23590	79
AT2G32170	794
AT2G41350	445
AT2G01800	0
AT2G45330	496
AT2G19860	1362
AT2G27060	661
AT2G35800	1835
AT2G35658	29
AT2G25420	265
AT2G33220	2689
AT2G01390	113
AT2G41960	1447
AT2G32220	539
AT2G18840	639
AT2G23800	0
AT2G31460	0
AT2G34330	0
AT2G21150	1078
AT2G44480	72
AT2G23510	0
AT2G22890	134
AT2G23321	0
AT2G21850	216
AT2G18810	0
AT2G39490	7
AT2G46910	1007
AT2G47070	2613
AT2G45520	1216
AT2G01980	456
AT2G43920	319
AT2G26510	1271
AT2G30300	0
AT2G19150	30
AT2G44990	2
AT2G32760	387
AT2G13542	0
AT2G14255	638
AT2G14720	2422
AT2G30110	5721
AT2G26270	259
AT2G40540	1672
AT2G18193	229
AT2G32060	5652
AT2G24010	18
AT2G22490	748
AT2G04675	0
AT2G27130	277
AT2G26730	1981
AT2G05410	0
AT2G12200	0
AT2G46540	1765
AT2G26650	1272
AT2G04930	0
AT2G16460	449
AT2G46040	251
AT2G43910	5527
AT2G42340	7
AT2G14290	3
AT2G43050	72
AT2G25770	8
AT2G01960	0
AT2G25270	414
AT2G45630	281
AT2G33175	7
AT2G02960	751
AT2G46320	425
AT2G07636	0
AT2G28210	77
AT2G01667	0
AT2G25010	289
AT2G44820	672
AT2G25740	455
AT2G22241	0
AT2G18721	0
AT2G31690	0
AT2G38250	33
AT2G07681	0
AT2G19400	173
AT2G18360	283
AT2G17265	1508
AT2G32275	1
AT2G05070	33372
AT2G25570	348
AT2G46060	508
AT2G36830	10018
AT2G41300	139
AT2G04160	1823
AT2G02370	229
AT2G33850	1850
AT2G46250	277
AT2G17560	3500
AT2G04340	418
AT2G01970	2729
AT2G14170	2577
AT2G01720	2592
AT2G19240	19
AT2G09970	0
AT2G18620	64
AT2G03820	2058
AT2G30760	0
AT2G16650	430
AT2G07750	0
AT2G24617	0
AT2G46650	1565
AT2G31050	0
AT2G47000	1637
AT2G33385	28
AT2G33310	814
AT2G34600	5
AT2G42955	22
AT2G38150	0
AT2G25190	476
AT2G04515	3
AT2G44870	2166
AT2G13905	0
AT2G44100	4083
AT2G36100	739
AT2G07827	1
AT2G38450	595
AT2G39310	2313
AT2G03567	0
AT2G04062	0
AT2G36720	1130
AT2G07715	50
AT2G18600	46
AT2G17700	632
AT2G42320	857
AT2G46050	15
AT2G47940	6261
AT2G05320	364
AT2G29860	0
AT2G15490	669
AT2G19470	907
AT2G44980	286
AT2G20362	48
AT2G01060	1170
AT2G22475	735
AT2G44400	5
AT2G45290	1311
AT2G34250	10871
AT2G28920	0
AT2G28580	49
AT2G18250	391
AT2G44420	254
AT2G23660	0
AT2G27390	0
AT2G20110	105
AT2G29200	1389
AT2G28190	933
AT2G44330	0
AT2G38240	6
AT2G35810	481
AT2G15220	123
AT2G24762	573
AT2G25880	449
AT2G21370	1067
AT2G46735	166
AT2G11010	0
AT2G44020	292
AT2G03810	303
AT2G41500	636
AT2G40930	894
AT2G15910	656
AT2G01379	0
AT2G46765	0
AT2G32660	56
AT2G18640	8
AT2G40435	168
AT2G31240	731
AT2G29730	405
AT2G27960	803
AT2G25530	388
AT2G21640	169
AT2G38230	4547
AT2G05180	9
AT2G23430	429
AT2G41220	4580
AT2G35920	1167
AT2G19690	139
AT2G45240	1219
AT2G32350	0
AT2G05520	17881
AT2G41420	809
AT2G34430	49836
AT2G04220	0
AT2G07702	0
AT2G11851	0
AT2G18170	645
AT2G43620	2296
AT2G06960	0
AT2G03840	0
AT2G37025	81
AT2G43945	1891
AT2G16930	1019
AT2G43465	87
AT2G31230	326
AT2G38290	954
AT2G27330	283
AT2G22600	56
AT2G03530	261
AT2G18350	267
AT2G14120	1659
AT2G28250	575
AT2G30933	28
AT2G20300	891
AT2G05786	0
AT2G19310	641
AT2G18685	0
AT2G38410	602
AT2G27980	984
AT2G05117	0
AT2G40890	2512
AT2G32780	0
AT2G02660	0
AT2G41520	705
AT2G34390	91
AT2G07667	0
AT2G24280	1054
AT2G17170	0
AT2G11225	2163
AT2G41060	653
AT2G39940	893
AT2G45910	869
AT2G12480	3
AT2G37330	263
AT2G17470	36
AT2G31980	30
AT2G18750	1982
AT2G03170	0
AT2G38905	1
AT2G15670	0
AT2G40520	259
AT2G02790	1021
AT2G25210	4583
AT2G22530	299
AT2G15590	1
AT2G18080	0
AT2G05970	0
AT2G07739	5
AT2G23360	510
AT2G22050	0
AT2G26640	779
AT2G46700	513
AT2G35330	1182
AT2G35410	2484
AT2G42450	171
AT2G05510	1328
AT2G26380	1
AT2G21810	0
AT2G33730	2660
AT2G37810	0
AT2G31440	658
AT2G16620	0
AT2G40400	2016
AT2G30440	3187
AT2G13790	643
AT2G26280	2090
AT2G11005	0
AT2G17480	686
AT2G20618	0
AT2G13800	234
AT2G21960	2333
AT2G02050	2949
AT2G02970	691
AT2G40030	499
AT2G43230	55
AT2G30840	148
AT2G15610	0
AT2G30020	421
AT2G43510	310
AT2G09990	3474
AT2G36854	0
AT2G02795	0
AT2G05330	1
AT2G41950	756
AT2G43640	497
AT2G21010	0
AT2G15025	0
AT2G04900	953
AT2G38760	127
AT2G02700	2
AT2G47520	88
AT2G19365	0
AT2G35170	195
AT2G04350	1610
AT2G28305	426
AT2G39700	3897
AT2G33550	433
AT2G04425	0
AT2G03590	42
AT2G25450	15125
AT2G28050	117
AT2G47440	728
AT2G32280	363
AT2G22170	3995
AT2G20550	71
AT2G02455	1
AT2G04495	10
AT2G17860	4
AT2G35670	2
AT2G43030	12446
AT2G14910	2123
AT2G04030	11326
AT2G03020	20
AT2G29690	1235
AT2G13100	821
AT2G44745	18
AT2G38100	14
AT2G07673	0
AT2G34110	0
AT2G37160	858
AT2G42380	281
AT2G39030	24
AT2G34790	222
AT2G26670	3108
AT2G05915	0
AT2G33500	370
AT2G33760	64
AT2G41730	120
AT2G41830	324
AT2G28610	8
AT2G14500	0
AT2G46850	44
AT2G31081	13
AT2G13680	48
AT2G47690	3304
AT2G47230	323
AT2G34170	448
AT2G28426	7
AT2G29640	69
AT2G43270	0
AT2G18300	1202
AT2G38020	1073
AT2G45980	1230
AT2G20130	330
AT2G32550	31
AT2G31680	401
AT2G20030	23
AT2G33705	0
AT2G47090	351
AT2G29263	1
AT2G28220	0
AT2G17510	1183
AT2G40110	350
AT2G22650	293
AT2G26660	587
AT2G17820	1114
AT2G34210	61
AT2G28010	0
AT2G16070	429
AT2G15450	0
AT2G35935	0
AT2G18969	0
AT2G12550	250
AT2G45960	12954
AT2G22690	123
AT2G03640	1293
AT2G16810	0
AT2G19830	1823
AT2G27150	599
AT2G42080	296
AT2G18130	0
AT2G24450	0
AT2G33880	5
AT2G10550	0
AT2G44760	1520
AT2G04039	750
AT2G16770	194
AT2G27410	0
AT2G33620	1311
AT2G23960	40
AT2G41180	0
AT2G14289	0
AT2G36110	0
AT2G38060	80
AT2G20840	487
AT2G31005	0
AT2G26130	1
AT2G44620	1918
AT2G21550	117
AT2G18690	333
AT2G47890	1107
AT2G37240	835
AT2G14050	150
AT2G40600	567
AT2G21300	2048
AT2G20140	2108
AT2G37910	0
AT2G03780	729
AT2G20920	1764
AT2G16030	0
AT2G42460	0
AT2G20850	693
AT2G23070	2845
AT2G01130	600
AT2G44210	1687
AT2G31410	2386
AT2G03310	573
AT2G35910	149
AT2G36430	333
AT2G28620	1052
AT2G20430	0
AT2G26800	817
AT2G26310	96
AT2G05840	2151
AT2G04420	4
AT2G42510	80
AT2G30310	0
AT2G04810	0
AT2G03931	0
AT2G27420	27
AT2G07644	2
AT2G34740	0
AT2G19950	934
AT2G29679	0
AT2G21630	275
AT2G14560	924
AT2G18340	0
AT2G12875	0
AT2G22400	3389
AT2G44810	0
AT2G47970	1803
AT2G48080	193
AT2G24690	373
AT2G41930	2
AT2G41400	0
AT2G36840	114
AT2G41550	110
AT2G46140	619
AT2G04840	0
AT2G02990	114
AT2G19130	267
AT2G10535	0
AT2G22880	0
AT2G34080	65
AT2G14110	209
AT2G32860	1097
AT2G39340	1099
AT2G41170	183
AT2G18990	535
AT2G20660	0
AT2G43320	275
AT2G41640	68
AT2G26340	1275
AT2G19630	0
AT2G40920	661
AT2G25150	13
AT2G42865	51
AT2G21100	222
AT2G22440	1
AT2G45280	200
AT2G21120	589
AT2G37020	548
AT2G29700	1499
AT2G31420	1
AT2G21060	2232
AT2G27313	1
AT2G18780	90
AT2G47850	1168
AT2G31955	546
AT2G46495	29
AT2G25000	215
AT2G01735	223
AT2G45200	702
AT2G04740	428
AT2G36930	1360
AT2G39270	467
AT2G33330	1016
AT2G01180	452
AT2G33770	3762
AT2G07696	0
AT2G23985	17
AT2G26170	392
AT2G29950	0
AT2G47990	773
AT2G17033	1189
AT2G17920	0
AT2G05632	148
AT2G32180	0
AT2G42210	3158
AT2G18090	1169
AT2G12945	0
AT2G25905	0
AT2G38460	339
AT2G36000	1191
AT2G12290	0
AT2G27402	972
AT2G36760	0
AT2G15620	14369
AT2G36920	0
AT2G13547	0
AT2G26230	991
AT2G32370	1
AT2G13540	1628
AT2G25090	43
AT2G40010	227
AT2G07728	3
AT2G27370	85
AT2G37950	112
AT2G15370	53
AT2G32020	40
AT2G46130	29
AT2G28570	111
AT2G30695	1079
AT2G16290	0
AT2G34100	6
AT2G40410	670
AT2G39355	0
AT2G22942	0
AT2G25080	4489
AT2G34490	324
AT2G36610	4
AT2G37080	2295
AT2G33210	3261
AT2G24940	3551
AT2G35350	508
AT2G32770	37
AT2G37980	174
AT2G22250	1000
AT2G31510	1517
AT2G07505	0
AT2G16120	0
AT2G32010	316
AT2G35660	253
AT2G30140	526
AT2G25215	3
AT2G05060	0
AT2G18190	0
AT2G24270	5935
AT2G13295	0
AT2G36770	12
AT2G42930	0
AT2G01580	26
AT2G06555	0
AT2G43460	9215
AT2G41355	0
AT2G38365	0
AT2G01913	109
AT2G02570	1768
AT2G07613	0
AT2G03800	447
AT2G26890	2509
AT2G37530	45
AT2G46740	229
AT2G17260	79
AT2G26020	22
AT2G03120	2308
AT2G28400	49
AT2G38080	655
AT2G42590	5092
AT2G38695	160
AT2G16510	2805
AT2G17990	1422
AT2G03870	958
AT2G47500	1175
AT2G21420	0
AT2G22807	0
AT2G30220	5
AT2G47210	1083
AT2G36985	6
AT2G47120	0
AT2G41490	468
AT2G42620	609
AT2G19020	0
AT2G01918	272
AT2G19980	18
AT2G21040	5
AT2G40660	1776
AT2G19610	2
AT2G10260	0
AT2G32530	270
AT2G14285	368
AT2G46340	2105
AT2G22370	212
AT2G44140	694
AT2G21240	948
AT2G42660	32
AT2G21830	225
AT2G17070	21
AT2G17580	560
AT2G20810	460
AT2G15740	0
AT2G16800	1097
AT2G44060	6497
AT2G12880	0
AT2G02170	604
AT2G02810	490
AT2G04700	4355
AT2G05900	0
AT2G18070	0
AT2G01740	89
AT2G20515	269
AT2G31090	331
AT2G46610	155
AT2G38740	633
AT2G47630	546
AT2G33280	3
AT2G07779	0
AT2G26680	664
AT2G35110	1685
AT2G29810	0
AT2G39520	0
AT2G44150	536
AT2G11522	0
AT2G25297	11
AT2G16370	1082
AT2G24100	234
AT2G28680	3
AT2G19230	0
AT2G39970	1514
AT2G21170	13406
AT2G02147	2
AT2G43445	93
AT2G42540	4068
AT2G40500	0
AT2G34720	354
AT2G39000	760
AT2G26860	185
AT2G31070	511
AT2G14870	0
AT2G13690	477
AT2G33590	563
AT2G44580	223
AT2G03410	0
AT2G39190	2678
AT2G23100	33
AT2G45990	1303
AT2G19770	1
AT2G47270	64
AT2G10602	0
AT2G14282	0
AT2G24870	20
AT2G39620	44
AT2G39990	2454
AT2G44920	1259
AT2G19080	763
AT2G27180	16
AT2G17055	3
AT2G31990	43
AT2G35343	2
AT2G16365	1703
AT2G21710	295
AT2G46190	0
AT2G17620	103
AT2G31570	2220
AT2G23950	869
AT2G27280	0
AT2G45500	267
AT2G15660	0
AT2G43760	836
AT2G29605	0
AT2G22750	0
AT2G26240	776
AT2G36620	7660
AT2G21950	36
AT2G17540	455
AT2G01590	806
AT2G01370	0
AT2G33780	1
AT2G28020	0
AT2G40700	709
AT2G16900	519
AT2G02760	2366
AT2G04305	364
AT2G06645	0
AT2G40230	267
AT2G18245	436
AT2G33090	0
AT2G38570	185
AT2G27540	0
AT2G30700	762
AT2G12461	99
AT2G14660	377
AT2G15980	172
AT2G28650	49
AT2G42180	0
AT2G28160	224
AT2G39370	50
AT2G36580	3781
AT2G27010	59
AT2G43261	0
AT2G42430	46
AT2G07628	0
AT2G27810	1236
AT2G43720	68
AT2G07629	0
AT2G30340	184
AT2G26070	215
AT2G20670	409
AT2G37500	1262
AT2G39855	5
AT2G23140	553
AT2G28200	164
AT2G07638	8
AT2G22180	1
AT2G29290	1142
AT2G39440	253
AT2G39820	2
AT2G14890	5511
AT2G41360	0
AT2G46390	1969
AT2G07680	472
AT2G38870	2708
AT2G38800	1924
AT2G33420	1
AT2G16090	395
AT2G24680	66
AT2G26560	419
AT2G23148	0
AT2G07771	0
AT2G34315	0
AT2G25312	0
AT2G47540	214
AT2G17130	1302
AT2G25050	533
AT2G19030	0
AT2G44880	96
AT2G15640	0
AT2G33070	1
AT2G05910	81
AT2G21430	21
AT2G14160	0
AT2G41415	0
AT2G33720	3
AT2G21350	18
AT2G41800	277
AT2G25480	829
AT2G35970	0
AT2G18370	540
AT2G30740	892
AT2G43980	488
AT2G01175	11
AT2G24640	498
AT2G17440	449
AT2G03965	0
AT2G04550	477
AT2G31880	602
AT2G16960	2
AT2G27680	6550
AT2G46930	813
AT2G46550	1493
AT2G27580	555
AT2G45660	453
AT2G07652	0
AT2G33530	522
AT2G27480	70
AT2G17300	227
AT2G31770	0
AT2G02150	223
AT2G29170	268
AT2G40200	13
AT2G40820	749
AT2G07215	0
AT2G35360	186
AT2G23440	1
AT2G45406	0
AT2G32160	15
AT2G20000	677
AT2G29500	161
AT2G44630	50
AT2G44230	549
AT2G46800	1414
AT2G33450	4030
AT2G07981	0
AT2G28700	33
AT2G35530	511
AT2G19893	0
AT2G40280	639
AT2G17845	8
AT2G31085	31
AT2G32740	14
AT2G21070	354
AT2G04620	293
AT2G41670	255
AT2G02640	0
AT2G33680	180
AT2G04940	568
AT2G39782	0
AT2G24600	258
AT2G24320	0
AT2G01150	386
AT2G39890	727
AT2G42770	2080
AT2G31870	285
AT2G47170	6569
AT2G38720	173
AT2G44340	10
AT2G25120	0
AT2G40220	1
AT2G22570	233
AT2G30615	0
AT2G07738	0
AT2G17870	1733
AT2G34910	40
AT2G28290	2980
AT2G27100	2209
AT2G25730	2532
AT2G17210	56
AT2G18510	1466
AT2G25170	3015
AT2G27690	41
AT2G39080	1877
AT2G13360	30660
AT2G32905	0
AT2G28310	1081
AT2G39580	1323
AT2G43140	200
AT2G38170	7117
AT2G07705	0
AT2G23834	0
AT2G39640	0
AT2G16450	2
AT2G32260	1507
AT2G44910	71
AT2G44280	139
AT2G06210	1383
AT2G42100	0
AT2G33750	33
AT2G18790	2394
AT2G20420	5445
AT2G43255	1
AT2G17972	3
AT2G06906	0
AT2G02380	14
AT2G35965	0
AT2G07671	0
AT2G32900	567
AT2G46670	2
AT2G33390	248
AT2G42220	12184
AT2G21780	4
AT2G21580	5248
AT2G39240	14
AT2G10553	0
AT2G42470	0
AT2G44490	5210
AT2G20250	71
AT2G13125	0
AT2G26970	272
AT2G31130	235
AT2G26440	1061
AT2G06845	0
AT2G38510	6
AT2G46150	89
AT2G39170	446
AT2G39790	0
AT2G33640	84
AT2G31380	139
AT2G33020	1
AT2G22425	1399
AT2G22330	968
AT2G05590	267
AT2G29000	13
AT2G15790	587
AT2G47020	308
AT2G17230	883
AT2G46400	44
AT2G31862	0
AT2G25140	677
AT2G41660	997
AT2G29820	0
AT2G05440	13356
AT2G44770	664
AT2G46950	21
AT2G34920	169
AT2G40320	155
AT2G20010	705
AT2G20970	0
AT2G27220	3
AT2G17695	1092
AT2G32990	741
AT2G28340	0
AT2G15830	259
AT2G22000	120
AT2G01560	0
AT2G24130	1
AT2G36230	827
AT2G17723	0
AT2G19570	0
AT2G06265	0
AT2G46270	315
AT2G28320	891
AT2G27770	201
AT2G37800	0
AT2G32100	319
AT2G42820	90
AT2G14510	35
AT2G43670	34
AT2G28030	0
AT2G42560	0
AT2G32190	66
AT2G39300	306
AT2G28480	363
AT2G23680	143
AT2G31790	2136
AT2G09388	0
AT2G23118	0
AT2G29485	0
AT2G21720	1
AT2G28090	0
AT2G02230	470
AT2G11215	122
AT2G41880	306
AT2G39960	1101
AT2G33010	0
AT2G29830	0
AT2G37930	150
AT2G26810	234
AT2G17530	618
AT2G41905	60
AT2G21270	1304
AT2G47390	7628
AT2G42520	1671
AT2G04750	0
AT2G38590	0
AT2G19390	560
AT2G14935	0
AT2G20170	0
AT2G27590	338
AT2G20580	4713
AT2G38670	2544
AT2G23180	93
AT2G40970	187
AT2G07760	0
AT2G35100	471
AT2G42065	3
AT2G46000	279
AT2G37380	220
AT2G18260	50
AT2G07599	0
AT2G28930	679
AT2G24970	96
AT2G04034	0
AT2G24240	153
AT2G27290	1841
AT2G24330	530
AT2G35450	871
AT2G04395	6
AT2G38025	1039
AT2G41780	196
AT2G10560	0
AT2G30990	848
AT2G45300	2625
AT2G45135	26
AT2G28510	754
AT2G39795	457
AT2G38500	46
AT2G20570	3802
AT2G24860	451
AT2G21510	18
AT2G42680	4423
AT2G27160	0
AT2G43940	360
AT2G41620	1287
AT2G19920	131
AT2G20620	0
AT2G28625	0
AT2G37975	282
AT2G22460	3
AT2G38650	1926
AT2G23340	527
AT2G18680	11
AT2G01420	2310
AT2G45920	274
AT2G13640	0
AT2G14265	0
AT2G02955	240
AT2G35150	105
AT2G38430	79
AT2G05310	2052
AT2G03936	0
AT2G47300	160
AT2G46510	542
AT2G07000	0
AT2G32610	62
AT2G20360	5719
AT2G04090	73
AT2G43680	4064
AT2G06025	1030
AT2G07768	0
AT2G30860	39777
AT2G29100	13
AT2G23190	7
AT2G38810	412
AT2G33255	747
AT2G40100	1868
AT2G16860	1569
AT2G19170	718
AT2G44670	1925
AT2G17880	118
AT2G47750	105
AT2G47250	2118
AT2G24696	0
AT2G29780	0
AT2G23380	861
AT2G46030	539
AT2G35700	57
AT2G41790	2249
AT2G40740	9
AT2G28390	1127
AT2G25230	1
AT2G19460	213
AT2G11270	3
AT2G24840	0
AT2G43710	4289
AT2G44220	0
AT2G18160	2431
AT2G35730	9
AT2G18140	2
AT2G29510	1342
AT2G06570	0
AT2G04530	800
AT2G39750	841
AT2G07820	0
AT2G42260	148
AT2G43900	521
AT2G28380	1150
AT2G47800	1090
AT2G47190	3
AT2G36980	73
AT2G27385	2639
AT2G20940	296
AT2G30970	3561
AT2G20710	52
AT2G42300	624
AT2G01190	842
AT2G22950	1
AT2G45570	6
AT2G20240	227
AT2G23970	4
AT2G25720	448
AT2G30580	215
AT2G35390	1525
AT2G41480	98
AT2G43690	79
AT2G30880	779
AT2G37400	891
AT2G46560	1763
AT2G21455	0
AT2G31215	0
AT2G07689	0
AT2G27500	350
AT2G20630	2548
AT2G43160	4186
AT2G14740	1263
AT2G26740	1201
AT2G02860	681
AT2G13950	0
AT2G29630	18612
AT2G26110	539
AT2G27710	6811
AT2G46840	4
AT2G07617	0
AT2G42280	228
AT2G48121	3
AT2G27940	0
AT2G15390	270
AT2G31100	1
AT2G40440	0
AT2G09838	0
AT2G45690	333
AT2G03050	228
AT2G17080	66
AT2G17790	1195
AT2G02490	0
AT2G21725	0
AT2G37730	0
AT2G20480	103
AT2G27310	288
AT2G15430	877
AT2G01490	1438
AT2G19740	2919
AT2G16835	0
AT2G21230	685
AT2G04540	352
AT2G19320	0
AT2G40090	343
AT2G16850	998
AT2G27040	1870
AT2G47380	1853
AT2G07020	0
AT2G17940	11
AT2G31590	2
AT2G21340	1446
AT2G38880	437
AT2G26140	4067
AT2G16340	5
AT2G46690	592
AT2G20410	218
AT2G39840	642
AT2G24150	1123
AT2G26470	270
AT2G34690	1408
AT2G35070	6
AT2G42200	334
AT2G26700	117
AT2G48070	2215
AT2G38350	0
AT2G29560	1023
AT2G40780	224
AT2G26750	10
AT2G15535	0
AT2G42090	4
AT2G45880	536
AT2G45243	0
AT2G33775	4
AT2G35930	184
AT2G07676	0
AT2G36450	0
AT2G44710	1194
AT2G19010	0
AT2G43350	842
AT2G26710	290
AT2G29620	46
AT2G24693	0
AT2G36250	3239
AT2G15350	4
AT2G34860	4175
AT2G30040	175
AT2G14690	1
AT2G18330	1112
AT2G29680	199
AT2G28830	118
AT2G23600	2645
AT2G29770	0
AT2G40560	0
AT2G41980	618
AT2G37310	196
AT2G20873	0
AT2G04380	0
AT2G35380	231
AT2G22070	73
AT2G22720	1390
AT2G25169	2
AT2G21560	295
AT2G41890	426
AT2G41330	85
AT2G21400	1
AT2G04080	276
AT2G17240	2471
AT2G02590	275
AT2G39290	743
AT2G06420	0
AT2G44090	1399
AT2G03360	6
AT2G36180	1
AT2G40020	406
AT2G41342	0
AT2G30210	1083
AT2G38780	598
AT2G22121	0
AT2G21410	1836
AT2G16592	0
AT2G02160	3401
AT2G34220	17
AT2G33230	3
AT2G35490	4310
AT2G43740	0
AT2G07825	0
AT2G23890	509
AT2G47240	4106
AT2G43550	1804
AT2G06255	30
AT2G23810	775
AT2G33585	171
AT2G07662	20
AT2G07795	0
AT2G41900	2369
AT2G32130	1
AT2G07625	0
AT2G38540	22740
AT2G44270	510
AT2G41451	0
AT2G27140	228
AT2G07200	0
AT2G32645	0
AT2G23390	1822
AT2G22090	162
AT2G14960	32
AT2G13150	0
AT2G01260	480
AT2G36070	1435
AT2G12940	0
AT2G38420	129
AT2G01860	115
AT2G18660	108
AT2G31305	236
AT2G21870	10103
AT2G32235	79
AT2G05430	5
AT2G24560	6
AT2G32980	584
AT2G37290	73
AT2G44700	25
AT2G18220	1314
AT2G13450	0
AT2G02560	2154
AT2G32810	1953
AT2G37590	107
AT2G41610	5
AT2G35900	599
AT2G22910	678
AT2G34280	0
AT2G26180	317
AT2G20562	96
AT2G45010	607
AT2G02100	12381
AT2G47245	6
AT2G03330	187
AT2G29190	2160
AT2G41000	213
AT2G32620	58
AT2G38300	192
AT2G38070	157
AT2G24430	71
AT2G23320	682
AT2G26490	0
AT2G42170	198
AT2G23550	30
AT2G07280	0
AT2G21480	1
AT2G15050	1113
AT2G02400	498
AT2G33820	310
AT2G41150	127
AT2G24310	0
AT2G25980	1588
AT2G06500	0
AT2G02040	1264
AT2G31840	1408
AT2G20950	856
AT2G45620	1490
AT2G20230	2032
AT2G17840	2492
AT2G07646	0
AT2G01650	520
AT2G43590	3026
AT2G21520	3226
AT2G35075	28
AT2G25630	0
AT2G35480	184
AT2G17600	0
AT2G29300	44
AT2G37550	1187
AT2G20380	0
AT2G22960	0
AT2G19580	62
AT2G19820	0
AT2G45695	392
AT2G33130	3
AT2G27920	570
AT2G15280	475
AT2G31920	23
AT2G39100	185
AT2G36540	1
AT2G40210	0
AT2G42780	576
AT2G35155	653
AT2G01640	200
AT2G18910	773
AT2G02300	8
AT2G35635	2804
AT2G28405	0
AT2G37195	133
AT2G42010	773
AT2G38860	2432
AT2G37230	1481
AT2G26990	1281
AT2G19440	28
AT2G07623	0
AT2G02820	322
AT2G38380	4203
AT2G38940	2304
AT2G19330	1
AT2G18950	1010
AT2G40160	49
AT2G22470	817
AT2G01940	108
AT2G41810	17
AT2G43400	626
AT2G33540	778
AT2G28355	0
AT2G24960	159
AT2G25610	1314
AT2G32210	46
AT2G17320	691
AT2G39415	0
AT2G15300	167
AT2G21237	0
AT2G25130	31
AT2G36325	2
AT2G22680	278
AT2G40330	584
AT2G02540	136
AT2G03720	131
AT2G48100	997
AT2G38480	93
AT2G33435	915
AT2G02450	316
AT2G02440	0
AT2G02148	218
AT2G20835	32
AT2G27430	76
AT2G01330	224
AT2G32360	0
AT2G20350	0
AT2G35555	1
AT2G26530	226
AT2G41860	0
AT2G39760	821
AT2G42980	23
AT2G27145	0
AT2G29900	250
AT2G21220	13
AT2G32290	147
AT2G40116	0
AT2G03550	892
AT2G39850	792
AT2G17750	0
AT2G30470	886
AT2G18900	1384
AT2G01554	0
AT2G26320	0
AT2G44110	151
AT2G06200	24
AT2G07641	0
AT2G42750	1927
AT2G05050	0
AT2G20750	271
AT2G33270	0
AT2G39445	77
AT2G12462	428
AT2G28760	468
AT2G02520	0
AT2G36400	831
AT2G24880	0
AT2G02060	168
AT2G30130	53
AT2G24980	1023
AT2G24630	318
AT2G27200	429
AT2G02710	763
AT2G14270	0
AT2G46200	216
AT2G40290	3296
AT2G04660	404
AT2G16575	1
AT2G22410	146
AT2G14390	0
AT2G32680	112
AT2G19890	2
AT2G45400	561
AT2G26480	61
AT2G19800	804
AT2G47960	1207
AT2G02580	6
AT2G25820	10
AT2G21465	0
AT2G28740	2622
AT2G03980	323
AT2G36890	149
AT2G33740	736
AT2G32540	249
AT2G46720	131
AT2G28970	67
AT2G45830	145
AT2G03250	0
AT2G39390	6461
AT2G01023	0
AT2G04410	2496
AT2G23900	2
AT2G02120	1089
AT2G32000	589
AT2G47220	224
AT2G30920	355
AT2G20080	14
AT2G16225	0
AT2G39130	708
AT2G45060	784
AT2G30940	1
AT2G41705	416
AT2G41440	295
AT2G34290	0
AT2G35420	3
AT2G29720	345
AT2G28260	148
AT2G03340	1243
AT2G41840	22514
AT2G19640	611
AT2G01340	131
AT2G44993	0
AT2G30770	28
AT2G07741	0
AT2G38090	141
AT2G01950	881
AT2G26050	0
AT2G17150	506
AT2G42760	171
AT2G44560	2
AT2G36190	0
AT2G03630	0
AT2G13560	5475
AT2G25940	106
AT2G06667	0
AT2G15230	300
AT2G15110	0
AT2G16586	2
AT2G37140	0
AT2G41040	279
AT2G31910	2
AT2G34610	53
AT2G33205	41
AT2G46640	153
AT2G27670	0
AT2G41945	415
AT2G13555	0
AT2G30710	809
AT2G39530	110
AT2G19420	0
AT2G12475	0
AT2G29060	130
AT2G25160	147
AT2G32630	135
AT2G03821	1
AT2G24550	686
AT2G47260	238
AT2G24170	475
AT2G41410	2273
AT2G41700	1284
AT2G17590	10
AT2G31110	157
AT2G32250	406
AT2G34925	72
AT2G20590	251
AT2G26590	1079
AT2G19880	1054
AT2G07340	1070
AT2G38195	0
AT2G43060	393
AT2G16430	2346
AT2G44660	337
AT2G37430	23
AT2G34580	7
AT2G23400	10
AT2G47770	0
AT2G07050	2858
AT2G14095	44
AT2G44510	277
AT2G02340	1
AT2G23270	2
AT2G24300	258
AT2G43080	480
AT2G32890	0
AT2G07634	0
AT2G25640	491
AT2G15042	93
AT2G34880	5
AT2G24615	0
AT2G22480	1523
AT2G02650	0
AT2G38530	2611
AT2G31560	328
AT2G37130	2444
AT2G10931	123
AT2G17310	0
AT2G01140	9164
AT2G43360	2177
AT2G46230	965
AT2G23700	359
AT2G04115	0
AT2G40910	2
AT2G42650	274
AT2G44520	1099
AT2G46070	195
AT2G16740	872
AT2G30010	1156
AT2G37585	297
AT2G14460	394
AT2G32470	0
AT2G40580	0
AT2G31810	2108
AT2G17960	0
AT2G39460	8131
AT2G24400	12
AT2G29070	286
AT2G23520	659
AT2G45350	57
AT2G27285	516
AT2G03750	586
AT2G36480	776
AT2G25590	302
AT2G40420	192
AT2G32650	359
AT2G28470	2240
AT2G14695	0
AT2G01690	1173
AT2G33040	9943
AT2G25950	550
AT2G43150	9919
AT2G25910	1511
AT2G32720	1166
AT2G39950	592
AT2G46710	817
AT2G22360	1729
AT2G07713	0
AT2G01280	0
AT2G14670	0
AT2G06040	302
AT2G34200	177
AT2G22810	32
AT2G46820	22079
AT2G25350	256
AT2G20280	1850
AT2G46360	1
AT2G23420	622
AT2G18410	223
AT2G17380	953
AT2G29050	473
AT2G19500	8
AT2G01220	958
AT2G02020	344
AT2G36030	0
AT2G37760	453
AT2G47420	898
AT2G30105	584
AT2G26080	10073
AT2G31432	0
AT2G41515	0
AT2G04480	13
AT2G25605	395
AT2G01275	51
AT2G46220	1424
AT2G17705	117
AT2G44610	2229
AT2G23470	157
AT2G02635	0
AT2G04038	0
AT2G42570	865
AT2G39380	0
AT2G14860	251
AT2G19700	2
AT2G37740	12
AT2G18590	0
AT2G23010	234
AT2G28850	0
AT2G48010	238
AT2G17060	52
AT2G44850	60
AT2G19000	1
AT2G30230	240
AT2G39020	1329
AT2G21840	169
AT2G19810	361
AT2G32670	6
AT2G36810	946
AT2G43500	293
AT2G39660	597
AT2G26870	390
AT2G31945	8
AT2G02280	0
AT2G35890	17
AT2G22930	66
AT2G13760	0
AT2G28315	149
AT2G41870	267
AT2G18876	553
AT2G30060	2085
AT2G10556	0
AT2G24950	0
AT2G01080	397
AT2G37180	794
AT2G42030	855
AT2G15029	2
AT2G38840	683
AT2G27720	8369
AT2G35140	53
AT2G34710	1363
AT2G39980	397
AT2G43580	4
AT2G37090	112
AT2G26865	0
AT2G31040	4136
AT2G40650	1125
AT2G35612	4
AT2G35470	389
AT2G06005	146
AT2G28590	105
AT2G37000	16
AT2G15000	564
AT2G42290	264
AT2G14835	1122
AT2G14765	0
AT2G25680	95
AT2G40480	875
AT2G23840	676
AT2G17030	283
AT2G39518	132
AT2G18960	20037
AT2G44590	3
AT2G47610	10583
AT2G24520	457
AT2G27840	1662
AT2G36870	810
AT2G02730	320
AT2G19340	0
AT2G13105	0
AT2G29490	678
AT2G48130	857
AT2G23230	0
AT2G26210	634
AT2G23050	244
AT2G40850	77
AT2G33370	4564
AT2G42920	257
AT2G19360	0
AT2G35340	227
AT2G20870	28
AT2G13810	25
AT2G33190	0
AT2G13370	1790
AT2G47160	898
AT2G17905	0
AT2G42840	7344
AT2G46240	455
AT2G34540	21
AT2G47410	1092
AT2G45190	638
AT2G46880	190
AT2G05830	1537
AT2G27470	579
AT2G43070	1430
AT2G46375	1
AT2G47550	188
AT2G05635	0
AT2G31450	209
AT2G37540	493
AT2G30430	0
AT2G42880	2778
AT2G43530	915
AT2G34360	15
AT2G02880	298
AT2G03010	84
AT2G18850	255
AT2G32310	0
AT2G17390	3766
AT2G03680	5233
AT2G48110	913
AT2G07190	0
AT2G20585	541
AT2G42580	1164
AT2G18390	561
AT2G37750	210
AT2G23220	1
AT2G35190	978
AT2G47830	416
AT2G41100	997
AT2G41200	170
AT2G31750	0
AT2G14775	26
AT2G05250	21
AT2G45040	31
AT2G01440	985
AT2G18010	14
AT2G07707	0
AT2G45270	769
AT2G02500	891
AT2G20720	3
AT2G40610	1173
AT2G20050	1606
AT2G34238	8
AT2G05720	0
AT2G17975	174
AT2G37870	54
AT2G45380	549
AT2G20597	0
AT2G23560	161
AT2G38470	585
AT2G43240	282
AT2G37680	505
AT2G42190	1074
AT2G01870	190
AT2G36460	4846
AT2G31180	33
AT2G02030	0
AT2G18860	400
AT2G16990	120
AT2G17660	4
AT2G34380	218
AT2G01730	70
AT2G01035	0
AT2G36500	65
AT2G40590	3063
AT2G43420	675
AT2G03430	338
AT2G29980	4733
AT2G10965	0
AT2G16630	491
AT2G45810	2304
AT2G07658	0
AT2G20760	3103
AT2G40570	280
AT2G42670	431
AT2G18480	55
AT2G43290	466
AT2G47330	1112
AT2G38550	2210
AT2G41690	15
AT2G05294	0
AT2G31035	0
AT2G17090	0
AT2G45440	1494
AT2G27070	0
AT2G24650	396
AT2G39120	60
AT2G04780	1596
AT2G07732	0
AT2G30270	330
AT2G34850	45
AT2G41505	13
AT2G48075	14
AT2G19670	520
AT2G05350	2
AT2G25660	1428
AT2G32690	7347
AT2G10020	0
AT2G19680	1756
AT2G37300	177
AT2G17340	1615
AT2G23120	6339
AT2G45250	777
AT2G14680	539
AT2G42230	995
AT2G10450	1
AT2G28460	34
AT2G45320	89
AT2G28890	985
AT2G16280	1553
AT2G34470	1240
AT2G41600	631
AT2G27020	3925
AT2G42870	199
AT2G39470	3152
AT2G41530	3202
AT2G02765	115
AT2G01680	1156
AT2G33845	369
AT2G19450	1019
AT2G36210	19
AT2G30620	4495
AT2G29740	150
AT2G36220	61
AT2G37710	1479
AT2G41560	4086
AT2G36120	11241
AT2G13840	314
AT2G41910	0
AT2G18670	204
AT2G37150	251
AT2G01660	397
AT2G14760	2
AT2G24830	362
AT2G26720	0
AT2G31700	0
AT2G29370	89
AT2G44070	0
AT2G16780	1240
AT2G26420	109
AT2G04170	575
AT2G31310	6
AT2G01510	133
AT2G18230	880
AT2G41375	0
AT2G29530	899
AT2G02910	212
AT2G32270	125
AT2G39630	655
AT2G21650	161
AT2G06090	0
AT2G01070	671
AT2G32940	83
AT2G47885	0
AT2G20070	0
AT2G38110	538
AT2G23142	0
AT2G15270	484
AT2G36295	32
AT2G07800	0
AT2G29654	0
AT2G13895	0
AT2G24535	2
AT2G29220	0
AT2G46970	38
AT2G34190	588
AT2G04450	111
AT2G17360	9323
AT2G40955	3
AT2G22730	83
AT2G07655	7
AT2G32800	313
AT2G34820	0
AT2G41090	3094
AT2G04070	27
AT2G39260	1437
AT2G13570	9
AT2G25295	0
AT2G45070	3905
AT2G29550	5027
AT2G03190	0
AT2G05530	4
AT2G26880	0
AT2G26450	7
AT2G13900	0
AT2G44450	422
AT2G42730	67
AT2G24440	246
AT2G37110	2522
AT2G40690	419
AT2G03823	0
AT2G38180	312
AT2G42400	413
AT2G12900	0
AT2G31953	1
AT2G34890	0
AT2G41105	0
AT2G34230	4
AT2G45790	3126
AT2G24500	1504
AT2G30680	2
AT2G04680	56
AT2G21195	325
AT2G03380	88
AT2G18630	664
AT2G38340	8
AT2G16720	212
AT2G24780	0
AT2G18030	390
AT2G48160	2519
AT2G38330	951
AT2G40460	512
AT2G20330	1545
AT2G16016	0
AT2G31340	284
AT2G41020	330
AT2G32640	959
AT2G34317	0
AT2G37860	1859
AT2G38185	81
AT2G27900	1548
AT2G34240	36
AT2G40880	798
AT2G34460	1686
AT2G13770	0
AT2G14610	244
AT2G01410	5
AT2G20142	59
AT2G30090	0
AT2G03470	938
AT2G36090	303
AT2G12205	0
AT2G14710	0
AT2G17220	445
AT2G29120	287
AT2G22510	386
AT2G11462	0
AT2G43730	0
AT2G19090	364
AT2G01430	48
AT2G28900	11832
AT2G03460	0
AT2G38280	1729
AT2G46170	1769
AT2G42910	1641
AT2G33870	0
AT2G45430	460
AT2G38730	507
AT2G36670	277
AT2G05230	15
AT2G15185	0
AT2G45940	0
AT2G21185	0
AT2G27315	0
AT2G16300	0
AT2G43130	528
AT2G29525	79
AT2G18550	9
AT2G30490	5943
AT2G11620	0
AT2G24230	373
AT2G22970	422
AT2G16570	203
AT2G46160	127
AT2G46915	1069
AT2G02770	0
AT2G18380	99
AT2G23000	309
AT2G29140	1454
AT2G14045	465
AT2G28000	23845
AT2G22230	1485
AT2G29210	2282
AT2G25060	1477
AT2G17270	176
AT2G01790	0
AT2G18570	369
AT2G47180	169
AT2G04063	0
AT2G16700	1090
AT2G21385	1663
AT2G45720	355
AT2G39410	39
AT2G39900	1646
AT2G47700	1374
AT2G13965	208
AT2G24250	94
AT2G04795	56
AT2G39250	343
AT2G41473	0
AT2G30575	311
AT2G40640	210
AT2G44065	924
AT2G34357	2355
AT2G46210	0
AT2G28600	1111
AT2G27610	113
AT2G16200	0
AT2G31650	404
AT2G41080	268
AT2G42330	241
AT2G18460	1
AT2G13600	192
AT2G03260	53
AT2G16530	259
AT2G42270	845
AT2G26010	76
AT2G37600	1463
AT2G07290	0
AT2G28640	0
AT2G43450	3
AT2G32340	64
AT2G41340	207
AT2G24255	0
AT2G25840	1611
AT2G25240	45
AT2G34224	6
AT2G32880	451
AT2G47640	1022
AT2G31335	1
AT2G06983	0
AT2G07110	0
AT2G34930	179
AT2G40960	213
AT2G26540	1062
AT2G22190	703
AT2G07727	0
AT2G36310	1429
AT2G03280	219
AT2G41445	5
AT2G45410	4
AT2G20190	2298
AT2G29250	0
AT2G37920	987
AT2G46460	0
AT2G19146	0
AT2G31960	2877
AT2G07691	0
AT2G32140	12
AT2G40730	1770
AT2G29380	0
AT2G37420	630
AT2G25340	0
AT2G22805	0
AT2G46100	1037
AT2G06530	1776
AT2G20150	0
AT2G20800	32
AT2G07787	1
AT2G45510	412
AT2G40790	1
AT2G02023	0
AT2G05645	0
AT2G20020	1764
AT2G03913	0
AT2G38160	135
AT2G28910	5317
AT2G26500	18162
AT2G06095	0
AT2G12405	0
AT2G46870	387
AT2G42150	7
AT2G29130	20
AT2G28540	1024
AT2G26460	717
AT2G01818	40
AT2G25700	0
AT2G15360	0
AT2G37460	947
AT2G20290	615
AT2G41260	9
AT2G15327	0
AT2G16490	0
AT2G25185	0
AT2G30630	4
AT2G38400	539
AT2G30250	295
AT2G04570	516
AT2G45970	1331
AT2G27110	718
AT2G38920	23
AT2G44260	0
AT2G47350	434
AT2G24720	3
AT2G15320	323
AT2G16019	0
AT2G15460	0
AT2G21770	60
AT2G25290	278
AT2G46920	786
AT2G15325	0
AT2G34020	173
AT2G25900	627
AT2G24620	0
AT2G42720	49
AT2G22940	0
AT2G33800	14015
AT2G24610	178
AT2G23530	205
AT2G46300	9
AT2G31350	707
AT2G25810	760
AT2G03600	0
AT2G33300	0
AT2G31400	13343
AT2G29430	0
AT2G03160	0
AT2G22055	1
AT2G04270	1169
AT2G23987	0
AT2G04060	0
AT2G20465	0
AT2G39830	246
AT2G14620	76
AT2G26350	371
AT2G11205	0
AT2G35950	5
AT2G31150	388
AT2G42455	0
AT2G30280	331
AT2G02498	0
AT2G33340	2930
AT2G33790	620
AT2G16600	21583
AT2G31850	0
AT2G30930	637
AT2G45670	1503
AT2G19160	484
AT2G19270	702
AT2G32885	0
AT2G36020	3
AT2G21590	279
AT2G42890	580
AT2G40310	0
AT2G20820	3560
AT2G33980	121
AT2G25070	1030
AT2G32840	210
AT2G02620	5
AT2G26515	22
AT2G23350	8870
AT2G47870	23
AT2G23540	706
AT2G13620	0
AT2G43430	413
AT2G32090	455
AT2G01460	465
AT2G07675	0
AT2G46080	567
AT2G30720	338
AT2G26840	322
AT2G27800	87
AT2G29310	923
AT2G27360	273
AT2G31900	52
AT2G30830	2
AT2G02840	0
AT2G12170	51
AT2G41997	0
AT2G40130	383
AT2G24681	3
AT2G22122	424
AT2G31890	829
AT2G27000	238
AT2G37270	5131
AT2G05380	14308
AT2G31345	0
AT2G45403	0
AT2G04880	998
AT2G27650	5
AT2G42740	694
AT2G22770	287
AT2G03420	0
AT2G01770	11
AT2G16390	467
AT2G12465	2
AT2G37470	1803
AT2G11890	2060
AT2G29590	269
AT2G21200	17
AT2G15880	406
AT2G36050	99
AT2G22420	165
AT2G37250	2141
AT2G30432	23
AT2G15770	0
AT2G23740	644
AT2G44650	4231
AT2G28860	1
AT2G23030	509
AT2G02000	19
AT2G43865	0
AT2G25620	839
AT2G31600	125
AT2G43870	76
AT2G45870	105
AT2G47150	0
AT2G41540	1114
AT2G02780	349
AT2G38710	1137
AT2G05540	161
AT2G43930	29
AT2G44430	497
AT2G32970	589
AT2G39480	960
AT2G34480	16136
AT2G43780	655
AT2G04800	135
AT2G21250	3789
AT2G37200	560
AT2G04240	275
AT2G28950	2403
AT2G18100	68
AT2G31730	197
AT2G30424	344
AT2G01600	1254
AT2G25650	130
AT2G29995	181
AT2G29110	8
AT2G15890	5142
AT2G31940	45
AT2G28870	52
AT2G43386	0
AT2G20990	6018
AT2G45560	2495
AT2G23830	2
AT2G21820	2
AT2G42610	450
AT2G37925	21
AT2G05185	22
AT2G07626	0
AT2G27507	0
AT2G45260	760
AT2G45420	17
AT2G36815	1
AT2G38640	235
AT2G27050	2491
AT2G47460	334
AT2G21990	7
AT2G15170	2
AT2G22340	4
AT2G14060	8
AT2G36910	3201
AT2G07654	0
AT2G31030	1
AT2G27350	1119
AT2G26975	489
AT2G15860	1199
AT2G36570	1778
AT2G42395	50
AT2G40120	194
AT2G28660	316
AT2G25490	2399
AT2G20370	980
AT2G28170	0
AT2G20270	1477
AT2G13350	0
AT2G43020	1988
AT2G43970	9088
AT2G30505	71
AT2G01270	976
AT2G35880	1582
AT2G34750	2205
AT2G22088	11
AT2G20805	0
AT2G44578	8
AT2G02800	1303
AT2G20495	189
AT2G42070	1172
AT2G41940	538
AT2G35050	4010
AT2G21600	958
AT2G03440	3592
AT2G40350	38
AT2G33840	1190
AT2G33490	432
AT2G01930	380
AT2G14755	0
AT2G38255	2
AT2G03480	773
AT2G41510	41
AT2G25800	1356
AT2G01100	1167
AT2G02470	781
AT2G34450	120
AT2G21680	0
AT2G05755	229
AT2G29660	486
AT2G22870	563
AT2G44250	3
AT2G33120	1248
AT2G19780	155
AT2G10625	0
AT2G25690	245
AT2G30260	846
AT2G01505	147
AT2G41417	0
AT2G23080	516
AT2G28105	25
AT2G05710	10672
AT2G35230	422
AT2G36170	3741
AT2G25540	0
AT2G17720	1892
AT2G40550	594
AT2G37780	0
AT2G17570	171
AT2G37990	2380
AT2G30960	125
AT2G31250	59
AT2G38900	0
AT2G18830	1
AT2G16485	2030
AT2G43520	193
AT2G47780	9
AT2G03000	0
AT2G27990	47
AT2G03200	218
AT2G35000	106
AT2G15310	114
AT2G13610	617
AT2G21655	0
AT2G16020	0
AT2G47200	0
AT2G25710	650
AT2G05580	8
AT2G18890	247
AT2G35710	106
AT2G46535	610
AT2G44000	6
AT2G28080	729
AT2G14520	109
AT2G43190	113
AT2G17120	522
AT2G25280	746
AT2G31010	681
AT2G20490	1239
AT2G40770	527
AT2G43280	182
AT2G35280	0
AT2G43480	119
AT2G44300	461
AT2G23980	1056
AT2G27450	1535
AT2G41430	15030
AT2G25920	260
AT2G32580	1044
AT2G31170	1072
AT2G39510	525
AT2G23570	0
AT2G27260	396
AT2G22465	0
AT2G47050	13
AT2G29880	0
AT2G23945	0
AT2G43630	1534
AT2G21540	389
AT2G47140	241
AT2G07706	0
AT2G01760	240
AT2G18560	217
AT2G33360	345
AT2G11271	0
AT2G40050	8
AT2G43250	219
AT2G11810	685
AT2G23760	696
AT2G33050	0
AT2G24625	0
AT2G31720	0
AT2G19040	0
AT2G45840	0
AT2G26030	194
AT2G31540	3
AT2G27030	2802
AT2G31660	2359
AT2G45900	231
AT2G18920	0
AT2G36700	0
AT2G22290	7
AT2G48030	547
AT2G33855	1282
AT2G42830	0
AT2G07775	0
AT2G46995	0
AT2G22900	657
AT2G30942	67
AT2G21900	7
AT2G38220	3
AT2G46567	0
AT2G44600	134
AT2G34620	645
AT2G18760	449
AT2G39690	153
AT2G22780	2876
AT2G46830	55
AT2G23210	0
AT2G35740	0
AT2G31370	716
AT2G15530	897
AT2G02680	147
AT2G43600	29
AT2G28410	249
AT2G07714	0
AT2G06105	0
AT2G39710	305
AT2G02510	2148
AT2G17980	1812
AT2G04100	171
AT2G20790	717
AT2G18328	572
AT2G42700	647
AT2G31780	0
AT2G42060	28
AT2G41380	637
AT2G45950	364
AT2G21380	2035
AT2G11405	0
AT2G38465	293
AT2G19210	0
AT2G36130	911
AT2G21210	681
AT2G42110	200
AT2G17305	0
AT2G17160	0
AT2G24260	465
AT2G06541	0
AT2G21910	0
AT2G37480	2060
AT2G42990	6
AT2G26370	9
AT2G22145	3
AT2G19650	40
AT2G24590	1441
AT2G01480	429
AT2G35830	921
AT2G28420	30
AT2G04520	2668
AT2G20980	262
AT2G27750	0
AT2G43610	1296
AT2G45310	0
AT2G06425	0
AT2G35680	1722
AT2G46860	60
AT2G44240	6
AT2G39920	478
AT2G07722	2
AT2G19990	202
AT2G35720	699
AT2G47810	7
AT2G24390	310
AT2G16270	513
AT2G42440	2
AT2G37510	204
AT2G34520	1191
AT2G44120	7256
AT2G20680	276
AT2G28810	543
AT2G22060	2
AT2G21690	0
AT2G27780	0
AT2G18915	527
AT2G42725	0
AT2G07632	0
AT2G34530	62
AT2G19050	6
AT2G12400	790
AT2G30000	311
AT2G46455	26
AT2G37100	173
AT2G15440	131
AT2G29890	605
AT2G30870	13306
AT2G43960	0
AT2G03565	0
AT2G24190	237
AT2G01170	1678
AT2G43820	797
AT2G22560	237
AT2G39800	2382
AT2G03030	0
AT2G43010	1256
AT2G27970	726
AT2G41760	324
AT2G46490	1037
AT2G25260	168
AT2G02140	0
AT2G17050	64
AT2G13650	298
AT2G31957	0
AT2G35500	2105
AT2G47910	1818
AT2G14846	0
AT2G23640	0
AT2G11025	0
AT2G01210	173
AT2G46493	4
AT2G25520	2572
AT2G38360	506
AT2G34630	1121
AT2G35733	0
AT2G29910	195
AT2G19900	18
AT2G18050	40
AT2G43990	108
AT2G07749	0
AT2G05940	632
AT2G03760	449
AT2G27460	644
AT2G01470	1730
AT2G34960	70
AT2G39375	0
AT2G11200	0
AT2G42950	216
AT2G47130	440
AT2G16790	157
AT2G40990	1
AT2G14750	2640
AT2G18025	1
AT2G43210	681
AT2G45470	4519
AT2G24645	146
AT2G14540	0
AT2G27510	3712
AT2G21610	7
AT2G26830	407
AT2G41450	81
AT2G22660	2810
AT2G39050	270
AT2G33690	0
AT2G24683	2
AT2G22800	85
AT2G37770	72
AT2G02720	0
AT2G24050	2186
AT2G35540	265
AT2G41970	94
AT2G07656	0
AT2G13463	0
AT2G36530	26638
AT2G16750	367
AT2G43040	286
AT2G45750	495
AT2G43560	3402
AT2G09840	0
AT2G44010	93
AT2G44860	2735
AT2G23170	425
AT2G39180	157
AT2G19550	10
AT2G14580	221
AT2G28070	700
AT2G04500	6
AT2G02061	17
AT2G45100	222
AT2G21530	2781
AT2G17525	190
AT2G29125	41
AT2G24290	585
AT2G35345	12
AT2G05170	1374
AT2G03670	251
AT2G20770	114
AT2G21050	1005
AT2G36330	288
AT2G23200	288
AT2G31300	166
AT2G47620	476
AT2G19280	238
AT2G19590	1320
AT2G15180	0
AT2G27170	1423
AT2G32930	268
AT2G33710	92
AT2G04925	0
AT2G23240	0
AT2G47720	0
AT2G21260	4
AT2G07310	0
AT2G41070	99
AT2G22820	0
AT2G05600	0
AT2G30530	436
AT2G21920	0
AT2G45220	490
AT2G17850	83
AT2G20540	34
AT2G19120	217
AT2G34400	148
AT2G46410	83
AT2G25780	2
AT2G31480	9
AT2G37880	21
AT2G02103	0
AT2G17640	253
AT2G35060	617
AT2G30160	467
AT2G19070	0
AT2G02026	0
AT2G33100	8
AT2G20530	1838
AT2G41720	1398
AT2G01570	1746
AT2G17280	649
AT2G25220	87
AT2G44800	2
AT2G28330	47
AT2G28550	2717
AT2G15560	802
AT2G17690	0
AT2G27120	2
AT2G17800	1210
AT2G33700	489
AT2G30560	10
AT2G16060	2160
AT2G24810	0
AT2G30170	713
AT2G05753	0
AT2G25964	142
AT2G46980	308
AT2G34040	1658
AT2G46505	1697
AT2G18196	132
AT2G16660	2274
AT2G20605	0
AT2G40935	179
AT2G39865	0
AT2G32730	4774
AT2G20560	130
AT2G13660	0
AT2G42005	31
AT2G04137	2
AT2G12646	156
AT2G16220	0
AT2G04630	1082
AT2G27660	553
AT2G22610	661
AT2G18240	207
AT2G44970	1000
AT2G32440	758
AT2G17770	18
AT2G45460	267
AT2G16050	119
AT2G01360	0
AT2G01620	588
AT2G46810	221
AT2G05360	0
AT2G36680	403
AT2G14850	200
AT2G03580	0
AT2G27520	0
AT2G25560	384
AT2G02010	232
AT2G22590	200
AT2G28370	749
AT2G29400	1560
AT2G24540	0
AT2G37410	3147
AT2G40765	1651
AT2G11815	2
AT2G38120	2106
AT2G43100	5063
AT2G34060	261
AT2G23096	3
AT2G32410	248
AT2G36900	454
AT2G30370	51
AT2G13510	0
AT2G31550	4
AT2G37170	4884
AT2G29570	722
AT2G46290	250
AT2G05920	5874
AT2G26430	882
AT2G39730	137005
AT2G26200	962
AT2G29940	113
AT2G28120	108
AT2G38140	6929
AT2G14692	0
AT2G23410	46
AT2G27080	119
AT2G41240	235
AT2G10920	0
AT2G40095	122
AT2G37690	969
AT2G02835	0
AT2G34260	388
AT2G25370	2
AT2G20900	907
AT2G26770	1036
AT2G34000	5
AT2G14900	416
AT2G18938	8
AT2G31985	6
AT2G41210	84
AT2G37340	1814
AT2G42850	53
AT2G07665	0
AT2G17442	97
AT2G37640	1517
AT2G40000	536
AT2G46570	16
AT2G47980	2421
AT2G47115	0
AT2G43890	0
AT2G18470	68
AT2G03890	2120
AT2G19385	509
AT2G24210	0
AT2G07565	0
AT2G19510	0
AT2G27600	2781
AT2G44050	2325
AT2G25670	3694
AT2G45640	1798
AT2G36880	17117
AT2G35690	436
AT2G27250	0
AT2G04300	0
AT2G37440	44
AT2G30766	457
AT2G20700	3
AT2G30660	25
AT2G35650	601
AT2G34050	374
AT2G03822	0
AT2G32460	7
AT2G22520	0
AT2G36790	0
AT2G17140	174
AT2G39230	99
AT2G25850	867
AT2G22905	4
AT2G39740	403
AT2G28270	8
AT2G47310	326
AT2G02493	0
AT2G36390	5184
AT2G23620	77
AT2G21190	858
AT2G27880	7
AT2G40800	994
AT2G46990	3
AT2G17020	494
AT2G06010	632
AT2G19750	3012
AT2G03350	663
AT2G37210	67
AT2G47530	31
AT2G26100	508
AT2G32790	0
AT2G20830	847
AT2G41050	180
AT2G02090	905
AT2G44198	0
AT2G04041	0
AT2G30050	1949
AT2G36290	1751
AT2G23300	256
AT2G25320	1234
AT2G03930	0
AT2G32590	396
AT2G20390	493
AT2G35040	3435
AT2G20160	0
AT2G03140	1404
AT2G31620	0
AT2G13550	149
AT2G13820	961
AT2G46090	749
AT2G06510	372
AT2G33350	8
AT2G36800	394
AT2G11045	0
AT2G43540	358
AT2G13980	0
AT2G34270	0
AT2G01630	708
AT2G17180	0
AT2G14530	361
AT2G04560	93
AT2G28060	239
AT2G34350	7
AT2G33480	332
AT2G34900	934
AT2G34830	82
AT2G01750	472
AT2G13126	0
AT2G14810	0
AT2G31830	55
AT2G05655	3
AT2G03505	84
AT2G45680	0
AT2G36690	501
AT2G34555	0
AT2G41740	2469
AT2G37840	623
AT2G11035	86
AT2G30780	472
AT2G46530	290
AT2G13500	0
AT2G34680	2861
AT2G39330	39
AT2G20616	0
AT2G16676	0
AT2G41130	222
AT2G07637	0
AT2G22260	110
AT2G43110	635
AT2G31140	838
AT2G25870	2763
AT2G22450	1488
AT2G20650	231
AT2G38790	0
AT2G22010	1018
AT2G41850	7
AT2G20860	4802
AT2G43310	29
AT2G41680	6241
AT2G27090	613
AT2G35605	675
AT2G23610	1320
AT2G29450	2663
AT2G28990	54
AT2G47060	482
AT2G33180	846
AT2G43180	379
AT2G27270	0
AT2G10970	0
AT2G30890	98
AT2G01610	285
AT2G29800	0
AT2G38630	344
AT2G02890	0
AT2G41110	437
AT2G05260	270
AT2G36724	0
AT2G25470	75
AT2G45700	670
AT2G06020	0
AT2G36660	23
AT2G17000	0
AT2G23460	1151
AT2G31530	670
AT2G04865	1099
AT2G44640	1426
AT2G23940	638
AT2G19290	0
AT2G30520	1314
AT2G33685	0
AT2G24040	155
AT2G38770	1830
AT2G01250	15565
AT2G20340	423
AT2G21110	0
AT2G38560	799
AT2G20180	381
AT2G46310	139
AT2G48090	165
AT2G32960	354
AT2G03710	128
AT2G17710	268
AT2G14365	0
AT2G07772	0
AT2G20210	142
AT2G36026	114
AT2G48000	350
AT2G30480	137
AT2G33735	108
AT2G29440	176
AT2G04845	250
AT2G21790	3085
AT2G02950	469
AT2G02870	1282
AT2G18540	0
AT2G10557	0
AT2G10440	0
AT2G33290	419
AT2G32765	151
AT2G19300	0
AT2G04390	3553
AT2G04860	120
AT2G47370	140
AT2G29580	449
AT2G38646	0
AT2G29750	282
AT2G33110	112
AT2G43440	32
AT2G10975	0
AT2G07040	1
AT2G21860	2004
AT2G39160	0
AT2G48150	6
AT2G45150	241
AT2G03060	177
AT2G30420	72
AT2G02610	29
AT2G21727	0
AT2G47570	2
AT2G47670	17
AT2G01710	612
AT2G18280	1412
AT2G46680	628
AT2G29960	1616
AT2G30900	3
AT2G28720	2393
AT2G35260	3695
AT2G28430	539
AT2G41230	30
AT2G46750	246
AT2G28500	40
AT2G43390	31
AT2G45600	148
AT2G39360	408
AT2G23110	6
AT2G29360	1016
AT2G44350	4189
AT2G04037	0
AT2G30590	739
AT2G36380	2726
AT2G25625	255
AT2G24945	125
AT2G21160	5435
AT2G40925	1
AT2G21290	2064
AT2G20825	6
AT2G26620	0
AT2G34510	960
AT2G26390	5
AT2G18520	305
AT2G38820	314
AT2G27760	286
AT2G23930	2108
AT2G02525	0
AT2G01920	0
AT2G29990	323
AT2G05140	0
AT2G32820	0
AT2G18110	2204
AT2G28815	23
AT2G19480	5409
AT2G47430	0
AT2G17760	784
AT2G28450	936
AT2G35035	76
AT2G33510	330
AT2G29045	0
AT2G37960	111
AT2G43340	377
AT2G33630	1106
AT2G30395	37
AT2G27240	2
AT2G24570	563
AT2G14825	71
AT2G32050	3
AT2G07642	2
AT2G40715	2
AT2G30070	736
AT2G30650	2
AT2G31930	4
AT2G38950	1112
AT2G36650	86
AT2G32500	772
AT2G37220	47466
AT2G29930	0
AT2G39350	557
AT2G36370	179
AT2G40300	919
AT2G45820	3103
AT2G43650	2138
AT2G45480	101
AT2G26300	1327
AT2G40995	0
AT2G24060	2941
AT2G19730	10214
AT2G43860	0
AT2G21440	2115
AT2G31060	2330
AT2G25970	4259
AT2G06565	0
AT2G28790	2151
AT2G10940	33311
AT2G07692	0
AT2G25100	493
AT2G05220	5088
AT2G30550	260
AT2G47510	5298
AT2G40810	176
AT2G19380	144
AT2G24470	0
AT2G43840	66
AT2G44530	1260
AT2G29840	0
AT2G35430	169
AT2G33796	0
AT2G01350	1942
AT2G14440	0
AT2G29925	0
AT2G14070	1
AT2G39430	243
AT2G35940	843
AT2G44940	474
AT2G22790	51
AT2G01910	1105
AT2G03690	310
AT2G25344	0
AT2G01110	2828
AT2G18465	251
AT2G19430	593
AT2G14830	0
AT2G45170	595
AT2G45710	564
AT2G17670	472
AT2G45850	938
AT2G01810	3
AT2G26930	1346
AT2G36410	1365
AT2G03090	2446
AT2G38995	113
AT2G47030	7
AT2G22430	4989
AT2G16385	61
AT2G41120	84
AT2G45030	1424
AT2G31290	148
AT2G03933	0
AT2G29330	180
AT2G33320	336
AT2G44740	116
AT2G32295	307
AT2G07718	0
AT2G33470	1704
AT2G02695	0
AT2G26190	639
AT2G15130	20
AT2G41390	0
AT2G25440	2
AT2G26600	579
AT2G17950	0
AT2G14800	8
AT2G02350	59
AT2G44735	66
AT2G28130	189
AT2G44900	541
AT2G07659	1
AT2G40475	431
AT2G33380	34
AT2G22980	287
AT2G29470	1
AT2G20890	9029
AT2G17110	475
AT2G40205	5
AT2G17450	675
AT2G37060	233
AT2G29735	0
AT2G37040	8069
AT2G16015	0
AT2G36835	1397
AT2G42940	0
AT2G34585	1407
AT2G02410	360
AT2G02850	169
AT2G07240	1
AT2G32785	0
AT2G11910	4356
AT2G30950	20080
AT2G36270	196
AT2G30985	0
AT2G36850	3030
AT2G33860	1448
AT2G37720	19
AT2G31220	9
AT2G32480	1926
AT2G06675	0
AT2G24670	0
AT2G42490	3464
AT2G37125	0
AT2G45800	0
AT2G40815	229
AT2G39805	348
AT2G29850	0
AT2G04910	0
AT2G16360	6
AT2G18210	60
AT2G25737	400
AT2G45160	1061
AT2G32030	33
AT2G19850	0
AT2G22040	0
AT2G22620	146
AT2G10930	9
AT2G03510	1062
AT2G26060	941
AT2G05630	476
AT2G33200	0
AT2G15500	0
AT2G20440	299
AT2G18450	123
AT2G37560	124
AT2G45930	6
AT2G30330	306
AT2G22200	51
AT2G01450	1884
AT2G38000	413
AT2G39560	93
AT2G48020	774
AT2G27340	173
AT2G16018	0
AT2G26950	0
AT2G37700	36
AT2G35010	781
AT2G47920	121
AT2G29390	782
AT2G31610	9794
AT2G16250	264
AT2G31260	725
AT2G36470	309
AT2G47860	403
AT2G43700	100
AT2G16040	0
AT2G24140	16
AT2G47340	0
AT2G24285	0
AT2G10545	0
AT2G22540	1454
AT2G18180	32
AT2G34070	423
AT2G05620	1586
AT2G37035	543
AT2G11891	16
AT2G40085	100
AT2G32920	2423
AT2G19110	1651
AT2G33830	4929
AT2G15680	0
AT2G16594	0
AT2G17787	187
AT2G17780	255
AT2G34980	32
AT2G38370	526
AT2G14260	1473
AT2G34370	1
AT2G43535	955
AT2G44200	630
AT2G16730	6
AT2G07648	0
AT2G18940	1851
AT2G35370	16055
AT2G30600	2122
AT2G13630	0
AT2G37890	153
AT2G15340	0
AT2G07678	0
AT2G30200	2433
AT2G30120	313
AT2G40860	398
AT2G14247	230
AT2G02360	581
AT2G15480	479
AT2G40270	321
AT2G39650	129
AT2G33847	78
AT2G28150	569
AT2G24360	2465
AT2G06925	2224
AT2G47490	392
AT2G29452	0
AT2G01240	0
AT2G30980	2297
AT2G26135	0
AT2G46960	0
AT2G46630	930
AT2G41470	3
AT2G36490	1025
AT2G42790	1213
AT2G27820	1334
AT2G30320	769
AT2G43260	357
AT2G27830	436
AT2G18800	119
AT2G35850	0
AT2G42860	18
AT2G23348	23
AT2G33030	0
AT2G34186	0
AT2G22670	4513
AT2G26910	2934
AT2G42360	0
AT2G20875	56
AT2G47600	948
AT2G31580	263
AT2G12190	134
AT2G38830	40
AT2G27740	108
AT2G34590	2946
AT2G01670	1493
AT2G06850	3750
AT2G25310	1007
AT2G07773	0
AT2G40250	5
AT2G30540	129
AT2G30100	339
AT2G44460	116
AT2G17520	913
AT2G39810	1057
AT2G17410	1628
AT2G05370	0
AT2G21940	293
AT2G45140	1000
AT2G44190	159
AT2G40620	500
AT2G35090	0
AT2G30385	0
AT2G01820	2555
AT2G45730	981
AT2G35860	178
AT2G22740	281
AT2G45890	134
AT2G07627	0
AT2G32870	477
AT2G21730	14
AT2G34355	161
AT2G19802	0
AT2G47480	14
AT2G26760	619
AT2G34420	0
AT2G16870	101
AT2G14378	0
AT2G16920	966
AT2G18770	354
AT2G23630	249
AT2G02980	182
AT2G21970	1192
AT2G11570	0
AT2G26780	1299
AT2G38680	250
AT2G05210	427
AT2G21235	0
AT2G35840	2802
AT2G44290	202
AT2G36145	2413
AT2G02550	0
AT2G13720	0
AT2G31018	0
AT2G42250	0
AT2G36255	0
AT2G24990	912
AT2G40180	14
AT2G22840	960
AT2G44840	26
AT2G46380	204
AT2G21130	2197
AT2G32390	566
AT2G39540	0
AT2G20960	1447
AT2G41990	169
AT2G45860	734
AT2G17040	148
AT2G37360	0
AT2G33600	637
AT2G44130	0
AT2G34970	1292
AT2G22630	19
AT2G19710	301
AT2G47820	133
AT2G22240	512
AT2G18270	0
AT2G35640	0
AT2G15960	1140
AT2G22300	1362
AT2G17550	272
AT2G17200	2904
AT2G44790	1993
AT2G17970	271
AT2G22160	0
AT2G04025	40
AT2G42390	361
AT2G35290	27
AT2G02515	0
AT2G44380	245
AT2G26290	103
AT2G45080	66
AT2G16760	99
AT2G34150	192
AT2G37120	743
AT2G10608	0
AT2G30910	291
AT2G42160	377
AT2G47840	1937
AT2G22080	1690
AT2G36730	142
AT2G26610	0
AT2G27530	8846
AT2G32120	75
AT2G22030	0
AT2G40470	51
AT2G27550	558
AT2G04440	0
AT2G27230	2183
AT2G45540	2713
AT2G21980	1
AT2G21740	0
AT2G38152	12
AT2G32700	2720
AT2G41190	155
AT2G37670	36
AT2G35750	6
AT2G07669	0
AT2G17930	2047
AT2G03740	0
AT2G31500	2
AT2G24205	0
AT2G36260	0
AT2G40745	0
AT2G39040	76
AT2G13845	0
AT2G36990	3189
AT2G24370	0
AT2G29540	450
AT2G36350	744
AT2G34660	2846
AT2G32430	346
AT2G31280	591
AT2G22500	887
AT2G31981	0
AT2G04690	397
AT2G02740	880
AT2G06904	0
AT2G17730	353
AT2G40430	2660
AT2G24395	491
AT2G21620	3365
AT2G42480	0
AT2G39500	370
AT2G02497	2
AT2G03130	3
AT2G07633	3
AT2G44950	788
AT2G20500	0
AT2G46770	0
AT2G23450	606
AT2G46260	995
AT2G41710	464
AT2G32510	105
AT2G43470	11
AT2G40140	1525
AT2G03370	11
AT2G05420	0
AT2G29090	264
AT2G07776	0
AT2G46790	32
AT2G44310	1796
AT2G15318	2
AT2G47935	0
AT2G22100	480
AT2G26980	1039
AT2G35300	2
AT2G07140	3
AT2G46780	276
AT2G44500	427
AT2G10950	424
AT2G20470	1
AT2G39780	2217
AT2G27730	4155
AT2G01310	8
AT2G17500	625
AT2G24790	3616
AT2G32450	549
AT2G21320	91
AT2G17043	0
AT2G38490	21
AT2G30360	0
AT2G25930	2009
AT2G29650	2788
AT2G32487	92
AT2G21595	0
AT2G40004	0
AT2G41160	442
AT2G31083	64
AT2G20595	0
AT2G23310	895
AT2G27210	1169
AT2G24070	30
AT2G24220	95
AT2G29920	0
AT2G34560	1755
AT2G21450	7
AT2G18650	45
AT2G23067	0
AT2G38210	371
AT2G34825	0
AT2G46480	4
AT2G41290	148
AT2G36240	712
AT2G44570	52
AT2G26410	25
AT2G07810	0
AT2G38823	39
AT2G46500	1576
AT2G34123	0
AT2G25430	2480
AT2G15570	399
AT2G28670	19
AT2G44830	645
AT2G02480	697
AT2G39880	128
AT2G42310	2272
AT2G04280	1
AT2G35990	0
AT2G29020	788
AT2G30670	79
AT2G21880	73
AT2G30240	0
AT2G25510	2509
AT2G21330	16523
AT2G15695	721
AT2G28800	11124
AT2G01530	981
AT2G07815	0
AT2G27229	1
AT2G04430	149
AT2G44680	687
AT2G37820	9
AT2G07643	0
AT2G15345	0
AT2G16210	0
AT2G03320	0
AT2G23790	758
AT2G19410	4
AT2G15420	0
AT2G21045	619
AT2G40170	2
AT2G23755	27
AT2G47710	1933
AT2G30390	3418
AT2G18200	9
AT2G34410	473
AT2G04190	8
AT2G32320	462
AT2G39851	0
AT2G42810	1666
AT2G35130	855
AT2G25500	0
AT2G24000	1
AT2G25410	0
AT2G32080	2401
AT2G19600	732
AT2G36950	854
AT2G07835	0
AT2G35795	597
AT2G37030	4
AT2G32400	678
AT2G29340	504
AT2G03270	297
AT2G40711	52
AT2G35790	1309
AT2G29460	93
AT2G31200	870
AT2G24580	681
AT2G38040	8725
AT2G25305	0
AT2G34810	265
AT2G44160	3813
AT2G03770	4
AT2G07687	0
AT2G24460	0
AT2G04066	1
AT2G26920	793
AT2G28490	0
AT2G32835	0
AT2G19540	2185
AT2G40190	273
AT2G33060	97
AT2G37900	18
AT2G29150	0
AT2G04400	1616
AT2G23250	0
AT2G14635	0
AT2G31390	3835
AT2G27630	11
AT2G03210	3
AT2G01755	0
AT2G45210	145
AT2G21660	141407
AT2G25125	0
AT2G03570	0
AT2G02130	4847
AT2G37970	468
AT2G15020	10
AT2G43000	25
AT2G43850	377
AT2G30690	4
AT2G20120	338
AT2G24820	1939
AT2G03667	293
AT2G46900	940
AT2G36080	339
AT2G23093	133
AT2G03390	1608
AT2G26000	229
AT2G20740	544
AT2G32600	887
AT2G41010	209
AT2G04032	49
AT2G19970	1167
AT2G28360	754
AT2G22270	340
AT2G43660	9
AT2G46180	547
AT2G39400	227
AT2G20610	3338
AT2G26570	1713
AT2G28690	109
AT2G20619	0
AT2G40240	107
AT2G07751	0
AT2G01050	0
AT2G34090	621
AT2G17370	387
AT2G27490	264
AT2G04195	0
AT2G08990	0
AT2G07595	0
AT2G09135	0
AT2G06395	0
AT2G09755	0
AT2G04835	0
AT2G05005	0
AT2G08365	0
AT2G09180	0
AT2G05495	0
AT2G07885	0
AT2G09170	1
AT2G03885	0
AT2G08465	1
AT2G08355	0
AT2G09955	0
AT2G08075	0
AT2G04085	0
AT2G08545	6
AT2G09265	0
AT2G08220	53
AT2G09270	0
AT2G05875	0
AT2G06365	3
AT2G08175	0
AT2G05865	0
AT2G09005	0
AT2G07645	0
AT2G09285	0
AT2G08450	0
AT2G09185	0
AT2G07285	0
AT2G09250	0
AT2G08675	0
AT2G04785	0
AT2G23040	143
AT2G05215	14
AT2G08160	0
AT2G09765	0
AT2G04745	0
AT2G08010	0
AT2G09770	0
AT2G04635	0
AT2G05885	0
AT2G08955	2
AT2G08880	0
AT2G08535	0
AT2G04685	0
AT2G08560	0
AT2G08645	0
AT2G08210	0
AT2G06655	0
AT2G09590	0
AT2G05575	0
AT2G04325	0
AT2G08835	0
AT2G07585	21
AT2G06175	0
AT2G08570	0
AT2G03945	0
AT2G08735	47
AT2G06725	0
AT2G05965	0
AT2G08890	0
AT2G07840	0
AT2G08385	0
AT2G06315	0
AT2G08945	1
AT2G08925	0
AT2G07940	0
AT2G08250	0
AT2G04175	0
AT2G06955	0
AT2G09750	0
AT2G06995	13
AT2G08165	0
AT2G05555	0
AT2G08830	0
AT2G05975	0
AT2G04665	0
AT2G08305	0
AT2G05395	0
AT2G09725	0
AT2G04345	1
AT2G04465	0
AT2G06415	0
AT2G09195	1
AT2G04005	0
AT2G09385	0
AT2G08895	0
AT2G08495	0
AT2G03985	0
AT2G06705	0
AT2G06575	0
AT2G09015	0
AT2G06035	0
AT2G04365	0
AT2G05945	0
AT2G07545	2
AT2G08950	1
AT2G04815	0
AT2G09255	0
AT2G05695	6
AT2G08415	0
AT2G09060	0
AT2G07960	0
AT2G06975	0
AT2G06495	0
AT2G05425	0
AT2G04505	2
AT2G24592	269
AT2G05905	0
AT2G04605	0
AT2G08200	0
AT2G09280	0
AT2G09550	0
AT2G04405	0
AT2G09835	1
AT2G08455	0
AT2G08310	0
AT2G09330	0
AT2G08155	0
AT2G08115	0
AT2G06585	0
AT2G05545	0
AT2G09555	0
AT2G09040	0
AT2G04225	0
AT2G06185	0
AT2G08095	1
AT2G05515	0
AT2G08705	0
AT2G08315	0
AT2G07555	0
AT2G07865	0
AT2G09620	0
AT2G08620	0
AT2G08995	0
AT2G08045	0
AT2G09625	0
AT2G09535	0
AT2G06435	2
AT2G08270	0
AT2G05785	0
AT2G09075	0
AT2G05405	0
AT2G04185	0
AT2G07085	0
AT2G07025	0
AT2G07225	0
AT2G05705	3
AT2G04205	5
AT2G07935	0
AT2G04215	0
AT2G09085	1
AT2G07445	0
AT2G09745	6
AT2G05665	6
AT2G07415	0
AT2G05925	0
AT2G08690	0
AT2G07995	0
AT2G08625	0
AT2G06505	0
AT2G07045	0
AT2G09050	0
AT2G09290	0
AT2G04655	0
AT2G06445	0
AT2G04895	0
AT2G08005	0
AT2G08265	0
AT2G07890	0
AT2G08985	3
AT2G08940	0
AT2G09295	0
AT2G06145	0
AT2G06905	13
AT2G09415	0
AT2G05855	0
AT2G09100	0
AT2G08260	0
AT2G08790	0
AT2G03995	0
AT2G06535	0
AT2G04485	0
AT2G07535	0
AT2G08935	0
AT2G05205	0
AT2G08070	0
AT2G08920	0
AT2G09760	0
AT2G09055	0
AT2G07970	0
AT2G04715	0
AT2G08245	0
AT2G04855	0
AT2G06225	0
AT2G05045	10
AT2G08280	0
AT2G04265	0
AT2G09775	0
AT2G09525	5
AT2G08505	0
AT2G07435	14
AT2G09375	0
AT2G05625	0
AT2G09965	0
AT2G09445	0
AT2G07990	0
AT2G09635	0
AT2G07375	0
AT2G07055	0
AT2G08360	0
AT2G04805	33
AT2G08290	1
AT2G03905	0
AT2G06065	0
AT2G08980	0
AT2G09165	3
AT2G09730	0
AT2G08485	0
AT2G09490	16
AT2G08090	0
AT2G09105	0
AT2G07945	0
AT2G06755	0
AT2G05725	0
AT2G09545	0
AT2G09115	0
AT2G08850	0
AT2G08085	0
AT2G06345	3
AT2G09355	0
AT2G09655	0
AT2G08400	0
AT2G09540	0
AT2G09065	0
AT2G06075	0
AT2G04255	0
AT2G06515	0
AT2G08550	0
AT2G06635	0
AT2G07035	0
AT2G09140	0
AT2G09780	0
AT2G08255	0
AT2G04915	0
AT2G05535	0
AT2G08460	0
AT2G08030	0
AT2G06485	0
AT2G04695	0
AT2G04825	0
AT2G08215	0
AT2G05085	0
AT2G08055	0
AT2G09650	0
AT2G06405	0
AT2G04945	0
AT2G04975	0
AT2G09630	0
AT2G09450	0
AT2G06945	2
AT2G08050	0
AT2G09320	0
AT2G04355	0
AT2G08565	0
AT2G08975	0
AT2G04435	0
AT2G08515	0
AT2G08105	0
AT2G05365	2
AT2G04735	0
AT2G06305	0
AT2G09515	0
AT2G04565	0
AT2G06605	0
AT2G08720	0
AT2G05585	0
AT2G07855	0
AT2G07135	0
AT2G06135	0
AT2G04155	0
AT2G08800	0
AT2G08150	0
AT2G06625	0
AT2G09390	0
AT2G04595	0
AT2G09615	0
AT2G09585	0
AT2G09715	0
AT2G07255	0
AT2G08190	0
AT2G06835	0
AT2G08490	0
AT2G08630	0
AT2G07900	0
AT2G08380	0
AT2G08300	0
AT2G08845	0
AT2G04985	0
AT2G09240	0
AT2G06815	0
AT2G09420	0
AT2G08775	0
AT2G06355	15
AT2G08195	0
AT2G05675	0
AT2G06745	0
AT2G04765	0
AT2G04875	0
AT2G06375	0
AT2G09220	0
AT2G07425	0
AT2G07860	0
AT2G08230	0
AT2G05075	67
AT2G08295	1
AT2G08430	0
AT2G05445	0
AT2G04335	0
AT2G09575	0
AT2G06685	0
AT2G08510	0
AT2G09720	0
AT2G08885	0
AT2G09825	0
AT2G08040	0
AT2G09125	0
AT2G08180	0
AT2G09235	0
AT2G09360	0
AT2G05015	0
AT2G05095	1
AT2G08100	9
AT2G08110	0
AT2G08410	0
AT2G07235	0
AT2G09570	0
AT2G09915	0
AT2G04315	0
AT2G05895	52
AT2G06475	0
AT2G05065	2
AT2G08540	0
AT2G07095	0
AT2G08320	0
AT2G09095	0
AT2G08445	1
AT2G04645	0
AT2G09410	0
AT2G09020	0
AT2G08820	113
AT2G08500	0
AT2G07005	0
AT2G07165	0
AT2G05125	0
AT2G08715	0
AT2G04905	0
AT2G05465	0
AT2G06695	0
AT2G08805	0
AT2G09245	0
AT2G08670	0
AT2G08395	0
AT2G09315	0
AT2G04615	0
AT2G09130	0
AT2G08870	0
AT2G09405	0
AT2G09875	4
AT2G05835	0
AT2G06085	0
AT2G04775	0
AT2G07870	0
AT2G09110	0
AT2G07905	0
AT2G09010	0
AT2G06935	18
AT2G06785	0
AT2G08875	0
AT2G08240	0
AT2G04885	0
AT2G08930	0
AT2G09480	0
AT2G07525	0
AT2G05035	0
AT2G08710	0
AT2G07385	0
AT2G04075	0
AT2G09210	0
AT2G08125	0
AT2G06595	0
AT2G06765	3
AT2G06115	0
AT2G09070	0
AT2G07985	0
AT2G08285	0
AT2G06385	0
AT2G04995	0
AT2G08590	0
AT2G05155	0
AT2G07925	0
AT2G06275	0
AT2G04095	0
AT2G09530	0
AT2G08825	8
AT2G06805	0
AT2G05505	0
AT2G07115	0
AT2G05485	0
AT2G09260	0
AT2G04015	0
AT2G08970	0
AT2G05825	1
AT2G09845	0
AT2G04575	0
AT2G09380	0
AT2G09160	0
AT2G08915	2
AT2G08475	0
AT2G31902	0
AT2G09000	0
AT2G09675	0
AT2G09045	0
AT2G09400	0
AT2G08205	0
AT2G09785	0
AT2G08330	0
AT2G09395	0
AT2G08135	0
AT2G09735	0
AT2G08745	0
AT2G09035	0
AT2G05255	0
AT2G13665	0
AT2G24755	489
AT2G09895	0
AT2G04145	0
AT2G16245	3
AT2G09975	0
AT2G08405	0
AT2G08480	0
AT2G09905	0
AT2G09560	0
AT2G08730	0
AT2G07345	0
AT2G08750	0
AT2G45315	0
AT2G06615	0
AT2G07335	0
AT2G35637	1
AT2G07805	0
AT2G06525	0
AT2G04125	0
AT2G09430	0
AT2G08575	16
AT2G08815	0
AT2G08000	0
AT2G09805	0
AT2G09305	6
AT2G08060	0
AT2G07275	0
AT2G14115	75
AT2G09740	0
AT2G09565	1
AT2G08525	0
AT2G45685	0
AT2G07845	0
AT2G09605	0
AT2G07355	2
AT2G06465	0
AT2G44798	15
AT2G08865	14
AT2G40008	0
AT2G09945	0
AT2G37555	6
AT2G42247	16
AT2G09230	0
AT2G09640	0
AT2G08420	0
AT2G08340	0
AT2G30362	1
AT2G04065	5
AT2G08960	0
AT2G06795	0
AT2G07265	0
AT2G08335	1
AT2G08965	1
AT2G09175	0
AT2G33051	5
AT2G07213	0
AT2G22955	0
AT2G08780	0
AT2G05812	11
AT2G09505	0
AT2G30984	0
AT2G06215	4
AT2G09425	3
AT2G09610	0
AT2G08685	0
AT2G09710	17
AT2G08680	0
AT2G07015	0
AT2G18917	0
AT2G33815	0
AT2G04555	1
AT2G35859	1
AT2G08440	0
AT2G07325	0
AT2G07495	0
AT2G09925	2
AT2G07305	0
AT2G10921	0
AT2G03895	0
AT2G37362	3
AT2G08655	0
AT2G05245	0
AT2G09325	0
AT2G09370	0
AT2G08795	0
AT2G09190	31
AT2G09455	3
AT2G04285	0
AT2G08435	50
AT2G08640	0
AT2G08345	0
AT2G11852	0
AT2G09665	0
AT2G08020	0
AT2G09510	2
AT2G08530	10
AT2G08740	0
AT2G09495	7
AT2G09225	16
AT2G07875	20
AT2G44255	0
AT2G42365	27
AT2G26692	0
AT2G08695	0
AT2G08130	1
AT2G09435	0
AT2G09795	382
AT2G07245	0
AT2G08635	5
AT2G26355	237
AT2G09645	0
AT2G08595	0
AT2G47895	13
AT2G07965	0
AT2G08700	0
AT2G24545	1
AT2G19572	0
AT2G41178	2
AT2G04852	20
AT2G09885	0
AT2G09470	0
AT2G09200	0
AT2G08665	0
AT2G07485	1
AT2G09300	0
AT2G04545	0
AT2G23672	0
AT2G09310	0
AT2G08350	1
AT2G09335	0
AT2G07950	0
AT2G08470	0
AT2G22821	11
AT2G32315	0
AT2G46572	0
AT2G09935	0
AT2G36792	2
AT2G07175	0
AT2G04295	0
AT2G31751	34
AT2G03975	0
AT2G04755	0
AT2G26882	0
AT2G09500	1
AT2G32179	44
AT2G08425	0
AT2G07515	0
AT2G04525	0
AT2G09090	2
AT2G08660	0
AT2G42835	0
AT2G09350	0
AT2G19582	7
AT2G09440	0
AT2G09205	1
AT2G07475	0
AT2G09345	0
AT2G03925	0
AT2G08520	0
AT2G08025	2
AT2G08650	9
AT2G21187	6
AT2G09660	0
AT2G35738	17
AT2G05914	4
AT2G05145	0
AT2G35945	1
AT2G04725	0
AT2G04535	0
AT2G09025	1
AT2G07850	0
AT2G08120	4
AT2G08015	0
AT2G03445	0
AT2G05615	0
AT2G47275	1
AT2G04935	0
AT2G22496	7
AT2G07915	0
AT2G02741	0
AT2G22668	0
AT2G46685	13
AT2G09150	0
AT2G46255	0
AT2G40805	0
AT2G24103	0
AT2G38325	0
AT2G08235	0
AT2G09995	1
AT2G10606	4
AT2G39885	1
AT2G05415	0
AT2G06665	0
AT2G16145	0
AT2G39175	2
AT2G07910	0
AT2G08275	0
AT2G47585	0
AT2G34208	0
AT2G08555	0
AT2G07195	0
AT2G47015	0
AT2G34204	0
AT2G41616	0
AT2G28056	0
AT2G03855	0
AT2G07895	0
AT2G09340	0
AT2G25171	0
AT2G09670	0
AT2G19425	0
AT2G25011	0
AT2G07315	0
AT2G08855	0
AT2G23347	3
AT2G07205	0
AT2G09120	0
AT2G26211	33
AT2G09080	0
AT2G25095	13
AT2G08035	0
AT2G05815	0
AT2G32273	0
AT2G32698	0
AT2G05605	0
AT2G34202	3
AT2G05455	0
AT2G08390	0
AT2G06855	0
AT2G07615	1
AT2G35387	0
AT2G08760	11
AT2G20723	31
AT2G08585	6
AT2G43139	3
AT2G17295	0
AT2G43138	0
AT2G08725	0
AT2G35747	0
AT2G08580	6
AT2G09815	0
AT2G35384	0
AT2G20722	3
AT2G08755	5
AT2G05765	73
AT2G05565	0
AT2G35742	10
AT2G08905	2
AT2G09460	0
AT2G08770	0
AT2G43141	0
AT2G08375	0
AT2G09685	0
AT2G07605	4
AT2G08860	0
AT2G08370	0
AT2G08900	2
AT2G08910	3
AT2G43137	2
AT2G04955	92
AT2G35744	18
AT2G08765	128
AT2G09690	0
AT2G09695	0
AT2G09705	0
AT2G20721	42
AT2G06865	2
AT2G09700	0
AT2G35382	0
AT2G05525	0
AT2G09465	0
AT2G09680	0
AT2G04965	68
AT2G04455	0
AT2G04375	0
AT2G07295	0
AT2G06455	0
AT2G07752	0
AT2G26090	0
AT2G28770	0
AT2G21670	0
AT2G22380	0
AT2G07756	0
AT2G46120	0
AT2G22580	0
AT2G24380	0
AT2G23020	0
AT2G27850	0
AT2G07755	0
AT2G33920	0
AT2G33910	0
AT2G29520	0
AT2G02900	0
AT2G07761	0
AT2G21700	0
AT2G30450	0
AT2G33960	0
AT2G36280	0
AT2G07793	0
AT2G39860	0
AT2G47740	0
AT2G03790	0
AT2G28730	0
AT2G07758	0
AT2G42970	0
AT2G05315	0
AT2G42420	0
AT2G03490	0
AT2G23650	0
AT2G07745	0
AT2G07746	0
AT2G03660	0
AT2G01160	0
AT2G45390	0
AT2G07762	0
AT2G38030	0
AT2G07757	0
AT2G07763	0
AT2G34950	0
AT2G07743	0
AT2G05355	0
AT2G39600	0
AT2G22280	0
AT2G29030	0
AT2G32110	0
AT2G43300	0
AT2G21570	0
AT2G39610	0
AT2G07748	0
AT2G34985	0
AT2G44320	0
AT2G47100	0
AT2G07764	0
AT2G22110	0
AT2G07792	0
AT2G36150	0
AT2G21360	0
AT2G36140	0
AT2G36600	0
AT2G27560	0
AT2G33970	2
AT2G33890	0
AT2G07765	0
AT2G42020	0
AT2G18310	0
AT2G03700	0
AT2G07753	0
AT2G30180	0
AT2G33650	0
AT2G33950	0
AT2G33930	0
AT2G33940	0
AT2G33900	0
AT2G07759	0
AT2G36520	0
AT2G33140	0
AT2G07766	0
AT2G36860	0
AT2G30190	0
AT2G07794	0
AT2G07754	0
AT2G33660	0
AT2G02600	0
AT2G25400	1
AT2G36510	0
AT2G15950	1
AT2G35220	0
AT2G16240	0
AT2G30850	0
AT2G17810	0
AT2G22220	0
AT2G45020	0
AT2G01010	219
AT2G01020	175
AT2G05995	4
AT2G01422	1
AT2G31585	122
AT2G46192	4
AT2G30115	0
AT2G04705	0
AT2G41312	25
AT2G09365	0
AT2G39675	284
AT2G18440	3054
AT2G22482	0
AT2G07405	0
AT2G07042	19
AT2G05685	0
AT2G43375	57
AT2G09475	0
AT2G32795	40
AT2G21188	44
AT2G08610	158
AT2G27400	372
AT2G24735	1
AT2G06002	14
AT2G15292	718
AT2G06562	0
AT2G05518	20
AT2G30945	35
AT2G14878	515
AT2G44995	24
AT2G15555	0
AT2G18735	80
AT2G07575	0
AT2G07975	0
AT2G42388	1
AT2G39681	307
AT2G09155	0
AT2G36307	47
AT2G45023	84
AT2G45245	111
AT2G19796	0
AT2G09215	0
AT2G10537	0
AT2G42485	263
AT2G15128	99
AT2G45780	15
AT2G42425	1
AT4G32100	0
AT4G25880	1670
AT4G03450	19
AT4G29950	810
AT4G08535	19
AT4G26490	0
AT4G16955	0
AT4G32710	609
AT4G25090	262
AT4G13720	974
AT4G08039	0
AT4G27340	796
AT4G27830	765
AT4G19380	349
AT4G29180	89
AT4G31660	0
AT4G23200	104
AT4G29810	993
AT4G26560	1
AT4G23670	13938
AT4G02725	1507
AT4G35440	632
AT4G26240	210
AT4G31950	4
AT4G10925	203
AT4G31690	0
AT4G34640	1791
AT4G03340	32
AT4G13550	741
AT4G15562	0
AT4G28600	1061
AT4G27400	103
AT4G27260	445
AT4G27370	197
AT4G21470	1036
AT4G05220	0
AT4G04730	0
AT4G12485	0
AT4G34800	44
AT4G28340	2
AT4G03820	226
AT4G11020	4
AT4G05110	28
AT4G29940	449
AT4G23640	1218
AT4G32470	3825
AT4G29330	679
AT4G23590	7
AT4G35620	309
AT4G32660	778
AT4G19470	1
AT4G04360	101
AT4G17490	181
AT4G25310	64
AT4G08876	0
AT4G18550	66
AT4G12000	103
AT4G37760	967
AT4G02510	13113
AT4G34750	418
AT4G28150	56
AT4G33040	137
AT4G19990	264
AT4G18380	420
AT4G27415	0
AT4G03635	108
AT4G34200	8388
AT4G12800	71786
AT4G30993	800
AT4G34350	6082
AT4G14368	1
AT4G38730	175
AT4G22320	324
AT4G11790	1014
AT4G05130	38
AT4G02730	140
AT4G11175	1404
AT4G21350	302
AT4G25670	682
AT4G30410	124
AT4G27140	0
AT4G16780	121
AT4G15830	971
AT4G09580	356
AT4G33905	21
AT4G02940	1877
AT4G02930	4837
AT4G38480	254
AT4G04555	0
AT4G04370	194
AT4G34970	52
AT4G33610	267
AT4G23882	1
AT4G33690	242
AT4G33490	1145
AT4G03495	0
AT4G27670	3
AT4G33220	1788
AT4G24660	714
AT4G08810	1454
AT4G29580	0
AT4G14226	0
AT4G21600	286
AT4G05360	0
AT4G03350	0
AT4G24026	29
AT4G25970	1982
AT4G20440	2689
AT4G02482	18
AT4G32050	354
AT4G00690	61
AT4G35640	85
AT4G17920	8
AT4G33360	1528
AT4G00883	0
AT4G24900	243
AT4G03190	706
AT4G33735	0
AT4G01995	496
AT4G21320	62
AT4G20575	0
AT4G28365	5
AT4G02300	0
AT4G03565	2
AT4G00530	173
AT4G15460	0
AT4G28170	9
AT4G31570	1468
AT4G01595	0
AT4G30280	317
AT4G10050	463
AT4G25160	63
AT4G15880	667
AT4G26620	687
AT4G02790	2206
AT4G19410	5316
AT4G20555	0
AT4G35520	52
AT4G10790	1608
AT4G37950	1
AT4G36250	2524
AT4G14680	1036
AT4G17895	349
AT4G35100	9141
AT4G09090	0
AT4G33380	1632
AT4G14465	590
AT4G22580	289
AT4G16180	1334
AT4G15396	60
AT4G02860	980
AT4G14230	1825
AT4G14810	0
AT4G38080	964
AT4G08980	1425
AT4G08590	185
AT4G15910	3310
AT4G30930	1174
AT4G09110	3
AT4G03070	145
AT4G30500	203
AT4G10520	0
AT4G36490	0
AT4G20340	370
AT4G39340	10
AT4G33330	71
AT4G14250	0
AT4G17050	1134
AT4G09840	17
AT4G17190	811
AT4G34100	2944
AT4G03180	578
AT4G09490	84
AT4G08460	1437
AT4G35870	297
AT4G29440	426
AT4G26160	276
AT4G10630	225
AT4G33870	10
AT4G04640	26522
AT4G24230	604
AT4G34150	1037
AT4G16580	537
AT4G11393	1
AT4G18910	530
AT4G01320	1417
AT4G15310	6
AT4G09600	0
AT4G33250	3408
AT4G37040	2095
AT4G38060	376
AT4G05440	335
AT4G26950	42
AT4G16260	2067
AT4G38570	180
AT4G04490	27
AT4G20550	0
AT4G04601	2
AT4G26400	489
AT4G23510	201
AT4G27170	1
AT4G33120	44
AT4G19590	39
AT4G39390	603
AT4G26810	163
AT4G14455	406
AT4G18920	0
AT4G33280	31
AT4G13610	1
AT4G05380	3
AT4G28760	1363
AT4G24890	46
AT4G32070	841
AT4G26980	243
AT4G12500	859
AT4G30460	580
AT4G35165	0
AT4G24470	765
AT4G28560	17
AT4G21930	0
AT4G05180	52611
AT4G09770	19
AT4G02870	0
AT4G29770	1
AT4G29970	0
AT4G22110	9
AT4G20810	0
AT4G04955	555
AT4G20860	1049
AT4G09300	5
AT4G34870	15103
AT4G35480	192
AT4G31800	311
AT4G01516	0
AT4G24620	6167
AT4G06643	0
AT4G24090	1388
AT4G27650	844
AT4G38030	0
AT4G10850	0
AT4G27390	601
AT4G10140	265
AT4G01700	632
AT4G02120	1049
AT4G23150	14
AT4G40040	8692
AT4G17860	49
AT4G10040	598
AT4G19645	42
AT4G12005	11
AT4G04885	1103
AT4G23520	0
AT4G36090	371
AT4G30060	331
AT4G24500	282
AT4G31460	967
AT4G16970	325
AT4G01280	195
AT4G20590	0
AT4G23070	12
AT4G16070	397
AT4G14430	1545
AT4G37450	1100
AT4G37560	74
AT4G31780	2495
AT4G04985	0
AT4G39560	201
AT4G06598	169
AT4G32970	275
AT4G12050	209
AT4G16210	684
AT4G09930	0
AT4G33030	3510
AT4G16650	1061
AT4G13885	35
AT4G08685	760
AT4G10115	0
AT4G05020	839
AT4G01671	0
AT4G37370	105
AT4G26790	32
AT4G22400	0
AT4G01970	101
AT4G39140	545
AT4G28280	1
AT4G14050	178
AT4G30760	1082
AT4G18480	15034
AT4G17695	105
AT4G15415	845
AT4G11653	0
AT4G16360	1299
AT4G14750	184
AT4G31615	18
AT4G24810	555
AT4G20530	0
AT4G18197	278
AT4G08530	0
AT4G34330	0
AT4G36520	1157
AT4G04910	2207
AT4G32540	12
AT4G36210	1784
AT4G04030	0
AT4G36060	26
AT4G36080	1069
AT4G33860	0
AT4G24000	7
AT4G25870	745
AT4G38760	1793
AT4G02390	231
AT4G31180	3878
AT4G20947	0
AT4G36920	719
AT4G12960	0
AT4G09060	189
AT4G18900	1
AT4G14010	0
AT4G30074	0
AT4G17370	732
AT4G37670	347
AT4G16160	1
AT4G01100	5183
AT4G34630	936
AT4G22650	0
AT4G27010	584
AT4G13100	789
AT4G09740	0
AT4G37510	4381
AT4G09730	2690
AT4G05030	0
AT4G01000	2018
AT4G29450	0
AT4G03460	35
AT4G11860	685
AT4G39680	3252
AT4G05100	48
AT4G01190	6
AT4G32880	1113
AT4G22170	0
AT4G22530	400
AT4G39800	4666
AT4G37430	0
AT4G35519	0
AT4G23360	0
AT4G19040	762
AT4G13330	108
AT4G30440	1929
AT4G22310	3654
AT4G13760	0
AT4G00889	0
AT4G03440	78
AT4G38330	90
AT4G04800	603
AT4G32520	2756
AT4G15570	475
AT4G33420	401
AT4G35820	0
AT4G27420	0
AT4G38530	68
AT4G29910	246
AT4G38230	232
AT4G33900	0
AT4G28397	0
AT4G38710	3065
AT4G34210	5
AT4G01250	133
AT4G04080	0
AT4G27100	334
AT4G35940	285
AT4G36930	239
AT4G33520	2819
AT4G24220	6943
AT4G31350	566
AT4G40100	0
AT4G05475	0
AT4G36680	767
AT4G22490	3000
AT4G14500	806
AT4G40020	30
AT4G21850	831
AT4G10890	191
AT4G23493	29
AT4G15800	442
AT4G19260	0
AT4G10650	66
AT4G37770	9
AT4G35110	131
AT4G01830	1
AT4G19480	0
AT4G20735	0
AT4G37590	1373
AT4G18290	265
AT4G31630	2
AT4G17440	100
AT4G24130	635
AT4G01850	7304
AT4G14620	433
AT4G17270	1073
AT4G36660	697
AT4G25590	0
AT4G38170	304
AT4G21895	4
AT4G34620	17232
AT4G02715	1169
AT4G10070	664
AT4G12470	8481
AT4G26170	25
AT4G31405	2
AT4G03110	656
AT4G09860	0
AT4G10640	24
AT4G29035	0
AT4G00700	231
AT4G28080	15686
AT4G35080	1160
AT4G19210	4329
AT4G00660	1266
AT4G22820	420
AT4G33660	419
AT4G36940	949
AT4G14070	2202
AT4G34700	6403
AT4G29750	1392
AT4G36900	207
AT4G26070	245
AT4G34135	1282
AT4G21323	17
AT4G14600	251
AT4G30120	10
AT4G16515	0
AT4G12920	0
AT4G00752	455
AT4G19060	312
AT4G15080	1253
AT4G36830	57
AT4G28720	53
AT4G12510	88
AT4G28800	3
AT4G00335	292
AT4G09970	208
AT4G16141	1140
AT4G21640	0
AT4G22980	90
AT4G02600	580
AT4G25620	747
AT4G25750	36
AT4G40042	276
AT4G16050	0
AT4G39060	1
AT4G04025	4
AT4G23240	65
AT4G38000	3
AT4G34690	2
AT4G36100	0
AT4G17410	454
AT4G14710	2382
AT4G03415	1125
AT4G31720	985
AT4G14905	427
AT4G32060	4175
AT4G21105	3521
AT4G31050	329
AT4G10613	0
AT4G17718	0
AT4G37780	14
AT4G03080	2022
AT4G29370	0
AT4G13640	719
AT4G24490	787
AT4G14520	247
AT4G13030	137
AT4G07445	0
AT4G10420	43
AT4G21310	24
AT4G25950	5
AT4G36280	67
AT4G12980	659
AT4G22540	1515
AT4G22745	363
AT4G30960	5470
AT4G20703	0
AT4G33865	6592
AT4G12731	0
AT4G29610	318
AT4G38670	262
AT4G22080	78
AT4G34050	8325
AT4G27110	0
AT4G28670	2
AT4G26055	60
AT4G16000	82
AT4G28556	1
AT4G04610	5202
AT4G01010	110
AT4G25550	1677
AT4G39620	984
AT4G11810	1
AT4G20780	286
AT4G36400	681
AT4G30097	0
AT4G26500	0
AT4G10910	0
AT4G18375	107
AT4G11130	208
AT4G10780	3
AT4G04840	764
AT4G24715	0
AT4G37095	61
AT4G15180	2060
AT4G32620	1561
AT4G19185	367
AT4G14210	3195
AT4G08395	0
AT4G00550	387
AT4G17090	5972
AT4G17540	415
AT4G11890	339
AT4G00230	756
AT4G22030	0
AT4G28780	1222
AT4G14170	93
AT4G20280	520
AT4G19620	0
AT4G37340	47
AT4G19520	539
AT4G11547	29
AT4G19270	0
AT4G18640	456
AT4G00210	6
AT4G21210	4808
AT4G36510	2
AT4G13990	224
AT4G32000	144
AT4G31860	666
AT4G11640	128
AT4G04960	304
AT4G39120	657
AT4G13195	123
AT4G37810	73
AT4G00234	0
AT4G25580	3
AT4G17480	34
AT4G37320	676
AT4G17245	354
AT4G27595	729
AT4G11870	4
AT4G10100	421
AT4G26485	0
AT4G21040	0
AT4G27050	414
AT4G03630	0
AT4G13940	38452
AT4G37930	48683
AT4G37295	17
AT4G05450	327
AT4G33550	218
AT4G01910	70
AT4G11210	14
AT4G30660	422
AT4G29040	5037
AT4G20940	827
AT4G15400	55
AT4G11630	653
AT4G01395	1654
AT4G39550	148
AT4G25390	277
AT4G02290	2967
AT4G04970	1139
AT4G03120	617
AT4G26320	188
AT4G31115	415
AT4G32450	196
AT4G19030	558
AT4G36190	716
AT4G33790	43
AT4G16110	390
AT4G28775	0
AT4G17085	258
AT4G37060	1
AT4G27960	2617
AT4G30330	640
AT4G16200	0
AT4G34590	857
AT4G24190	15511
AT4G00190	0
AT4G37490	526
AT4G39770	169
AT4G39040	2466
AT4G14790	350
AT4G37630	158
AT4G25190	27
AT4G27700	3704
AT4G30200	1560
AT4G20545	0
AT4G26466	0
AT4G01080	95
AT4G27710	856
AT4G38900	766
AT4G03040	0
AT4G38050	214
AT4G23740	1582
AT4G10740	0
AT4G31010	196
AT4G01435	2
AT4G25220	105
AT4G16165	0
AT4G37910	7069
AT4G28290	0
AT4G21745	9
AT4G34881	118
AT4G03560	3539
AT4G01330	547
AT4G05260	0
AT4G17030	341
AT4G37870	9066
AT4G35010	7
AT4G10810	583
AT4G02990	2452
AT4G26020	7
AT4G13540	118
AT4G11550	77
AT4G32900	558
AT4G34230	1291
AT4G21450	1612
AT4G21330	0
AT4G02180	38
AT4G09650	20585
AT4G24170	7
AT4G39110	22
AT4G28190	407
AT4G24430	56
AT4G31810	885
AT4G24410	20
AT4G31590	1224
AT4G27970	109
AT4G26340	0
AT4G18596	4
AT4G12380	0
AT4G00280	1
AT4G18370	1219
AT4G25030	2654
AT4G23750	640
AT4G28950	193
AT4G18280	441
AT4G16850	165
AT4G22630	0
AT4G23760	322
AT4G34555	1190
AT4G26730	0
AT4G22210	0
AT4G35685	35
AT4G32960	509
AT4G31930	140
AT4G36515	283
AT4G35760	1614
AT4G37235	5
AT4G18470	66
AT4G17660	4
AT4G26470	149
AT4G37700	3
AT4G27290	15
AT4G38820	0
AT4G05340	0
AT4G28400	609
AT4G17810	347
AT4G14260	0
AT4G19730	0
AT4G12450	45
AT4G21220	111
AT4G15760	660
AT4G32090	0
AT4G39403	0
AT4G14140	16
AT4G17740	1149
AT4G37160	204
AT4G14720	324
AT4G00020	479
AT4G33430	2016
AT4G13880	56
AT4G38340	77
AT4G22860	279
AT4G12170	0
AT4G38200	1635
AT4G28630	460
AT4G31740	0
AT4G29420	152
AT4G17780	0
AT4G05095	0
AT4G31040	2719
AT4G17785	25
AT4G02030	859
AT4G30160	2388
AT4G00430	6391
AT4G01390	592
AT4G23300	759
AT4G24805	188
AT4G30740	3
AT4G00893	0
AT4G17140	3661
AT4G38980	213
AT4G26000	931
AT4G02980	304
AT4G18395	0
AT4G08868	4
AT4G22600	0
AT4G30360	692
AT4G32410	11743
AT4G09200	0
AT4G38240	733
AT4G23900	0
AT4G08740	0
AT4G25480	114
AT4G39250	83
AT4G01130	533
AT4G14850	206
AT4G31550	686
AT4G23580	0
AT4G13810	318
AT4G22260	1164
AT4G30850	439
AT4G14090	399
AT4G17610	587
AT4G16270	53
AT4G15755	0
AT4G05010	130
AT4G09720	1154
AT4G28540	1490
AT4G24700	39
AT4G12570	504
AT4G30150	837
AT4G22760	104
AT4G01510	143
AT4G01200	36
AT4G30935	674
AT4G20970	34
AT4G02130	1262
AT4G09320	12970
AT4G19450	726
AT4G36220	3569
AT4G13650	216
AT4G29100	1277
AT4G31680	1
AT4G35050	779
AT4G27550	4
AT4G18205	624
AT4G16015	16
AT4G22730	146
AT4G24750	2305
AT4G25820	989
AT4G35240	794
AT4G17180	193
AT4G32270	294
AT4G37050	5
AT4G23720	13
AT4G13590	2252
AT4G11100	895
AT4G00165	14
AT4G18253	120
AT4G17960	242
AT4G00800	1379
AT4G30520	362
AT4G37483	36
AT4G17800	438
AT4G04605	0
AT4G16430	1066
AT4G28090	0
AT4G21926	0
AT4G32890	249
AT4G11690	48
AT4G08910	41
AT4G33050	841
AT4G11060	288
AT4G31640	13
AT4G16660	3881
AT4G36120	172
AT4G08350	3162
AT4G10270	0
AT4G11310	0
AT4G31880	2076
AT4G39990	974
AT4G15520	389
AT4G00570	3040
AT4G14320	7657
AT4G05090	511
AT4G10860	6
AT4G22440	0
AT4G15000	19800
AT4G26440	1
AT4G16400	52
AT4G00650	218
AT4G09775	0
AT4G09460	152
AT4G09467	0
AT4G24440	910
AT4G15430	56
AT4G04614	321
AT4G21366	0
AT4G24820	4471
AT4G24690	7630
AT4G09560	264
AT4G29270	387
AT4G38600	5162
AT4G33700	1224
AT4G02235	0
AT4G32285	1976
AT4G38880	1
AT4G23800	4032
AT4G37220	6
AT4G23290	926
AT4G15240	228
AT4G20700	0
AT4G09784	0
AT4G20707	0
AT4G26080	2224
AT4G34340	99
AT4G11911	3
AT4G22990	325
AT4G03550	2186
AT4G29210	1120
AT4G20310	172
AT4G12810	0
AT4G17340	1725
AT4G09260	0
AT4G35380	252
AT4G35740	242
AT4G20380	520
AT4G13075	1
AT4G01940	1388
AT4G21960	67573
AT4G01930	10
AT4G28370	451
AT4G10895	0
AT4G23496	139
AT4G23410	126
AT4G19880	3514
AT4G03600	35
AT4G03570	0
AT4G37150	97
AT4G36850	131
AT4G28706	1265
AT4G32590	2183
AT4G23160	11
AT4G38440	696
AT4G18310	0
AT4G00560	720
AT4G39710	2209
AT4G14103	118
AT4G11000	46
AT4G01750	314
AT4G24460	751
AT4G32080	9
AT4G23680	938
AT4G27940	220
AT4G21240	0
AT4G24880	267
AT4G17010	325
AT4G31940	333
AT4G17585	0
AT4G18800	412
AT4G40010	128
AT4G17990	0
AT4G21620	1939
AT4G01350	142
AT4G01660	916
AT4G16940	42
AT4G32910	977
AT4G15236	27
AT4G27654	5
AT4G13095	0
AT4G08930	302
AT4G22380	492
AT4G01710	272
AT4G27380	741
AT4G36780	1069
AT4G35320	272
AT4G01160	1
AT4G11940	0
AT4G39210	731
AT4G15953	13
AT4G11120	1227
AT4G28620	2
AT4G23470	2144
AT4G23820	2151
AT4G30100	2123
AT4G18740	312
AT4G03490	30
AT4G16560	0
AT4G10470	361
AT4G31270	145
AT4G14940	154
AT4G13570	26
AT4G02040	0
AT4G05210	53
AT4G05410	1196
AT4G12090	161
AT4G21970	10
AT4G39760	0
AT4G26550	252
AT4G32730	770
AT4G24380	167
AT4G35140	369
AT4G23620	745
AT4G16983	0
AT4G35987	237
AT4G23810	139
AT4G22330	1265
AT4G09690	1
AT4G02710	675
AT4G17690	0
AT4G00355	995
AT4G09435	0
AT4G11510	0
AT4G11290	652
AT4G38400	131
AT4G39730	3909
AT4G20220	1
AT4G35510	360
AT4G13400	108
AT4G08510	365
AT4G32690	567
AT4G39870	573
AT4G24520	3115
AT4G32020	4562
AT4G31620	72
AT4G23950	155
AT4G12100	0
AT4G27220	5
AT4G33170	104
AT4G17250	179
AT4G36790	348
AT4G21710	2143
AT4G25280	614
AT4G26970	6485
AT4G01340	0
AT4G01895	22
AT4G24630	434
AT4G16840	119
AT4G11430	0
AT4G13670	2394
AT4G30370	34
AT4G23130	152
AT4G00695	14
AT4G18970	1554
AT4G27560	2180
AT4G22755	217
AT4G24350	1056
AT4G36560	0
AT4G38860	472
AT4G26380	8
AT4G39200	10455
AT4G30030	0
AT4G00960	4
AT4G01720	582
AT4G27490	337
AT4G23550	228
AT4G22214	20
AT4G24550	1727
AT4G20190	13
AT4G22250	221
AT4G37790	489
AT4G22790	104
AT4G34960	681
AT4G05553	0
AT4G39917	0
AT4G38580	1010
AT4G21830	63
AT4G23180	808
AT4G20270	1651
AT4G33410	586
AT4G17230	1060
AT4G28860	816
AT4G13430	13384
AT4G14650	154
AT4G24710	157
AT4G08430	0
AT4G39580	54
AT4G15165	87
AT4G07932	0
AT4G37260	1455
AT4G36195	1774
AT4G11402	0
AT4G11180	0
AT4G36730	785
AT4G15955	254
AT4G11250	0
AT4G17650	848
AT4G36040	2300
AT4G26450	1461
AT4G40090	457
AT4G26540	404
AT4G19950	58
AT4G28200	1476
AT4G02680	1821
AT4G29240	197
AT4G34560	274
AT4G04200	401
AT4G08500	604
AT4G32700	377
AT4G37020	282
AT4G10300	3076
AT4G03090	667
AT4G20470	0
AT4G28420	17
AT4G08150	421
AT4G34240	1851
AT4G20325	250
AT4G32260	18055
AT4G10700	0
AT4G36460	0
AT4G09647	0
AT4G08470	740
AT4G00970	126
AT4G14400	1502
AT4G24420	11
AT4G38280	458
AT4G31200	417
AT4G03960	298
AT4G22930	1271
AT4G20390	317
AT4G35260	2863
AT4G19080	22
AT4G25010	45
AT4G13270	620
AT4G00630	3118
AT4G02210	185
AT4G33585	0
AT4G19740	5
AT4G29070	588
AT4G37380	211
AT4G26720	645
AT4G19970	56
AT4G13870	86
AT4G31520	13
AT4G34670	9629
AT4G34490	2081
AT4G22750	818
AT4G19360	0
AT4G09120	0
AT4G12740	71
AT4G09250	0
AT4G08300	519
AT4G37800	3292
AT4G30670	499
AT4G30110	347
AT4G24770	26168
AT4G31250	21
AT4G29670	1992
AT4G39980	5444
AT4G03298	3
AT4G01883	725
AT4G34160	814
AT4G19910	0
AT4G21630	0
AT4G29660	386
AT4G14910	656
AT4G26090	0
AT4G24790	505
AT4G17170	1519
AT4G39795	103
AT4G15640	674
AT4G28490	263
AT4G05310	0
AT4G19006	1129
AT4G19420	364
AT4G16024	0
AT4G34940	0
AT4G28300	1582
AT4G38930	524
AT4G02425	217
AT4G05080	0
AT4G22350	407
AT4G40000	224
AT4G26710	1782
AT4G33580	1487
AT4G11370	47
AT4G01140	36
AT4G18430	110
AT4G23340	17
AT4G09355	0
AT4G35900	75
AT4G19230	176
AT4G04770	3548
AT4G20060	155
AT4G25630	4528
AT4G21590	52
AT4G09830	1106
AT4G21860	3997
AT4G16265	208
AT4G29680	1507
AT4G12300	475
AT4G15885	0
AT4G30020	2307
AT4G31410	458
AT4G37480	284
AT4G17220	83
AT4G05140	0
AT4G35030	261
AT4G13450	4
AT4G27540	262
AT4G21865	34
AT4G33010	31034
AT4G36530	2078
AT4G36150	168
AT4G30480	727
AT4G39780	270
AT4G03360	0
AT4G18220	113
AT4G28660	4643
AT4G31500	5869
AT4G28270	244
AT4G11170	14
AT4G22700	0
AT4G35570	1190
AT4G17980	5
AT4G36640	558
AT4G14615	721
AT4G11820	2029
AT4G16060	619
AT4G12610	1297
AT4G39000	0
AT4G29103	0
AT4G18890	364
AT4G01535	1
AT4G03175	0
AT4G01580	299
AT4G37240	151
AT4G31875	0
AT4G23190	252
AT4G11280	448
AT4G05091	3
AT4G13960	0
AT4G06655	0
AT4G37500	0
AT4G36580	307
AT4G30580	1515
AT4G21780	29
AT4G23920	411
AT4G16330	568
AT4G38825	0
AT4G34710	10009
AT4G09020	3526
AT4G33590	5
AT4G36600	3
AT4G11420	7765
AT4G38120	713
AT4G19600	988
AT4G11260	2883
AT4G01060	54
AT4G26290	0
AT4G20990	1
AT4G21430	541
AT4G14105	1
AT4G20760	946
AT4G28160	0
AT4G33980	1262
AT4G09100	9
AT4G20160	7
AT4G05230	0
AT4G30270	751
AT4G34540	264
AT4G36950	5
AT4G18260	106
AT4G21380	351
AT4G19670	870
AT4G10960	131
AT4G10450	2307
AT4G33950	482
AT4G00830	1737
AT4G37200	1148
AT4G35770	42
AT4G21000	0
AT4G06599	643
AT4G18230	373
AT4G20610	0
AT4G34419	26
AT4G02280	399
AT4G09990	192
AT4G38405	0
AT4G35610	0
AT4G18050	177
AT4G03443	26
AT4G22640	5
AT4G21500	38
AT4G14272	0
AT4G40045	483
AT4G11680	521
AT4G14390	23
AT4G18570	1100
AT4G32210	657
AT4G22160	229
AT4G11745	0
AT4G38940	186
AT4G36440	885
AT4G12950	0
AT4G39130	0
AT4G25500	2229
AT4G00925	0
AT4G24680	2320
AT4G25070	163
AT4G26820	3
AT4G17550	561
AT4G15510	988
AT4G11960	528
AT4G28060	1479
AT4G38090	408
AT4G12190	0
AT4G14760	1106
AT4G01170	0
AT4G13210	73
AT4G38320	366
AT4G23600	2035
AT4G21060	239
AT4G14820	114
AT4G05555	0
AT4G23885	382
AT4G10160	1
AT4G35370	0
AT4G29120	876
AT4G09510	1110
AT4G28020	131
AT4G14310	850
AT4G10465	0
AT4G21090	331
AT4G36140	500
AT4G16830	3308
AT4G38260	512
AT4G27020	488
AT4G37440	730
AT4G25830	339
AT4G31580	2550
AT4G29510	1918
AT4G05590	162
AT4G14360	1951
AT4G10570	631
AT4G23540	655
AT4G18823	1
AT4G35190	34
AT4G21770	938
AT4G23630	4559
AT4G23770	47
AT4G14530	2
AT4G26510	1492
AT4G20740	222
AT4G15870	0
AT4G30220	1812
AT4G09160	1099
AT4G10955	335
AT4G01090	466
AT4G01740	86
AT4G05240	0
AT4G18620	0
AT4G24800	2792
AT4G26580	17
AT4G28050	453
AT4G17350	111
AT4G19170	1354
AT4G29990	60
AT4G19275	0
AT4G29960	619
AT4G03240	411
AT4G10710	2707
AT4G05060	300
AT4G14165	2
AT4G08250	7
AT4G11800	809
AT4G11950	26
AT4G14300	2325
AT4G37120	2643
AT4G15530	1174
AT4G35800	4923
AT4G25270	217
AT4G30040	0
AT4G27630	260
AT4G17240	477
AT4G24270	1032
AT4G24310	65
AT4G14713	201
AT4G01690	6011
AT4G25420	34
AT4G19960	545
AT4G35785	1173
AT4G02090	121
AT4G19090	72
AT4G31390	1083
AT4G21700	219
AT4G01310	11768
AT4G33970	12
AT4G30690	1795
AT4G02380	3250
AT4G29010	4467
AT4G23910	336
AT4G17905	51
AT4G08400	302
AT4G33930	30
AT4G14780	71
AT4G16220	32
AT4G12590	1557
AT4G08540	554
AT4G33710	0
AT4G22620	6
AT4G17640	1342
AT4G10360	687
AT4G14730	0
AT4G21160	760
AT4G16760	3142
AT4G10600	45
AT4G25040	0
AT4G09350	258
AT4G02460	204
AT4G15245	0
AT4G15350	29
AT4G32350	380
AT4G34250	509
AT4G28755	1
AT4G23280	12
AT4G22720	520
AT4G33230	0
AT4G30470	593
AT4G21760	169
AT4G29548	0
AT4G02920	3246
AT4G20350	62
AT4G09190	0
AT4G00060	881
AT4G34760	307
AT4G15130	612
AT4G22467	1
AT4G15545	4122
AT4G14080	0
AT4G32110	0
AT4G04630	112
AT4G39230	389
AT4G27320	1583
AT4G17600	5579
AT4G27460	11
AT4G21990	5085
AT4G12490	1852
AT4G33880	56
AT4G10020	0
AT4G35485	0
AT4G30700	163
AT4G15710	14
AT4G13395	35
AT4G10760	954
AT4G38460	2843
AT4G35600	219
AT4G12545	33
AT4G22115	0
AT4G11030	0
AT4G00238	743
AT4G36010	689
AT4G21400	235
AT4G00920	0
AT4G22513	345
AT4G32340	4196
AT4G19985	679
AT4G15802	1580
AT4G39530	155
AT4G37230	3
AT4G26455	711
AT4G20835	0
AT4G25780	81
AT4G15100	0
AT4G24860	29
AT4G29080	865
AT4G10130	194
AT4G37390	255
AT4G22370	11
AT4G15810	454
AT4G11760	0
AT4G06688	0
AT4G25710	456
AT4G08267	0
AT4G26100	1066
AT4G15980	2
AT4G08960	705
AT4G03010	166
AT4G18040	2494
AT4G34070	693
AT4G05420	2375
AT4G29760	8
AT4G17770	1494
AT4G00490	1478
AT4G33820	16
AT4G27330	0
AT4G08320	287
AT4G16144	452
AT4G14580	412
AT4G08580	647
AT4G04700	181
AT4G29470	4
AT4G16530	5
AT4G15650	0
AT4G17310	183
AT4G23500	1023
AT4G09430	20
AT4G38850	40
AT4G20170	296
AT4G27565	0
AT4G20620	0
AT4G35470	664
AT4G32510	14
AT4G00900	1196
AT4G12860	0
AT4G21080	0
AT4G02810	58
AT4G38590	0
AT4G25120	235
AT4G09450	0
AT4G26270	402
AT4G00250	19
AT4G07350	0
AT4G24830	3867
AT4G27730	269
AT4G14550	371
AT4G00600	0
AT4G01550	405
AT4G18340	318
AT4G08380	0
AT4G10530	0
AT4G13730	614
AT4G35890	2425
AT4G27745	202
AT4G06479	0
AT4G12030	1322
AT4G33840	0
AT4G12830	1115
AT4G15075	2
AT4G27790	4
AT4G15550	673
AT4G02220	508
AT4G01120	474
AT4G26590	2
AT4G27640	1741
AT4G26920	0
AT4G23000	298
AT4G24990	932
AT4G16045	0
AT4G29340	10
AT4G22470	11
AT4G01440	466
AT4G29400	633
AT4G21440	1
AT4G38905	3
AT4G37880	699
AT4G28990	628
AT4G24100	484
AT4G35310	2721
AT4G01040	774
AT4G32330	2896
AT4G00680	230
AT4G33810	127
AT4G31530	1638
AT4G28350	95
AT4G05400	787
AT4G00340	1699
AT4G12520	251
AT4G01570	578
AT4G27860	579
AT4G36910	631
AT4G22505	0
AT4G04423	0
AT4G04180	168
AT4G22870	0
AT4G26880	13
AT4G12370	3
AT4G32490	3
AT4G22570	613
AT4G05470	5
AT4G34900	1138
AT4G10950	4
AT4G13955	0
AT4G00480	381
AT4G19870	190
AT4G03260	2818
AT4G10490	0
AT4G12870	183
AT4G27610	479
AT4G28470	2199
AT4G01460	255
AT4G24530	346
AT4G04580	1
AT4G23940	2445
AT4G17390	10832
AT4G28180	123
AT4G39380	147
AT4G26460	7
AT4G26965	360
AT4G29130	2022
AT4G19975	38
AT4G10305	0
AT4G16610	50
AT4G27060	1029
AT4G26310	458
AT4G15440	36
AT4G27240	269
AT4G20930	199
AT4G19540	276
AT4G02360	42
AT4G31100	140
AT4G08520	2147
AT4G21340	22
AT4G32420	1624
AT4G20410	945
AT4G18100	14768
AT4G24250	78
AT4G04402	0
AT4G03130	34
AT4G17870	1275
AT4G28830	451
AT4G23390	2
AT4G17970	324
AT4G29273	0
AT4G22217	14
AT4G04720	1594
AT4G09780	1
AT4G39890	75
AT4G28220	758
AT4G13950	197
AT4G38920	5712
AT4G30890	1630
AT4G11410	467
AT4G12430	105
AT4G36870	597
AT4G01840	193
AT4G23420	58
AT4G00895	2931
AT4G01920	90
AT4G34300	1
AT4G21650	490
AT4G14695	26
AT4G34660	630
AT4G26200	239
AT4G08900	671
AT4G03580	0
AT4G08290	610
AT4G12940	0
AT4G22340	250
AT4G17720	980
AT4G00585	1891
AT4G11560	1384
AT4G00030	776
AT4G00580	1
AT4G23355	1
AT4G12750	863
AT4G04260	6
AT4G14840	106
AT4G19630	7
AT4G34910	627
AT4G11070	0
AT4G25210	1896
AT4G38290	36
AT4G32630	1
AT4G13520	3444
AT4G27410	176
AT4G37445	70
AT4G14145	220
AT4G17680	162
AT4G33460	578
AT4G16680	36
AT4G36750	1295
AT4G16450	3041
AT4G15290	40
AT4G04680	2
AT4G22285	1135
AT4G18610	135
AT4G35450	8123
AT4G32295	89
AT4G08630	0
AT4G28330	38
AT4G16630	2089
AT4G36110	15
AT4G36270	116
AT4G05540	0
AT4G12460	647
AT4G02250	3
AT4G12790	1005
AT4G08700	272
AT4G32670	307
AT4G00740	1993
AT4G17730	801
AT4G04950	1380
AT4G03505	2
AT4G10210	0
AT4G39745	0
AT4G30610	608
AT4G11040	0
AT4G18080	0
AT4G36960	766
AT4G28740	1011
AT4G34920	1718
AT4G10000	551
AT4G12480	11690
AT4G25110	187
AT4G00150	497
AT4G37310	825
AT4G35790	3410
AT4G30825	984
AT4G36610	268
AT4G33500	1527
AT4G27300	573
AT4G13930	9733
AT4G09585	0
AT4G14630	85
AT4G33540	1079
AT4G36990	1377
AT4G14980	130
AT4G18210	58
AT4G32390	2134
AT4G08867	0
AT4G15330	55
AT4G22165	0
AT4G00905	0
AT4G34190	7387
AT4G03430	2078
AT4G18930	1202
AT4G08270	0
AT4G37990	20
AT4G22910	418
AT4G31730	275
AT4G14716	2672
AT4G32680	354
AT4G18500	0
AT4G10880	0
AT4G17590	0
AT4G12910	888
AT4G10120	2750
AT4G37000	1316
AT4G00295	0
AT4G19840	3155
AT4G33770	190
AT4G26670	3497
AT4G29800	139
AT4G24950	0
AT4G18250	128
AT4G23980	819
AT4G28610	1089
AT4G15010	606
AT4G00260	0
AT4G28210	1269
AT4G20010	1002
AT4G32750	223
AT4G22670	4107
AT4G00400	1100
AT4G25690	458
AT4G05070	1362
AT4G15380	81
AT4G34740	1838
AT4G18750	292
AT4G34890	1958
AT4G18692	0
AT4G37360	0
AT4G01575	0
AT4G26660	913
AT4G16535	1
AT4G29283	0
AT4G02480	5425
AT4G30870	186
AT4G38250	0
AT4G14930	642
AT4G01220	349
AT4G35295	9
AT4G26180	143
AT4G32500	2
AT4G00850	103
AT4G00651	9
AT4G22770	196
AT4G34290	2289
AT4G32840	520
AT4G32170	0
AT4G17910	240
AT4G08455	172
AT4G11480	33
AT4G28260	1172
AT4G09920	29
AT4G04450	134
AT4G38430	2637
AT4G13770	10399
AT4G04110	0
AT4G29150	134
AT4G15730	137
AT4G39952	100
AT4G34410	0
AT4G01026	145
AT4G29380	836
AT4G03390	1207
AT4G15820	171
AT4G33090	5525
AT4G34400	17
AT4G23110	0
AT4G05460	282
AT4G07965	3
AT4G26260	8
AT4G30560	362
AT4G11140	151
AT4G20830	805
AT4G21920	7
AT4G32480	172
AT4G40063	0
AT4G04860	450
AT4G35130	133
AT4G26130	2967
AT4G24240	1041
AT4G00110	441
AT4G02760	249
AT4G36760	1997
AT4G26850	2101
AT4G25050	9250
AT4G31480	4288
AT4G12240	166
AT4G33440	276
AT4G11150	7094
AT4G31070	60
AT4G26430	326
AT4G18110	0
AT4G29410	4629
AT4G17100	879
AT4G37682	41
AT4G35860	903
AT4G02690	6
AT4G00320	0
AT4G04710	7
AT4G02330	336
AT4G09035	0
AT4G17900	660
AT4G08040	24
AT4G18330	1
AT4G16750	144
AT4G34000	833
AT4G20130	2253
AT4G31920	745
AT4G16880	765
AT4G13420	94
AT4G19020	998
AT4G01800	5492
AT4G39650	2
AT4G31320	186
AT4G01735	8
AT4G19200	2198
AT4G18160	191
AT4G16470	123
AT4G12360	0
AT4G40011	0
AT4G16442	451
AT4G08560	0
AT4G21200	38
AT4G28690	99
AT4G23880	49
AT4G30950	11405
AT4G35905	307
AT4G17420	496
AT4G12130	467
AT4G30845	107
AT4G10550	177
AT4G18630	185
AT4G39260	27610
AT4G14350	1246
AT4G18975	619
AT4G21530	315
AT4G32530	2173
AT4G21940	73
AT4G20960	1252
AT4G00810	5641
AT4G09630	936
AT4G09010	10358
AT4G18590	404
AT4G28910	1487
AT4G12010	328
AT4G15780	990
AT4G33130	136
AT4G05071	1
AT4G32460	932
AT4G23060	427
AT4G21063	34
AT4G08895	0
AT4G39740	191
AT4G11850	1258
AT4G19095	6
AT4G08691	0
AT4G01110	48
AT4G18501	25
AT4G13830	896
AT4G01990	268
AT4G25900	1126
AT4G18830	33
AT4G39470	459
AT4G03330	25
AT4G11650	2357
AT4G32200	225
AT4G29290	0
AT4G36720	204
AT4G33495	334
AT4G22305	117
AT4G07526	0
AT4G29630	0
AT4G16550	0
AT4G21515	0
AT4G23700	365
AT4G25490	18
AT4G29700	736
AT4G31770	303
AT4G26780	722
AT4G33780	641
AT4G21880	261
AT4G16080	1
AT4G03740	0
AT4G32600	863
AT4G03250	217
AT4G30630	270
AT4G36800	2042
AT4G32030	898
AT4G01670	232
AT4G32800	139
AT4G34270	1084
AT4G16100	263
AT4G02405	478
AT4G35280	0
AT4G12670	361
AT4G16340	2490
AT4G26870	2424
AT4G02190	0
AT4G28110	9
AT4G12970	448
AT4G24615	0
AT4G20770	40
AT4G30710	535
AT4G32360	318
AT4G23460	1604
AT4G09360	0
AT4G24640	10
AT4G35410	296
AT4G31985	4499
AT4G09530	0
AT4G14190	168
AT4G04830	2233
AT4G18510	107
AT4G31970	4
AT4G25800	50
AT4G36791	7
AT4G27910	386
AT4G08028	0
AT4G16240	53
AT4G31160	1710
AT4G15030	456
AT4G29090	0
AT4G10240	0
AT4G21902	2
AT4G19460	71
AT4G22120	841
AT4G15630	684
AT4G17510	660
AT4G20450	24
AT4G02750	202
AT4G11373	0
AT4G22410	0
AT4G04750	544
AT4G13790	1
AT4G01703	0
AT4G11380	2994
AT4G13480	2
AT4G17215	174
AT4G13780	3109
AT4G10170	225
AT4G36480	922
AT4G14342	812
AT4G19003	469
AT4G06639	0
AT4G21510	108
AT4G29110	272
AT4G28085	45
AT4G24975	0
AT4G20090	220
AT4G17000	489
AT4G15450	422
AT4G35000	4578
AT4G19430	1
AT4G25360	597
AT4G09545	0
AT4G13390	738
AT4G29060	22192
AT4G15490	1192
AT4G30450	273
AT4G13980	365
AT4G08240	328
AT4G03400	1124
AT4G14040	7052
AT4G18150	2
AT4G29033	0
AT4G38470	1898
AT4G12990	140
AT4G14970	244
AT4G03625	0
AT4G22758	54
AT4G02540	625
AT4G33800	24
AT4G20360	0
AT4G35550	361
AT4G02700	176
AT4G28650	84
AT4G16900	404
AT4G09750	566
AT4G35720	148
AT4G04620	205
AT4G19690	794
AT4G01770	72
AT4G09960	2
AT4G19180	564
AT4G35700	0
AT4G02840	910
AT4G13220	576
AT4G39790	92
AT4G09466	0
AT4G10620	583
AT4G39235	105
AT4G35840	327
AT4G38220	2597
AT4G24540	153
AT4G27520	8077
AT4G10410	1
AT4G30070	0
AT4G13680	18
AT4G38990	0
AT4G30910	502
AT4G13500	1950
AT4G32230	0
AT4G38005	0
AT4G09340	619
AT4G02640	1009
AT4G37210	1006
AT4G17790	338
AT4G10970	566
AT4G29390	488
AT4G05630	0
AT4G00290	502
AT4G10560	17
AT4G24972	227
AT4G21192	212
AT4G27080	1720
AT4G14785	0
AT4G26630	8053
AT4G31430	962
AT4G26680	66
AT4G27880	580
AT4G00220	39
AT4G21950	1
AT4G04890	2561
AT4G23430	1008
AT4G20645	0
AT4G15990	28
AT4G26150	153
AT4G13380	0
AT4G23960	0
AT4G37435	0
AT4G03292	27
AT4G14723	12
AT4G13261	0
AT4G22105	0
AT4G13235	294
AT4G00880	37
AT4G37540	980
AT4G31310	637
AT4G11360	547
AT4G31000	257
AT4G35490	2330
AT4G26910	2247
AT4G34500	487
AT4G10390	88
AT4G23080	0
AT4G23365	0
AT4G15040	0
AT4G36925	1
AT4G01950	469
AT4G12410	9
AT4G08990	6
AT4G25600	223
AT4G10510	26
AT4G00350	5
AT4G28703	40
AT4G03420	374
AT4G34380	23
AT4G14104	3
AT4G14440	1532
AT4G31420	843
AT4G25560	22
AT4G03220	4
AT4G27030	310
AT4G13840	2814
AT4G30067	0
AT4G20420	0
AT4G20080	0
AT4G08640	0
AT4G27435	145
AT4G13970	569
AT4G13266	0
AT4G04460	128
AT4G36105	1
AT4G02720	0
AT4G11740	910
AT4G01900	1778
AT4G37860	0
AT4G19350	574
AT4G24330	2386
AT4G33985	169
AT4G33945	741
AT4G28140	25
AT4G32940	3432
AT4G15340	162
AT4G03160	0
AT4G08263	0
AT4G10870	0
AT4G15960	155
AT4G00450	1695
AT4G39660	1445
AT4G26050	1
AT4G20150	4093
AT4G02310	0
AT4G08570	159
AT4G00520	369
AT4G12110	563
AT4G22130	1048
AT4G30540	4
AT4G09950	200
AT4G38270	537
AT4G16930	0
AT4G11530	124
AT4G00780	2252
AT4G00910	58
AT4G35810	118
AT4G32570	1017
AT4G14560	206
AT4G00500	414
AT4G03113	0
AT4G33290	0
AT4G30840	480
AT4G34138	660
AT4G07950	251
AT4G25080	10006
AT4G35750	2823
AT4G27360	0
AT4G23100	8550
AT4G26230	4662
AT4G22710	30
AT4G16860	1999
AT4G06744	777
AT4G27440	29778
AT4G15610	595
AT4G02880	432
AT4G33160	176
AT4G17565	0
AT4G23450	37
AT4G28940	200
AT4G20540	0
AT4G39050	1463
AT4G31830	0
AT4G28680	96
AT4G00270	861
AT4G36240	273
AT4G00370	3391
AT4G02170	6
AT4G19130	194
AT4G02070	614
AT4G16566	237
AT4G34580	238
AT4G03728	0
AT4G34980	3255
AT4G18190	0
AT4G25980	19
AT4G02740	369
AT4G30770	0
AT4G26555	1008
AT4G19720	43
AT4G35920	1192
AT4G33210	1229
AT4G22235	0
AT4G23710	1259
AT4G27270	334
AT4G22970	390
AT4G20920	13
AT4G28570	851
AT4G20560	0
AT4G25730	3360
AT4G12540	84
AT4G26530	14788
AT4G38140	4
AT4G37180	833
AT4G11880	124
AT4G01230	13
AT4G39820	701
AT4G33600	0
AT4G22780	371
AT4G16162	0
AT4G27530	3
AT4G28130	0
AT4G37290	6
AT4G27800	4767
AT4G32830	524
AT4G15280	14
AT4G01925	27
AT4G27600	4008
AT4G34790	32
AT4G14965	677
AT4G15417	21
AT4G13560	74
AT4G35020	522
AT4G24930	1820
AT4G25510	0
AT4G16545	0
AT4G13090	0
AT4G23860	929
AT4G16230	16
AT4G25330	0
AT4G16420	772
AT4G18020	1188
AT4G39750	0
AT4G28510	1163
AT4G37690	14
AT4G30420	67
AT4G15020	882
AT4G33020	19
AT4G05150	2822
AT4G16720	18811
AT4G35025	0
AT4G27430	2550
AT4G32780	65
AT4G28640	307
AT4G35725	1
AT4G11220	1302
AT4G34840	282
AT4G16570	207
AT4G14301	0
AT4G10540	0
AT4G21030	0
AT4G39420	1654
AT4G32850	2573
AT4G25100	26171
AT4G15540	895
AT4G37580	117
AT4G30720	2453
AT4G25350	67
AT4G32320	772
AT4G35880	506
AT4G18060	848
AT4G01360	16
AT4G18940	37
AT4G13060	0
AT4G10265	28
AT4G26990	112
AT4G18270	390
AT4G29640	0
AT4G07410	2490
AT4G09030	14
AT4G11700	5
AT4G38500	967
AT4G16590	0
AT4G06676	299
AT4G14800	1733
AT4G16095	0
AT4G27510	56
AT4G20430	777
AT4G38010	88
AT4G25910	595
AT4G02110	683
AT4G23490	423
AT4G24970	277
AT4G10230	0
AT4G22090	0
AT4G27310	346
AT4G15320	78
AT4G08160	161
AT4G17890	831
AT4G30400	250
AT4G17670	305
AT4G19570	5
AT4G04980	0
AT4G00120	0
AT4G26220	234
AT4G14670	0
AT4G19050	92
AT4G08770	915
AT4G23840	222
AT4G35460	952
AT4G28550	263
AT4G11655	1
AT4G17486	821
AT4G31110	56
AT4G28395	0
AT4G03620	3
AT4G26570	949
AT4G27620	732
AT4G11190	111
AT4G09900	607
AT4G02020	1222
AT4G19810	1197
AT4G13345	293
AT4G33100	144
AT4G33560	713
AT4G24780	5687
AT4G27950	289
AT4G23370	0
AT4G24450	506
AT4G30880	3
AT4G21534	234
AT4G13240	0
AT4G12900	465
AT4G02820	573
AT4G16890	3425
AT4G25410	17
AT4G25640	3596
AT4G26280	0
AT4G17840	755
AT4G29790	782
AT4G03500	51
AT4G00180	1209
AT4G14110	922
AT4G16540	94
AT4G24300	0
AT4G18390	1019
AT4G22510	0
AT4G13750	538
AT4G39850	2241
AT4G34950	5872
AT4G15750	1
AT4G37920	923
AT4G23790	433
AT4G33260	489
AT4G38213	0
AT4G35733	0
AT4G01960	570
AT4G30080	666
AT4G38130	4400
AT4G13010	2139
AT4G29037	0
AT4G34030	1583
AT4G12640	807
AT4G09810	131
AT4G15890	273
AT4G21560	420
AT4G39010	134
AT4G26960	241
AT4G36590	4
AT4G08190	0
AT4G13290	112
AT4G17520	9528
AT4G24580	131
AT4G38560	48
AT4G25130	6490
AT4G21820	332
AT4G10770	816
AT4G03157	0
AT4G21840	8
AT4G31820	805
AT4G10090	202
AT4G39070	182
AT4G00980	92
AT4G08450	11
AT4G00342	0
AT4G34220	1178
AT4G05170	26
AT4G12890	13
AT4G33910	474
AT4G19700	258
AT4G35360	859
AT4G08410	463
AT4G34720	4624
AT4G00232	0
AT4G00390	57
AT4G21900	397
AT4G02270	447
AT4G34370	585
AT4G16143	3702
AT4G19510	624
AT4G01180	0
AT4G03200	1431
AT4G39160	594
AT4G01985	40
AT4G24940	718
AT4G30210	3131
AT4G29350	10335
AT4G00315	0
AT4G14340	704
AT4G30290	450
AT4G30350	720
AT4G12280	1
AT4G33885	0
AT4G39955	377
AT4G38401	0
AT4G32580	1
AT4G22517	1698
AT4G25290	749
AT4G00670	72
AT4G33320	0
AT4G23610	1
AT4G33465	0
AT4G12220	2
AT4G00890	17
AT4G05430	15
AT4G24030	0
AT4G34510	36
AT4G19800	0
AT4G28980	967
AT4G18465	533
AT4G13310	28
AT4G37470	1169
AT4G14490	182
AT4G06526	0
AT4G19190	750
AT4G19820	23
AT4G30000	295
AT4G38780	88
AT4G21110	1309
AT4G17300	2656
AT4G11490	0
AT4G17150	962
AT4G39270	715
AT4G37420	0
AT4G28590	415
AT4G00755	734
AT4G23990	363
AT4G19890	161
AT4G20230	77
AT4G00820	406
AT4G29480	3116
AT4G23250	279
AT4G22740	1129
AT4G31890	368
AT4G17940	1208
AT4G25340	2354
AT4G21660	3075
AT4G35150	0
AT4G18770	0
AT4G28750	12827
AT4G16130	1105
AT4G03170	0
AT4G11050	75
AT4G18870	3
AT4G35660	8
AT4G16990	3156
AT4G38100	1089
AT4G12930	0
AT4G28100	544
AT4G27000	3295
AT4G20290	0
AT4G17570	771
AT4G14860	26
AT4G02733	0
AT4G31130	963
AT4G39675	247
AT4G32920	899
AT4G00170	502
AT4G15360	6
AT4G36050	150
AT4G35540	122
AT4G22050	2
AT4G24231	0
AT4G05050	11296
AT4G31280	0
AT4G17880	364
AT4G28890	102
AT4G24010	49
AT4G01240	87
AT4G23220	114
AT4G18905	1112
AT4G10480	7278
AT4G13850	4483
AT4G14030	4275
AT4G36700	25
AT4G31470	105
AT4G03050	0
AT4G24740	1595
AT4G11110	1257
AT4G08140	0
AT4G10440	0
AT4G31210	1872
AT4G33390	3
AT4G08360	1
AT4G32208	8
AT4G16370	5898
AT4G39220	844
AT4G35420	134
AT4G37140	17
AT4G21190	708
AT4G04350	2193
AT4G01050	14387
AT4G34260	2003
AT4G12620	383
AT4G15560	6723
AT4G18720	0
AT4G25990	589
AT4G02900	183
AT4G36070	1
AT4G12330	96
AT4G26010	1058
AT4G03610	70
AT4G27870	2567
AT4G04745	331
AT4G30140	2863
AT4G31020	62
AT4G19925	2
AT4G40060	1581
AT4G25660	621
AT4G01520	0
AT4G01730	579
AT4G19250	0
AT4G37830	4945
AT4G01030	136
AT4G33400	1024
AT4G24370	210
AT4G18990	0
AT4G38380	301
AT4G01023	3
AT4G32535	27
AT4G30620	1210
AT4G13360	1539
AT4G12850	50
AT4G14358	0
AT4G27160	0
AT4G25810	89
AT4G32120	453
AT4G21460	654
AT4G27740	226
AT4G00005	0
AT4G31715	0
AT4G29890	449
AT4G39960	4501
AT4G05190	836
AT4G20235	27
AT4G19010	215
AT4G24080	52
AT4G31196	0
AT4G24280	13473
AT4G34345	0
AT4G16957	214
AT4G34420	45
AT4G35580	889
AT4G32760	2430
AT4G01037	2606
AT4G36390	2495
AT4G01780	0
AT4G30510	177
AT4G22495	0
AT4G04020	2702
AT4G37610	261
AT4G15390	2192
AT4G18372	168
AT4G13150	574
AT4G38650	119
AT4G15740	31
AT4G02830	42
AT4G29930	109
AT4G32820	779
AT4G39810	49
AT4G15690	92
AT4G15720	38
AT4G37300	5571
AT4G26750	743
AT4G38540	42
AT4G24980	1
AT4G04920	1380
AT4G12600	2718
AT4G31900	0
AT4G31610	11
AT4G17243	0
AT4G15053	0
AT4G29840	4163
AT4G04940	948
AT4G03153	0
AT4G12710	186
AT4G15093	515
AT4G08620	45
AT4G26483	0
AT4G11485	0
AT4G00525	40
AT4G30970	0
AT4G08485	0
AT4G27480	62
AT4G16770	425
AT4G10280	215
AT4G17020	435
AT4G02410	398
AT4G13490	0
AT4G26250	0
AT4G15735	0
AT4G15900	2793
AT4G31790	779
AT4G30230	40
AT4G30980	272
AT4G27040	542
AT4G21690	0
AT4G14370	92
AT4G11521	50
AT4G27990	1040
AT4G11990	58
AT4G19905	0
AT4G31990	7545
AT4G39510	483
AT4G19830	611
AT4G09520	439
AT4G38495	125
AT4G37608	61
AT4G21870	350
AT4G31230	13
AT4G24644	0
AT4G26210	880
AT4G22035	0
AT4G32272	319
AT4G11830	1478
AT4G09210	0
AT4G11543	7
AT4G04090	0
AT4G36690	3841
AT4G11930	0
AT4G12840	122
AT4G34550	7
AT4G18580	157
AT4G04330	1362
AT4G26860	907
AT4G27580	7
AT4G29590	1361
AT4G21890	183
AT4G36860	696
AT4G11440	154
AT4G35210	6
AT4G19390	473
AT4G24120	631
AT4G25740	4455
AT4G02370	1491
AT4G07940	3
AT4G29880	23
AT4G38520	2420
AT4G16250	585
AT4G00200	265
AT4G20800	0
AT4G18180	0
AT4G13320	0
AT4G20535	0
AT4G18425	72
AT4G16640	19
AT4G35070	135
AT4G37840	0
AT4G38775	0
AT4G25150	113
AT4G01560	1324
AT4G07820	56
AT4G14540	1155
AT4G21520	325
AT4G24960	958
AT4G31850	1775
AT4G25180	272
AT4G20880	453
AT4G34600	364
AT4G34830	3718
AT4G01500	15
AT4G37330	820
AT4G35530	237
AT4G36030	0
AT4G10843	13
AT4G16765	299
AT4G20200	0
AT4G17200	0
AT4G07995	20
AT4G03520	9771
AT4G37090	912
AT4G33666	28
AT4G05612	0
AT4G26110	3531
AT4G16090	2
AT4G18360	500
AT4G20140	264
AT4G13370	474
AT4G24260	41
AT4G25370	5418
AT4G12210	0
AT4G26145	0
AT4G36360	4512
AT4G38690	327
AT4G27845	0
AT4G10380	952
AT4G20095	3
AT4G08730	0
AT4G01260	0
AT4G22300	516
AT4G14147	207
AT4G16695	437
AT4G00720	2374
AT4G03950	0
AT4G34930	63
AT4G09170	10
AT4G04957	0
AT4G20720	213
AT4G01890	1
AT4G32105	0
AT4G15250	0
AT4G38390	33
AT4G04540	4
AT4G15770	1496
AT4G11010	7778
AT4G16730	0
AT4G28430	164
AT4G21720	211
AT4G27840	250
AT4G26640	1191
AT4G38810	1160
AT4G23271	0
AT4G14130	257
AT4G36770	14
AT4G24110	364
AT4G01470	0
AT4G34680	171
AT4G21480	59
AT4G36710	523
AT4G22900	57
AT4G04404	0
AT4G35040	894
AT4G38790	847
AT4G02650	2
AT4G29000	339
AT4G33730	34
AT4G36550	253
AT4G26300	2494
AT4G33830	0
AT4G12760	179
AT4G10340	131263
AT4G21100	1167
AT4G13040	238
AT4G32610	1468
AT4G21490	4
AT4G17530	1841
AT4G06536	39
AT4G13920	0
AT4G30590	0
AT4G20000	64
AT4G02520	490
AT4G28870	0
AT4G23320	14
AT4G32380	0
AT4G29250	0
AT4G30570	116
AT4G29310	609
AT4G26610	682
AT4G39180	208
AT4G21130	0
AT4G15940	821
AT4G16295	0
AT4G00416	3
AT4G08280	644
AT4G09465	0
AT4G27350	210
AT4G26930	3
AT4G26890	19
AT4G15680	78
AT4G37410	392
AT4G34080	0
AT4G03510	442
AT4G21705	400
AT4G16820	2
AT4G12310	1580
AT4G09462	0
AT4G08870	998
AT4G03940	74
AT4G33480	1175
AT4G37530	326
AT4G39100	1008
AT4G29560	103
AT4G24150	12
AT4G25440	421
AT4G16857	130
AT4G18140	291
AT4G12617	1
AT4G20670	0
AT4G18700	1822
AT4G18203	0
AT4G15215	155
AT4G14590	81
AT4G36795	0
AT4G39930	28
AT4G30600	2762
AT4G18760	585
AT4G30920	2939
AT4G34460	1431
AT4G27760	1248
AT4G05620	0
AT4G12560	920
AT4G25940	455
AT4G19110	6732
AT4G25540	94
AT4G25315	142
AT4G16745	26
AT4G23350	1
AT4G30830	20
AT4G23515	36
AT4G29740	142
AT4G31290	3109
AT4G31441	17
AT4G27070	424
AT4G20600	0
AT4G31670	395
AT4G37110	521
AT4G24040	113
AT4G37650	522
AT4G00090	861
AT4G15393	456
AT4G35980	287
AT4G30650	8031
AT4G39520	1808
AT4G04670	511
AT4G33720	49
AT4G29520	782
AT4G31355	4
AT4G19150	637
AT4G34215	941
AT4G15790	582
AT4G34860	486
AT4G24204	2
AT4G25515	178
AT4G08850	2592
AT4G27652	106
AT4G07825	918
AT4G17330	4151
AT4G16710	428
AT4G39940	2925
AT4G29360	572
AT4G20820	205
AT4G19550	131
AT4G36500	676
AT4G32930	1044
AT4G00770	2
AT4G29170	131
AT4G21010	0
AT4G19191	60
AT4G23090	0
AT4G35850	1911
AT4G05631	117
AT4G19920	8
AT4G29905	1021
AT4G15840	922
AT4G13263	0
AT4G39320	65
AT4G19330	1
AT4G29980	1
AT4G15970	1
AT4G34780	0
AT4G10080	2117
AT4G33470	1191
AT4G14740	529
AT4G13350	1776
AT4G18810	2637
AT4G14150	410
AT4G38370	584
AT4G00710	2123
AT4G22666	181
AT4G29140	865
AT4G38210	9
AT4G00940	96
AT4G27590	13
AT4G18950	1007
AT4G04850	1641
AT4G15150	47
AT4G00040	503
AT4G30640	25
AT4G16451	1
AT4G02655	2
AT4G22140	800
AT4G02430	274
AT4G17210	0
AT4G31910	1044
AT4G02590	1173
AT4G01880	489
AT4G26140	383
AT4G15950	226
AT4G18660	2
AT4G19240	0
AT4G20260	6569
AT4G16310	1121
AT4G21180	440
AT4G39030	300
AT4G17160	3
AT4G22560	124
AT4G15733	0
AT4G31370	1
AT4G04632	0
AT4G00930	422
AT4G29160	1978
AT4G00140	0
AT4G15060	0
AT4G33530	2284
AT4G28815	2
AT4G01897	502
AT4G15410	881
AT4G18960	1
AT4G04190	212
AT4G27890	0
AT4G09800	4936
AT4G24974	0
AT4G31750	550
AT4G25300	92
AT4G31980	308
AT4G13630	696
AT4G36230	87
AT4G34650	86
AT4G01270	135
AT4G32870	261
AT4G17070	433
AT4G07835	0
AT4G26940	1416
AT4G17760	99
AT4G15300	59
AT4G35220	756
AT4G39460	1933
AT4G23650	4524
AT4G39860	1091
AT4G00750	579
AT4G38070	2
AT4G11980	409
AT4G33110	1107
AT4G14815	0
AT4G08260	0
AT4G20520	0
AT4G31400	82
AT4G14900	1979
AT4G27120	857
AT4G29850	0
AT4G21120	48
AT4G08555	180
AT4G23210	199
AT4G00860	2671
AT4G38870	0
AT4G26120	45
AT4G19710	2605
AT4G36740	45
AT4G22212	381
AT4G30900	451
AT4G23890	1105
AT4G30310	1878
AT4G03965	28
AT4G08330	156
AT4G33990	201
AT4G31540	0
AT4G33070	3411
AT4G04650	0
AT4G25845	0
AT4G38350	1823
AT4G04880	374
AT4G36810	0
AT4G27190	3
AT4G30320	57
AT4G33000	400
AT4G02770	56505
AT4G36670	1154
AT4G04695	115
AT4G27980	14
AT4G00310	229
AT4G27920	2
AT4G31170	1327
AT4G09984	0
AT4G19660	684
AT4G11385	0
AT4G22950	30
AT4G12250	226
AT4G05530	1367
AT4G10820	0
AT4G25430	0
AT4G30130	160
AT4G22360	660
AT4G14990	971
AT4G25850	43
AT4G36980	1764
AT4G24340	41
AT4G00870	18
AT4G37030	50
AT4G18600	327
AT4G13992	28
AT4G16807	118
AT4G09420	164
AT4G40050	1010
AT4G39190	201
AT4G19610	895
AT4G27450	711
AT4G18710	3398
AT4G33140	473
AT4G35783	26
AT4G14330	923
AT4G15140	244
AT4G17620	1011
AT4G25230	1199
AT4G12420	5118
AT4G22880	839
AT4G17710	1
AT4G25470	28
AT4G24840	1052
AT4G19980	51
AT4G29570	3
AT4G23930	74
AT4G30240	524
AT4G04810	119
AT4G16950	2647
AT4G11270	1267
AT4G10330	205
AT4G29220	2165
AT4G18840	104
AT4G04078	0
AT4G24180	27
AT4G03100	913
AT4G18530	259
AT4G30340	475
AT4G21215	661
AT4G07670	0
AT4G32375	0
AT4G33145	10
AT4G27660	79
AT4G08874	4
AT4G28460	2
AT4G33630	1886
AT4G13000	36
AT4G14410	1583
AT4G35290	139
AT4G10060	2134
AT4G22460	0
AT4G36130	6039
AT4G16040	0
AT4G31870	86
AT4G35590	23
AT4G12400	197
AT4G39090	16785
AT4G07515	0
AT4G16620	58
AT4G23560	11
AT4G30662	1
AT4G03230	330
AT4G17750	202
AT4G28410	131
AT4G39590	1
AT4G29830	500
AT4G15230	209
AT4G25720	360
AT4G36350	19
AT4G13260	88
AT4G19038	0
AT4G38040	571
AT4G04740	450
AT4G23015	0
AT4G29780	159
AT4G08025	0
AT4G39080	6700
AT4G30180	61
AT4G20460	311
AT4G28820	109
AT4G09589	0
AT4G09940	6
AT4G13130	25
AT4G20020	1354
AT4G24210	358
AT4G10500	24
AT4G09140	461
AT4G29600	15
AT4G12382	5
AT4G14605	426
AT4G12080	268
AT4G25200	2
AT4G19045	170
AT4G07380	0
AT4G25433	18
AT4G25520	775
AT4G28730	430
AT4G34139	0
AT4G18860	2
AT4G37685	49
AT4G03150	311
AT4G13690	140
AT4G02735	0
AT4G03210	9163
AT4G02230	6387
AT4G08550	3
AT4G28240	570
AT4G13575	148
AT4G10610	1328
AT4G30990	1469
AT4G34850	5
AT4G33940	391
AT4G13050	719
AT4G00730	2225
AT4G16480	298
AT4G37925	1386
AT4G19490	1420
AT4G39970	1773
AT4G13890	42
AT4G20320	969
AT4G38830	27
AT4G12060	2546
AT4G28500	94
AT4G21903	79
AT4G28310	383
AT4G36620	53
AT4G25960	1420
AT4G10750	411
AT4G34265	1518
AT4G18030	3990
AT4G38062	476
AT4G01210	1195
AT4G04040	1986
AT4G28025	2497
AT4G08370	0
AT4G26060	228
AT4G26760	1271
AT4G38660	1207
AT4G21170	118
AT4G38490	891
AT4G29730	191
AT4G33565	289
AT4G29030	3250
AT4G11610	158
AT4G07868	0
AT4G38180	58
AT4G17360	339
AT4G31073	0
AT4G12390	742
AT4G26415	51
AT4G18090	0
AT4G14305	51
AT4G30940	124
AT4G31380	0
AT4G15470	3308
AT4G22830	717
AT4G00955	81
AT4G35170	1
AT4G29305	1
AT4G22610	40
AT4G28880	1785
AT4G23850	5453
AT4G11350	70
AT4G02420	195
AT4G16520	2113
AT4G21326	204
AT4G13280	80
AT4G13180	1560
AT4G05097	2
AT4G14420	2456
AT4G12650	3943
AT4G23373	0
AT4G39640	579
AT4G33180	338
AT4G00840	245
AT4G26830	42
AT4G31490	3291
AT4G20580	0
AT4G28920	0
AT4G01370	1616
AT4G21980	722
AT4G26390	9
AT4G04265	0
AT4G39830	105
AT4G22010	2409
AT4G34520	0
AT4G28450	1176
AT4G04870	416
AT4G03945	0
AT4G10370	71
AT4G36890	779
AT4G10010	5
AT4G30300	1
AT4G37850	1
AT4G21070	281
AT4G33300	1537
AT4G13620	49
AT4G03115	182
AT4G28790	79
AT4G23780	2
AT4G22840	146
AT4G37250	433
AT4G10695	4
AT4G16215	0
AT4G28840	11
AT4G32640	2031
AT4G14675	0
AT4G04690	0
AT4G11920	160
AT4G37022	13
AT4G02850	287
AT4G39910	821
AT4G31700	16078
AT4G23230	41
AT4G19560	53
AT4G12780	1734
AT4G16008	61
AT4G21610	215
AT4G16195	0
AT4G21800	912
AT4G18422	50
AT4G16670	83
AT4G08950	585
AT4G24160	1007
AT4G31240	181
AT4G09660	0
AT4G29920	229
AT4G23140	114
AT4G17430	283
AT4G02440	541
AT4G35250	4172
AT4G23895	203
AT4G17850	0
AT4G08230	1001
AT4G38960	51
AT4G12120	212
AT4G15070	114
AT4G10350	32
AT4G34470	0
AT4G24390	461
AT4G30730	0
AT4G15660	54
AT4G01820	8
AT4G14245	0
AT4G01640	0
AT4G22270	106
AT4G38781	0
AT4G16790	341
AT4G22940	21
AT4G02630	470
AT4G02000	8
AT4G31805	200
AT4G25170	1408
AT4G00160	0
AT4G25920	2
AT4G32175	252
AT4G26900	2553
AT4G20650	0
AT4G09670	2329
AT4G11450	287
AT4G32280	23
AT4G27250	22
AT4G11211	335
AT4G14690	372
AT4G22180	0
AT4G14225	0
AT4G10680	0
AT4G28520	0
AT4G03566	0
AT4G32342	0
AT4G13820	6
AT4G28811	2
AT4G26690	1340
AT4G36170	0
AT4G35560	483
AT4G14960	16563
AT4G25760	85
AT4G06634	467
AT4G19680	35
AT4G33740	1136
AT4G33355	7
AT4G16380	2325
AT4G12320	3817
AT4G25930	0
AT4G21140	464
AT4G00305	7
AT4G18450	5
AT4G29280	0
AT4G23570	764
AT4G10457	0
AT4G00460	56
AT4G02500	3232
AT4G40070	101
AT4G39900	820
AT4G30790	1028
AT4G25020	60
AT4G34450	7544
AT4G11080	609
AT4G32140	467
AT4G10603	0
AT4G31080	993
AT4G13580	173
AT4G23660	252
AT4G07408	0
AT4G04210	1301
AT4G21585	187
AT4G24070	0
AT4G24973	0
AT4G10030	517
AT4G34020	1109
AT4G32300	523
AT4G31760	4
AT4G00163	0
AT4G26480	1339
AT4G00155	0
AT4G03205	465
AT4G02890	5709
AT4G35830	16607
AT4G22000	1328
AT4G18070	1188
AT4G02450	6144
AT4G34990	93
AT4G05160	1126
AT4G36945	192
AT4G17500	474
AT4G14660	160
AT4G00080	421
AT4G09890	409
AT4G03645	0
AT4G15120	71
AT4G08390	4172
AT4G32717	0
AT4G13660	844
AT4G39720	149
AT4G33640	675
AT4G33760	1836
AT4G27690	397
AT4G32240	1273
AT4G29720	977
AT4G10320	4049
AT4G00540	2
AT4G35670	0
AT4G23310	0
AT4G02465	0
AT4G01540	240
AT4G21790	1840
AT4G11845	73
AT4G13510	0
AT4G36160	34
AT4G11590	5
AT4G00231	475
AT4G08940	113
AT4G32430	104
AT4G33670	1275
AT4G39150	1168
AT4G16146	901
AT4G01430	185
AT4G37940	43
AT4G22850	263
AT4G36180	1549
AT4G31360	502
AT4G12020	496
AT4G25250	21
AT4G24060	534
AT4G11340	0
AT4G26840	2711
AT4G25840	512
AT4G02010	973
AT4G16490	2254
AT4G32180	1838
AT4G33510	5760
AT4G21540	533
AT4G02100	455
AT4G09850	0
AT4G25260	460
AT4G17380	39
AT4G21390	129
AT4G02670	8
AT4G19930	0
AT4G14100	346
AT4G15563	102
AT4G27750	564
AT4G26350	0
AT4G13572	59
AT4G35090	7540
AT4G30430	4
AT4G20040	39
AT4G27657	49
AT4G25450	1961
AT4G07455	157
AT4G06746	128
AT4G30490	682
AT4G09620	732
AT4G09731	1
AT4G22810	190
AT4G34360	163
AT4G00330	606
AT4G04760	24
AT4G13577	0
AT4G10800	166
AT4G16563	539
AT4G12140	0
AT4G11570	2268
AT4G38410	53
AT4G22890	6150
AT4G02260	2730
AT4G02350	1449
AT4G34570	512
AT4G18320	0
AT4G01935	267
AT4G15500	266
AT4G22960	14
AT4G17580	0
AT4G24020	1409
AT4G05000	231
AT4G12070	326
AT4G09820	73
AT4G37720	0
AT4G17700	0
AT4G05523	1
AT4G36000	12
AT4G18730	8149
AT4G08180	856
AT4G18520	685
AT4G15765	92
AT4G29710	13
AT4G14120	79
AT4G30190	24720
AT4G35985	155
AT4G02150	1662
AT4G08875	0
AT4G27470	288
AT4G27090	20416
AT4G23020	152
AT4G25610	365
AT4G00050	212
AT4G12690	67
AT4G10720	19
AT4G23380	0
AT4G01400	87
AT4G02970	2537
AT4G09980	1362
AT4G12880	2512
AT4G32770	656
AT4G02140	23
AT4G12495	0
AT4G00620	815
AT4G04790	151
AT4G04480	1
AT4G02080	1978
AT4G11390	1
AT4G14060	75
AT4G04972	4
AT4G14200	609
AT4G01070	1502
AT4G02950	0
AT4G21550	82
AT4G09440	0
AT4G36420	1143
AT4G36450	13
AT4G16120	727
AT4G15233	316
AT4G02780	12
AT4G01915	203
AT4G07960	124
AT4G01420	1
AT4G20210	28
AT4G39925	26
AT4G31685	0
AT4G39360	3
AT4G00300	982
AT4G38150	366
AT4G38300	60
AT4G11780	55
AT4G16390	2900
AT4G16510	227
AT4G28530	20
AT4G37640	1367
AT4G21300	77
AT4G01450	1015
AT4G30010	5180
AT4G27230	1640
AT4G18680	2
AT4G18780	293
AT4G29020	5591
AT4G20870	678
AT4G28850	83
AT4G35780	434
AT4G14805	4
AT4G02541	0
AT4G10310	27
AT4G36820	7
AT4G14380	45
AT4G11770	0
AT4G00953	0
AT4G18980	2
AT4G37970	112
AT4G02340	1346
AT4G11970	165
AT4G16855	0
AT4G39920	203
AT4G22485	15
AT4G16810	1
AT4G20110	460
AT4G13968	0
AT4G32720	2783
AT4G03156	0
AT4G13070	152
AT4G00950	208
AT4G22280	26
AT4G04470	442
AT4G26701	0
AT4G34412	199
AT4G16150	1831
AT4G13985	0
AT4G20850	6782
AT4G36470	174
AT4G36020	1973
AT4G26288	5
AT4G36840	187
AT4G38640	928
AT4G33080	1588
AT4G16350	89
AT4G28005	2
AT4G38800	2269
AT4G01650	350
AT4G28068	0
AT4G26800	55
AT4G22690	2796
AT4G02200	182
AT4G02610	330
AT4G00440	1019
AT4G11460	396
AT4G12340	838
AT4G38310	1
AT4G04415	3
AT4G09880	0
AT4G02530	5455
AT4G20400	1564
AT4G02195	186
AT4G12700	490
AT4G38420	801
AT4G34440	1
AT4G37280	814
AT4G39540	1005
AT4G18790	0
AT4G34320	48
AT4G26770	13
AT4G24175	323
AT4G11750	0
AT4G31440	162
AT4G06583	0
AT4G03000	854
AT4G11330	295
AT4G06534	67
AT4G09000	8546
AT4G29490	943
AT4G05350	0
AT4G01245	0
AT4G33240	1536
AT4G32130	1155
AT4G02660	216
AT4G27500	5394
AT4G10150	6
AT4G02400	1773
AT4G04500	13
AT4G28040	133
AT4G12150	0
AT4G01480	1075
AT4G31510	269
AT4G37660	417
AT4G31600	313
AT4G14270	2610
AT4G34090	1419
AT4G01870	1657
AT4G23260	617
AT4G37550	794
AT4G13110	98
AT4G17505	0
AT4G36650	345
AT4G02050	750
AT4G25570	5175
AT4G26740	1
AT4G08670	0
AT4G09965	0
AT4G09610	0
AT4G32160	635
AT4G04570	596
AT4G33150	535
AT4G35950	812
AT4G03370	0
AT4G32150	2347
AT4G22240	3438
AT4G37010	119
AT4G20070	570
AT4G25400	51
AT4G30530	4640
AT4G39400	3401
AT4G08780	156
AT4G19850	17
AT4G26420	0
AT4G22550	130
AT4G20900	0
AT4G24590	376
AT4G23400	2170
AT4G39690	1574
AT4G14096	203
AT4G09310	0
AT4G03540	50
AT4G11670	506
AT4G34170	3
AT4G30750	792
AT4G37100	567
AT4G36290	415
AT4G20250	0
AT4G20935	44
AT4G14950	694
AT4G23730	669
AT4G09150	1652
AT4G00360	927
AT4G35200	16
AT4G07400	203
AT4G35655	1
AT4G19860	1936
AT4G10190	0
AT4G23120	0
AT4G39840	0
AT4G22430	0
AT4G09500	255
AT4G11730	0
AT4G32990	25
AT4G19370	22
AT4G32915	1025
AT4G25225	112
AT4G22220	2830
AT4G37680	924
AT4G02570	5339
AT4G23010	541
AT4G13410	216
AT4G27280	340
AT4G23870	173
AT4G21580	1445
AT4G24910	34
AT4G19100	382
AT4G09590	0
AT4G26370	3923
AT4G27130	2763
AT4G01600	181
AT4G11090	364
AT4G20680	0
AT4G37400	141
AT4G23530	215
AT4G17260	657
AT4G05200	130
AT4G08310	1126
AT4G29860	130
AT4G00070	56
AT4G21910	1111
AT4G09550	322
AT4G14240	625
AT4G19750	1
AT4G15975	28
AT4G18670	2930
AT4G12820	0
AT4G37190	431
AT4G16190	8204
AT4G05320	34024
AT4G10200	6
AT4G12040	1184
AT4G39950	2209
AT4G14160	2635
AT4G26030	0
AT4G24413	2
AT4G04320	479
AT4G14280	8
AT4G00590	171
AT4G36630	932
AT4G19650	170
AT4G30064	0
AT4G20330	933
AT4G31960	1
AT4G18240	3956
AT4G29870	667
AT4G15090	755
AT4G02160	1
AT4G32370	0
AT4G16600	32
AT4G12543	0
AT4G29430	766
AT4G31650	246
AT4G12580	20
AT4G28250	3845
AT4G26040	0
AT4G01810	1471
AT4G01335	3
AT4G21065	87
AT4G09070	0
AT4G12270	24
AT4G24140	392
AT4G35300	2818
AT4G07675	0
AT4G01150	35447
AT4G15850	227
AT4G08545	0
AT4G03930	6
AT4G25380	12
AT4G19160	1420
AT4G18490	31
AT4G24275	287
AT4G13230	18
AT4G14746	204
AT4G39170	1788
AT4G02485	87
AT4G22680	18
AT4G33200	1088
AT4G17060	746
AT4G09795	0
AT4G37730	160
AT4G15420	430
AT4G24570	182
AT4G20953	4
AT4G21020	0
AT4G29735	1067
AT4G38910	111
AT4G15160	1240
AT4G29654	0
AT4G38840	754
AT4G28088	1
AT4G38700	59
AT4G36970	964
AT4G20480	1006
AT4G19140	251
AT4G16440	334
AT4G36380	346
AT4G02620	2409
AT4G24760	482
AT4G36540	1124
AT4G21250	5
AT4G04220	0
AT4G31150	213
AT4G13340	2872
AT4G08790	237
AT4G38630	4860
AT4G20370	0
AT4G19120	5101
AT4G31330	95
AT4G03030	762
AT4G21680	172
AT4G01410	335
AT4G28770	657
AT4G15056	0
AT4G19400	0
AT4G31060	158
AT4G23440	567
AT4G31300	2947
AT4G34060	39
AT4G12230	866
AT4G22463	0
AT4G18460	227
AT4G14510	905
AT4G21810	765
AT4G21213	0
AT4G08869	0
AT4G20100	0
AT4G01020	356
AT4G32790	203
AT4G13190	9
AT4G30996	764
AT4G14880	12946
AT4G12550	44
AT4G00990	845
AT4G14920	1007
AT4G14700	29
AT4G22390	27
AT4G05270	0
AT4G17460	478
AT4G20890	5739
AT4G08800	0
AT4G35390	66
AT4G11660	247
AT4G03410	458
AT4G19760	0
AT4G18010	1173
AT4G11720	11
AT4G15715	0
AT4G25650	2405
AT4G16845	733
AT4G25790	79
AT4G28485	6
AT4G26600	767
AT4G12334	0
AT4G33960	354
AT4G05250	0
AT4G24200	824
AT4G03280	32915
AT4G27180	1725
AT4G28440	2421
AT4G34180	2326
AT4G22475	73
AT4G12730	2588
AT4G30550	706
AT4G14220	546
AT4G33060	674
AT4G01610	2911
AT4G21260	0
AT4G20570	0
AT4G27585	927
AT4G33625	1544
AT4G37750	1313
AT4G34430	1068
AT4G26650	1807
AT4G30090	51
AT4G22660	0
AT4G35375	0
AT4G16447	130
AT4G02060	1363
AT4G26190	2081
AT4G28580	2
AT4G10840	3095
AT4G26330	12
AT4G33350	1123
AT4G16920	144
AT4G34040	1228
AT4G33450	8
AT4G14276	0
AT4G12825	0
AT4G34110	21275
AT4G22070	101
AT4G35270	488
AT4G32190	795
AT4G05040	366
AT4G10920	1340
AT4G39700	34
AT4G00420	351
AT4G35630	2990
AT4G02320	8
AT4G16800	454
AT4G30780	408
AT4G21445	677
AT4G28000	0
AT4G15670	68
AT4G24510	865
AT4G18300	245
AT4G14830	161
AT4G15270	27
AT4G16140	486
AT4G24050	96
AT4G13600	48
AT4G09040	2607
AT4G11230	51
AT4G09130	0
AT4G19485	0
AT4G19530	1258
AT4G31120	1534
AT4G37820	1159
AT4G21280	56556
AT4G00380	259
AT4G28030	1450
AT4G04340	3963
AT4G37890	55
AT4G18440	1719
AT4G06490	0
AT4G12440	38
AT4G01630	135
AT4G17830	1253
AT4G16500	834
AT4G38890	1902
AT4G05330	443
AT4G03140	8
AT4G39570	204
AT4G38225	1495
AT4G14870	1582
AT4G25320	841
AT4G21270	536
AT4G35335	643
AT4G33370	0
AT4G24920	1949
AT4G21570	1126
AT4G27820	717
AT4G39630	163
AT4G39490	0
AT4G37900	142
AT4G03590	0
AT4G13200	855
AT4G18540	1
AT4G36260	87
AT4G20630	0
AT4G15260	216
AT4G09680	704
AT4G23270	858
AT4G32950	167
AT4G17616	319
AT4G31260	0
AT4G09464	0
AT4G19000	0
AT4G11240	998
AT4G15025	0
AT4G32551	2103
AT4G15620	525
AT4G16233	4
AT4G29690	270
AT4G01860	818
AT4G08210	85
AT4G11400	68
AT4G00872	0
AT4G26410	1351
AT4G37170	173
AT4G22100	0
AT4G33650	1069
AT4G11600	9527
AT4G25700	870
AT4G14000	574
AT4G36570	156
AT4G29540	149
AT4G30050	0
AT4G30860	241
AT4G02580	3724
AT4G04900	31
AT4G34880	58
AT4G16030	0
AT4G32650	858
AT4G19500	1381
AT4G38970	66335
AT4G29900	2187
AT4G34480	983
AT4G32040	963
AT4G13860	130
AT4G15475	476
AT4G17483	37
AT4G05390	1612
AT4G39756	0
AT4G33890	497
AT4G24480	414
AT4G31030	0
AT4G35180	96
AT4G23970	0
AT4G22060	0
AT4G22520	0
AT4G13710	197
AT4G11840	346
AT4G04925	500
AT4G28390	144
AT4G37409	0
AT4G24290	1501
AT4G05018	2
AT4G22190	809
AT4G34770	29
AT4G34530	0
AT4G20240	533
AT4G00130	6
AT4G08170	441
AT4G05120	190
AT4G20840	510
AT4G25680	1025
AT4G03290	3
AT4G15248	5
AT4G09180	375
AT4G12290	1667
AT4G38950	1236
AT4G07390	771
AT4G17713	0
AT4G28380	53
AT4G00760	206
AT4G16835	146
AT4G24730	317
AT4G24610	905
AT4G00026	945
AT4G28700	7
AT4G16960	106
AT4G27900	555
AT4G19220	42
AT4G34120	2472
AT4G28070	178
AT4G16410	126
AT4G05497	3
AT4G21410	726
AT4G03830	0
AT4G02800	880
AT4G28480	1271
AT4G13530	1168
AT4G11470	7
AT4G14290	244
AT4G11900	253
AT4G33467	14
AT4G32714	0
AT4G35430	0
AT4G00467	0
AT4G10430	513
AT4G30800	476
AT4G33270	1671
AT4G19770	0
AT4G34610	626
AT4G25530	0
AT4G14480	167
AT4G18880	318
AT4G28320	241
AT4G16740	27
AT4G09640	334
AT4G25140	2
AT4G14020	1151
AT4G08878	0
AT4G18195	6
AT4G13440	18
AT4G15096	0
AT4G14385	405
AT4G39290	0
AT4G21230	96
AT4G16980	2
AT4G02560	728
AT4G17950	858
AT4G25434	86
AT4G13080	0
AT4G23050	442
AT4G30250	188
AT4G01680	107
AT4G39753	0
AT4G22290	644
AT4G25835	262
AT4G24600	0
AT4G33920	870
AT4G08840	0
AT4G18170	23
AT4G01380	0
AT4G24560	1022
AT4G03020	3036
AT4G11160	1618
AT4G09080	44
AT4G05632	0
AT4G37520	1167
AT4G37740	452
AT4G23030	30
AT4G03380	0
AT4G16915	0
AT4G30170	2089
AT4G32010	1055
AT4G10590	614
AT4G39610	2
AT4G38550	0
AT4G14890	0
AT4G38740	8137
AT4G35710	0
AT4G08097	0
AT4G23040	556
AT4G39300	511
AT4G22756	384
AT4G12720	747
AT4G03165	0
AT4G14570	1521
AT4G17040	7069
AT4G17470	93
AT4G09153	0
AT4G19035	0
AT4G15200	0
AT4G38510	4753
AT4G04775	0
AT4G35690	3
AT4G32605	702
AT4G27720	1773
AT4G22920	338
AT4G17615	413
AT4G15920	467
AT4G32400	1471
AT4G37460	1259
AT4G40030	4352
AT4G29230	124
AT4G09570	979
AT4G14180	37
AT4G30680	172
AT4G38360	930
AT4G28230	381
AT4G07740	0
AT4G39020	0
AT4G10250	0
AT4G03270	118
AT4G21750	1937
AT4G07666	0
AT4G08920	2445
AT4G35230	1368
AT4G38770	23051
AT4G32440	391
AT4G31450	542
AT4G27810	21
AT4G38020	330
AT4G17280	185
AT4G33310	0
AT4G24650	0
AT4G35160	342
AT4G22200	370
AT4G34390	533
AT4G12555	0
AT4G12350	11
AT4G38160	1806
AT4G19340	0
AT4G36370	0
AT4G00610	0
AT4G12770	1274
AT4G05490	0
AT4G32250	567
AT4G18350	10
AT4G11580	0
AT4G20790	0
AT4G34810	55
AT4G34310	494
AT4G38620	848
AT4G35120	0
AT4G27850	12
AT4G20910	435
AT4G10290	0
AT4G37710	3
AT4G35970	177
AT4G31840	1542
AT4G15370	96
AT4G02550	327
AT4G19640	1289
AT4G31340	3514
AT4G11320	3287
AT4G13700	5
AT4G15480	113
AT4G26700	1551
AT4G38065	0
AT4G29620	0
AT4G16700	205
AT4G18690	2
AT4G24265	125
AT4G10670	0
AT4G15110	3565
AT4G01290	3484
AT4G22150	849
AT4G18820	1074
AT4G20300	1144
AT4G35730	741
AT4G01760	7
AT4G32290	390
AT4G19580	0
AT4G02910	0
AT4G33925	38
AT4G33680	4905
AT4G36410	227
AT4G25240	393
AT4G10767	0
AT4G39280	1960
AT4G08690	559
AT4G29260	701
AT4G29050	86
AT4G18400	147
AT4G34280	319
AT4G22230	63
AT4G10660	0
AT4G15930	1085
AT4G39500	2
AT4G19865	92
AT4G25890	1776
AT4G18593	350
AT4G39880	1436
AT4G39480	6
AT4G16155	2496
AT4G10400	176
AT4G14450	2
AT4G14365	291
AT4G37270	1859
AT4G39330	5532
AT4G39240	678
AT4G29460	0
AT4G13965	0
AT4G25860	16
AT4G09760	1094
AT4G21150	2858
AT4G24320	103
AT4G38092	1
AT4G27680	752
AT4G30390	203
AT4G21740	141
AT4G13460	986
AT4G12735	5
AT4G29285	0
AT4G00240	150
AT4G31560	933
AT4G28360	1648
AT4G00100	7632
AT4G18650	3
AT4G08480	360
AT4G34140	420
AT4G08593	0
AT4G38680	9951
AT4G19940	0
AT4G20980	3316
AT4G36880	157
AT4G30820	177
AT4G28010	237
AT4G39600	59
AT4G34730	1954
AT4G24015	81
AT4G04780	256
AT4G16444	289
AT4G37080	849
AT4G29200	1
AT4G07524	0
AT4G13800	64
AT4G35930	346
AT4G02489	0
AT4G11540	0
AT4G32810	65
AT4G13160	0
AT4G18215	2
AT4G08406	0
AT4G18335	1
AT4G08760	0
AT4G11910	24
AT4G29658	0
AT4G30260	923
AT4G19070	347
AT4G26520	990
AT4G10180	1063
AT4G13300	3
AT4G25770	415
AT4G29650	0
AT4G30810	1655
AT4G37130	575
AT4G13250	7577
AT4G10595	0
AT4G03470	2
AT4G32860	108
AT4G14640	33
AT4G13170	2659
AT4G31710	1
AT4G20640	0
AT4G37070	247
AT4G39410	36
AT4G04510	9
AT4G23330	387
AT4G16555	0
AT4G03480	2
AT4G14819	0
AT4G39350	3854
AT4G39370	257
AT4G07990	506
AT4G19900	405
AT4G32560	250
AT4G03320	130
AT4G09870	0
AT4G40080	0
AT4G07325	0
AT4G37980	1323
AT4G10930	647
AT4G39670	97
AT4G20030	314
AT4G31351	4
AT4G17560	7520
AT4G35650	6
AT4G29300	0
AT4G25707	20
AT4G11300	195
AT4G21050	0
AT4G32980	793
AT4G29820	194
AT4G24400	1029
AT4G28405	0
AT4G05520	728
AT4G10730	1180
AT4G16690	119
AT4G36430	731
AT4G10260	3
AT4G20690	21
AT4G16280	594
AT4G27780	359
AT4G24670	475
AT4G35680	1
AT4G31354	1
AT4G12680	156
AT4G15700	138
AT4G29190	1078
AT4G17080	709
AT4G04930	1
AT4G35350	882
AT4G14315	0
AT4G01590	1014
AT4G09649	1
AT4G01790	76
AT4G38190	0
AT4G16460	3
AT4G19440	286
AT4G21670	949
AT4G34131	571
AT4G35060	247
AT4G22590	439
AT4G02075	117
AT4G10220	0
AT4G18130	871
AT4G28930	0
AT4G33620	145
AT4G28710	927
AT4G13020	1078
AT4G29550	14
AT4G14770	695
AT4G27570	18
AT4G15210	280
AT4G27150	0
AT4G23690	609
AT4G10110	373
AT4G09012	51
AT4G15050	0
AT4G35910	511
AT4G31140	347
AT4G25000	18
AT4G04990	8
AT4G35500	281
AT4G20050	70
AT4G12530	0
AT4G23170	372
AT4G30380	0
AT4G29530	94
AT4G20565	0
AT4G13615	4019
AT4G07815	42
AT4G03815	0
AT4G05205	0
AT4G04065	0
AT4G06065	13
AT4G08915	0
AT4G07020	0
AT4G03875	9
AT4G06890	0
AT4G06005	0
AT4G09125	0
AT4G09885	0
AT4G06860	0
AT4G06345	0
AT4G05895	0
AT4G08975	0
AT4G06105	0
AT4G07985	0
AT4G05425	2
AT4G03535	0
AT4G08365	0
AT4G05920	0
AT4G05295	2
AT4G08505	0
AT4G09895	0
AT4G05840	0
AT4G05945	0
AT4G09085	0
AT4G09045	0
AT4G09155	0
AT4G05795	0
AT4G06335	0
AT4G09995	0
AT4G05625	0
AT4G06050	0
AT4G08585	0
AT4G05780	4
AT4G07015	0
AT4G03785	0
AT4G04945	0
AT4G08845	0
AT4G09915	0
AT4G09115	0
AT4G09015	0
AT4G07040	0
AT4G07775	0
AT4G04855	1
AT4G07215	0
AT4G07200	2
AT4G09605	0
AT4G05655	0
AT4G04765	0
AT4G08835	5
AT4G03545	0
AT4G08215	0
AT4G05215	0
AT4G07505	0
AT4G07185	0
AT4G05615	0
AT4G08415	0
AT4G07955	0
AT4G05315	0
AT4G06455	0
AT4G05245	0
AT4G06980	26
AT4G07805	0
AT4G05025	0
AT4G09185	0
AT4G07050	0
AT4G06450	0
AT4G07180	0
AT4G06765	0
AT4G04115	0
AT4G04805	0
AT4G09285	0
AT4G07645	0
AT4G05880	0
AT4G07115	0
AT4G09575	4
AT4G05885	0
AT4G07060	0
AT4G09485	0
AT4G03855	0
AT4G05740	0
AT4G07025	0
AT4G05665	0
AT4G08725	0
AT4G04795	0
AT4G07105	0
AT4G06725	0
AT4G08955	0
AT4G03805	0
AT4G08715	0
AT4G09865	0
AT4G05650	11
AT4G06265	11
AT4G06830	0
AT4G06225	0
AT4G06145	0
AT4G04585	0
AT4G05805	0
AT4G04865	2
AT4G06165	0
AT4G08255	0
AT4G07010	0
AT4G06845	0
AT4G06800	0
AT4G04345	0
AT4G09025	0
AT4G04305	0
AT4G09065	0
AT4G04665	0
AT4G09295	0
AT4G08045	4
AT4G07265	0
AT4G09725	0
AT4G05235	0
AT4G06805	0
AT4G08065	1
AT4G06055	0
AT4G07090	0
AT4G06880	26
AT4G05710	0
AT4G07205	8
AT4G08495	0
AT4G08855	0
AT4G07160	0
AT4G09665	0
AT4G05995	0
AT4G08265	0
AT4G06185	0
AT4G09905	0
AT4G05870	0
AT4G06295	0
AT4G09145	0
AT4G05005	0
AT4G06365	0
AT4G07240	0
AT4G04645	0
AT4G07235	1
AT4G06975	0
AT4G05790	0
AT4G05375	0
AT4G07250	0
AT4G06945	0
AT4G07845	0
AT4G09755	0
AT4G04385	0
AT4G09055	0
AT4G08435	0
AT4G06155	0
AT4G08075	0
AT4G06810	0
AT4G06290	0
AT4G07345	0
AT4G07300	0
AT4G06090	0
AT4G06825	0
AT4G05700	0
AT4G06815	0
AT4G04015	13
AT4G08515	0
AT4G06955	4
AT4G06200	1
AT4G09515	0
AT4G08635	0
AT4G07715	0
AT4G06045	0
AT4G07375	0
AT4G09075	0
AT4G06675	0
AT4G05720	0
AT4G07150	0
AT4G06905	0
AT4G07070	9
AT4G04085	0
AT4G07225	0
AT4G06095	0
AT4G03525	0
AT4G06235	2
AT4G05565	0
AT4G04235	0
AT4G07220	0
AT4G04675	2
AT4G08385	0
AT4G09315	0
AT4G06895	0
AT4G06715	0
AT4G09495	0
AT4G06950	0
AT4G04625	1
AT4G04965	3
AT4G05765	0
AT4G03905	0
AT4G07210	0
AT4G09105	0
AT4G05485	0
AT4G06370	0
AT4G08525	1
AT4G07305	0
AT4G06820	0
AT4G08085	0
AT4G09005	0
AT4G09675	0
AT4G07055	0
AT4G06925	0
AT4G06445	0
AT4G06855	0
AT4G08205	0
AT4G09240	10
AT4G04215	1
AT4G08885	0
AT4G05985	0
AT4G09645	0
AT4G05545	0
AT4G06755	0
AT4G06085	4
AT4G06385	0
AT4G05845	3
AT4G05085	0
AT4G07280	0
AT4G09235	0
AT4G04565	46
AT4G07545	0
AT4G05875	0
AT4G05965	0
AT4G08355	0
AT4G09705	0
AT4G07465	0
AT4G07575	0
AT4G05135	0
AT4G09635	0
AT4G06080	23
AT4G06285	0
AT4G05730	0
AT4G05745	0
AT4G04785	0
AT4G07535	0
AT4G06000	0
AT4G05660	0
AT4G05335	1
AT4G08185	0
AT4G04895	0
AT4G05715	1
AT4G05255	0
AT4G05675	1
AT4G08465	0
AT4G04875	0
AT4G07395	5
AT4G06460	0
AT4G04975	0
AT4G05385	0
AT4G07335	0
AT4G05670	0
AT4G06170	0
AT4G08195	0
AT4G07295	0
AT4G09945	0
AT4G08775	0
AT4G06390	0
AT4G08445	3
AT4G07385	4
AT4G09445	0
AT4G08665	0
AT4G04535	0
AT4G05750	0
AT4G06930	0
AT4G05355	0
AT4G05285	0
AT4G09765	0
AT4G09415	6
AT4G06425	0
AT4G06965	0
AT4G05465	0
AT4G09265	0
AT4G09395	0
AT4G07270	0
AT4G06835	4
AT4G05525	17
AT4G07110	0
AT4G08865	1
AT4G09655	0
AT4G07665	0
AT4G07925	0
AT4G07045	0
AT4G06760	0
AT4G09325	0
AT4G08475	0
AT4G05075	0
AT4G06970	0
AT4G05435	0
AT4G06850	0
AT4G07785	0
AT4G06960	0
AT4G05950	0
AT4G05445	0
AT4G03765	0
AT4G07125	0
AT4G08965	0
AT4G06400	0
AT4G05225	0
AT4G05890	0
AT4G09525	0
AT4G04905	0
AT4G07765	0
AT4G09175	0
AT4G07745	0
AT4G04295	0
AT4G09555	0
AT4G06935	5
AT4G06330	0
AT4G06205	0
AT4G07170	3
AT4G05865	0
AT4G04995	3
AT4G06300	0
AT4G03575	0
AT4G08595	0
AT4G06440	0
AT4G06920	0
AT4G03555	0
AT4G07905	0
AT4G05975	0
AT4G06885	0
AT4G06195	21
AT4G04815	0
AT4G06380	0
AT4G07175	0
AT4G05275	0
AT4G04195	0
AT4G05695	0
AT4G04755	0
AT4G05850	0
AT4G06070	0
AT4G09335	0
AT4G06115	7
AT4G04285	0
AT4G04355	0
AT4G06280	1
AT4G03715	0
AT4G07135	0
AT4G05980	0
AT4G05115	0
AT4G05990	0
AT4G03665	0
AT4G09275	0
AT4G09305	0
AT4G06910	0
AT4G05970	0
AT4G05705	0
AT4G05535	3
AT4G08565	0
AT4G07245	0
AT4G06795	0
AT4G06140	0
AT4G09825	1
AT4G09855	0
AT4G05770	0
AT4G05900	0
AT4G09935	0
AT4G05645	0
AT4G06160	0
AT4G05125	0
AT4G05605	0
AT4G07230	0
AT4G06900	0
AT4G07865	1
AT4G03955	0
AT4G08055	0
AT4G09365	3
AT4G03685	0
AT4G06785	0
AT4G07975	3
AT4G09535	0
AT4G05690	0
AT4G03675	0
AT4G04325	0
AT4G00975	10
AT4G03895	0
AT4G07065	0
AT4G07855	7
AT4G28652	0
AT4G06870	0
AT4G04035	4
AT4G09375	12
AT4G20362	82
AT4G09432	26
AT4G07290	13
AT4G08925	2
AT4G07165	0
AT4G03985	0
AT4G27852	6
AT4G06745	0
AT4G26795	7
AT4G06395	0
AT4G03845	1
AT4G40085	0
AT4G07365	8
AT4G06215	0
AT4G37432	0
AT4G26542	0
AT4G13505	0
AT4G06135	0
AT4G04275	0
AT4G08225	15
AT4G09685	0
AT4G37553	4
AT4G05065	0
AT4G06990	0
AT4G05735	0
AT4G07195	16
AT4G04221	0
AT4G37895	0
AT4G34332	0
AT4G09385	0
AT4G04055	1
AT4G05810	0
AT4G25885	17
AT4G07735	1
AT4G06410	0
AT4G05015	0
AT4G07260	0
AT4G09225	0
AT4G04515	0
AT4G38932	434
AT4G07405	0
AT4G03755	9
AT4G38545	4
AT4G06175	0
AT4G01593	80
AT4G25719	6
AT4G07275	0
AT4G07895	0
AT4G04445	12
AT4G04005	5
AT4G08295	4
AT4G38552	0
AT4G06995	0
AT4G06665	0
AT4G08245	2
AT4G05155	4
AT4G31248	2
AT4G17098	4
AT4G03585	0
AT4G07655	0
AT4G09985	0
AT4G05785	0
AT4G03655	0
AT4G05680	0
AT4G06340	8
AT4G06985	0
AT4G36808	1
AT4G08935	0
AT4G03595	1
AT4G05395	0
AT4G09785	17
AT4G06775	16
AT4G07255	0
AT4G06780	0
AT4G07190	0
AT4G09695	0
AT4G04075	1
AT4G08575	0
AT4G09955	0
AT4G08315	0
AT4G04505	0
AT4G07095	0
AT4G07085	0
AT4G09975	0
AT4G05755	0
AT4G04225	4
AT4G36052	0
AT4G26488	0
AT4G08015	0
AT4G36032	0
AT4G08005	2
AT4G31398	9
AT4G05405	5
AT4G06060	14
AT4G13918	11
AT4G09815	0
AT4G04435	12
AT4G28162	64
AT4G04077	0
AT4G08815	0
AT4G08305	6
AT4G05815	0
AT4G05910	0
AT4G03705	7
AT4G08785	5
AT4G07130	0
AT4G09165	0
AT4G07285	0
AT4G09715	0
AT4G06770	12
AT4G08805	2
AT4G05775	0
AT4G08825	4
AT4G06415	0
AT4G03725	0
AT4G06875	0
AT4G04425	0
AT4G26582	0
AT4G08795	0
AT4G07030	0
AT4G04335	0
AT4G22233	7
AT4G38215	2
AT4G39838	0
AT4G05760	2
AT4G26095	0
AT4G08705	14
AT4G08985	0
AT4G06685	0
AT4G05685	58
AT4G08285	0
AT4G34071	4
AT4G04135	0
AT4G37225	0
AT4G05935	0
AT4G04455	0
AT4G06210	0
AT4G05915	0
AT4G06695	6
AT4G27765	2
AT4G04365	0
AT4G05800	0
AT4G04825	0
AT4G10345	0
AT4G08116	0
AT4G06915	0
AT4G05415	0
AT4G13564	0
AT4G31877	2
AT4G23713	0
AT4G21595	0
AT4G03445	9
AT4G07080	0
AT4G08335	0
AT4G05925	0
AT4G09735	0
AT4G05105	2
AT4G23387	0
AT4G00885	0
AT4G03039	0
AT4G04125	0
AT4G06260	0
AT4G32445	1
AT4G09925	0
AT4G13493	93
AT4G23375	0
AT4G05930	0
AT4G13554	11
AT4G07000	0
AT4G05508	0
AT4G05855	0
AT4G07100	0
AT4G06865	0
AT4G05860	0
AT4G24415	39
AT4G17788	6
AT4G06110	0
AT4G14811	0
AT4G05305	0
AT4G14504	2
AT4G07005	0
AT4G06075	45
AT4G04095	0
AT4G05455	0
AT4G04835	0
AT4G13494	10
AT4G03438	0
AT4G30972	0
AT4G06130	0
AT4G19395	10
AT4G13555	20
AT4G03455	0
AT4G21362	0
AT4G07565	0
AT4G06245	0
AT4G05055	0
AT4G06240	0
AT4G02555	0
AT4G39366	110
AT4G07625	9
AT4G04475	1
AT4G06255	6
AT4G06015	0
AT4G08155	5
AT4G26365	0
AT4G08235	0
AT4G04485	15
AT4G08625	8
AT4G05045	0
AT4G13245	0
AT4G06315	4
AT4G05048	0
AT4G08325	0
AT4G06305	3
AT4G06250	0
AT4G03915	0
AT4G09475	0
AT4G39364	30
AT4G08165	1
AT4G39361	37
AT4G04465	8
AT4G09845	24
AT4G25631	19
AT4G03295	2
AT4G04205	0
AT4G06310	0
AT4G06320	0
AT4G39363	6
AT4G08615	6
AT4G15258	12
AT4G07635	5
AT4G07075	0
AT4G03925	18
AT4G06705	0
AT4G06010	3
AT4G08425	0
AT4G08125	5
AT4G08175	19
AT4G04185	0
AT4G06405	0
AT4G07120	0
AT4G03995	0
AT4G08755	5
AT4G07145	0
AT4G09135	0
AT4G07875	0
AT4G04615	2
AT4G06375	0
AT4G39985	0
AT4G13445	0
AT4G34975	0
AT4G36635	0
AT4G23915	0
AT4G11405	0
AT4G00985	0
AT4G27875	0
AT4G17975	0
AT4G14415	0
AT4G37175	0
AT4G26675	0
AT4G25585	0
AT4G03405	0
AT4G23635	0
AT4G36197	0
AT4G18815	0
AT4G32765	0
AT4G14345	0
AT4G22265	1
AT4G34415	0
AT4G01355	0
AT4G22754	0
AT4G34695	0
AT4G03285	0
AT4G39345	0
AT4G29415	0
AT4G00085	0
AT4G27395	0
AT4G25635	0
AT4G24565	0
AT4G26385	0
AT4G16235	0
AT4G11213	0
AT4G15775	0
AT4G31265	0
AT4G03435	0
AT4G17612	0
AT4G01865	0
AT4G26225	0
AT4G11985	0
AT4G39672	0
AT4G22635	0
AT4G34035	0
AT4G32265	0
AT4G31895	0
AT4G28362	0
AT4G27885	0
AT4G12065	0
AT4G12405	0
AT4G08345	0
AT4G12115	0
AT4G11355	0
AT4G13265	0
AT4G36245	0
AT4G26375	0
AT4G10815	0
AT4G17765	0
AT4G16105	0
AT4G18255	0
AT4G02055	0
AT4G11177	0
AT4G20115	0
AT4G39865	0
AT4G11216	0
AT4G32475	0
AT4G31075	0
AT4G28915	0
AT4G39195	0
AT4G31695	0
AT4G39615	0
AT4G24025	0
AT4G16475	0
AT4G25435	0
AT4G03135	0
AT4G16465	0
AT4G18725	0
AT4G03935	161
AT4G03038	0
AT4G16355	6
AT4G05905	0
AT4G06701	172
AT4G31408	6
AT4G04223	36
AT4G16748	0
AT4G12917	182
AT4G10507	0
AT4G15242	0
AT4G02005	62
AT4G14548	173
AT4G13495	2471
AT4G03811	4
AT4G39404	15
AT4G05940	0
AT4G04315	0
AT4G40065	138
AT4G23205	6
AT4G08035	402
AT4G26255	68
AT4G05365	1
AT4G30975	31
AT4G30872	0
AT4G16892	22
AT4G09405	11
AT4G36648	1457
AT4G03605	0
AT4G09195	0
AT4G01533	5
ATMG00440	0
ATMG00850	0
ATMG01350	0
ATMG01300	0
ATMG01275	0
ATMG00480	0
ATMG00320	0
ATMG01120	0
ATMG00960	0
ATMG00870	0
ATMG00660	0
ATMG00060	0
ATMG00160	0
ATMG00410	0
ATMG00590	0
ATMG00620	0
ATMG01190	0
ATMG00280	0
ATMG00510	0
ATMG00670	0
ATMG00760	0
ATMG01410	0
ATMG00010	0
ATMG00570	0
ATMG00820	0
ATMG00240	0
ATMG00610	0
ATMG01140	0
ATMG00880	0
ATMG01200	0
ATMG00130	0
ATMG00710	0
ATMG00260	0
ATMG00900	0
ATMG00690	0
ATMG01100	0
ATMG00450	0
ATMG01180	0
ATMG00470	0
ATMG00285	0
ATMG01310	0
ATMG01320	0
ATMG00580	0
ATMG00920	0
ATMG00890	0
ATMG01250	0
ATMG00030	0
ATMG00560	0
ATMG00720	0
ATMG01370	0
ATMG00550	0
ATMG00170	0
ATMG00530	0
ATMG01240	0
ATMG01040	0
ATMG01220	0
ATMG00070	0
ATMG00140	0
ATMG01030	0
ATMG01170	0
ATMG01210	0
ATMG00490	0
ATMG00120	0
ATMG00516	0
ATMG00640	0
ATMG00830	0
ATMG00150	0
ATMG00980	0
ATMG00430	0
ATMG00770	0
ATMG01290	0
ATMG00300	0
ATMG00680	0
ATMG01230	0
ATMG01130	0
ATMG00750	0
ATMG01330	0
ATMG00520	0
ATMG01080	0
ATMG00810	0
ATMG01400	0
ATMG00270	0
ATMG01270	0
ATMG00940	0
ATMG01280	0
ATMG00310	0
ATMG01360	0
ATMG01090	0
ATMG00110	0
ATMG00290	0
ATMG00630	0
ATMG00040	0
ATMG01150	0
ATMG01050	0
ATMG00665	0
ATMG00090	0
ATMG01020	0
ATMG00180	0
ATMG00540	0
ATMG00210	0
ATMG00513	0
ATMG00730	0
ATMG00740	0
ATMG00370	0
ATMG00860	0
ATMG01060	0
ATMG00600	0
ATMG00840	0
ATMG00220	0
ATMG00200	0
ATMG00080	0
ATMG00650	0
ATMG01000	0
ATMG00970	0
ATMG01260	0
ATMG01010	0
ATMG00400	0
ATMG01110	0
ATMG00990	0
ATMG00050	0
ATMG00910	0
ATMG00500	0
ATMG01160	0
ATMG09740	0
ATMG00780	0
ATMG09980	0
ATMG00460	0
ATMG09960	0
ATMG00790	0
ATMG01070	0
ATMG00930	0
ATMG09730	0
ATMG00330	0
ATMG00950	0
ATMG00230	0
ATMG00390	0
ATMG00350	0
ATMG00250	0
ATMG00700	0
ATMG01340	0
ATMG00190	0
ATMG00360	0
ATMG09950	0
ATMG00100	0
ATMG00380	0
ATMG00340	0
ATMG00420	0
ATMG09450	0
ATMG00800	0
ATMG01390	0
ATMG01380	0
ATMG00020	0
ATCG00160	0
ATCG00065	0
ATCG01250	0
ATCG00590	0
ATCG01020	0
ATCG00470	0
ATCG00630	0
ATCG01060	0
ATCG01280	0
ATCG00270	0
ATCG00700	0
ATCG00560	0
ATCG00660	0
ATCG00790	0
ATCG00490	0
ATCG00480	0
ATCG00860	0
ATCG01090	0
ATCG01080	0
ATCG00600	0
ATCG00180	0
ATCG00570	0
ATCG01240	0
ATCG00120	0
ATCG00220	0
ATCG00800	0
ATCG00550	0
ATCG00890	0
ATCG00530	0
ATCG01270	0
ATCG01050	0
ATCG00280	0
ATCG00020	0
ATCG00740	0
ATCG01300	0
ATCG00670	0
ATCG01230	0
ATCG00210	0
ATCG01110	0
ATCG00710	0
ATCG00520	0
ATCG00540	0
ATCG00640	0
ATCG00350	0
ATCG01120	0
ATCG00070	0
ATCG00770	0
ATCG00050	0
ATCG00150	0
ATCG00780	0
ATCG00430	0
ATCG01010	0
ATCG00170	0
ATCG00840	0
ATCG00820	0
ATCG01070	0
ATCG00690	0
ATCG00300	0
ATCG00680	0
ATCG01130	0
ATCG00040	0
ATCG01000	0
ATCG00500	0
ATCG00830	0
ATCG00440	0
ATCG00650	0
ATCG01100	0
ATCG00760	0
ATCG01310	0
ATCG00340	0
ATCG00730	0
ATCG00870	0
ATCG01040	0
ATCG00140	0
ATCG00720	0
ATCG00750	0
ATCG00360	0
ATCG00190	0
ATCG00130	0
ATCG00810	0
ATCG00510	0
ATCG00080	0
ATCG00330	0
ATCG00580	0
ATCG00380	0
ATCG00905	0
ATCG00420	0
ATCG00900	0
ATCG01150	0
ATCG00110	0
ATCG01260	0
ATCG01220	0
ATCG00240	0
ATCG01190	0
ATCG00370	0
ATCG00290	0
ATCG00200	0
ATCG01030	0
ATCG00030	0
ATCG00620	0
ATCG00910	0
ATCG01140	0
ATCG00610	0
ATCG00450	0
ATCG00390	0
ATCG00320	0
ATCG00100	0
ATCG00400	0
ATCG00930	0
ATCG00010	0
ATCG00260	0
ATCG00850	0
ATCG00250	0
ATCG00940	0
ATCG00460	0
ATCG00230	0
ATCG00980	0
ATCG00310	0
ATCG00090	0
ATCG00990	0
ATCG01200	0
ATCG00060	0
ATCG01290	0
ATCG00410	0
ATCG00880	0
ATCG00960	0
ATCG01210	0
ATCG01160	0
ATCG00970	0
ATCG01170	0
ATCG00920	0
ATCG01180	0
ATCG00950	0
