Geneid	SRR9257061
AT1G30814	0
AT1G78930	133
AT1G71695	4067
AT1G58983	0
AT1G12980	11
AT1G45223	0
AT1G56250	10
AT1G66852	0
AT1G69810	342
AT1G72450	308
AT1G76280	454
AT1G65630	0
AT1G71390	0
AT1G56233	1
AT1G15210	1589
AT1G15250	571
AT1G79700	186
AT1G62895	0
AT1G73360	192
AT1G16360	10
AT1G10225	1
AT1G26670	818
AT1G34855	0
AT1G52200	1186
AT1G57800	0
AT1G69460	1312
AT1G04310	288
AT1G08080	1
AT1G75550	175
AT1G71890	46
AT1G05430	707
AT1G80870	564
AT1G75310	808
AT1G02010	219
AT1G47900	1553
AT1G14315	0
AT1G26760	259
AT1G05250	0
AT1G67260	25
AT1G24575	289
AT1G12790	84
AT1G04850	3009
AT1G31760	184
AT1G33250	593
AT1G74000	90
AT1G55580	29
AT1G53903	0
AT1G19715	1489
AT1G69430	12
AT1G53340	61
AT1G29890	927
AT1G80290	200
AT1G56540	28
AT1G48650	2407
AT1G22670	1
AT1G07030	629
AT1G69860	0
AT1G10120	570
AT1G43650	168
AT1G09960	346
AT1G51990	0
AT1G53625	66
AT1G63360	844
AT1G33330	425
AT1G74929	0
AT1G63430	747
AT1G80720	282
AT1G69770	1088
AT1G08460	481
AT1G78710	3
AT1G08610	337
AT1G17540	4
AT1G27380	29
AT1G58643	0
AT1G48953	0
AT1G51440	71
AT1G18871	0
AT1G25210	0
AT1G21610	724
AT1G79710	274
AT1G80840	81
AT1G71300	1
AT1G49490	176
AT1G23645	0
AT1G09795	2822
AT1G48690	83
AT1G49570	201
AT1G68470	210
AT1G75580	103
AT1G26400	0
AT1G72980	1
AT1G59970	272
AT1G11520	0
AT1G30640	324
AT1G26440	264
AT1G51320	0
AT1G22070	1337
AT1G26700	14
AT1G73603	0
AT1G55650	0
AT1G78180	653
AT1G55928	0
AT1G29880	4009
AT1G53645	1803
AT1G06240	347
AT1G72330	440
AT1G20840	3735
AT1G45050	273
AT1G52500	446
AT1G10430	881
AT1G05670	246
AT1G64110	97
AT1G65220	2375
AT1G13635	24
AT1G54950	1
AT1G55730	383
AT1G07310	1102
AT1G77230	118
AT1G52400	3144
AT1G16430	201
AT1G27752	754
AT1G14880	120
AT1G11190	139
AT1G43100	0
AT1G26650	460
AT1G54420	0
AT1G34640	198
AT1G50310	4
AT1G49430	1238
AT1G74240	254
AT1G01760	114
AT1G61160	0
AT1G47480	270
AT1G65820	2601
AT1G22900	163
AT1G76820	140
AT1G52080	161
AT1G35180	78
AT1G30070	446
AT1G35210	23
AT1G10410	966
AT1G73740	276
AT1G53350	376
AT1G34110	439
AT1G17240	15
AT1G61730	1595
AT1G29260	673
AT1G33890	1
AT1G08040	659
AT1G63522	0
AT1G08810	271
AT1G09210	7346
AT1G70080	3
AT1G10522	1333
AT1G04570	30
AT1G01830	453
AT1G12340	12
AT1G67590	766
AT1G69080	112
AT1G31400	1
AT1G74385	0
AT1G73300	3
AT1G05760	0
AT1G30530	1538
AT1G12480	70
AT1G76850	2256
AT1G73570	178
AT1G44130	7
AT1G67340	456
AT1G80315	0
AT1G43666	0
AT1G08630	18
AT1G66150	1795
AT1G04640	1321
AT1G56500	3389
AT1G12615	0
AT1G77120	5706
AT1G50590	41
AT1G17147	51
AT1G44740	117
AT1G08005	0
AT1G24380	1
AT1G60787	9
AT1G26796	0
AT1G68500	222
AT1G15500	7835
AT1G77760	7016
AT1G24062	0
AT1G53510	1615
AT1G51410	1
AT1G50020	708
AT1G22370	304
AT1G53265	0
AT1G17270	192
AT1G74350	73
AT1G75230	304
AT1G29150	2945
AT1G17140	1070
AT1G08380	92648
AT1G43560	1967
AT1G07700	987
AT1G33750	312
AT1G61270	3
AT1G14750	62
AT1G05900	284
AT1G44120	0
AT1G52990	8
AT1G37130	11554
AT1G48175	316
AT1G72140	48
AT1G66465	22
AT1G43260	0
AT1G14420	5
AT1G01710	827
AT1G44000	1205
AT1G73960	1092
AT1G11360	817
AT1G04490	24
AT1G78476	10
AT1G15310	258
AT1G13300	665
AT1G55530	655
AT1G47350	0
AT1G74458	138
AT1G32120	224
AT1G17260	56
AT1G32660	0
AT1G31480	349
AT1G17500	955
AT1G50780	2
AT1G21150	130
AT1G78110	245
AT1G80080	774
AT1G23260	885
AT1G09790	0
AT1G60270	167
AT1G25400	146
AT1G77980	0
AT1G43140	7
AT1G42470	600
AT1G34170	0
AT1G56150	52
AT1G75520	168
AT1G53890	0
AT1G43722	0
AT1G73370	382
AT1G01230	751
AT1G70700	405
AT1G02380	39
AT1G48870	74
AT1G69280	48
AT1G36950	0
AT1G12430	959
AT1G56320	107
AT1G50880	0
AT1G36310	1320
AT1G44830	15
AT1G01300	2806
AT1G48050	572
AT1G36925	0
AT1G30670	0
AT1G22180	264
AT1G17450	634
AT1G61630	0
AT1G28590	10
AT1G79670	476
AT1G68170	3
AT1G60080	250
AT1G51240	0
AT1G07130	0
AT1G42525	0
AT1G64355	1244
AT1G04820	13476
AT1G71866	21
AT1G33050	767
AT1G77810	248
AT1G16210	1921
AT1G34580	32
AT1G02050	159
AT1G66500	106
AT1G04030	156
AT1G32480	0
AT1G29370	1565
AT1G18880	728
AT1G50740	284
AT1G02580	5
AT1G58220	169
AT1G07350	830
AT1G06950	7772
AT1G19200	179
AT1G52140	276
AT1G18550	360
AT1G77510	2664
AT1G52430	40
AT1G15950	489
AT1G67850	313
AT1G69620	11269
AT1G49110	0
AT1G57860	4624
AT1G63160	283
AT1G71050	238
AT1G28510	593
AT1G48240	546
AT1G71140	151
AT1G66960	34
AT1G36370	1495
AT1G58242	0
AT1G63370	18
AT1G56110	7101
AT1G14510	1346
AT1G19010	246
AT1G54250	405
AT1G55170	313
AT1G70230	428
AT1G52830	7
AT1G45015	2
AT1G23160	0
AT1G67510	427
AT1G08230	353
AT1G67780	99
AT1G76830	0
AT1G04280	964
AT1G55020	1435
AT1G48970	589
AT1G79420	237
AT1G70350	440
AT1G35375	0
AT1G28306	0
AT1G12450	193
AT1G57660	7480
AT1G19086	0
AT1G05870	526
AT1G07540	2
AT1G78820	1082
AT1G03790	4
AT1G02220	211
AT1G74420	24
AT1G68700	7
AT1G64820	0
AT1G56680	225
AT1G58848	89
AT1G23985	0
AT1G22140	430
AT1G75210	1327
AT1G30330	2262
AT1G77200	54
AT1G30360	6324
AT1G75280	2651
AT1G18200	68
AT1G55680	2475
AT1G34000	1800
AT1G04410	28450
AT1G45243	0
AT1G21650	801
AT1G28520	1493
AT1G14048	0
AT1G05220	18
AT1G63245	19
AT1G66180	1499
AT1G07790	2471
AT1G07720	566
AT1G16420	27
AT1G72740	417
AT1G05060	265
AT1G55960	472
AT1G32060	26508
AT1G77700	127
AT1G75510	789
AT1G54090	661
AT1G26520	282
AT1G15240	880
AT1G07980	431
AT1G01740	162
AT1G62914	87
AT1G53090	304
AT1G08540	3647
AT1G12460	311
AT1G06250	25
AT1G52827	112
AT1G47690	0
AT1G49590	346
AT1G06280	0
AT1G78420	673
AT1G08465	360
AT1G32970	0
AT1G28815	1
AT1G01260	617
AT1G26815	0
AT1G16730	108
AT1G08700	831
AT1G66590	240
AT1G09550	0
AT1G16370	34
AT1G80730	26
AT1G11420	217
AT1G61210	579
AT1G57980	102
AT1G15140	3669
AT1G04810	2101
AT1G67070	58
AT1G53270	82
AT1G04550	635
AT1G44940	0
AT1G47810	0
AT1G27450	7066
AT1G33055	109
AT1G69400	135
AT1G51920	9
AT1G56000	265
AT1G42540	721
AT1G08100	0
AT1G29465	41
AT1G75960	552
AT1G63420	462
AT1G29470	7610
AT1G48310	206
AT1G32930	192
AT1G63880	1087
AT1G04630	1298
AT1G27150	669
AT1G79110	997
AT1G68490	1402
AT1G06040	2225
AT1G18970	84
AT1G72430	485
AT1G03040	981
AT1G28250	482
AT1G66630	0
AT1G10530	24
AT1G24090	145
AT1G09640	3189
AT1G14080	181
AT1G78760	2
AT1G44542	2
AT1G49350	251
AT1G47240	559
AT1G28430	2
AT1G12190	0
AT1G66610	0
AT1G16022	11
AT1G13370	12
AT1G21370	326
AT1G21590	1353
AT1G50390	15
AT1G60870	1475
AT1G69870	3151
AT1G18610	316
AT1G13890	0
AT1G24260	176
AT1G64140	2378
AT1G02290	295
AT1G26740	664
AT1G20460	117
AT1G11500	16
AT1G75040	887
AT1G07985	53
AT1G74035	0
AT1G15510	666
AT1G07040	728
AT1G71170	583
AT1G63470	950
AT1G13640	1391
AT1G35516	659
AT1G22210	2
AT1G33230	817
AT1G18050	0
AT1G79340	4444
AT1G57680	2068
AT1G29140	2
AT1G55110	483
AT1G67775	0
AT1G57730	1
AT1G64550	2661
AT1G68710	608
AT1G79270	724
AT1G67310	932
AT1G65610	265
AT1G53880	0
AT1G64380	53
AT1G27920	9
AT1G07220	350
AT1G14130	294
AT1G55040	315
AT1G35630	0
AT1G53860	40
AT1G71010	2457
AT1G56240	1
AT1G20630	2481
AT1G54217	205
AT1G44920	3211
AT1G63970	2254
AT1G26945	277
AT1G67870	14232
AT1G62850	714
AT1G50520	139
AT1G31500	462
AT1G15820	84312
AT1G72690	120
AT1G29030	372
AT1G75160	26
AT1G26090	342
AT1G59660	285
AT1G52460	0
AT1G10720	507
AT1G67670	2
AT1G11410	338
AT1G19025	46
AT1G80050	465
AT1G50320	4678
AT1G77330	1670
AT1G50090	7
AT1G16650	222
AT1G50830	8
AT1G02410	562
AT1G04420	3852
AT1G05190	13986
AT1G60660	485
AT1G13950	194
AT1G23147	0
AT1G17460	182
AT1G02110	841
AT1G32990	8956
AT1G22380	31
AT1G61300	791
AT1G15840	1
AT1G15440	1582
AT1G49650	947
AT1G18850	795
AT1G34150	239
AT1G13320	1995
AT1G13820	1591
AT1G15880	569
AT1G80810	466
AT1G54957	0
AT1G65310	305
AT1G20010	8241
AT1G52570	72
AT1G33520	985
AT1G54350	1728
AT1G58160	66
AT1G30190	3
AT1G14550	4
AT1G62450	0
AT1G16830	74
AT1G44090	0
AT1G10880	0
AT1G64633	0
AT1G03830	612
AT1G52530	32
AT1G63580	10
AT1G01600	363
AT1G10210	141
AT1G62720	13
AT1G36980	1318
AT1G16705	8
AT1G74180	179
AT1G69480	23
AT1G71520	10
AT1G34792	0
AT1G35190	785
AT1G07850	1
AT1G09620	5247
AT1G02570	23
AT1G26790	0
AT1G03620	39
AT1G01350	760
AT1G65770	0
AT1G21395	0
AT1G13810	249
AT1G14520	76
AT1G55630	197
AT1G18390	229
AT1G26797	0
AT1G25480	227
AT1G28190	161
AT1G49530	9
AT1G18486	2
AT1G12880	161
AT1G08090	447
AT1G66460	17
AT1G24220	0
AT1G08035	10
AT1G04985	948
AT1G73780	25
AT1G36940	72
AT1G23850	40
AT1G66190	170
AT1G44318	0
AT1G24270	40
AT1G05350	836
AT1G19930	2
AT1G62520	187
AT1G23170	467
AT1G71150	0
AT1G11430	4288
AT1G17145	371
AT1G34815	0
AT1G73910	13
AT1G52050	251
AT1G34320	1081
AT1G48280	269
AT1G12170	0
AT1G49225	6
AT1G01715	56
AT1G29160	193
AT1G22660	421
AT1G79410	569
AT1G75990	783
AT1G76770	21
AT1G78800	495
AT1G57560	47
AT1G48040	276
AT1G63400	80
AT1G32320	2
AT1G71830	448
AT1G75800	2378
AT1G22260	64
AT1G75950	5905
AT1G43730	0
AT1G21060	187
AT1G11330	584
AT1G77600	601
AT1G68790	1918
AT1G22860	532
AT1G53200	209
AT1G35250	197
AT1G60986	0
AT1G52700	194
AT1G03980	15
AT1G19990	453
AT1G58936	0
AT1G24320	32
AT1G62422	182
AT1G53282	0
AT1G67890	786
AT1G62410	3
AT1G13530	34
AT1G18260	1520
AT1G76210	5
AT1G34430	3669
AT1G14460	631
AT1G61350	512
AT1G42440	1879
AT1G12064	3
AT1G06570	412
AT1G55310	896
AT1G63740	266
AT1G09870	890
AT1G17710	376
AT1G27200	459
AT1G62120	136
AT1G04770	625
AT1G67920	87
AT1G09410	72
AT1G10540	17
AT1G63615	0
AT1G49240	6084
AT1G09240	293
AT1G67810	123
AT1G70850	3214
AT1G56360	0
AT1G18835	31
AT1G65920	292
AT1G11915	20
AT1G28440	2182
AT1G01650	730
AT1G16510	59
AT1G25025	0
AT1G53023	0
AT1G33440	117
AT1G74720	1477
AT1G72290	0
AT1G53230	228
AT1G01970	1462
AT1G12860	987
AT1G11400	527
AT1G53705	0
AT1G75560	1421
AT1G56225	0
AT1G27290	712
AT1G16740	1377
AT1G64060	588
AT1G15470	607
AT1G01800	1592
AT1G27260	0
AT1G30560	6
AT1G41830	3160
AT1G31490	0
AT1G34490	1
AT1G08440	13
AT1G04440	1309
AT1G49520	110
AT1G44608	48
AT1G54370	726
AT1G12600	5
AT1G74920	3735
AT1G08150	0
AT1G36100	0
AT1G77080	934
AT1G15610	2
AT1G56050	1606
AT1G55365	0
AT1G15130	1853
AT1G26220	0
AT1G48720	0
AT1G09932	165
AT1G49420	0
AT1G15670	580
AT1G78895	184
AT1G15460	45
AT1G22530	1812
AT1G05780	131
AT1G17840	1448
AT1G18080	16719
AT1G66970	2158
AT1G47265	0
AT1G25280	1022
AT1G48000	12
AT1G53330	71
AT1G62700	32
AT1G20135	0
AT1G64650	2398
AT1G61562	0
AT1G23210	28
AT1G49320	249
AT1G66400	71
AT1G58280	440
AT1G01060	31
AT1G53010	1
AT1G60320	0
AT1G65300	4
AT1G24280	1745
AT1G71696	369
AT1G09690	19612
AT1G14780	121
AT1G03120	11
AT1G31000	0
AT1G26665	919
AT1G51380	157
AT1G37150	29
AT1G05310	126
AT1G43130	654
AT1G04110	514
AT1G13620	23
AT1G24440	265
AT1G01440	516
AT1G66200	16678
AT1G09900	819
AT1G14455	5
AT1G01630	1605
AT1G20440	12274
AT1G77460	588
AT1G65040	720
AT1G71430	181
AT1G18790	0
AT1G14830	2414
AT1G11990	13
AT1G77750	1003
AT1G52620	197
AT1G52930	1594
AT1G21430	0
AT1G48060	5
AT1G58270	2189
AT1G64790	3620
AT1G59885	0
AT1G34410	0
AT1G01550	2147
AT1G69270	60
AT1G23100	338
AT1G70940	1683
AT1G06810	0
AT1G32220	1968
AT1G03650	129
AT1G17330	342
AT1G16090	101
AT1G32160	1543
AT1G65090	1
AT1G78520	16
AT1G68325	0
AT1G55870	355
AT1G50900	2027
AT1G10590	3420
AT1G73050	0
AT1G10200	3105
AT1G74300	133
AT1G07250	1220
AT1G10370	742
AT1G09575	82
AT1G52618	98
AT1G05610	17
AT1G09150	1137
AT1G18690	184
AT1G57777	0
AT1G71730	1368
AT1G24390	0
AT1G61688	0
AT1G34310	0
AT1G55440	10
AT1G72530	67
AT1G62930	135
AT1G50480	6121
AT1G20540	474
AT1G58150	83
AT1G23060	59
AT1G23910	0
AT1G71330	25
AT1G48510	60
AT1G66370	2
AT1G24520	6
AT1G58225	23
AT1G76680	2991
AT1G34245	180
AT1G57565	0
AT1G77420	219
AT1G27310	2028
AT1G35255	13
AT1G24020	7707
AT1G72960	14
AT1G28210	176
AT1G14840	1077
AT1G35620	1273
AT1G72210	144
AT1G14685	1266
AT1G66070	1121
AT1G02070	16
AT1G70300	528
AT1G78922	2
AT1G33470	1425
AT1G55947	0
AT1G55540	751
AT1G78890	731
AT1G59940	146
AT1G01910	1804
AT1G01570	62
AT1G08730	55
AT1G68185	265
AT1G16080	3433
AT1G04940	185
AT1G02340	30
AT1G62880	196
AT1G67930	1010
AT1G51170	377
AT1G71970	282
AT1G05385	612
AT1G47845	5
AT1G67560	789
AT1G26320	0
AT1G01680	11
AT1G67025	0
AT1G64160	8
AT1G51780	1
AT1G65660	1191
AT1G51600	680
AT1G71500	6913
AT1G70780	3710
AT1G66160	152
AT1G73120	75
AT1G48090	1887
AT1G70760	7
AT1G47765	0
AT1G48820	3
AT1G18300	127
AT1G73680	740
AT1G35040	0
AT1G02810	520
AT1G54460	896
AT1G21990	0
AT1G06180	232
AT1G75660	2582
AT1G48620	2678
AT1G74250	1220
AT1G07740	110
AT1G77140	561
AT1G73170	1384
AT1G67500	454
AT1G26350	0
AT1G32510	16
AT1G22890	131
AT1G23830	0
AT1G76510	622
AT1G08010	580
AT1G05840	346
AT1G55200	221
AT1G17070	457
AT1G78090	324
AT1G70810	838
AT1G64750	2094
AT1G46984	0
AT1G11460	16
AT1G78440	49
AT1G79570	1268
AT1G09157	1
AT1G03720	0
AT1G01690	247
AT1G76230	8
AT1G63240	465
AT1G70960	0
AT1G34300	480
AT1G09680	99
AT1G42680	0
AT1G29180	4
AT1G03730	300
AT1G18160	1249
AT1G53490	67
AT1G77100	0
AT1G67130	0
AT1G26260	146
AT1G64255	0
AT1G08290	162
AT1G12320	138
AT1G18990	1
AT1G11220	190
AT1G55207	11
AT1G74660	116
AT1G63460	687
AT1G55325	1245
AT1G77660	149
AT1G30130	684
AT1G80390	4
AT1G31300	591
AT1G73750	432
AT1G55990	216
AT1G60570	0
AT1G68907	0
AT1G66030	4
AT1G27170	136
AT1G04700	113
AT1G67050	235
AT1G76220	12
AT1G56400	0
AT1G78040	11436
AT1G49170	177
AT1G31540	310
AT1G29420	0
AT1G64840	277
AT1G62030	127
AT1G60095	66
AT1G21230	0
AT1G21660	1159
AT1G65320	465
AT1G50570	894
AT1G33850	1
AT1G47870	388
AT1G47680	0
AT1G48850	3118
AT1G70440	14
AT1G65150	210
AT1G72800	36
AT1G09000	188
AT1G36160	5312
AT1G02145	458
AT1G23510	2
AT1G51690	1741
AT1G50650	6
AT1G47578	26
AT1G56105	0
AT1G06490	235
AT1G63640	847
AT1G19970	160
AT1G50110	370
AT1G21540	145
AT1G13590	220
AT1G22610	0
AT1G75110	60
AT1G73110	1533
AT1G36756	0
AT1G20370	849
AT1G55510	373
AT1G77170	178
AT1G70660	60
AT1G51480	8
AT1G59359	0
AT1G26921	0
AT1G75870	0
AT1G75335	146
AT1G22830	110
AT1G09630	870
AT1G17280	665
AT1G02750	280
AT1G61070	0
AT1G15385	15
AT1G12855	2
AT1G03520	137
AT1G67880	248
AT1G36580	0
AT1G74190	0
AT1G14590	263
AT1G80625	1
AT1G08300	106
AT1G07020	190
AT1G59760	1180
AT1G72570	1
AT1G01360	275
AT1G70400	0
AT1G52690	22
AT1G78750	15
AT1G15720	0
AT1G14850	1526
AT1G70470	88
AT1G11820	1012
AT1G80700	369
AT1G60783	2
AT1G25230	524
AT1G43900	902
AT1G67840	1152
AT1G64660	250
AT1G07690	0
AT1G47920	2
AT1G23680	0
AT1G18450	1348
AT1G17960	24
AT1G55930	511
AT1G61400	132
AT1G03080	1945
AT1G56660	829
AT1G24130	26
AT1G54960	184
AT1G48350	10848
AT1G80330	0
AT1G14440	642
AT1G65620	84
AT1G11620	0
AT1G69490	20
AT1G78990	231
AT1G29100	0
AT1G52315	42
AT1G70100	770
AT1G61480	26
AT1G35220	961
AT1G27510	1432
AT1G65780	1
AT1G69010	503
AT1G30870	817
AT1G56710	66
AT1G05800	0
AT1G63350	97
AT1G34827	0
AT1G03055	60
AT1G01160	487
AT1G47340	150
AT1G11170	166
AT1G62045	191
AT1G35467	0
AT1G69970	57
AT1G43145	0
AT1G20132	0
AT1G70210	556
AT1G49880	95
AT1G27060	126
AT1G30757	0
AT1G30690	3161
AT1G43760	0
AT1G35680	9409
AT1G61550	17
AT1G36745	0
AT1G58120	0
AT1G69090	0
AT1G27870	0
AT1G63710	40
AT1G03103	0
AT1G31970	3181
AT1G04960	520
AT1G68440	483
AT1G05085	0
AT1G10740	582
AT1G19040	0
AT1G32960	4
AT1G10290	2956
AT1G34020	515
AT1G20575	590
AT1G56085	0
AT1G49190	0
AT1G01730	489
AT1G26500	61
AT1G75125	78
AT1G13800	94
AT1G28380	826
AT1G10150	0
AT1G02180	160
AT1G01180	160
AT1G04625	0
AT1G16810	1905
AT1G14160	149
AT1G55370	926
AT1G67790	0
AT1G30110	448
AT1G70640	80
AT1G71691	6
AT1G78970	418
AT1G09610	3
AT1G69190	0
AT1G34065	216
AT1G69730	237
AT1G64300	101
AT1G18180	145
AT1G53260	6
AT1G18750	47
AT1G72670	504
AT1G63090	319
AT1G67350	3042
AT1G03430	320
AT1G31670	0
AT1G48790	948
AT1G64510	9271
AT1G10980	15
AT1G61667	203
AT1G48270	183
AT1G66570	1
AT1G35720	15346
AT1G11690	0
AT1G68880	205
AT1G72180	1288
AT1G15920	378
AT1G78020	2397
AT1G63060	0
AT1G24265	119
AT1G19710	398
AT1G28050	1421
AT1G51420	499
AT1G65540	1644
AT1G21600	4126
AT1G68980	277
AT1G20270	376
AT1G73640	92
AT1G02260	377
AT1G20410	494
AT1G55675	331
AT1G19900	133
AT1G30260	133
AT1G10800	21
AT1G56140	740
AT1G74270	3400
AT1G43610	0
AT1G20050	1600
AT1G72250	803
AT1G10940	1616
AT1G02420	25
AT1G32460	0
AT1G35614	0
AT1G11390	807
AT1G25450	969
AT1G77490	3423
AT1G69250	1133
AT1G14890	447
AT1G66280	1560
AT1G07900	15
AT1G59218	54
AT1G33410	1561
AT1G72280	158
AT1G53670	2281
AT1G78290	76
AT1G36640	10
AT1G17360	694
AT1G14150	2541
AT1G03490	0
AT1G62910	85
AT1G70420	345
AT1G52590	575
AT1G29850	2015
AT1G33810	2601
AT1G19600	1832
AT1G51035	10
AT1G18340	276
AT1G53345	113
AT1G23995	0
AT1G31820	100
AT1G55350	2125
AT1G29460	33
AT1G07420	1302
AT1G04260	346
AT1G14720	1804
AT1G69550	619
AT1G62981	65
AT1G65080	130
AT1G80350	1114
AT1G67060	345
AT1G68845	0
AT1G63600	4
AT1G05930	1
AT1G58265	0
AT1G74100	1775
AT1G48450	3005
AT1G15600	0
AT1G68210	0
AT1G24159	0
AT1G31910	4673
AT1G43630	0
AT1G75010	800
AT1G09700	438
AT1G12900	31718
AT1G30545	62
AT1G16840	998
AT1G69740	6046
AT1G73280	80
AT1G30000	823
AT1G19150	2706
AT1G04860	1056
AT1G60170	1573
AT1G42190	0
AT1G45010	364
AT1G76065	46
AT1G69780	413
AT1G08750	388
AT1G62305	111
AT1G28610	552
AT1G20490	97
AT1G73970	389
AT1G74580	122
AT1G52100	483
AT1G07670	2041
AT1G02890	2305
AT1G47720	160
AT1G33120	4329
AT1G30700	316
AT1G51650	7434
AT1G27840	483
AT1G63105	0
AT1G09230	338
AT1G06900	1537
AT1G06050	100
AT1G73250	413
AT1G07050	3169
AT1G64810	469
AT1G75270	1414
AT1G64920	65
AT1G54680	54
AT1G05950	187
AT1G33390	595
AT1G73990	2285
AT1G56210	312
AT1G35030	0
AT1G78580	2059
AT1G25155	0
AT1G31720	30
AT1G80030	2458
AT1G32980	0
AT1G56620	0
AT1G50680	0
AT1G78500	2
AT1G58460	12
AT1G45145	827
AT1G53530	268
AT1G67035	105
AT1G21980	1006
AT1G05100	13
AT1G56330	3525
AT1G62500	701
AT1G72940	221
AT1G35242	1
AT1G60750	26
AT1G68120	48
AT1G47330	453
AT1G18740	386
AT1G04210	1535
AT1G66060	52
AT1G56415	0
AT1G13910	172
AT1G07780	543
AT1G54940	25
AT1G76100	4391
AT1G66100	514
AT1G27360	183
AT1G73530	1342
AT1G77400	403
AT1G49290	0
AT1G67220	0
AT1G36272	0
AT1G35780	1165
AT1G56460	579
AT1G16520	798
AT1G63057	2
AT1G06450	23
AT1G59722	0
AT1G51680	2907
AT1G55160	672
AT1G69150	2
AT1G66040	1
AT1G23020	1031
AT1G51915	9
AT1G69380	265
AT1G54400	8
AT1G27420	44
AT1G27910	449
AT1G49040	1560
AT1G58223	0
AT1G67330	0
AT1G23300	0
AT1G64230	3587
AT1G57690	0
AT1G55152	0
AT1G48030	10974
AT1G50890	202
AT1G15590	0
AT1G15180	614
AT1G79460	397
AT1G20823	174
AT1G27330	2124
AT1G78830	2372
AT1G60050	7
AT1G72545	0
AT1G64584	4
AT1G69523	307
AT1G20720	232
AT1G55610	184
AT1G07400	60
AT1G34575	0
AT1G44170	1500
AT1G27600	915
AT1G02710	0
AT1G15040	37
AT1G05200	739
AT1G05575	45
AT1G75220	1159
AT1G13860	499
AT1G05720	389
AT1G53300	1282
AT1G54180	198
AT1G61810	22
AT1G62640	1453
AT1G24430	70
AT1G80590	0
AT1G35820	0
AT1G63250	315
AT1G23890	340
AT1G20480	145
AT1G61790	1702
AT1G68300	952
AT1G69790	19
AT1G10560	64
AT1G68780	458
AT1G07640	998
AT1G32710	1
AT1G34070	0
AT1G52155	119
AT1G47500	1701
AT1G77765	33
AT1G62190	0
AT1G26130	366
AT1G59500	0
AT1G77010	41
AT1G74130	3
AT1G15360	1
AT1G07170	421
AT1G10360	579
AT1G22780	7093
AT1G64610	161
AT1G02305	1667
AT1G21860	10
AT1G70990	51
AT1G16030	149
AT1G34270	228
AT1G69570	7
AT1G03240	3
AT1G05820	42
AT1G60690	292
AT1G58210	178
AT1G58007	23
AT1G29900	5156
AT1G33320	8
AT1G72630	410
AT1G09780	11560
AT1G29435	0
AT1G15350	520
AT1G06515	334
AT1G50030	1263
AT1G32520	206
AT1G51210	0
AT1G66930	18
AT1G03540	80
AT1G76310	615
AT1G64385	773
AT1G43850	862
AT1G76965	4
AT1G51570	3949
AT1G76130	318
AT1G11050	1
AT1G72080	0
AT1G04680	2729
AT1G32780	110
AT1G18370	1360
AT1G24040	552
AT1G61120	4
AT1G69160	371
AT1G22230	195
AT1G75240	1003
AT1G53700	71
AT1G80460	2473
AT1G59640	58
AT1G19850	933
AT1G21925	0
AT1G48600	7371
AT1G28390	468
AT1G67030	406
AT1G64340	3
AT1G31550	262
AT1G52360	3647
AT1G77270	169
AT1G64320	44
AT1G03165	0
AT1G64590	54
AT1G79400	7
AT1G02880	384
AT1G38790	0
AT1G63190	0
AT1G78850	5125
AT1G70895	95
AT1G12230	2690
AT1G35830	70
AT1G75430	6
AT1G53450	346
AT1G25330	0
AT1G21950	0
AT1G23650	0
AT1G72270	6
AT1G30170	4
AT1G15757	0
AT1G28150	2069
AT1G69500	0
AT1G23580	4
AT1G03440	522
AT1G76270	450
AT1G65560	260
AT1G13730	1127
AT1G18060	3031
AT1G21640	1887
AT1G08960	335
AT1G79860	32
AT1G68360	44
AT1G10550	42
AT1G34570	673
AT1G65710	386
AT1G56530	0
AT1G53320	1007
AT1G17220	11097
AT1G77525	7
AT1G19960	605
AT1G52880	183
AT1G05420	38
AT1G76040	341
AT1G79840	362
AT1G47830	769
AT1G03010	7
AT1G78100	888
AT1G01695	9
AT1G15380	630
AT1G72320	1073
AT1G61690	957
AT1G01610	1758
AT1G74030	2883
AT1G66950	57
AT1G18770	0
AT1G74220	0
AT1G56630	78
AT1G02520	358
AT1G50620	430
AT1G08130	1141
AT1G33790	312
AT1G62380	12163
AT1G73165	7
AT1G66000	0
AT1G77932	0
AT1G15480	712
AT1G77960	25
AT1G02590	0
AT1G66640	0
AT1G23880	149
AT1G34460	11
AT1G12780	856
AT1G30300	265
AT1G54060	800
AT1G33020	0
AT1G71130	377
AT1G75170	344
AT1G79920	3308
AT1G03190	308
AT1G16025	0
AT1G22620	762
AT1G51260	2
AT1G65640	0
AT1G26410	32
AT1G74820	0
AT1G34650	0
AT1G23190	3687
AT1G55250	643
AT1G74210	748
AT1G76940	397
AT1G80890	188
AT1G74730	3975
AT1G76090	1290
AT1G63990	9
AT1G61360	429
AT1G75140	543
AT1G21270	886
AT1G49300	1650
AT1G80610	211
AT1G05570	2195
AT1G27540	448
AT1G53945	0
AT1G61565	0
AT1G30780	1
AT1G73350	489
AT1G52440	3
AT1G31280	527
AT1G01225	106
AT1G27110	32
AT1G03180	87
AT1G30050	3
AT1G19540	77
AT1G09540	30
AT1G28220	8
AT1G75717	0
AT1G52680	0
AT1G18940	45
AT1G62580	25
AT1G11020	287
AT1G75680	2809
AT1G16630	547
AT1G61415	7
AT1G65840	3268
AT1G31870	561
AT1G74370	376
AT1G34510	51
AT1G62370	193
AT1G33100	6
AT1G66560	0
AT1G67450	0
AT1G50220	0
AT1G12420	333
AT1G67980	6
AT1G08170	0
AT1G02020	433
AT1G15000	0
AT1G07440	1430
AT1G72360	363
AT1G65500	644
AT1G11160	176
AT1G65140	2
AT1G14670	3115
AT1G22420	2
AT1G27220	0
AT1G03850	208
AT1G65850	3
AT1G80520	90
AT1G23540	19
AT1G33420	0
AT1G03380	1062
AT1G60420	1099
AT1G19660	2679
AT1G19100	369
AT1G75120	388
AT1G78730	99
AT1G23560	65
AT1G05560	0
AT1G53310	7855
AT1G51538	2
AT1G54953	0
AT1G05240	0
AT1G58330	4
AT1G53366	0
AT1G47600	447
AT1G10395	0
AT1G06270	129
AT1G49220	5
AT1G49810	0
AT1G21410	152
AT1G03106	0
AT1G47620	21
AT1G31230	3070
AT1G15260	518
AT1G50470	0
AT1G67520	81
AT1G54930	23
AT1G29980	906
AT1G33950	4
AT1G03325	0
AT1G40083	0
AT1G45190	0
AT1G13050	97
AT1G31880	100
AT1G03710	11
AT1G73630	306
AT1G69040	1719
AT1G61150	1127
AT1G53110	220
AT1G17530	722
AT1G17040	197
AT1G16230	9
AT1G19480	212
AT1G69930	11
AT1G34807	0
AT1G59790	0
AT1G13390	430
AT1G49130	173
AT1G03880	0
AT1G17810	0
AT1G50610	0
AT1G31175	197
AT1G05380	1136
AT1G49205	0
AT1G14500	3
AT1G61095	0
AT1G11000	261
AT1G80530	931
AT1G22540	622
AT1G01720	799
AT1G32010	0
AT1G30850	18
AT1G04480	8756
AT1G29930	566925
AT1G03140	1584
AT1G33360	654
AT1G10300	66
AT1G49820	930
AT1G71960	381
AT1G51110	2426
AT1G52560	31
AT1G52550	103
AT1G54340	1304
AT1G74460	580
AT1G60960	248
AT1G55010	123
AT1G17010	0
AT1G48635	537
AT1G07745	117
AT1G54980	4
AT1G44810	739
AT1G71000	85
AT1G43170	30470
AT1G20470	7
AT1G76660	823
AT1G62040	534
AT1G34800	0
AT1G48860	2285
AT1G62975	145
AT1G15220	171
AT1G27680	797
AT1G64900	1362
AT1G47130	9
AT1G68480	21
AT1G13770	299
AT1G75340	382
AT1G11300	82
AT1G12250	1061
AT1G80740	5
AT1G47760	54
AT1G24650	0
AT1G10385	6
AT1G04150	21
AT1G70190	971
AT1G50790	55
AT1G62680	156
AT1G10110	6
AT1G64330	969
AT1G31270	2
AT1G80570	123
AT1G80690	340
AT1G01100	7093
AT1G20000	0
AT1G03740	1110
AT1G54010	3103
AT1G04880	9
AT1G53620	6
AT1G02450	12
AT1G53970	0
AT1G65290	3998
AT1G75370	1372
AT1G60590	362
AT1G24170	1136
AT1G17720	2304
AT1G12090	24713
AT1G26890	14
AT1G31835	78
AT1G75820	1425
AT1G65480	18
AT1G11112	66
AT1G15490	355
AT1G15125	1532
AT1G13210	1129
AT1G07210	1416
AT1G64253	9
AT1G03230	1944
AT1G34220	826
AT1G15120	2565
AT1G16515	31
AT1G56550	166
AT1G37000	0
AT1G66720	0
AT1G33530	0
AT1G18490	581
AT1G47497	0
AT1G18900	551
AT1G47485	8
AT1G12050	1869
AT1G69070	1609
AT1G27430	1413
AT1G04470	0
AT1G57670	11
AT1G55500	1798
AT1G27435	1501
AT1G77350	806
AT1G10450	736
AT1G08400	189
AT1G52343	10
AT1G16160	9
AT1G60090	0
AT1G69320	18
AT1G49050	328
AT1G60700	139
AT1G15680	0
AT1G64030	0
AT1G53930	2
AT1G25275	4707
AT1G79985	507
AT1G79100	8
AT1G68820	488
AT1G55190	0
AT1G73177	252
AT1G62200	520
AT1G49950	851
AT1G10390	2434
AT1G16670	317
AT1G16800	329
AT1G28070	147
AT1G12830	0
AT1G36070	343
AT1G14400	2949
AT1G52320	780
AT1G61240	413
AT1G76910	0
AT1G36060	257
AT1G26600	63
AT1G19780	4
AT1G35365	0
AT1G23600	0
AT1G13750	397
AT1G30280	124
AT1G19470	0
AT1G61900	553
AT1G51405	151
AT1G75260	58
AT1G55710	0
AT1G07615	370
AT1G09970	4677
AT1G65370	335
AT1G09250	627
AT1G69485	10
AT1G76060	389
AT1G05740	1
AT1G43415	0
AT1G20690	0
AT1G44030	4
AT1G55810	601
AT1G34130	1567
AT1G74320	511
AT1G23860	937
AT1G14642	7
AT1G70730	3232
AT1G11755	240
AT1G43245	134
AT1G53370	0
AT1G34440	5
AT1G53325	0
AT1G47560	105
AT1G11080	325
AT1G58525	0
AT1G48070	4
AT1G32560	3
AT1G58725	0
AT1G12710	519
AT1G61280	44
AT1G53420	0
AT1G49980	537
AT1G59980	182
AT1G14930	0
AT1G67148	62
AT1G48230	1233
AT1G12260	85
AT1G52940	7
AT1G47250	269
AT1G68000	609
AT1G24793	0
AT1G25360	173
AT1G65240	27
AT1G02670	76
AT1G07990	1148
AT1G65483	0
AT1G74360	135
AT1G01560	27
AT1G34180	42
AT1G04270	14299
AT1G34810	0
AT1G20930	587
AT1G72760	6
AT1G77405	46
AT1G57770	2010
AT1G19240	349
AT1G13970	118
AT1G13940	397
AT1G05010	7043
AT1G28305	0
AT1G02190	7
AT1G34830	0
AT1G45207	507
AT1G21690	707
AT1G24880	1
AT1G53710	402
AT1G48110	1351
AT1G60710	3301
AT1G52380	1454
AT1G79930	4331
AT1G23840	12
AT1G76320	539
AT1G53290	495
AT1G55770	3
AT1G29330	274
AT1G23120	64
AT1G76540	889
AT1G18720	2267
AT1G68810	498
AT1G21870	0
AT1G13980	1284
AT1G68100	618
AT1G29840	174
AT1G25083	0
AT1G02310	14
AT1G65032	143
AT1G68270	0
AT1G74680	312
AT1G05880	5
AT1G79470	585
AT1G61460	64
AT1G10190	0
AT1G73940	1563
AT1G26795	0
AT1G10747	0
AT1G33560	576
AT1G01250	49
AT1G32640	0
AT1G03670	0
AT1G36340	0
AT1G64740	345
AT1G01950	542
AT1G12380	337
AT1G33730	1
AT1G71280	11
AT1G71865	145
AT1G09660	1178
AT1G79485	0
AT1G22882	584
AT1G56410	0
AT1G61980	296
AT1G28200	1375
AT1G43950	0
AT1G75420	394
AT1G15170	190
AT1G19230	276
AT1G77940	8098
AT1G35460	362
AT1G54650	227
AT1G30845	86
AT1G65700	552
AT1G10050	398
AT1G73770	162
AT1G09280	502
AT1G16300	547
AT1G35240	6
AT1G08200	5732
AT1G04140	2404
AT1G63750	238
AT1G23250	0
AT1G51805	1749
AT1G63700	1255
AT1G58602	4064
AT1G29620	0
AT1G43720	0
AT1G24490	988
AT1G01460	0
AT1G08820	786
AT1G07240	925
AT1G40390	0
AT1G51760	780
AT1G72600	6
AT1G12030	39
AT1G09483	0
AT1G47813	0
AT1G74830	19
AT1G04645	0
AT1G70910	2
AT1G48285	0
AT1G13550	4
AT1G33102	13
AT1G12663	0
AT1G76150	836
AT1G50770	0
AT1G25490	2686
AT1G29500	66
AT1G55880	388
AT1G47786	1
AT1G26590	30
AT1G77180	3795
AT1G45230	1659
AT1G71860	1272
AT1G31160	686
AT1G17090	143
AT1G62750	16425
AT1G06980	59
AT1G65490	106
AT1G04230	306
AT1G68765	14
AT1G58807	0
AT1G80190	213
AT1G14040	395
AT1G01030	91
AT1G63840	420
AT1G68030	26
AT1G29700	823
AT1G68190	303
AT1G68010	12743
AT1G29965	13
AT1G36920	0
AT1G04950	552
AT1G68800	3
AT1G56080	162
AT1G68260	554
AT1G72860	17
AT1G73510	1
AT1G28490	712
AT1G54100	2092
AT1G56430	569
AT1G60160	720
AT1G03360	536
AT1G60280	0
AT1G28280	907
AT1G20290	0
AT1G02930	3415
AT1G06137	0
AT1G18480	908
AT1G31190	1613
AT1G27960	230
AT1G10850	682
AT1G10270	835
AT1G01200	75
AT1G75760	483
AT1G61430	245
AT1G73140	11
AT1G70770	4621
AT1G80500	1291
AT1G40087	0
AT1G62440	311
AT1G77280	318
AT1G26550	3995
AT1G57610	787
AT1G64640	945
AT1G24360	4359
AT1G36095	0
AT1G78630	18776
AT1G54730	416
AT1G29770	21
AT1G21866	0
AT1G14870	835
AT1G45249	677
AT1G44414	3
AT1G02130	1115
AT1G13110	2894
AT1G34420	69
AT1G20550	138
AT1G78980	0
AT1G63210	0
AT1G03800	23
AT1G47370	18
AT1G28760	190
AT1G66240	3641
AT1G70710	1811
AT1G23960	749
AT1G21480	332
AT1G78390	4
AT1G26290	0
AT1G01470	4887
AT1G56200	4048
AT1G60200	2350
AT1G49400	560
AT1G19115	4
AT1G62160	0
AT1G79740	735
AT1G09520	422
AT1G80940	936
AT1G74470	29951
AT1G72480	941
AT1G32310	248
AT1G52160	466
AT1G30220	5
AT1G24530	466
AT1G59077	0
AT1G13900	746
AT1G31940	419
AT1G09940	700
AT1G32583	21
AT1G61590	253
AT1G03390	0
AT1G63170	1186
AT1G30060	0
AT1G57590	289
AT1G29310	1325
AT1G45000	3438
AT1G04910	840
AT1G53130	54
AT1G06500	308
AT1G16290	0
AT1G08420	1800
AT1G52790	1
AT1G73065	1
AT1G23730	136
AT1G47310	514
AT1G04330	35
AT1G01930	458
AT1G09980	904
AT1G13510	47
AT1G13290	0
AT1G77630	519
AT1G62886	0
AT1G58200	1226
AT1G65113	0
AT1G51500	2292
AT1G64930	60
AT1G52245	162
AT1G03550	45
AT1G30950	3
AT1G56145	542
AT1G11900	40
AT1G32361	0
AT1G43815	0
AT1G11700	372
AT1G62150	201
AT1G65735	0
AT1G59840	589
AT1G60350	1
AT1G69510	2281
AT1G79220	94
AT1G27930	1364
AT1G06780	530
AT1G06840	602
AT1G06143	137
AT1G07930	17234
AT1G01670	49
AT1G59540	548
AT1G73040	81
AT1G20120	7
AT1G62630	579
AT1G17060	72
AT1G06520	27
AT1G67865	1412
AT1G15410	438
AT1G69700	508
AT1G05510	0
AT1G05500	1401
AT1G16610	2157
AT1G66450	29
AT1G04300	1586
AT1G08530	339
AT1G20570	57
AT1G18950	1115
AT1G51350	666
AT1G27750	609
AT1G54740	349
AT1G28710	570
AT1G28450	9
AT1G15625	16
AT1G61660	625
AT1G75460	1856
AT1G49310	230
AT1G69650	0
AT1G80070	6723
AT1G51060	4477
AT1G80410	3471
AT1G09794	114
AT1G59670	2
AT1G02980	3
AT1G06680	93929
AT1G66540	153
AT1G33840	10
AT1G27610	3
AT1G09750	6468
AT1G31772	10
AT1G13608	7
AT1G15280	1887
AT1G21500	5010
AT1G18170	957
AT1G79350	1327
AT1G26200	19
AT1G29490	0
AT1G29870	0
AT1G07520	0
AT1G08060	520
AT1G02720	447
AT1G47490	2652
AT1G20180	3
AT1G15870	107
AT1G30800	0
AT1G27461	0
AT1G34340	530
AT1G29660	1533
AT1G65060	678
AT1G10890	877
AT1G55335	0
AT1G13805	0
AT1G31920	0
AT1G21510	19
AT1G48400	4
AT1G54300	1
AT1G55120	251
AT1G08645	0
AT1G03495	164
AT1G70450	5
AT1G30240	477
AT1G64570	655
AT1G77855	43
AT1G48190	0
AT1G01590	0
AT1G48120	417
AT1G01070	266
AT1G69940	12
AT1G02067	0
AT1G17440	1003
AT1G79480	23
AT1G44478	0
AT1G80230	2074
AT1G63080	84
AT1G70160	2172
AT1G31410	777
AT1G76705	25
AT1G08550	4269
AT1G70970	0
AT1G08320	186
AT1G76450	2700
AT1G48880	177
AT1G12020	184
AT1G01340	184
AT1G21960	0
AT1G30620	557
AT1G34095	0
AT1G09920	823
AT1G18840	967
AT1G35410	0
AT1G76030	4712
AT1G02280	2604
AT1G43665	0
AT1G52110	3
AT1G64795	0
AT1G05180	1192
AT1G56070	43617
AT1G72000	4
AT1G13260	980
AT1G17970	366
AT1G13920	344
AT1G20020	35358
AT1G18090	247
AT1G13000	559
AT1G80900	146
AT1G52600	1048
AT1G65260	4584
AT1G33610	159
AT1G49435	0
AT1G61940	0
AT1G77470	582
AT1G12200	1039
AT1G02950	94
AT1G57870	699
AT1G56020	269
AT1G71240	542
AT1G12411	0
AT1G10870	841
AT1G55210	2490
AT1G29730	78
AT1G05080	0
AT1G30840	448
AT1G52630	272
AT1G80470	0
AT1G01080	2660
AT1G73210	136
AT1G48730	1
AT1G55740	425
AT1G10180	874
AT1G53790	68
AT1G07175	13
AT1G08990	169
AT1G59850	19
AT1G62421	0
AT1G65130	28
AT1G62900	0
AT1G63205	0
AT1G56060	4
AT1G10490	998
AT1G78260	248
AT1G09880	41
AT1G59630	0
AT1G17640	121
AT1G69410	2218
AT1G31150	440
AT1G59865	0
AT1G79780	8
AT1G25150	0
AT1G57990	502
AT1G72141	0
AT1G57550	0
AT1G03050	0
AT1G16825	175
AT1G51360	238
AT1G66810	31
AT1G67270	7
AT1G42480	1083
AT1G69900	205
AT1G68450	17
AT1G54270	5228
AT1G54590	0
AT1G27760	1972
AT1G27020	3988
AT1G03300	0
AT1G06690	1846
AT1G35435	0
AT1G45180	418
AT1G19730	376
AT1G80260	953
AT1G04840	65
AT1G62050	443
AT1G24851	0
AT1G22885	368
AT1G54450	134
AT1G22730	1056
AT1G29710	196
AT1G33760	0
AT1G67700	7774
AT1G07960	803
AT1G70430	107
AT1G20200	2243
AT1G13430	46
AT1G11130	802
AT1G55270	332
AT1G76890	747
AT1G73560	0
AT1G45976	446
AT1G47390	0
AT1G43640	5
AT1G44760	622
AT1G69820	0
AT1G72680	541
AT1G61340	94
AT1G35430	60
AT1G61040	908
AT1G54830	486
AT1G14250	528
AT1G78880	1489
AT1G72660	4
AT1G32740	83
AT1G79320	36
AT1G29600	18
AT1G67856	5
AT1G65070	759
AT1G29195	48
AT1G31740	0
AT1G62570	884
AT1G72620	5
AT1G60650	750
AT1G18440	595
AT1G08260	763
AT1G68580	1357
AT1G80245	158
AT1G31930	1008
AT1G49750	2778
AT1G12130	2
AT1G04600	30
AT1G27970	2045
AT1G13755	0
AT1G26480	0
AT1G59870	23962
AT1G59620	292
AT1G62710	348
AT1G24310	718
AT1G10620	0
AT1G09415	309
AT1G52905	229
AT1G11840	12339
AT1G61165	2
AT1G19070	7
AT1G64360	124
AT1G22275	20
AT1G51830	820
AT1G16970	492
AT1G44890	98
AT1G55890	1098
AT1G28560	82
AT1G55475	129
AT1G33260	135
AT1G13195	274
AT1G21080	1091
AT1G30480	633
AT1G19510	14
AT1G23330	494
AT1G72850	17
AT1G02840	3625
AT1G71697	490
AT1G04520	640
AT1G54970	316
AT1G26610	6
AT1G11303	173
AT1G48210	1146
AT1G06000	0
AT1G37113	0
AT1G55280	88
AT1G78815	78
AT1G21840	85
AT1G66020	13
AT1G30420	367
AT1G72560	718
AT1G33600	1021
AT1G30972	0
AT1G67635	2
AT1G28010	258
AT1G78310	157
AT1G53210	5113
AT1G68945	607
AT1G51310	653
AT1G16980	0
AT1G29240	128
AT1G45403	0
AT1G29400	2301
AT1G08695	0
AT1G15790	45
AT1G61930	102
AT1G48360	316
AT1G54710	894
AT1G10657	252
AT1G65000	104
AT1G79260	415
AT1G28135	0
AT1G57850	2
AT1G43690	2022
AT1G10790	22
AT1G12560	300
AT1G51400	9
AT1G74330	281
AT1G13190	1492
AT1G64720	9450
AT1G70890	2513
AT1G06770	232
AT1G44350	112
AT1G71800	369
AT1G31080	0
AT1G16930	115
AT1G74950	506
AT1G01430	748
AT1G53550	0
AT1G11340	79
AT1G76590	232
AT1G07180	622
AT1G33030	19
AT1G21170	642
AT1G05270	1192
AT1G19220	428
AT1G80340	138
AT1G51270	141
AT1G28960	403
AT1G17780	215
AT1G53730	794
AT1G64583	45
AT1G22650	284
AT1G61000	307
AT1G80980	195
AT1G66980	1478
AT1G16560	1327
AT1G10810	20
AT1G01780	253
AT1G20795	1
AT1G69560	6
AT1G19370	999
AT1G14686	8
AT1G56345	169
AT1G15860	758
AT1G24180	4396
AT1G67690	321
AT1G64780	1241
AT1G51800	957
AT1G02540	0
AT1G62333	3
AT1G53040	953
AT1G27490	0
AT1G50340	0
AT1G63120	509
AT1G21740	394
AT1G49200	7
AT1G13130	89
AT1G53035	482
AT1G23010	285
AT1G55755	0
AT1G70540	0
AT1G58300	5
AT1G55820	339
AT1G78140	1178
AT1G30290	288
AT1G33670	16
AT1G68310	539
AT1G26160	902
AT1G69840	539
AT1G28260	236
AT1G26820	287
AT1G66770	0
AT1G12210	39
AT1G09730	818
AT1G05894	8
AT1G31817	961
AT1G07950	555
AT1G61520	90230
AT1G25540	820
AT1G15110	391
AT1G75050	0
AT1G78000	1530
AT1G30680	1508
AT1G50080	2
AT1G04370	4
AT1G55265	0
AT1G23820	4596
AT1G13060	3113
AT1G53870	0
AT1G16760	0
AT1G09330	1188
AT1G72200	127
AT1G11684	0
AT1G80110	112
AT1G66520	341
AT1G34822	0
AT1G12660	0
AT1G48610	754
AT1G17380	32
AT1G23450	18
AT1G29640	34
AT1G27240	0
AT1G60610	246
AT1G67300	699
AT1G61760	54
AT1G24290	90
AT1G43670	9743
AT1G31420	2873
AT1G49930	0
AT1G49245	220
AT1G02250	0
AT1G69290	87
AT1G56555	14
AT1G74140	0
AT1G76430	47
AT1G62310	481
AT1G67110	146
AT1G65985	215
AT1G63820	47
AT1G02780	32502
AT1G19340	122
AT1G34390	0
AT1G53170	195
AT1G17020	103
AT1G33800	449
AT1G67235	0
AT1G12350	428
AT1G05070	544
AT1G20430	816
AT1G17250	0
AT1G04650	142
AT1G78150	2091
AT1G20670	514
AT1G13020	2101
AT1G73550	9
AT1G80300	2894
AT1G01420	279
AT1G75200	1105
AT1G21240	40
AT1G14650	2168
AT1G51470	407
AT1G66690	15
AT1G32070	1922
AT1G27550	0
AT1G60130	13
AT1G66910	316
AT1G76980	264
AT1G49250	1
AT1G05590	460
AT1G60060	91
AT1G63800	931
AT1G70790	198
AT1G69850	1408
AT1G08125	542
AT1G74880	2320
AT1G22990	35
AT1G06790	304
AT1G27535	0
AT1G28410	379
AT1G01220	880
AT1G71120	6
AT1G47657	0
AT1G55860	2886
AT1G26460	1834
AT1G70130	5
AT1G43171	0
AT1G60000	1607
AT1G47770	1
AT1G51770	5
AT1G06400	1075
AT1G19835	1561
AT1G69526	165
AT1G14020	670
AT1G13780	189
AT1G12140	1158
AT1G01050	1632
AT1G35310	100
AT1G64880	2626
AT1G30570	568
AT1G59833	0
AT1G61920	5
AT1G30720	268
AT1G61010	1151
AT1G22510	163
AT1G60983	0
AT1G64107	2
AT1G01355	0
AT1G35150	0
AT1G31790	78
AT1G10715	0
AT1G56220	4658
AT1G59675	0
AT1G66840	299
AT1G11970	0
AT1G71692	94
AT1G60760	2
AT1G25560	1441
AT1G21830	333
AT1G34470	277
AT1G19440	865
AT1G10170	1627
AT1G20990	48
AT1G09995	95
AT1G25340	0
AT1G61580	1312
AT1G76750	0
AT1G01860	326
AT1G27135	0
AT1G20890	143
AT1G04990	1028
AT1G11980	0
AT1G26190	541
AT1G02660	152
AT1G11655	48
AT1G55865	21
AT1G49920	39
AT1G53580	870
AT1G78590	357
AT1G15100	773
AT1G77370	724
AT1G48440	1740
AT1G08780	1030
AT1G73100	712
AT1G13630	108
AT1G12770	2700
AT1G06150	915
AT1G60720	0
AT1G07280	2587
AT1G58440	979
AT1G04380	9
AT1G10610	138
AT1G34795	0
AT1G61470	21
AT1G05540	40
AT1G31990	11
AT1G77680	976
AT1G68650	335
AT1G72420	253
AT1G31800	3357
AT1G32180	1
AT1G60490	1107
AT1G17285	48
AT1G70520	626
AT1G54790	85
AT1G78640	0
AT1G72410	1115
AT1G01140	995
AT1G18360	672
AT1G51190	64
AT1G15340	4136
AT1G07680	0
AT1G31690	1706
AT1G28480	18
AT1G79970	1376
AT1G51290	0
AT1G73720	667
AT1G73810	139
AT1G07150	86
AT1G35880	2
AT1G80320	0
AT1G02610	43
AT1G80133	0
AT1G62870	230
AT1G14790	210
AT1G56090	193
AT1G25220	1113
AT1G53633	47
AT1G68690	223
AT1G44970	252
AT1G29950	1321
AT1G60040	0
AT1G15080	192
AT1G58400	135
AT1G52330	67
AT1G12570	90
AT1G63490	587
AT1G71090	949
AT1G04778	19
AT1G79720	497
AT1G24660	0
AT1G21920	748
AT1G16530	118
AT1G05520	1473
AT1G07025	0
AT1G75090	114
AT1G47670	870
AT1G52415	3
AT1G59720	229
AT1G52740	3185
AT1G34780	597
AT1G45688	2000
AT1G67170	424
AT1G60500	1
AT1G30590	999
AT1G32920	749
AT1G72500	1264
AT1G22800	0
AT1G07480	531
AT1G29320	857
AT1G80660	1
AT1G15570	462
AT1G74070	1985
AT1G09480	79
AT1G79530	3559
AT1G03810	0
AT1G29290	22
AT1G51390	302
AT1G72645	229
AT1G36150	0
AT1G80380	4856
AT1G09935	0
AT1G54870	7
AT1G48320	0
AT1G51340	333
AT1G78170	432
AT1G72820	562
AT1G28640	0
AT1G26510	2
AT1G03445	2
AT1G58766	0
AT1G65510	69
AT1G78950	130
AT1G14330	332
AT1G02730	2938
AT1G10455	0
AT1G62790	2516
AT1G07330	2
AT1G02870	654
AT1G28680	302
AT1G47820	236
AT1G24540	6
AT1G17545	0
AT1G53285	0
AT1G71190	266
AT1G65280	1122
AT1G71235	0
AT1G78610	965
AT1G74260	3742
AT1G68760	299
AT1G77830	0
AT1G16180	3218
AT1G34850	0
AT1G76580	842
AT1G26580	1559
AT1G30630	2925
AT1G76300	1041
AT1G34317	6
AT1G68660	1500
AT1G70630	155
AT1G13690	609
AT1G34670	134
AT1G79770	37
AT1G50300	608
AT1G32415	103
AT1G63290	1068
AT1G31050	222
AT1G80640	970
AT1G30135	1
AT1G28240	612
AT1G75900	526
AT1G69470	0
AT1G32240	170
AT1G65010	3107
AT1G62060	0
AT1G02500	9945
AT1G43910	407
AT1G14710	3020
AT1G19380	273
AT1G55640	2
AT1G56510	490
AT1G15810	1093
AT1G27160	3
AT1G31814	153
AT1G18100	167
AT1G59700	292
AT1G69325	40
AT1G29940	1356
AT1G09400	8
AT1G10510	1492
AT1G47710	1525
AT1G78790	180
AT1G29000	19
AT1G12550	152
AT1G63830	1430
AT1G14687	69
AT1G53920	250
AT1G36380	151
AT1G09645	418
AT1G70040	0
AT1G77090	1177
AT1G56520	232
AT1G48560	50
AT1G27080	1
AT1G19530	448
AT1G06460	5380
AT1G72750	1019
AT1G07630	612
AT1G26720	2
AT1G66620	257
AT1G36390	1039
AT1G59740	466
AT1G63410	9
AT1G04555	137
AT1G67230	2791
AT1G29970	407
AT1G16110	156
AT1G29780	0
AT1G67320	445
AT1G10600	410
AT1G50700	138
AT1G18660	1419
AT1G65380	257
AT1G06420	101
AT1G11490	4
AT1G67160	1
AT1G63390	12
AT1G74490	65
AT1G25440	4349
AT1G64940	53
AT1G31290	28
AT1G40104	0
AT1G02360	386
AT1G67580	1190
AT1G62240	0
AT1G19940	55
AT1G51620	76
AT1G56340	9338
AT1G22290	1
AT1G73440	235
AT1G29200	18
AT1G16260	210
AT1G21250	956
AT1G26799	0
AT1G58248	0
AT1G30880	2039
AT1G74550	1
AT1G04580	1
AT1G03320	27
AT1G74960	4795
AT1G21050	225
AT1G17455	281
AT1G09340	23961
AT1G77655	0
AT1G71060	162
AT1G67750	870
AT1G05830	911
AT1G11120	149
AT1G47395	429
AT1G78680	1762
AT1G63730	118
AT1G50530	0
AT1G08930	2704
AT1G09176	14
AT1G54820	729
AT1G13500	9
AT1G58060	774
AT1G63770	6535
AT1G24735	38
AT1G52191	0
AT1G16410	5141
AT1G59960	844
AT1G19410	2
AT1G25097	0
AT1G27470	1147
AT1G33590	3843
AT1G77160	1
AT1G18540	11834
AT1G18420	0
AT1G60920	1
AT1G72610	3
AT1G08880	2680
AT1G73220	21
AT1G07430	38
AT1G45100	0
AT1G65425	0
AT1G72590	1
AT1G43860	838
AT1G29090	21
AT1G17340	552
AT1G48605	69
AT1G63270	190
AT1G72870	88
AT1G62770	309
AT1G14920	1037
AT1G22310	263
AT1G07650	876
AT1G16120	11
AT1G12110	5856
AT1G34049	0
AT1G05710	306
AT1G34040	240
AT1G27320	1871
AT1G08450	1347
AT1G22950	492
AT1G76880	0
AT1G61820	203
AT1G22410	6843
AT1G48912	0
AT1G65730	70
AT1G24140	30
AT1G16010	1045
AT1G18280	2
AT1G80370	380
AT1G47510	29
AT1G31730	2406
AT1G07795	4
AT1G26880	5142
AT1G50730	552
AT1G24330	94
AT1G25370	140
AT1G25570	1504
AT1G74710	372
AT1G53360	0
AT1G47278	549
AT1G62250	391
AT1G70550	389
AT1G20870	72
AT1G31340	1538
AT1G32300	0
AT1G54220	1109
AT1G78120	435
AT1G50720	5
AT1G76952	109
AT1G65990	0
AT1G30200	679
AT1G21710	331
AT1G63940	8445
AT1G80270	1525
AT1G03457	287
AT1G68040	1
AT1G55920	1275
AT1G65800	905
AT1G30490	856
AT1G13490	4
AT1G10030	692
AT1G78720	5
AT1G33811	1162
AT1G12610	1
AT1G62820	395
AT1G69085	5
AT1G62260	125
AT1G70280	1039
AT1G66350	306
AT1G55980	13
AT1G07473	0
AT1G15160	139
AT1G19450	1287
AT1G11590	0
AT1G08620	886
AT1G15772	2
AT1G18193	1
AT1G19430	764
AT1G09040	160
AT1G80880	150
AT1G15540	2
AT1G22520	1064
AT1G22400	599
AT1G03750	196
AT1G15990	4
AT1G61100	1554
AT1G66760	123
AT1G12890	3
AT1G03020	48
AT1G79760	56
AT1G80830	2054
AT1G39060	0
AT1G36942	0
AT1G34520	3
AT1G07730	0
AT1G79900	16
AT1G42990	1099
AT1G23980	63
AT1G60730	655
AT1G65950	239
AT1G36320	2353
AT1G10095	109
AT1G29340	1170
AT1G54020	9
AT1G07530	825
AT1G76405	465
AT1G69828	0
AT1G71920	0
AT1G50270	124
AT1G01020	300
AT1G02140	3699
AT1G52970	0
AT1G05810	236
AT1G16070	217
AT1G02830	0
AT1G67470	172
AT1G76700	350
AT1G61770	1084
AT1G66730	394
AT1G07190	0
AT1G80865	7
AT1G54160	36
AT1G52310	678
AT1G52410	389
AT1G14030	1409
AT1G27500	267
AT1G54860	0
AT1G17210	1894
AT1G54030	1510
AT1G04100	56
AT1G17615	0
AT1G75540	985
AT1G55915	124
AT1G24620	36
AT1G01480	36
AT1G15800	159
AT1G52760	2073
AT1G59460	0
AT1G12775	149
AT1G54490	1775
AT1G74390	353
AT1G40129	0
AT1G16150	28
AT1G14540	16
AT1G06890	1832
AT1G63280	0
AT1G64620	198
AT1G70335	0
AT1G64450	103
AT1G55803	1
AT1G33490	587
AT1G60560	317
AT1G59725	20
AT1G29530	632
AT1G32430	0
AT1G62920	31
AT1G79070	198
AT1G77800	1601
AT1G71940	217
AT1G71230	171
AT1G47730	0
AT1G02335	361
AT1G31650	799
AT1G06260	0
AT1G30760	286
AT1G22710	4694
AT1G06910	158
AT1G74020	693
AT1G14730	206
AT1G74875	27
AT1G38131	93
AT1G11570	37
AT1G73670	411
AT1G05340	58
AT1G06580	49
AT1G01640	152
AT1G26470	611
AT1G76840	0
AT1G23320	0
AT1G07660	712
AT1G06320	5
AT1G02170	849
AT1G05330	0
AT1G51010	4
AT1G48940	2
AT1G42080	0
AT1G14310	328
AT1G28765	13
AT1G62020	2780
AT1G31660	1523
AT1G68620	50
AT1G21810	199
AT1G20925	0
AT1G79380	910
AT1G63910	14
AT1G53590	992
AT1G09890	99
AT1G29910	191927
AT1G15930	8395
AT1G67950	500
AT1G31090	0
AT1G45231	296
AT1G08110	2317
AT1G35520	0
AT1G58260	0
AT1G71200	45
AT1G26970	19
AT1G62610	155
AT1G74640	1708
AT1G08650	1014
AT1G05990	14
AT1G27650	1834
AT1G19580	1112
AT1G34790	0
AT1G10100	0
AT1G71870	373
AT1G61030	429
AT1G01335	0
AT1G15620	3
AT1G55570	0
AT1G48420	1828
AT1G23640	0
AT1G22220	139
AT1G12390	409
AT1G61640	373
AT1G03410	16
AT1G22980	25
AT1G61255	35
AT1G62780	3764
AT1G13790	244
AT1G62330	1044
AT1G16490	0
AT1G67490	761
AT1G69350	94
AT1G61600	180
AT1G60260	326
AT1G19950	370
AT1G01490	1450
AT1G58320	3
AT1G79950	584
AT1G56230	861
AT1G80130	304
AT1G11180	318
AT1G68526	0
AT1G67630	470
AT1G15085	101
AT1G16750	244
AT1G65342	0
AT1G47400	412
AT1G49790	25
AT1G05460	512
AT1G47210	630
AT1G23140	242
AT1G15400	952
AT1G19485	461
AT1G62590	159
AT1G14560	385
AT1G60360	56
AT1G28630	0
AT1G31770	1357
AT1G65650	1313
AT1G22250	38
AT1G18710	58
AT1G71490	65
AT1G53720	620
AT1G63630	2
AT1G55430	33
AT1G51430	226
AT1G44820	678
AT1G05120	818
AT1G04945	242
AT1G62085	286
AT1G17770	0
AT1G67430	14234
AT1G02560	8425
AT1G73270	36
AT1G21245	0
AT1G13605	4
AT1G23070	0
AT1G11880	129
AT1G44020	3
AT1G54170	814
AT1G60990	986
AT1G13670	484
AT1G73655	3441
AT1G30910	672
AT1G52857	6
AT1G23030	742
AT1G67140	1215
AT1G21360	33
AT1G26560	155
AT1G30120	3577
AT1G58030	1679
AT1G61080	25
AT1G69910	412
AT1G34060	44
AT1G50160	0
AT1G09050	132
AT1G79750	6062
AT1G07770	7908
AT1G22570	626
AT1G03365	528
AT1G49850	302
AT1G67440	614
AT1G59800	0
AT1G50910	74
AT1G06380	405
AT1G52825	128
AT1G23570	0
AT1G52270	106
AT1G35515	35
AT1G01940	496
AT1G35610	13
AT1G52342	128
AT1G61500	159
AT1G64210	34
AT1G31885	60
AT1G10320	446
AT1G49890	529
AT1G78030	79
AT1G76500	143
AT1G70870	0
AT1G80550	390
AT1G76630	736
AT1G26620	424
AT1G56160	5
AT1G69830	10052
AT1G55230	3
AT1G08360	8304
AT1G48160	909
AT1G51250	2
AT1G71680	0
AT1G05640	162
AT1G46480	258
AT1G66300	2
AT1G12500	1086
AT1G55550	104
AT1G75980	238
AT1G12211	0
AT1G06970	0
AT1G29800	343
AT1G19140	752
AT1G47530	3048
AT1G17300	36
AT1G76600	103
AT1G62660	2411
AT1G78540	179
AT1G70610	802
AT1G32500	3065
AT1G49700	202
AT1G53100	25
AT1G55760	197
AT1G33900	3
AT1G76620	147
AT1G17310	5
AT1G68725	48
AT1G77580	593
AT1G64830	0
AT1G45165	0
AT1G04610	103
AT1G68240	29
AT1G76160	3556
AT1G23040	454
AT1G31243	0
AT1G02850	407
AT1G01880	95
AT1G01725	78
AT1G24070	133
AT1G15230	714
AT1G71100	740
AT1G52670	1303
AT1G67280	5775
AT1G32225	0
AT1G47890	16
AT1G06090	373
AT1G54760	2
AT1G30475	95
AT1G52770	253
AT1G68937	0
AT1G26420	87
AT1G07476	0
AT1G67830	607
AT1G67660	1648
AT1G74045	0
AT1G20065	14
AT1G28350	1454
AT1G51700	429
AT1G55590	348
AT1G65570	67
AT1G11790	727
AT1G06470	1044
AT1G78270	0
AT1G71810	772
AT1G29670	3391
AT1G47200	1568
AT1G18960	6
AT1G14770	173
AT1G32100	619
AT1G35860	0
AT1G44010	1
AT1G52540	399
AT1G48725	0
AT1G68640	92
AT1G54000	3017
AT1G12750	521
AT1G13650	216
AT1G13450	453
AT1G43825	0
AT1G61740	2067
AT1G77880	7
AT1G30925	0
AT1G30100	12
AT1G32750	1608
AT1G74690	2051
AT1G80630	171
AT1G23380	161
AT1G12400	174
AT1G02813	6
AT1G25380	986
AT1G53560	258
AT1G20770	1062
AT1G13580	333
AT1G55320	599
AT1G60530	0
AT1G05280	91
AT1G48760	555
AT1G07460	0
AT1G79790	1029
AT1G20750	0
AT1G73380	290
AT1G08070	55
AT1G14430	161
AT1G12490	2
AT1G73066	5
AT1G76080	8403
AT1G65450	128
AT1G60740	76
AT1G64460	498
AT1G16905	31
AT1G10070	40
AT1G21750	8951
AT1G65930	12897
AT1G35530	117
AT1G28290	19443
AT1G52603	0
AT1G68610	0
AT1G04870	1259
AT1G36078	0
AT1G51740	273
AT1G54230	0
AT1G44750	706
AT1G50710	596
AT1G09720	0
AT1G68875	0
AT1G65860	837
AT1G31530	0
AT1G62130	180
AT1G80650	256
AT1G10990	175
AT1G75785	0
AT1G22770	4444
AT1G25250	138
AT1G28500	0
AT1G09490	574
AT1G25470	292
AT1G58025	756
AT1G70490	4173
AT1G54580	4829
AT1G64480	24
AT1G34030	4281
AT1G12990	440
AT1G30540	415
AT1G37010	0
AT1G26370	793
AT1G17130	1158
AT1G16920	1081
AT1G01010	240
AT1G67400	147
AT1G79510	0
AT1G08220	354
AT1G16060	85
AT1G12650	708
AT1G27990	0
AT1G20790	0
AT1G60440	423
AT1G59690	0
AT1G37020	0
AT1G59580	640
AT1G27570	0
AT1G11470	0
AT1G79690	2077
AT1G34355	383
AT1G72755	0
AT1G25375	394
AT1G79640	503
AT1G74520	1213
AT1G27565	0
AT1G24470	31
AT1G19180	464
AT1G54990	1208
AT1G14110	0
AT1G44895	0
AT1G78550	168
AT1G09195	145
AT1G58250	1357
AT1G52750	125
AT1G50560	186
AT1G19800	787
AT1G24150	257
AT1G79630	497
AT1G66870	0
AT1G79103	11
AT1G60987	0
AT1G71340	287
AT1G72640	1543
AT1G57580	0
AT1G27480	1304
AT1G73080	753
AT1G27640	10
AT1G68410	558
AT1G14180	343
AT1G04020	506
AT1G70310	3338
AT1G11600	938
AT1G43680	0
AT1G71080	1102
AT1G14660	197
AT1G27530	2391
AT1G23465	26
AT1G70690	101
AT1G29520	464
AT1G22920	977
AT1G66290	0
AT1G26210	0
AT1G64010	7
AT1G73450	392
AT1G05000	573
AT1G70030	0
AT1G64490	330
AT1G60770	1540
AT1G54390	511
AT1G55300	205
AT1G26120	632
AT1G28140	2264
AT1G09665	0
AT1G72070	11
AT1G21450	635
AT1G32280	0
AT1G68670	1032
AT1G80710	159
AT1G15190	19
AT1G19130	568
AT1G21475	0
AT1G55360	2955
AT1G32130	2285
AT1G35353	0
AT1G49030	25
AT1G47700	0
AT1G64430	1215
AT1G48010	0
AT1G76070	100
AT1G30470	1602
AT1G54640	0
AT1G69060	306
AT1G13170	1272
AT1G61140	720
AT1G69630	0
AT1G48580	129
AT1G58430	0
AT1G60630	195
AT1G71380	31
AT1G48470	12
AT1G12820	661
AT1G60980	5
AT1G27140	104
AT1G51200	3376
AT1G54200	134
AT1G67190	193
AT1G50170	794
AT1G61720	3
AT1G07230	602
AT1G05160	265
AT1G11670	880
AT1G67990	0
AT1G78010	626
AT1G15830	118
AT1G50060	200
AT1G52890	35
AT1G04445	1
AT1G32140	0
AT1G17050	701
AT1G73430	1020
AT1G28320	985
AT1G10700	574
AT1G80440	649
AT1G21140	158
AT1G33060	328
AT1G21928	0
AT1G64070	0
AT1G51980	7249
AT1G74450	213
AT1G05300	425
AT1G59030	0
AT1G27890	2
AT1G03960	369
AT1G02470	12
AT1G28170	7
AT1G01750	93
AT1G74930	56
AT1G31840	42
AT1G61610	37
AT1G23340	135
AT1G30920	0
AT1G21890	12
AT1G26761	543
AT1G06650	744
AT1G43790	583
AT1G54840	58
AT1G22930	2692
AT1G33945	0
AT1G32575	2
AT1G63150	86
AT1G77310	182
AT1G61110	0
AT1G75330	3823
AT1G66580	7053
AT1G43090	0
AT1G20520	0
AT1G74050	5318
AT1G72770	415
AT1G74970	7714
AT1G22110	28
AT1G54470	4
AT1G32760	157
AT1G19080	185
AT1G14360	870
AT1G15730	1526
AT1G63670	645
AT1G59860	24
AT1G26730	179
AT1G09130	5144
AT1G59510	82
AT1G33170	1296
AT1G61890	627
AT1G52490	0
AT1G64990	759
AT1G27050	365
AT1G25425	87
AT1G11350	575
AT1G55290	21
AT1G74090	2314
AT1G51823	0
AT1G76560	253
AT1G09812	36
AT1G09060	1051
AT1G67150	27
AT1G78955	34
AT1G61850	946
AT1G20735	9
AT1G22690	1633
AT1G78172	18
AT1G69600	44
AT1G54040	463
AT1G62540	135
AT1G53800	1115
AT1G27900	774
AT1G08640	2591
AT1G23360	698
AT1G49940	36
AT1G13420	173
AT1G75620	40
AT1G09650	26
AT1G06120	33
AT1G60070	2270
AT1G10830	1117
AT1G10340	79
AT1G64520	3557
AT1G54380	567
AT1G63570	0
AT1G56450	3120
AT1G59470	0
AT1G12160	174
AT1G49800	0
AT1G75080	506
AT1G79730	1337
AT1G53542	42
AT1G35440	0
AT1G68150	133
AT1G67760	85
AT1G63070	1
AT1G23670	0
AT1G03560	307
AT1G10470	2062
AT1G68862	50
AT1G03060	1491
AT1G73020	408
AT1G65120	37
AT1G12845	727
AT1G32870	372
AT1G62950	136
AT1G18000	0
AT1G14290	437
AT1G65870	13
AT1G15370	1025
AT1G65352	0
AT1G43005	0
AT1G56280	6265
AT1G48195	0
AT1G71040	941
AT1G11890	792
AT1G65810	2
AT1G55970	309
AT1G72090	1363
AT1G31095	3
AT1G60110	89
AT1G63020	265
AT1G22450	3332
AT1G14740	1772
AT1G48930	255
AT1G69540	6
AT1G03870	1656
AT1G13520	24
AT1G55205	182
AT1G05530	42
AT1G16870	1144
AT1G78320	164
AT1G51130	170
AT1G33040	2947
AT1G08135	0
AT1G29010	0
AT1G23201	0
AT1G09030	0
AT1G20560	1013
AT1G12840	4609
AT1G42700	0
AT1G07080	1845
AT1G14570	1668
AT1G21310	28758
AT1G20730	0
AT1G18630	323
AT1G09300	356
AT1G35710	433
AT1G24100	2585
AT1G47790	0
AT1G80850	222
AT1G34910	1
AT1G50380	1205
AT1G28460	1
AT1G49500	1060
AT1G73860	40
AT1G51810	0
AT1G25988	0
AT1G32370	233
AT1G10670	6667
AT1G20650	470
AT1G54410	73007
AT1G30020	0
AT1G57780	0
AT1G09290	321
AT1G10010	0
AT1G32375	8
AT1G62690	13
AT1G22100	0
AT1G72890	154
AT1G50510	488
AT1G09460	234
AT1G77130	904
AT1G51172	0
AT1G13030	445
AT1G17744	0
AT1G31470	133
AT1G36085	0
AT1G77150	6
AT1G51230	0
AT1G02000	352
AT1G42550	1686
AT1G75810	142
AT1G27180	212
AT1G74340	376
AT1G47056	289
AT1G70460	156
AT1G25055	0
AT1G69295	1144
AT1G45215	0
AT1G51745	477
AT1G06330	10
AT1G65980	5714
AT1G62978	0
AT1G21730	669
AT1G35617	0
AT1G80790	1420
AT1G47317	0
AT1G75730	261
AT1G06740	129
AT1G17790	263
AT1G04930	157
AT1G04455	1
AT1G09140	1087
AT1G13609	850
AT1G22630	1339
AT1G50410	605
AT1G47980	3
AT1G48800	3
AT1G32050	3143
AT1G09740	937
AT1G13700	132
AT1G57700	265
AT1G50990	0
AT1G03905	200
AT1G22150	113
AT1G03660	31
AT1G55910	197
AT1G07500	0
AT1G19870	1884
AT1G70260	122
AT1G61563	7
AT1G23145	0
AT1G54280	3
AT1G63860	223
AT1G10250	0
AT1G64180	161
AT1G51850	999
AT1G45191	192
AT1G51710	2305
AT1G72720	29
AT1G18810	125
AT1G09930	4
AT1G10585	7
AT1G26940	362
AT1G54560	19
AT1G18800	1589
AT1G01510	1271
AT1G20320	1
AT1G09815	1233
AT1G66880	536
AT1G51790	403
AT1G80600	4855
AT1G05260	1646
AT1G01500	737
AT1G01150	7
AT1G63310	413
AT1G48220	0
AT1G18010	1
AT1G10770	35
AT1G03890	0
AT1G54920	1398
AT1G50640	1115
AT1G32950	6
AT1G27940	61
AT1G27090	3469
AT1G71110	363
AT1G19630	73
AT1G69980	381
AT1G18150	2124
AT1G26570	363
AT1G69420	2037
AT1G64350	615
AT1G65681	0
AT1G73980	907
AT1G48920	20515
AT1G04120	2620
AT1G74620	0
AT1G29450	48
AT1G55460	881
AT1G32250	0
AT1G03090	659
AT1G62515	0
AT1G20580	2183
AT1G28660	287
AT1G76970	268
AT1G12910	608
AT1G64455	0
AT1G42980	4
AT1G43605	45
AT1G07270	83
AT1G30550	49
AT1G62670	123
AT1G09440	200
AT1G63030	2
AT1G16590	104
AT1G66440	30
AT1G69818	0
AT1G60230	599
AT1G66320	2
AT1G12700	117
AT1G74600	151
AT1G22970	416
AT1G69580	322
AT1G25290	559
AT1G36730	5391
AT1G73460	1134
AT1G72550	2062
AT1G01770	617
AT1G55090	1429
AT1G78080	2998
AT1G02475	1404
AT1G55070	0
AT1G32470	13279
AT1G71440	660
AT1G08480	2300
AT1G74510	1059
AT1G43000	3
AT1G21560	716
AT1G20696	5125
AT1G03395	0
AT1G18030	280
AT1G04500	7
AT1G21130	4374
AT1G60850	637
AT1G25500	165
AT1G75000	66
AT1G64980	837
AT1G77670	1173
AT1G74590	144
AT1G13350	804
AT1G76050	791
AT1G77210	231
AT1G26800	143
AT1G29750	538
AT1G28550	3
AT1G54770	507
AT1G74860	189
AT1G07200	628
AT1G56720	266
AT1G66430	2847
AT1G53820	0
AT1G51900	1
AT1G59520	433
AT1G20350	14
AT1G32020	0
AT1G19740	1821
AT1G20710	0
AT1G13245	626
AT1G04180	51
AT1G52695	0
AT1G60790	470
AT1G64400	499
AT1G14950	0
AT1G55660	0
AT1G12760	1358
AT1G56570	217
AT1G35035	0
AT1G23740	3388
AT1G52000	293
AT1G31310	56
AT1G69960	949
AT1G14470	61
AT1G61450	147
AT1G69200	2534
AT1G49990	117
AT1G05291	0
AT1G63855	115
AT1G67900	624
AT1G29630	252
AT1G48200	354
AT1G18310	0
AT1G21760	438
AT1G11450	332
AT1G29005	0
AT1G24010	5
AT1G04710	774
AT1G22850	2349
AT1G62420	22
AT1G51080	420
AT1G13825	0
AT1G01090	6784
AT1G72170	946
AT1G29440	32
AT1G05750	230
AT1G19396	31
AT1G49770	0
AT1G51300	0
AT1G06700	1561
AT1G04730	305
AT1G33080	312
AT1G64290	5
AT1G56300	2374
AT1G73470	771
AT1G45170	395
AT1G62810	786
AT1G59820	827
AT1G68280	3
AT1G05580	2
AT1G15215	212
AT1G24300	1272
AT1G33480	192
AT1G72510	1046
AT1G70590	394
AT1G24145	44
AT1G04790	652
AT1G64130	0
AT1G17370	2348
AT1G23230	1099
AT1G71900	551
AT1G11380	268
AT1G23270	0
AT1G71750	264
AT1G24450	364
AT1G63220	414
AT1G73690	106
AT1G76720	131
AT1G48540	1132
AT1G55945	0
AT1G01240	299
AT1G58520	302
AT1G30210	977
AT1G70270	37
AT1G22050	152
AT1G67530	379
AT1G15640	40
AT1G75780	591
AT1G76470	13
AT1G56040	0
AT1G55805	755
AT1G48260	56
AT1G70985	42
AT1G17930	308
AT1G68825	43
AT1G11100	93
AT1G35400	0
AT1G49100	2
AT1G78380	18663
AT1G06220	3486
AT1G43040	1
AT1G02650	27
AT1G32928	71
AT1G70740	266
AT1G68400	591
AT1G73400	131
AT1G60995	509
AT1G08985	0
AT1G55800	5
AT1G27700	301
AT1G35340	1058
AT1G71420	66
AT1G30660	17
AT1G07470	637
AT1G60410	0
AT1G35470	525
AT1G63530	85
AT1G77650	0
AT1G68905	0
AT1G58360	1293
AT1G25180	1
AT1G19620	0
AT1G34630	166
AT1G21326	13
AT1G33607	0
AT1G68230	146
AT1G72880	716
AT1G63550	1
AT1G06800	121
AT1G68320	5
AT1G20800	0
AT1G65760	1
AT1G20300	423
AT1G06060	398
AT1G68340	89
AT1G03170	8
AT1G09220	51
AT1G30320	477
AT1G02790	24
AT1G32860	535
AT1G47389	0
AT1G63850	812
AT1G52070	1776
AT1G33280	30
AT1G59810	9
AT1G59550	0
AT1G32650	0
AT1G11125	80
AT1G05320	689
AT1G61795	120
AT1G22065	186
AT1G68750	1
AT1G22040	369
AT1G48840	325
AT1G13460	503
AT1G14900	1310
AT1G80180	958
AT1G16270	1135
AT1G10580	1490
AT1G36240	0
AT1G54510	399
AT1G57600	368
AT1G09155	20
AT1G20860	2
AT1G02965	0
AT1G33350	81
AT1G28160	0
AT1G15165	167
AT1G16040	257
AT1G53250	312
AT1G78210	601
AT1G11260	1908
AT1G29820	680
AT1G72060	4
AT1G60940	1858
AT1G71770	6
AT1G08660	761
AT1G40086	0
AT1G04340	732
AT1G47260	4900
AT1G48325	0
AT1G26310	2
AT1G48460	626
AT1G59453	0
AT1G76200	4573
AT1G17600	62
AT1G47740	1367
AT1G75930	0
AT1G56580	0
AT1G17890	1507
AT1G49230	271
AT1G69935	640
AT1G54550	1
AT1G02150	5447
AT1G56350	226
AT1G28650	0
AT1G18760	0
AT1G78470	1
AT1G04070	336
AT1G31255	0
AT1G58215	4
AT1G71460	360
AT1G78130	2
AT1G74810	75
AT1G24267	1163
AT1G01920	403
AT1G25141	0
AT1G20590	0
AT1G32910	0
AT1G56180	579
AT1G58450	0
AT1G60220	779
AT1G78460	1194
AT1G21670	1419
AT1G72490	95
AT1G55690	881
AT1G53000	916
AT1G65880	5
AT1G29020	59
AT1G80400	400
AT1G29590	53
AT1G33860	0
AT1G50440	489
AT1G49540	627
AT1G18670	572
AT1G12920	3221
AT1G06920	0
AT1G14210	1229
AT1G32550	1052
AT1G32790	2750
AT1G46336	0
AT1G78840	1
AT1G36990	602
AT1G03930	806
AT1G20875	0
AT1G23915	0
AT1G24764	1187
AT1G32260	377
AT1G52130	5
AT1G34210	593
AT1G53770	337
AT1G29040	604
AT1G15390	1059
AT1G73340	40
AT1G64580	233
AT1G79050	871
AT1G35290	44
AT1G23050	0
AT1G29080	0
AT1G48990	0
AT1G63295	109
AT1G29535	26
AT1G64960	331
AT1G73000	4
AT1G36622	103
AT1G41820	0
AT1G50840	1339
AT1G49860	1749
AT1G58420	38
AT1G49005	3
AT1G13880	601
AT1G59835	0
AT1G50350	0
AT1G11210	952
AT1G10020	469
AT1G15890	65
AT1G31640	0
AT1G69520	144
AT1G08310	125
AT1G29270	124
AT1G26140	5
AT1G11110	1
AT1G20780	613
AT1G08190	3020
AT1G04390	231
AT1G04800	1127
AT1G51490	0
AT1G58037	20
AT1G32400	2293
AT1G02090	1432
AT1G79600	4252
AT1G10650	448
AT1G76994	2
AT1G52495	0
AT1G68960	2
AT1G52510	2288
AT1G22360	1857
AT1G27270	0
AT1G66680	1029
AT1G18520	0
AT1G11230	0
AT1G67640	3
AT1G52580	1
AT1G44080	0
AT1G61575	9
AT1G20600	3
AT1G14755	0
AT1G55420	54
AT1G73590	797
AT1G21470	18
AT1G13870	394
AT1G50500	1235
AT1G61105	0
AT1G43020	56
AT1G72160	3074
AT1G23660	0
AT1G32360	713
AT1G67000	4
AT1G06350	59
AT1G66220	0
AT1G14680	59
AT1G18730	1576
AT1G26390	7
AT1G28695	0
AT1G66420	2
AT1G10900	1178
AT1G51820	122
AT1G68390	52
AT1G78370	18607
AT1G14140	324
AT1G60430	203
AT1G02300	438
AT1G28130	844
AT1G62280	69
AT1G62840	0
AT1G15970	371
AT1G27460	919
AT1G73870	45
AT1G13560	2042
AT1G31335	343
AT1G35490	2
AT1G51220	0
AT1G49260	0
AT1G12010	208
AT1G19640	46
AT1G30090	635
AT1G27190	1284
AT1G48830	4719
AT1G04430	3888
AT1G24420	3
AT1G18290	13
AT1G07940	9326
AT1G15660	728
AT1G17560	365
AT1G15980	4089
AT1G68520	3379
AT1G27595	945
AT1G66390	21
AT1G19890	0
AT1G26110	5490
AT1G48145	0
AT1G54575	562
AT1G20330	2728
AT1G17400	24
AT1G11362	1
AT1G51540	383
AT1G28690	57
AT1G48430	566
AT1G63870	3
AT1G11860	40018
AT1G66250	535
AT1G55673	0
AT1G73030	793
AT1G04920	119
AT1G55520	534
AT1G18470	990
AT1G13540	59
AT1G73965	18
AT1G80820	131
AT1G48530	9
AT1G35540	0
AT1G36675	3
AT1G73875	261
AT1G17650	1539
AT1G55050	25
AT1G79130	3
AT1G58340	213
AT1G70840	3
AT1G14820	756
AT1G34160	209
AT1G79960	0
AT1G07610	5792
AT1G77110	205
AT1G48960	82
AT1G45332	966
AT1G19920	2600
AT1G20920	1613
AT1G59723	0
AT1G69800	492
AT1G49680	0
AT1G53120	515
AT1G56418	0
AT1G06190	4057
AT1G10570	622
AT1G42710	0
AT1G74110	2
AT1G34010	331
AT1G13600	44
AT1G80150	200
AT1G67480	2431
AT1G52730	1233
AT1G03680	8888
AT1G72580	0
AT1G74080	10
AT1G32200	2423
AT1G20960	5898
AT1G12960	0
AT1G65360	0
AT1G13220	860
AT1G71030	428
AT1G65110	12
AT1G77060	953
AT1G21910	147
AT1G33090	33
AT1G75190	439
AT1G12940	18
AT1G03990	55
AT1G23440	996
AT1G15885	92
AT1G06560	557
AT1G28540	265
AT1G70880	29
AT1G01660	33
AT1G12180	0
AT1G18780	0
AT1G15330	0
AT1G10520	55
AT1G30510	4998
AT1G80990	0
AT1G11770	0
AT1G10220	2
AT1G70060	1005
AT1G76955	118
AT1G22120	0
AT1G17590	141
AT1G58235	385
AT1G51090	611
AT1G70530	605
AT1G70560	768
AT1G32170	330
AT1G25530	598
AT1G19550	0
AT1G61420	51
AT1G62490	6
AT1G80210	386
AT1G16960	151
AT1G19120	497
AT1G24625	438
AT1G07070	982
AT1G13200	3
AT1G74410	216
AT1G27720	39
AT1G02620	7
AT1G58070	145
AT1G64000	21
AT1G68060	2481
AT1G33930	155
AT1G30230	7852
AT1G11593	0
AT1G68370	949
AT1G33340	92
AT1G74120	161
AT1G16820	29
AT1G24210	36
AT1G67360	1080
AT1G27690	300
AT1G35625	0
AT1G60989	265
AT1G02920	1328
AT1G80510	279
AT1G47220	0
AT1G27070	429
AT1G25420	598
AT1G50460	494
AT1G42615	0
AT1G49480	1042
AT1G61560	173
AT1G14240	75
AT1G11250	0
AT1G49180	161
AT1G07380	418
AT1G35910	48
AT1G76180	8411
AT1G76800	169
AT1G32440	1520
AT1G57570	17
AT1G28570	212
AT1G08710	241
AT1G06020	1
AT1G01040	858
AT1G75590	52
AT1G12410	5843
AT1G19690	355
AT1G48770	101
AT1G78995	1152
AT1G68940	0
AT1G77122	489
AT1G56120	146
AT1G76960	450
AT1G79880	263
AT1G69640	789
AT1G53708	0
AT1G26810	216
AT1G02120	1781
AT1G07620	31
AT1G17430	172
AT1G78240	1914
AT1G10140	312
AT1G43800	1835
AT1G60950	42185
AT1G11750	3220
AT1G05920	0
AT1G56423	504
AT1G53160	87
AT1G64530	617
AT1G69890	406
AT1G16880	9268
AT1G29510	66
AT1G50010	9373
AT1G13485	0
AT1G16945	0
AT1G20150	0
AT1G53850	1719
AT1G53070	577
AT1G54110	126
AT1G11920	10
AT1G54850	329
AT1G10660	536
AT1G29060	210
AT1G68890	1776
AT1G26270	1933
AT1G14205	107
AT1G73240	443
AT1G72220	18
AT1G47270	460
AT1G49140	3073
AT1G17490	594
AT1G51370	77
AT1G73390	696
AT1G73180	1050
AT1G73760	748
AT1G64710	1287
AT1G28330	1995
AT1G11240	1539
AT1G22840	4291
AT1G32000	0
AT1G51140	436
AT1G64020	3
AT1G27710	0
AT1G43010	1
AT1G24350	506
AT1G65900	419
AT1G54780	6756
AT1G18890	401
AT1G20816	211
AT1G18640	939
AT1G65200	13
AT1G43710	4183
AT1G05577	13
AT1G55080	369
AT1G30930	0
AT1G66270	4238
AT1G30410	1007
AT1G60620	246
AT1G14120	105
AT1G62400	77
AT1G50040	43
AT1G26870	29
AT1G50290	94
AT1G20080	10
AT1G12640	841
AT1G13610	28
AT1G18350	5
AT1G08500	141
AT1G31830	661
AT1G70949	0
AT1G16020	609
AT1G17730	639
AT1G62010	114
AT1G80910	612
AT1G53140	514
AT1G52240	30
AT1G58110	1012
AT1G73060	2854
AT1G55850	1914
AT1G74940	837
AT1G50250	4262
AT1G66890	335
AT1G18265	225
AT1G65410	827
AT1G34560	1
AT1G13360	1700
AT1G33110	585
AT1G27410	142
AT1G68420	0
AT1G08000	298
AT1G29280	1005
AT1G52290	197
AT1G04635	146
AT1G60913	0
AT1G07600	0
AT1G65430	900
AT1G76010	7111
AT1G47550	1604
AT1G14230	507
AT1G19880	2182
AT1G21930	435
AT1G77550	901
AT1G78860	179
AT1G65020	484
AT1G62340	0
AT1G21010	246
AT1G62220	0
AT1G60830	0
AT1G69440	184
AT1G24147	84
AT1G45616	6
AT1G24881	0
AT1G11960	323
AT1G64760	513
AT1G12280	219
AT1G35890	0
AT1G02740	208
AT1G34200	450
AT1G14200	217
AT1G75850	887
AT1G59890	1228
AT1G47603	2
AT1G06645	214
AT1G62110	207
AT1G64600	358
AT1G54130	1550
AT1G13400	24
AT1G04360	81
AT1G05960	1522
AT1G52190	923
AT1G53887	90
AT1G30040	106
AT1G28360	59
AT1G43970	0
AT1G05620	643
AT1G73310	154
AT1G13100	230
AT1G09910	533
AT1G03310	2473
AT1G17235	7
AT1G71210	607
AT1G32585	0
AT1G57943	6
AT1G79170	32
AT1G29355	0
AT1G71450	0
AT1G17690	829
AT1G64890	545
AT1G21550	70
AT1G15550	489
AT1G19680	370
AT1G27370	208
AT1G51730	1567
AT1G60800	1735
AT1G49410	2086
AT1G79490	333
AT1G49870	633
AT1G63200	0
AT1G73790	2
AT1G06045	0
AT1G03070	37
AT1G61860	39
AT1G74430	44
AT1G26640	701
AT1G17950	45
AT1G29110	13
AT1G11310	3193
AT1G71410	1228
AT1G74900	22
AT1G73580	31
AT1G53815	0
AT1G53640	33
AT1G69120	1
AT1G23760	76
AT1G02910	1672
AT1G64910	27
AT1G64185	101
AT1G34046	0
AT1G23290	0
AT1G20110	1962
AT1G20190	1247
AT1G63100	850
AT1G68160	312
AT1G18650	669
AT1G69220	914
AT1G02970	225
AT1G70800	203
AT1G01370	218
AT1G28700	0
AT1G71780	679
AT1G17830	104
AT1G59900	4291
AT1G77990	359
AT1G27695	64
AT1G06760	2649
AT1G01130	73
AT1G59312	0
AT1G19390	0
AT1G06720	1984
AT1G50980	0
AT1G05136	26
AT1G22490	61
AT1G71400	292
AT1G49780	287
AT1G71310	324
AT1G63650	219
AT1G61330	0
AT1G18580	551
AT1G67620	255
AT1G32580	1412
AT1G33680	1853
AT1G68560	6685
AT1G50690	0
AT1G65330	5
AT1G59990	1444
AT1G11780	452
AT1G33700	217
AT1G28110	480
AT1G58390	5
AT1G12620	211
AT1G21940	0
AT1G24545	1
AT1G74700	160
AT1G20340	61735
AT1G09530	497
AT1G04890	0
AT1G66230	82
AT1G23610	0
AT1G51040	0
AT1G26840	207
AT1G23480	451
AT1G74750	285
AT1G67290	3
AT1G44990	0
AT1G34820	0
AT1G72340	982
AT1G20220	3722
AT1G78480	11
AT1G34540	4
AT1G75060	99
AT1G77540	733
AT1G70250	133
AT1G05140	1114
AT1G11440	298
AT1G55060	0
AT1G18530	0
AT1G70900	482
AT1G48100	87
AT1G02770	13
AT1G27000	1745
AT1G68730	389
AT1G36020	0
AT1G33290	1253
AT1G24190	1133
AT1G51020	4
AT1G29790	853
AT1G12540	0
AT1G62290	310
AT1G75450	46
AT1G07910	661
AT1G19570	8065
AT1G48180	2
AT1G75860	505
AT1G54310	480
AT1G52870	2358
AT1G54630	3043
AT1G61750	1
AT1G76870	98
AT1G09850	855
AT1G06010	335
AT1G29480	0
AT1G11591	0
AT1G76185	99
AT1G79940	2426
AT1G08900	259
AT1G64260	27
AT1G22740	325
AT1G08720	566
AT1G06990	0
AT1G25240	10
AT1G56650	108
AT1G69100	0
AT1G48380	244
AT1G73325	8
AT1G59124	0
AT1G78510	557
AT1G76250	58
AT1G23750	352
AT1G15420	760
AT1G18975	0
AT1G76120	367
AT1G78920	2742
AT1G26660	275
AT1G20140	430
AT1G15270	3846
AT1G28580	1639
AT1G34190	1614
AT1G14370	211
AT1G24800	0
AT1G50000	260
AT1G69230	411
AT1G30610	1113
AT1G34817	0
AT1G14390	77
AT1G17110	1417
AT1G49000	55
AT1G60460	50
AT1G80010	774
AT1G18220	0
AT1G30270	1354
AT1G70320	4956
AT1G61670	845
AT1G67940	643
AT1G41880	7771
AT1G77740	1376
AT1G62000	0
AT1G08760	564
AT1G59724	0
AT1G35420	1675
AT1G35750	0
AT1G06100	76
AT1G31240	32
AT1G19330	379
AT1G07000	339
AT1G60140	1088
AT1G78620	1286
AT1G24600	34
AT1G14260	49
AT1G01190	204
AT1G59920	6
AT1G07705	1035
AT1G08520	7847
AT1G30810	594
AT1G06390	1343
AT1G70580	1711
AT1G25550	1499
AT1G51530	4
AT1G55390	14
AT1G47420	4926
AT1G34403	0
AT1G22000	4
AT1G53875	0
AT1G09510	0
AT1G46840	0
AT1G77780	0
AT1G02490	27
AT1G22020	735
AT1G66650	32
AT1G73260	551
AT1G77250	316
AT1G16780	474
AT1G62430	1209
AT1G48640	26
AT1G23810	0
AT1G21110	596
AT1G56600	65
AT1G02440	4
AT1G66145	0
AT1G17410	104
AT1G31750	22
AT1G12440	1436
AT1G77290	114
AT1G34140	0
AT1G57630	17
AT1G01520	2
AT1G53500	658
AT1G16240	1154
AT1G78600	1806
AT1G80170	185
AT1G30974	0
AT1G22200	1048
AT1G08270	25
AT1G29580	0
AT1G55535	353
AT1G31460	137
AT1G53840	1597
AT1G64200	307
AT1G58470	140
AT1G71260	1025
AT1G21970	0
AT1G63000	3832
AT1G77480	446
AT1G71910	29
AT1G67250	1378
AT1G16900	748
AT1G28040	0
AT1G16720	2731
AT1G14170	754
AT1G68090	2
AT1G16440	29
AT1G64700	48
AT1G10910	902
AT1G69210	214
AT1G14010	693
AT1G65165	0
AT1G08050	164
AT1G09080	79
AT1G22240	0
AT1G53830	244
AT1G03900	2486
AT1G33910	0
AT1G53240	11895
AT1G23690	0
AT1G67460	34
AT1G26300	431
AT1G09760	1378
AT1G47300	0
AT1G08470	570
AT1G63810	1129
AT1G46408	0
AT1G21880	681
AT1G67910	135
AT1G61370	120
AT1G52980	3035
AT1G66660	177
AT1G66130	597
AT1G35550	0
AT1G77570	59
AT1G62300	853
AT1G18130	4
AT1G14810	3237
AT1G62480	7318
AT1G48405	1
AT1G67855	0
AT1G50190	0
AT1G54330	46
AT1G03130	24166
AT1G70070	2538
AT1G21680	3990
AT1G68870	59
AT1G49760	7603
AT1G66380	10
AT1G73650	840
AT1G01700	61
AT1G22090	0
AT1G60300	0
AT1G13740	360
AT1G07920	10775
AT1G73320	192
AT1G55175	4
AT1G52230	19907
AT1G67390	2
AT1G49580	1026
AT1G61090	0
AT1G63590	0
AT1G54530	38
AT1G23037	0
AT1G11320	200
AT1G11540	101
AT1G54150	347
AT1G27120	358
AT1G54440	581
AT1G61130	10
AT1G23220	551
AT1G16390	253
AT1G49620	152
AT1G34290	0
AT1G20850	1616
AT1G12120	1391
AT1G50325	0
AT1G80525	0
AT1G22440	933
AT1G48660	35
AT1G71360	348
AT1G01530	1
AT1G76340	426
AT1G26100	226
AT1G19700	450
AT1G05770	51
AT1G07490	0
AT1G06030	1
AT1G55260	1377
AT1G05030	488
AT1G68680	611
AT1G80120	135
AT1G02400	174
AT1G24000	6
AT1G67540	0
AT1G29920	162718
AT1G32900	369
AT1G34400	0
AT1G10690	83
AT1G15015	0
AT1G47410	159
AT1G25145	0
AT1G08350	359
AT1G26240	5
AT1G11070	27
AT1G34805	0
AT1G27045	15
AT1G74310	282
AT1G11905	278
AT1G68350	16
AT1G61215	69
AT1G51970	0
AT1G61097	0
AT1G05660	42
AT1G19397	20
AT1G14185	54
AT1G54540	141
AT1G18980	60
AT1G11608	1
AT1G77790	4
AT1G63900	559
AT1G10240	259
AT1G63535	0
AT1G78160	2
AT1G22790	554
AT1G24590	0
AT1G55940	35
AT1G76480	2
AT1G15910	1007
AT1G19110	1093
AT1G76920	558
AT1G36005	0
AT1G31510	0
AT1G72260	0
AT1G01120	731
AT1G49840	375
AT1G23590	0
AT1G20450	6554
AT1G04220	85
AT1G17200	1262
AT1G18485	505
AT1G34370	2019
AT1G19360	722
AT1G55546	0
AT1G31812	10708
AT1G15700	0
AT1G76990	2283
AT1G23400	2182
AT1G09370	2
AT1G32210	1254
AT1G50745	10
AT1G61990	579
AT1G59406	0
AT1G49640	3
AT1G62935	6
AT1G07747	0
AT1G68080	201
AT1G49970	5132
AT1G72930	865
AT1G70170	32
AT1G30600	860
AT1G54500	3129
AT1G34550	1163
AT1G58410	110
AT1G22600	13
AT1G21280	0
AT1G69390	1208
AT1G52810	1
AT1G70290	593
AT1G35895	0
AT1G48780	61
AT1G14640	59
AT1G63480	630
AT1G70944	0
AT1G72230	212
AT1G34825	0
AT1G21340	19
AT1G56420	126
AT1G10630	2197
AT1G03950	226
AT1G60970	5
AT1G34930	0
AT1G06140	91
AT1G13250	492
AT1G63540	0
AT1G28000	1
AT1G23410	0
AT1G35660	251
AT1G22590	739
AT1G60380	0
AT1G76360	465
AT1G15940	1037
AT1G22870	289
AT1G16640	58
AT1G47570	495
AT1G70110	2
AT1G65440	3796
AT1G10330	41
AT1G57775	0
AT1G72970	1825
AT1G11850	1413
AT1G11720	1384
AT1G49390	42
AT1G04895	0
AT1G14453	3
AT1G05783	3
AT1G52640	66
AT1G51630	1821
AT1G51070	2479
AT1G32490	1246
AT1G02690	1021
AT1G22470	39
AT1G52520	172
AT1G66340	707
AT1G06530	0
AT1G14860	215
AT1G78810	260
AT1G21320	73
AT1G27250	0
AT1G51120	0
AT1G77360	84
AT1G54120	61
AT1G08910	696
AT1G49010	654
AT1G71880	3130
AT1G22500	398
AT1G13930	40455
AT1G16540	279
AT1G21323	0
AT1G22160	145
AT1G51950	724
AT1G31440	780
AT1G74850	2663
AT1G44191	0
AT1G23710	264
AT1G53520	1205
AT1G32150	302
AT1G12740	459
AT1G12080	828
AT1G14220	42
AT1G47470	0
AT1G06620	240
AT1G12100	27
AT1G69690	521
AT1G67210	173
AT1G74630	88
AT1G16950	0
AT1G65740	0
AT1G09180	9
AT1G70120	0
AT1G30650	253
AT1G73880	258
AT1G76810	6489
AT1G18560	146
AT1G15050	4
AT1G23180	1354
AT1G53910	3881
AT1G12520	474
AT1G68830	2336
AT1G03030	472
AT1G04690	3483
AT1G13710	350
AT1G74910	2286
AT1G61230	11
AT1G62530	4
AT1G63500	1053
AT1G49270	0
AT1G60340	1
AT1G52120	110
AT1G64670	499
AT1G51660	502
AT1G08065	0
AT1G57620	418
AT1G62390	5260
AT1G61310	222
AT1G62350	75
AT1G14060	915
AT1G27770	1805
AT1G70820	5048
AT1G72350	7
AT1G79440	4362
AT1G53990	22
AT1G35183	1
AT1G54620	0
AT1G25277	68
AT1G06170	9
AT1G21790	233
AT1G73710	513
AT1G05680	210
AT1G51965	310
AT1G16700	2661
AT1G64970	310
AT1G01960	3299
AT1G73200	720
AT1G29418	248
AT1G09350	167
AT1G75380	8502
AT1G07090	472
AT1G67020	23
AT1G31850	3094
AT1G14600	105
AT1G03220	4354
AT1G08600	1136
AT1G05087	60
AT1G61710	13
AT1G31330	62683
AT1G28600	1655
AT1G23310	24316
AT1G06730	528
AT1G75400	624
AT1G34860	0
AT1G48330	595
AT1G10588	0
AT1G06070	478
AT1G77440	1337
AT1G11765	0
AT1G27860	0
AT1G33070	0
AT1G29170	506
AT1G27630	1288
AT1G33720	81
AT1G61570	1716
AT1G09090	243
AT1G68250	1
AT1G24060	0
AT1G63055	1
AT1G68720	1694
AT1G30580	7265
AT1G04130	212
AT1G45545	28
AT1G79870	2047
AT1G57790	93
AT1G62800	498
AT1G16570	415
AT1G70140	178
AT1G33970	1612
AT1G03687	540
AT1G45221	0
AT1G30755	247
AT1G09020	1585
AT1G74160	873
AT1G23420	0
AT1G70330	501
AT1G49340	2286
AT1G09710	143
AT1G49710	556
AT1G64080	154
AT1G17080	934
AT1G76950	889
AT1G05690	47
AT1G51055	17
AT1G07060	8
AT1G72030	510
AT1G79010	3789
AT1G60640	889
AT1G61060	0
AT1G28180	0
AT1G02900	753
AT1G03210	349
AT1G70620	1671
AT1G02160	713
AT1G53165	676
AT1G31450	0
AT1G63930	52
AT1G05890	1578
AT1G68590	7575
AT1G62170	0
AT1G06710	222
AT1G02800	119
AT1G27670	53
AT1G14910	970
AT1G12850	1547
AT1G75470	0
AT1G79660	359
AT1G14300	628
AT1G75640	451
AT1G70410	3639
AT1G05065	54
AT1G55130	602
AT1G24580	12
AT1G01400	0
AT1G77093	0
AT1G07550	64
AT1G32610	44
AT1G10417	23
AT1G51880	29
AT1G63010	1510
AT1G77240	0
AT1G31020	313
AT1G24577	47
AT1G78915	755
AT1G44100	735
AT1G75180	541
AT1G27008	0
AT1G43700	841
AT1G09770	3906
AT1G53690	14
AT1G55000	599
AT1G51610	2011
AT1G53655	0
AT1G10060	524
AT1G06660	188
AT1G26762	14
AT1G67420	183
AT1G75530	0
AT1G63380	15
AT1G07902	34
AT1G10865	393
AT1G09800	201
AT1G48750	0
AT1G80760	194
AT1G79590	559
AT1G36000	0
AT1G09820	194
AT1G65960	9771
AT1G04750	2536
AT1G68850	213
AT1G23200	45
AT1G74800	569
AT1G44160	109
AT1G02510	0
AT1G14970	303
AT1G20230	158
AT1G11910	11921
AT1G51460	139
AT1G74200	37
AT1G32850	5
AT1G05700	241
AT1G13270	2371
AT1G79820	527
AT1G57906	0
AT1G24256	0
AT1G54070	0
AT1G59910	585
AT1G13990	709
AT1G01210	434
AT1G77770	516
AT1G34015	0
AT1G49360	226
AT1G78490	709
AT1G65346	0
AT1G77530	34
AT1G77450	363
AT1G49900	5
AT1G09160	749
AT1G66850	0
AT1G53885	0
AT1G06590	357
AT1G56045	5830
AT1G70360	102
AT1G67770	1
AT1G53080	4
AT1G07750	931
AT1G18210	2262
AT1G71020	976
AT1G60010	934
AT1G21530	1
AT1G74060	6700
AT1G79915	27
AT1G25390	722
AT1G14410	1333
AT1G06225	0
AT1G24570	1
AT1G49600	4593
AT1G17760	650
AT1G15430	254
AT1G21380	1535
AT1G77000	362
AT1G66940	848
AT1G77220	518
AT1G03475	7775
AT1G71180	481
AT1G70500	38
AT1G11145	0
AT1G17550	1046
AT1G44224	0
AT1G02430	9
AT1G74290	24
AT1G03370	810
AT1G52300	11550
AT1G48980	0
AT1G10950	4252
AT1G04090	23
AT1G05360	406
AT1G23790	342
AT1G21722	0
AT1G18590	1358
AT1G57820	1546
AT1G08570	1339
AT1G72110	0
AT1G02330	938
AT1G06200	1917
AT1G18020	0
AT1G65470	601
AT1G09450	201
AT1G51100	1022
AT1G80200	59
AT1G30820	1809
AT1G01450	0
AT1G78410	49
AT1G65690	274
AT1G11950	247
AT1G32350	3
AT1G45233	383
AT1G73620	864
AT1G79090	2064
AT1G13150	27
AT1G79540	345
AT1G50180	60
AT1G29350	1486
AT1G66700	10
AT1G06130	678
AT1G43600	0
AT1G08770	289
AT1G60780	2869
AT1G70680	0
AT1G79040	111918
AT1G16340	595
AT1G36627	0
AT1G08920	536
AT1G35230	39
AT1G13470	145
AT1G27740	58
AT1G32770	0
AT1G04290	126
AT1G05150	1444
AT1G65670	20
AT1G53570	1066
AT1G60390	401
AT1G58684	0
AT1G06475	0
AT1G17350	486
AT1G50420	406
AT1G05450	21
AT1G60470	119
AT1G45248	105
AT1G79360	26
AT1G76710	427
AT1G11580	5109
AT1G60240	0
AT1G19500	3
AT1G12800	8186
AT1G54690	908
AT1G53470	268
AT1G01390	104
AT1G28270	0
AT1G07360	1837
AT1G60680	1165
AT1G13570	271
AT1G43620	1020
AT1G79390	850
AT1G31860	972
AT1G30450	1249
AT1G10500	842
AT1G44446	1926
AT1G64625	98
AT1G08790	0
AT1G55775	0
AT1G44941	1
AT1G49730	575
AT1G06930	29
AT1G73885	6188
AT1G51030	2
AT1G08140	0
AT1G50670	794
AT1G72300	419
AT1G70390	6
AT1G80750	1829
AT1G04050	143
AT1G76930	21740
AT1G77320	257
AT1G77145	48
AT1G77910	0
AT1G19160	1
AT1G59950	6
AT1G48740	41
AT1G75700	28
AT1G15740	927
AT1G29720	194
AT1G47780	0
AT1G61320	0
AT1G78740	0
AT1G78530	84
AT1G52150	1359
AT1G62970	381
AT1G49960	92
AT1G68020	529
AT1G56700	1303
AT1G33820	1
AT1G03350	1295
AT1G14490	53
AT1G53750	5435
AT1G76390	124
AT1G15150	32
AT1G02680	259
AT1G11940	146
AT1G61840	14
AT1G36230	0
AT1G43667	0
AT1G74675	3
AT1G11680	2901
AT1G66670	3654
AT1G28300	4
AT1G55620	591
AT1G32030	0
AT1G16910	5
AT1G23500	1
AT1G67265	4
AT1G54240	2
AT1G72310	312
AT1G32190	263
AT1G61870	1316
AT1G66080	162
AT1G08490	1543
AT1G30960	260
AT1G09430	2340
AT1G69530	6166
AT1G78220	0
AT1G03250	1023
AT1G08840	263
AT1G51960	9
AT1G33400	425
AT1G64500	101
AT1G13440	41931
AT1G50360	743
AT1G50660	1687
AT1G52470	0
AT1G20400	11
AT1G22330	285
AT1G49910	159
AT1G76190	17
AT1G29550	251
AT1G15850	0
AT1G03600	9673
AT1G73840	1040
AT1G53280	1997
AT1G13340	73
AT1G54290	264
AT1G08430	461
AT1G26540	152
AT1G43580	835
AT1G07260	268
AT1G02270	674
AT1G69360	462
AT1G53980	0
AT1G17860	0
AT1G72175	352
AT1G76550	922
AT1G02210	0
AT1G61260	271
AT1G22680	9
AT1G06540	10
AT1G66920	371
AT1G12220	180
AT1G23280	970
AT1G72520	91
AT1G30890	454
AT1G32880	0
AT1G14480	80
AT1G80240	931
AT1G80165	0
AT1G17190	459
AT1G74840	1418
AT1G03760	227
AT1G76290	5
AT1G74670	1897
AT1G14280	186
AT1G58370	469
AT1G31555	0
AT1G65170	0
AT1G75840	1525
AT1G49405	7
AT1G13480	96
AT1G29300	207
AT1G23130	13037
AT1G32630	54
AT1G62960	628
AT1G17180	1556
AT1G27385	787
AT1G07885	7
AT1G62915	37
AT1G17345	11
AT1G09260	0
AT1G58080	3783
AT1G51940	1139
AT1G09320	313
AT1G54520	2662
AT1G55180	229
AT1G28395	612
AT1G19720	1512
AT1G33240	1261
AT1G26340	429
AT1G18197	3
AT1G09570	2965
AT1G26960	153
AT1G25580	459
AT1G72950	21
AT1G12530	534
AT1G79330	38
AT1G50200	6453
AT1G70720	6
AT1G50280	99
AT1G56030	0
AT1G28310	291
AT1G26250	4
AT1G27280	0
AT1G01453	22
AT1G03110	713
AT1G15060	628
AT1G61200	0
AT1G03200	10
AT1G49660	1217
AT1G11090	0
AT1G01110	206
AT1G61800	495
AT1G51913	14
AT1G65190	1141
AT1G36510	0
AT1G14320	25300
AT1G52720	818
AT1G66470	103
AT1G16170	309
AT1G69710	20
AT1G04160	419
AT1G71720	1528
AT1G33980	1165
AT1G32410	556
AT1G22760	10
AT1G52280	750
AT1G29560	41
AT1G55150	673
AT1G63780	591
AT1G08680	1044
AT1G77410	84
AT1G29962	0
AT1G68530	4500
AT1G33880	3
AT1G43190	1892
AT1G06290	1889
AT1G33940	0
AT1G19770	1085
AT1G50430	2412
AT1G16500	187
AT1G68910	423
AT1G03590	634
AT1G77340	0
AT1G21695	61
AT1G14620	868
AT1G14100	3
AT1G22340	32
AT1G70650	107
AT1G77710	1923
AT1G75600	1
AT1G75410	536
AT1G15690	31286
AT1G65484	23
AT1G30900	343
AT1G05730	70
AT1G80950	1080
AT1G26830	1789
AT1G27730	247
AT1G04830	302
AT1G21720	1551
AT1G62830	482
AT1G20510	904
AT1G49150	0
AT1G61170	246
AT1G26380	59
AT1G30970	900
AT1G80090	0
AT1G80580	0
AT1G44800	2260
AT1G23720	3270
AT1G15780	1337
AT1G25510	402
AT1G72730	935
AT1G77840	2092
AT1G80060	58
AT1G70510	18
AT1G08845	198
AT1G31390	0
AT1G72050	1246
AT1G11800	240
AT1G68877	0
AT1G25260	1871
AT1G20100	1274
AT1G24148	121
AT1G77520	68
AT1G51402	0
AT1G80680	1393
AT1G27340	1390
AT1G44900	1025
AT1G66830	56
AT1G50580	77
AT1G75390	477
AT1G62510	62
AT1G34812	0
AT1G73830	171
AT1G12672	2
AT1G26255	0
AT1G08160	383
AT1G28530	396
AT1G15750	2871
AT1G54260	295
AT1G76490	5732
AT1G05785	177
AT1G31010	205
AT1G05170	234
AT1G76860	1039
AT1G28080	15
AT1G60450	0
AT1G56270	0
AT1G79230	3476
AT1G13310	0
AT1G69020	127
AT1G76728	0
AT1G09245	0
AT1G68935	0
AT1G53380	804
AT1G69370	219
AT1G05205	679
AT1G06670	2022
AT1G52260	264
AT1G10230	446
AT1G68290	2
AT1G47970	3189
AT1G68200	18
AT1G53900	0
AT1G09310	20884
AT1G55700	8
AT1G47230	426
AT1G04590	684
AT1G68840	1402
AT1G55490	22824
AT1G12000	5054
AT1G10750	113
AT1G76530	42
AT1G07485	3
AT1G31430	97
AT1G60190	33
AT1G33612	36
AT1G51450	345
AT1G24510	8036
AT1G10717	0
AT1G25112	0
AT1G18600	492
AT1G48490	872
AT1G19520	1875
AT1G64690	140
AT1G72650	550
AT1G01580	340
AT1G55840	1703
AT1G66050	58
AT1G09190	227
AT1G54773	9
AT1G12470	1241
AT1G30515	85
AT1G28375	0
AT1G11545	760
AT1G14345	2219
AT1G67370	106
AT1G59780	78
AT1G67550	827
AT1G03920	52
AT1G16250	285
AT1G58090	0
AT1G74150	50
AT1G20380	385
AT1G08180	116
AT1G74400	55
AT1G02080	2334
AT1G17800	0
AT1G06640	2237
AT1G01170	946
AT1G80745	10
AT1G36970	0
AT1G01410	0
AT1G51910	0
AT1G80220	0
AT1G49475	30
AT1G76370	2
AT1G75670	326
AT1G26230	991
AT1G31600	551
AT1G20900	449
AT1G24822	0
AT1G67960	355
AT1G77380	189
AT1G75710	823
AT1G62620	15
AT1G08315	0
AT1G29740	28
AT1G05790	580
AT1G02350	55
AT1G01310	4
AT1G66090	58
AT1G17745	1507
AT1G49975	995
AT1G13180	328
AT1G14610	4120
AT1G49470	452
AT1G31950	241
AT1G14800	0
AT1G60370	0
AT1G54080	3813
AT1G12930	616
AT1G32810	799
AT1G03510	59
AT1G53163	39
AT1G31350	171
AT1G55030	0
AT1G18410	15
AT1G48410	5328
AT1G53030	192
AT1G58380	2689
AT1G76520	1442
AT1G77682	0
AT1G77620	367
AT1G30730	210
AT1G76460	397
AT1G11475	819
AT1G04010	332
AT1G29570	0
AT1G08890	548
AT1G68238	584
AT1G16680	700
AT1G29860	28
AT1G75290	34
AT1G24050	2278
AT1G32127	136
AT1G50450	1494
AT1G62730	250
AT1G27400	7048
AT1G79430	500
AT1G78690	238
AT1G72120	50
AT1G09560	2527
AT1G54445	0
AT1G49610	5
AT1G49830	18
AT1G10930	1087
AT1G27040	2
AT1G15630	12
AT1G04670	0
AT1G24340	478
AT1G08940	310
AT1G79210	1389
AT1G10820	502
AT1G24480	1
AT1G78960	165
AT1G62080	0
AT1G51000	3
AT1G24706	1629
AT1G47280	1
AT1G61065	105
AT1G29041	0
AT1G78780	52
AT1G73730	500
AT1G55140	824
AT1G04000	286
AT1G14960	108
AT1G45163	2
AT1G53190	475
AT1G61960	176
AT1G35537	0
AT1G34500	0
AT1G59730	99
AT1G06080	201
AT1G02405	2
AT1G07300	86
AT1G11810	0
AT1G35215	0
AT1G61970	168
AT1G76110	355
AT1G34760	120
AT1G08250	0
AT1G47885	1
AT1G54775	0
AT1G21460	461
AT1G49450	121
AT1G20360	0
AT1G53541	0
AT1G34260	732
AT1G07340	2
AT1G65350	0
AT1G02205	736
AT1G69750	365
AT1G63440	334
AT1G65520	260
AT1G67730	1983
AT1G29960	84
AT1G10000	29
AT1G21630	2615
AT1G21651	6
AT1G02060	174
AT1G17510	572
AT1G68180	10
AT1G48910	0
AT1G57760	0
AT1G70860	31
AT1G53390	985
AT1G75790	0
AT1G18460	463
AT1G04970	691
AT1G07860	0
AT1G05040	2
AT1G18190	538
AT1G58290	4447
AT1G32730	185
AT1G02100	805
AT1G62270	0
AT1G02940	37
AT1G68130	322
AT1G72130	487
AT1G74540	0
AT1G43160	108
AT1G50120	750
AT1G18570	190
AT1G47450	0
AT1G80100	9
AT1G71930	45
AT1G71850	464
AT1G32270	4
AT1G79810	612
AT1G27100	1049
AT1G17980	895
AT1G77500	331
AT1G05370	79
AT1G68630	0
AT1G57540	290
AT1G52450	86
AT1G31040	49
AT1G58170	136
AT1G45474	3450
AT1G50400	20
AT1G23080	3386
AT1G64850	1277
AT1G17910	0
AT1G50760	2
AT1G54720	0
AT1G73930	863
AT1G04760	184
AT1G11510	0
AT1G70175	0
AT1G56560	505
AT1G05440	167
AT1G22280	784
AT1G68600	645
AT1G66490	0
AT1G19860	652
AT1G56190	8199
AT1G05910	1076
AT1G12810	328
AT1G59590	75
AT1G67720	698
AT1G67820	194
AT1G71710	958
AT1G74990	0
AT1G47290	638
AT1G65720	1685
AT1G08590	32
AT1G15010	9
AT1G66860	1
AT1G79910	88
AT1G16480	148
AT1G32600	0
AT1G71220	3097
AT1G47610	5
AT1G65420	44
AT1G01990	437
AT1G05675	51
AT1G53940	73
AT1G17170	1076
AT1G79580	47
AT1G61290	1
AT1G73330	2373
AT1G18870	193
AT1G35140	101
AT1G22015	0
AT1G10970	157
AT1G23240	0
AT1G11870	1178
AT1G76570	184
AT1G21738	0
AT1G03840	119
AT1G68570	358
AT1G71530	0
AT1G72150	8673
AT1G54360	762
AT1G48170	232
AT1G31070	1117
AT1G30790	0
AT1G21850	0
AT1G47640	1173
AT1G75910	0
AT1G55380	54
AT1G53025	141
AT1G34360	411
AT1G26180	655
AT1G70920	28
AT1G08510	2787
AT1G20880	209
AT1G07820	2840
AT1G20060	211
AT1G26450	621
AT1G03160	1873
AT1G16225	1
AT1G03610	444
AT1G66330	734
AT1G08030	523
AT1G19670	1069
AT1G23000	265
AT1G14700	379
AT1G31170	554
AT1G27660	242
AT1G19050	442
AT1G63690	1775
AT1G44790	630
AT1G18830	9
AT1G66235	0
AT1G18860	70
AT1G32530	804
AT1G65890	44
AT1G78940	60
AT1G67650	37
AT1G55240	35
AT1G80960	57
AT1G33010	0
AT1G46264	397
AT1G25460	16
AT1G35500	0
AT1G65210	0
AT1G28005	0
AT1G75750	1960
AT1G51720	851
AT1G65680	18
AT1G05005	0
AT1G54890	205
AT1G24240	356
AT1G78050	550
AT1G12970	234
AT1G42960	3548
AT1G68723	0
AT1G13160	1358
AT1G14690	974
AT1G66120	0
AT1G73950	444
AT1G67970	587
AT1G02860	219
AT1G77720	382
AT1G59171	0
AT1G62210	1
AT1G57830	0
AT1G55830	322
AT1G79180	47
AT1G02550	0
AT1G70475	0
AT1G01620	8785
AT1G72020	4501
AT1G01290	282
AT1G29025	178
AT1G51580	476
AT1G06230	1777
AT1G73160	47
AT1G71250	0
AT1G03630	5914
AT1G76670	2070
AT1G05290	0
AT1G68990	884
AT1G19210	4
AT1G72840	137
AT1G76790	2822
AT1G80560	1878
AT1G22940	847
AT1G22720	1
AT1G45201	5176
AT1G60030	63
AT1G74790	1148
AT1G09390	216
AT1G12805	101
AT1G80860	704
AT1G61180	596
AT1G79370	0
AT1G04200	718
AT1G59530	0
AT1G03770	164
AT1G74280	131
AT1G65590	651
AT1G72390	1343
AT1G53760	352
AT1G67710	97
AT1G58310	0
AT1G31620	0
AT1G55340	1303
AT1G62740	1835
AT1G56260	90
AT1G25682	710
AT1G75490	12
AT1G07840	798
AT1G77890	140
AT1G51860	244
AT1G79680	11
AT1G50260	295
AT1G51870	30
AT1G21770	84
AT1G17610	0
AT1G20070	0
AT1G30740	7
AT1G62990	308
AT1G62560	1672
AT1G35330	24
AT1G26630	17319
AT1G09500	115
AT1G06510	544
AT1G19270	496
AT1G32975	1
AT1G14350	467
AT1G10380	304
AT1G26170	720
AT1G08165	35
AT1G77930	1084
AT1G60900	1650
AT1G33640	0
AT1G74170	323
AT1G51890	188
AT1G38065	0
AT1G72100	2
AT1G72990	251
AT1G75770	105
AT1G21528	0
AT1G26530	44
AT1G73540	327
AT1G63300	502
AT1G46768	65
AT1G69588	0
AT1G79850	0
AT1G73660	726
AT1G19310	443
AT1G33990	1616
AT1G66245	0
AT1G23350	5
AT1G02640	460
AT1G29830	21
AT1G02630	4
AT1G67680	2012
AT1G28120	1088
AT1G74040	1193
AT1G28230	411
AT1G64390	4626
AT1G61190	2084
AT1G26690	303
AT1G03280	960
AT1G10155	13
AT1G34047	0
AT1G65250	89
AT1G75940	0
AT1G71270	1206
AT1G64090	2896
AT1G08670	44
AT1G51520	91
AT1G30250	3
AT1G16470	1994
AT1G56380	0
AT1G65910	79
AT1G47271	31
AT1G35580	3144
AT1G61540	0
AT1G65580	1605
AT1G63330	0
AT1G65790	50
AT1G50140	1011
AT1G22010	0
AT1G08410	1034
AT1G11530	476
AT1G75130	379
AT1G22550	319
AT1G73190	0
AT1G54095	5
AT1G31120	465
AT1G03150	486
AT1G27980	705
AT1G52220	3785
AT1G31960	0
AT1G56440	243
AT1G04540	53
AT1G80140	0
AT1G64280	867
AT1G22910	456
AT1G77850	380
AT1G35510	586
AT1G49510	815
AT1G26930	472
AT1G60815	0
AT1G24460	1653
AT1G22130	0
AT1G43080	0
AT1G06430	2217
AT1G70000	235
AT1G76260	394
AT1G49330	5
AT1G05805	952
AT1G20740	0
AT1G52900	0
AT1G43810	3
AT1G21864	0
AT1G01305	2
AT1G16890	1295
AT1G62940	1
AT1G20923	0
AT1G77390	55
AT1G30455	0
AT1G33355	0
AT1G23110	162
AT1G20970	2289
AT1G02700	40
AT1G70340	151
AT1G09950	15
AT1G66045	0
AT1G77860	10
AT1G21160	737
AT1G06360	1307
AT1G43890	1687
AT1G75360	39
AT1G29410	146
AT1G79060	207
AT1G01280	0
AT1G52950	1
AT1G22170	401
AT1G21520	173
AT1G10730	244
AT1G07880	206
AT1G79030	524
AT1G11930	1953
AT1G49630	963
AT1G09170	77
AT1G72240	16
AT1G66600	2
AT1G54140	340
AT1G74480	0
AT1G36623	0
AT1G15200	1806
AT1G24095	119
AT1G73090	600
AT1G04780	1329
AT1G68330	89
AT1G34480	15
AT1G76240	163
AT1G20760	1455
AT1G56690	157
AT1G17520	312
AT1G76740	185
AT1G78570	5298
AT1G09470	333
AT1G77260	867
AT1G50930	12
AT1G12270	1893
AT1G68050	3437
AT1G66800	49
AT1G13330	45
AT1G23970	216
AT1G49720	1337
AT1G15290	2937
AT1G09580	534
AT1G42970	50437
AT1G53780	1180
AT1G26910	715
AT1G07410	94
AT1G66345	103
AT1G49670	1974
AT1G24610	1044
AT1G25300	0
AT1G21210	25
AT1G31260	0
AT1G77815	0
AT1G47800	0
AT1G44770	618
AT1G68380	0
AT1G01820	1678
AT1G50050	1
AT1G74088	76
AT1G27620	106
AT1G63320	0
AT1G21200	274
AT1G03780	672
AT1G09070	2380
AT1G56310	276
AT1G48900	2055
AT1G78700	327
AT1G65845	755
AT1G34350	499
AT1G31630	0
AT1G28470	72
AT1G12665	0
AT1G22460	40
AT1G27390	1640
AT1G18330	340
AT1G72700	1254
AT1G79000	1916
AT1G24485	0
AT1G11730	57
AT1G73480	432
AT1G10480	35
AT1G74530	390
AT1G07645	0
AT1G75920	4
AT1G29990	1115
AT1G79560	3151
AT1G70670	370
AT1G04530	1234
AT1G41920	0
AT1G07570	276
AT1G78280	623
AT1G15530	354
AT1G53050	1173
AT1G67180	125
AT1G36922	0
AT1G33430	0
AT1G17620	951
AT1G48745	40
AT1G76020	564
AT1G66110	3
AT1G10640	409
AT1G48670	38
AT1G11740	60
AT1G18040	386
AT1G02990	512
AT1G17700	55
AT1G23490	4626
AT1G75440	179
AT1G20810	1269
AT1G04400	3804
AT1G23390	2224
AT1G50370	1299
AT1G65295	520
AT1G21900	985
AT1G13960	543
AT1G62320	57
AT1G79160	355
AT1G02390	31
AT1G29680	0
AT1G04450	0
AT1G04660	6
AT1G69340	1131
AT1G51840	302
AT1G77690	1095
AT1G11370	0
AT1G66480	237
AT1G47940	0
AT1G64235	0
AT1G47580	510
AT1G12730	326
AT1G79080	735
AT1G23950	841
AT1G22300	7753
AT1G24120	796
AT1G31710	628
AT1G61620	884
AT1G31370	0
AT1G64630	403
AT1G10586	0
AT1G75350	10342
AT1G20683	0
AT1G08210	505
AT1G04250	1210
AT1G69880	455
AT1G16445	188
AT1G53400	440
AT1G17420	234
AT1G09270	2774
AT1G03530	1017
AT1G47990	14
AT1G26798	0
AT1G11560	0
AT1G63960	4
AT1G29395	1676
AT1G08560	1609
AT1G48700	2
AT1G19400	752
AT1G76400	1269
AT1G19790	28
AT1G29120	949
AT1G48590	2
AT1G35170	0
AT1G10280	165
AT1G80970	63
AT1G21120	159
AT1G73600	16015
AT1G66210	0
AT1G11710	79
AT1G75830	0
AT1G13410	130
AT1G53935	1
AT1G03860	2264
AT1G55330	0
AT1G52710	315
AT1G23520	1
AT1G14688	2
AT1G67455	0
AT1G08830	1270
AT1G25310	0
AT1G63340	0
AT1G78910	142
AT1G11572	0
AT1G39070	0
AT1G07830	757
AT1G05630	520
AT1G79500	930
AT1G72040	2420
AT1G73290	15
AT1G14980	3303
AT1G78070	432
AT1G51550	64
AT1G80670	811
AT1G30160	40
AT1G37140	3
AT1G79800	2
AT1G69180	7
AT1G66855	0
AT1G30710	2
AT1G17230	0
AT1G68550	581
AT1G09100	853
AT1G35850	0
AT1G11040	0
AT1G74560	2296
AT1G71820	1970
AT1G65050	0
AT1G10710	8
AT1G63140	0
AT1G33780	291
AT1G64950	1971
AT1G06750	0
AT1G07290	103
AT1G20620	59857
AT1G22700	2575
AT1G33770	0
AT1G10920	129
AT1G80490	1750
AT1G61410	18
AT1G76650	105
AT1G54570	1408
AT1G33265	712
AT1G71290	0
AT1G04900	356
AT1G28090	716
AT1G55720	0
AT1G02370	394
AT1G24250	4
AT1G12290	99
AT1G23800	534
AT1G70505	118
AT1G66740	313
AT1G15030	723
AT1G13230	1
AT1G31580	5697
AT1G31320	333
AT1G58350	666
AT1G34120	214
AT1G49210	16
AT1G10040	111
AT1G50750	5
AT1G67100	28
AT1G65180	46
AT1G06310	46
AT1G36325	0
AT1G24110	0
AT1G27950	2955
AT1G34840	0
AT1G54385	613
AT1G21313	0
AT1G18500	2216
AT1G70980	699
AT1G26780	13
AT1G30825	289
AT1G19250	35
AT1G70090	905
AT1G18773	47
AT1G17120	686
AT1G51510	3269
AT1G52855	29
AT1G60400	0
AT1G80360	2457
AT1G49160	215
AT1G29050	486
AT1G67623	4
AT1G53610	1
AT1G48500	106
AT1G06340	0
AT1G24996	0
AT1G06440	135
AT1G04620	1485
AT1G19460	0
AT1G78870	1135
AT1G54475	0
AT1G65340	4
AT1G64170	1106
AT1G70370	3823
AT1G31200	30
AT1G04240	232
AT1G27130	1414
AT1G25410	0
AT1G63050	519
AT1G47660	0
AT1G12244	220
AT1G50600	930
AT1G18620	839
AT1G03290	611
AT1G18250	1648
AT1G75630	2195
AT1G61680	6
AT1G18910	338
AT1G47128	12242
AT1G65970	58
AT1G05940	1031
AT1G76640	5
AT1G13120	691
AT1G73610	0
AT1G26900	202
AT1G43980	44
AT1G22270	922
AT1G32540	377
AT1G05410	419
AT1G03700	20
AT1G30473	0
AT1G49015	0
AT1G55950	6
AT1G75150	282
AT1G29690	489
AT1G76350	460
AT1G44980	0
AT1G78650	415
AT1G19000	2998
AT1G64100	11
AT1G29430	65
AT1G15415	6
AT1G21190	846
AT1G31360	310
AT1G45063	2
AT1G05020	18
AT1G09010	2377
AT1G76954	1
AT1G55600	0
AT1G80540	10
AT1G07810	1486
AT1G45110	163
AT1G33220	0
AT1G12240	1677
AT1G61780	1091
AT1G52910	193
AT1G27820	3
AT1G51160	1090
AT1G11760	220
AT1G07725	0
AT1G60860	493
AT1G07140	6253
AT1G79990	3117
AT1G11200	490
AT1G27520	592
AT1G78560	1107
AT1G44910	1030
AT1G71160	0
AT1G58245	0
AT1G66510	221
AT1G73607	0
AT1G33270	485
AT1G10460	39
AT1G63520	21
AT1G16320	638
AT1G43320	0
AT1G69720	73
AT1G19830	14
AT1G35160	3523
AT1G52180	0
AT1G24030	74
AT1G35181	0
AT1G78300	3766
AT1G19750	49
AT1G12040	672
AT1G64190	2097
AT1G53635	4
AT1G21070	277
AT1G01320	12533
AT1G69310	370
AT1G69450	613
AT1G26150	2835
AT1G14530	182
AT1G09840	1386
AT1G63980	1933
AT1G47960	326
AT1G63110	772
AT1G65486	275
AT1G64870	0
AT1G29220	543
AT1G78400	0
AT1G78635	1
AT1G79550	14026
AT1G72920	120
AT1G77640	13
AT1G10840	3226
AT1G01790	4185
AT1G79650	1199
AT1G16350	3147
AT1G68510	0
AT1G23770	0
AT1G04350	643
AT1G16220	255
AT1G32700	465
AT1G67040	217
AT1G54610	1936
AT1G50950	116
AT1G78200	436
AT1G56553	0
AT1G26680	39
AT1G10130	1099
AT1G76900	1025
AT1G20830	386
AT1G73700	22
AT1G52565	39
AT1G70600	20575
AT1G66260	2715
AT1G05970	161
AT1G17000	0
AT1G07110	4234
AT1G70220	21
AT1G60890	890
AT1G23965	4
AT1G28020	0
AT1G18335	156
AT1G25270	0
AT1G09420	186
AT1G04105	0
AT1G19320	1
AT1G07710	39
AT1G48950	451
AT1G15760	83
AT1G17920	166
AT1G80920	2842
AT1G65160	0
AT1G76780	89
AT1G14000	1508
AT1G68460	16
AT1G79150	1323
AT1G27350	1338
AT1G22060	1278
AT1G76410	36
AT1G02030	14
AT1G17580	1082
AT1G36030	0
AT1G64800	0
AT1G02960	305
AT1G28100	270
AT1G79280	2192
AT1G59680	0
AT1G78660	826
AT1G53680	91
AT1G30860	91
AT1G66360	5
AT1G66900	337
AT1G11660	1479
AT1G62070	0
AT1G06830	423
AT1G21780	592
AT1G57613	0
AT1G24560	882
AT1G35670	771
AT1G44960	310
AT1G45160	1287
AT1G16190	815
AT1G76140	2665
AT1G56010	349
AT1G61700	0
AT1G12150	0
AT1G70380	0
AT1G06923	17
AT1G47840	405
AT1G52325	0
AT1G80930	2711
AT1G60930	167
AT1G14940	0
AT1G74770	473
AT1G27880	171
AT1G72190	308
AT1G01810	22
AT1G03330	1062
AT1G79610	375
AT1G74055	0
AT1G26710	0
AT1G68140	1356
AT1G05550	2
AT1G30080	127
AT1G64370	7543
AT1G33475	23
AT1G80620	1254
AT1G13140	15
AT1G11060	470
AT1G64150	1038
AT1G02816	282
AT1G68540	203
AT1G16280	454
AT1G71370	0
AT1G62360	78
AT1G45229	27
AT1G50630	234
AT1G12630	32
AT1G65349	0
AT1G20693	7620
AT1G13380	985
AT1G20160	499
AT1G23900	1072
AT1G51150	0
AT1G64310	26
AT1G21620	0
AT1G16860	1401
AT1G03940	249
AT1G31250	1
AT1G49715	0
AT1G07970	489
AT1G32763	0
AT1G20240	0
AT1G12360	1292
AT1G32230	4656
AT1G22985	81
AT1G78340	543
AT1G28370	43
AT1G64585	0
AT1G53180	169
AT1G23205	227
AT1G69660	0
AT1G56670	91
AT1G32380	481
AT1G52390	0
AT1G15520	137
AT1G30440	2191
AT1G44835	854
AT1G17665	592
AT1G18680	187
AT1G69670	652
AT1G73805	79
AT1G75300	6
AT1G44180	24
AT1G42430	923
AT1G36050	1302
AT1G61390	56
AT1G04560	3
AT1G30350	0
AT1G55220	0
AT1G04080	2656
AT1G43330	0
AT1G26225	0
AT1G09600	76
AT1G51590	1308
AT1G79120	77
AT1G16850	255
AT1G18140	117
AT1G68110	81
AT1G19565	3
AT1G50490	1319
AT1G48370	442
AT1G02705	8
AT1G21065	1866
AT1G32940	220
AT1G50240	767
AT1G71015	84
AT1G46696	0
AT1G71790	458
AT1G30380	64482
AT1G05860	297
AT1G21350	928
AT1G26976	0
AT1G53430	1176
AT1G35350	349
AT1G21700	1144
AT1G69260	109
AT1G78430	414
AT1G52030	69
AT1G22190	483
AT1G25520	533
AT1G30370	18
AT1G62225	4
AT1G15960	159
AT1G33710	0
AT1G03270	129
AT1G30460	645
AT1G06148	2
AT1G07450	77
AT1G16790	2
AT1G64295	0
AT1G30750	270
AT1G36180	443
AT1G75020	209
AT1G30500	103
AT1G76465	0
AT1G55480	5765
AT1G06850	294
AT1G63720	67
AT1G32450	3813
AT1G27555	0
AT1G70180	651
AT1G63230	77
AT1G76380	397
AT1G48150	0
AT1G70950	176
AT1G14990	367
AT1G22080	0
AT1G66410	6082
AT1G72275	154
AT1G31163	0
AT1G31180	3141
AT1G67740	27273
AT1G43770	86
AT1G47380	594
AT1G01840	7
AT1G29380	228
AT1G19650	371
AT1G02820	34
AT1G55450	1477
AT1G52340	293
AT1G04980	820
AT1G16330	199
AT1G48300	4554
AT1G76610	17
AT1G78770	315
AT1G49120	0
AT1G07120	4
AT1G28030	0
AT1G25422	93
AT1G20130	6
AT1G63950	0
AT1G67090	519622
AT1G55900	840
AT1G73410	25
AT1G48630	4799
AT1G22640	255
AT1G28335	0
AT1G53440	1112
AT1G77885	521
AT1G26515	1
AT1G69990	2
AT1G71980	1397
AT1G17750	75
AT1G12060	215
AT1G04040	2255
AT1G06410	3687
AT1G76760	90
AT1G64561	10
AT1G50575	695
AT1G34750	279
AT1G63260	273
AT1G02320	0
AT1G02575	3
AT1G65550	0
AT1G16380	0
AT1G07320	18372
AT1G30400	4313
AT1G67570	164
AT1G31380	0
AT1G07370	971
AT1G19190	61
AT1G80770	1423
AT1G33830	0
AT1G32720	0
AT1G64405	130
AT1G06960	467
AT1G76690	1052
AT1G78190	90
AT1G73230	5456
AT1G05600	145
AT1G25350	2518
AT1G64105	0
AT1G47915	0
AT1G17880	5472
AT1G59650	371
AT1G78360	11
AT1G77030	1583
AT1G28400	3803
AT1G13680	1
AT1G68740	521
AT1G20910	489
AT1G12680	567
AT1G64220	116
AT1G47750	277
AT1G27850	1083
AT1G50970	177
AT1G47655	76
AT1G52370	660
AT1G49032	195
AT1G09830	1153
AT1G75500	5905
AT1G26355	0
AT1G57650	0
AT1G74500	322
AT1G73850	188
AT1G71320	0
AT1G08370	923
AT1G10760	19214
AT1G20610	393
AT1G31220	272
AT1G26770	2013
AT1G28420	1469
AT1G79520	230
AT1G63130	272
AT1G20090	1513
AT1G62180	952
AT1G33960	95
AT1G16460	1171
AT1G69920	7
AT1G17680	659
AT1G22430	1265
AT1G75880	133
AT1G05400	17
AT1G67120	1207
AT1G10780	314
AT1G03400	225
AT1G77300	1388
AT1G19910	4994
AT1G66310	0
AT1G66750	264
AT1G72416	287
AT1G05055	524
AT1G74230	3499
AT1G80420	384
AT1G05470	371
AT1G07160	23
AT1G11925	8
AT1G79200	524
AT1G61490	123
AT1G12950	222
AT1G57765	353
AT1G65481	36
AT1G09625	0
AT1G28060	1941
AT1G17940	349
AT1G14450	595
AT1G06630	392
AT1G51930	0
AT1G72440	2042
AT1G76170	111
AT1G23150	285
AT1G05210	293
AT1G27210	924
AT1G75100	189
AT1G72125	57
AT1G24200	0
AT1G48095	0
AT1G61380	542
AT1G52660	46
AT1G16000	1058
AT1G60550	2277
AT1G69680	209
AT1G22480	2
AT1G48520	2538
AT1G10400	56
AT1G64770	3496
AT1G21440	2487
AT1G78900	17348
AT1G03982	0
AT1G25054	0
AT1G03340	115
AT1G60985	0
AT1G29540	0
AT1G80555	8
AT1G53600	88
AT1G24807	0
AT1G64540	6
AT1G78450	129
AT1G52820	33
AT1G19260	0
AT1G14380	1029
AT1G47495	0
AT1G67860	1020
AT1G51670	13
AT1G67785	3156
AT1G33540	17
AT1G08800	504
AT1G21000	549
AT1G50920	4955
AT1G05650	1
AT1G64680	3156
AT1G60670	309
AT1G17065	14
AT1G73490	1398
AT1G71690	7
AT1G53650	315
AT1G02530	9
AT1G10680	12
AT1G30990	18
AT1G21400	406
AT1G33920	0
AT1G09810	322
AT1G06870	674
AT1G20030	1029
AT1G12310	0
AT1G19290	324
AT1G21390	183
AT1G78060	1528
AT1G01980	7
AT1G69240	65
AT1G48020	4
AT1G53950	17
AT1G66140	539
AT1G75030	39
AT1G08970	1096
AT1G74780	241
AT1G05090	27
AT1G27300	416
AT1G53540	4
AT1G49740	666
AT1G78670	964
AT1G20500	0
AT1G57750	0
AT1G69050	22
AT1G11650	7395
AT1G33500	15
AT1G51330	1
AT1G77020	203
AT1G80280	1155
AT1G49560	499
AT1G18510	0
AT1G72830	187
AT1G29775	0
AT1G72470	355
AT1G29230	23
AT1G12330	519
AT1G22810	0
AT1G74870	36
AT1G17630	148
AT1G57720	8882
AT1G14580	672
AT1G05835	5
AT1G19840	96
AT1G75890	9
AT1G32570	12
AT1G50732	518
AT1G12070	3
AT1G30140	3
AT1G76440	174
AT1G71350	559
AT1G03000	984
AT1G48480	1573
AT1G64440	540
AT1G31130	1225
AT1G52060	610
AT1G71760	38
AT1G14340	368
AT1G49380	1419
AT1G73500	439
AT1G22750	985
AT1G16310	259
AT1G59710	481
AT1G09590	11498
AT1G36280	655
AT1G20680	3
AT1G06110	666
AT1G62980	272
AT1G29760	338
AT1G26773	0
AT1G14270	1979
AT1G23700	0
AT1G68930	150
AT1G20225	732
AT1G22960	304
AT1G70570	1720
AT1G44050	33
AT1G54320	1481
AT1G65030	722
AT1G47695	0
AT1G17290	4574
AT1G06210	1001
AT1G17030	76
AT1G80780	927
AT1G71950	647
AT1G20950	2477
AT1G19394	11
AT1G58230	1207
AT1G21835	0
AT1G58050	0
AT1G70150	172
AT1G35560	278
AT1G13090	910
AT1G64050	643
AT1G17850	713
AT1G45150	468
AT1G04510	1786
AT1G68795	84
AT1G71470	0
AT1G73130	165
AT1G21580	1435
AT1G67600	41
AT1G75690	3220
AT1G10310	749
AT1G22880	462
AT1G40090	0
AT1G48570	1124
AT1G72900	318
AT1G65230	1079
AT1G17480	237
AT1G53660	20
AT1G36960	0
AT1G80160	15
AT1G19020	158
AT1G17150	0
AT1G61250	1807
AT1G54210	134
AT1G55750	438
AT1G18700	811
AT1G16130	44
AT1G68920	583
AT1G17820	0
AT1G77870	23
AT1G71990	122
AT1G61440	13
AT1G73920	1248
AT1G64040	1831
AT1G07135	488
AT1G52420	1566
AT1G35320	369
AT1G17100	2178
AT1G47540	0
AT1G77950	0
AT1G79450	182
AT1G01540	1577
AT1G48130	1
AT1G67080	719
AT1G44575	34604
AT1G19610	33
AT1G34042	0
AT1G08390	147
AT1G10090	800
AT1G74650	66
AT1G69610	139
AT1G54700	0
AT1G66530	994
AT1G11610	0
AT1G32420	0
AT1G60625	0
AT1G08340	166
AT1G13040	167
AT1G25320	337
AT1G66780	5
AT1G23550	59
AT1G35730	1
AT1G20803	0
AT1G19060	0
AT1G43310	0
AT1G03820	821
AT1G03100	77
AT1G27030	1191
AT1G80450	161
AT1G07560	106
AT1G69330	317
AT1G51560	649
AT1G18270	1423
AT1G28670	747
AT1G07870	328
AT1G08860	8
AT1G55560	10
AT1G73820	356
AT1G18320	63
AT1G71840	1455
AT1G63610	1738
AT1G32690	100
AT1G77730	3
AT1G79250	27
AT1G48550	240
AT1G79190	426
AT1G59930	8
AT1G74440	64
AT1G74010	74
AT1G51640	0
AT1G08980	2096
AT1G60810	1255
AT1G28265	0
AT1G05850	12490
AT1G31780	1397
AT1G10745	0
AT1G16400	1046
AT1G64065	28
AT1G63206	0
AT1G23935	177
AT1G61950	17
AT1G50940	471
AT1G33140	7268
AT1G59600	548
AT1G69760	438
AT1G23780	1017
AT1G06135	0
AT1G14760	7
AT1G56385	0
AT1G65270	2039
AT1G07890	23651
AT1G69825	0
AT1G09360	0
AT1G73890	46
AT1G53480	1
AT1G10960	8316
AT1G06550	1820
AT1G50960	4
AT1G70020	12
AT1G06925	0
AT1G32330	374
AT1G01900	189
AT1G55790	0
AT1G24400	122
AT1G11290	317
AT1G26360	25
AT1G02065	40
AT1G20280	0
AT1G48355	0
AT1G16940	0
AT1G20940	0
AT1G15710	683
AT1G14190	73
AT1G09200	3982
AT1G48390	31
AT1G10875	0
AT1G60600	1503
AT1G67800	402
AT1G31810	1059
AT1G58055	0
AT1G24230	1
AT1G68070	678
AT1G63180	157
AT1G52800	63
AT1G17160	646
AT1G72540	18
AT1G35260	317
AT1G59610	2527
AT1G54050	106
AT1G65390	233
AT1G70480	861
AT1G15900	15
AT1G26330	133
AT1G11270	60
AT1G64860	1225
AT1G20405	0
AT1G16770	15
AT1G18400	231
AT1G61050	58
AT1G72910	229
AT1G51355	36
AT1G29179	19
AT1G13143	0
AT1G42560	0
AT1G13760	0
AT1G74740	323
AT1G63450	58
AT1G63680	2533
AT1G34050	1
AT1G03470	253
AT1G74380	1522
AT1G66170	1
AT1G28340	1473
AT1G79890	92
AT1G20980	2368
AT1G70200	2378
AT1G71480	104
AT1G20260	6743
AT1G32090	862
AT1G62760	12
AT1G07510	1377
AT1G02460	135
AT1G19300	364
AT1G20700	90
AT1G20310	5
AT1G80040	1350
AT1G78230	129
AT1G20640	695
AT1G67410	232
AT1G44110	609
AT1G24475	0
AT1G56170	0
AT1G23460	311
AT1G80480	3489
AT1G72370	18268
AT1G43780	4
AT1G24388	0
AT1G02040	3
AT1G30010	203
AT1G13830	82
AT1G45130	1912
AT1G56100	0
AT1G75250	29
AT1G19090	1
AT1G66820	0
AT1G54115	679
AT1G12870	0
AT1G32337	0
AT1G69170	158
AT1G15770	2
AT1G52780	758
AT1G32340	493
AT1G05615	0
AT1G04190	1024
AT1G61475	0
AT1G72710	3874
AT1G05490	47
AT1G69030	647
AT1G27440	289
AT1G24909	0
AT1G64195	1
AT1G46912	0
AT1G58100	661
AT1G03260	248
AT1G56590	563
AT1G06820	1217
AT1G62262	18
AT1G71070	745
AT1G80000	1151
AT1G74890	89
AT1G20687	0
AT1G59560	189
AT1G15580	7
AT1G08280	384
AT1G10350	575
AT1G24160	1417
AT1G25211	2
AT1G12370	328
AT1G26920	647
AT1G56290	413
AT1G18070	4315
AT1G26850	6750
AT1G08120	0
AT1G72010	1269
AT1G16690	305
AT1G01380	30
AT1G58180	442
AT1G72790	252
AT1G33870	0
AT1G11280	770
AT1G31140	3
AT1G68585	212
AT1G75720	27
AT1G77920	668
AT1G73010	1058
AT1G72460	0
AT1G55917	0
AT1G50820	5
AT1G22030	247
AT1G12580	932
AT1G17990	0
AT1G16916	654
AT1G56130	120
AT1G19490	90
AT1G30520	947
AT1G19980	146
AT1G75945	189
AT1G53060	101
AT1G13080	231
AT1G54215	19
AT1G67325	844
AT1G59830	1077
AT1G15825	0
AT1G28327	0
AT1G68220	947
AT1G19350	1846
AT1G76420	27
AT1G53460	462
AT1G56610	118
AT1G72810	770
AT1G23090	669
AT1G15020	445
AT1G17870	73
AT1G29390	1255
AT1G70750	462
AT1G79310	43
AT1G15320	2
AT1G63660	1999
AT1G70209	0
AT1G59750	1644
AT1G08580	1847
AT1G13607	5
AT1G07390	124
AT1G44085	0
AT1G11630	256
AT1G02230	19
AT1G13280	796
AT1G58190	76
AT1G09860	0
AT1G61093	0
AT1G12300	155
AT1G11480	1881
AT1G26750	696
AT1G52650	10
AT1G07901	14
AT1G52040	136
AT1G23870	689
AT1G27580	2
AT1G11785	6
AT1G34380	356
AT1G17470	1792
AT1G29810	332
AT1G79620	217
AT1G34770	181
AT1G30795	0
AT1G23530	191
AT1G62600	403
AT1G14630	155
AT1G29250	2016
AT1G04170	3479
AT1G29070	10979
AT1G19170	417
AT1G77610	1143
AT1G05035	37
AT1G31520	0
AT1G55670	16287
AT1G60250	0
AT1G48140	269
AT1G79830	3003
AT1G05230	322
AT1G34315	44
AT1G79020	294
AT1G77590	2409
AT1G03910	1903
AT1G09380	11
AT1G80310	0
AT1G66550	0
AT1G68430	97
AT1G50870	0
AT1G76730	1231
AT1G03970	311
AT1G21090	351
AT1G44780	435
AT1G60880	0
AT1G06160	236
AT1G20530	39
AT1G16710	1058
AT1G07590	20088
AT1G32080	6707
AT1G21100	175
AT1G73150	171
AT1G07010	611
AT1G61566	7
AT1G65541	0
AT1G70830	3269
AT1G52920	22
AT1G24405	17
AT1G71740	56
AT1G08613	0
AT1G07447	0
AT1G04943	0
AT1G06373	0
AT1G09597	0
AT1G07317	0
AT1G06443	0
AT1G06427	0
AT1G05117	0
AT1G04967	0
AT1G04137	0
AT1G09503	0
AT1G07597	0
AT1G07617	0
AT1G08393	1
AT1G08553	0
AT1G08977	0
AT1G09767	0
AT1G06603	0
AT1G07723	0
AT1G08587	0
AT1G07793	0
AT1G07133	0
AT1G06123	1
AT1G08007	0
AT1G07337	0
AT1G09013	0
AT1G08703	0
AT1G08403	0
AT1G05177	0
AT1G05413	0
AT1G06023	0
AT1G09343	0
AT1G05793	0
AT1G09123	0
AT1G07417	0
AT1G07383	0
AT1G07353	0
AT1G05597	0
AT1G06133	0
AT1G07787	0
AT1G09117	0
AT1G04313	7
AT1G06413	0
AT1G04377	0
AT1G09807	0
AT1G06567	1
AT1G07167	23
AT1G05567	0
AT1G06347	0
AT1G05003	0
AT1G05713	0
AT1G05103	5
AT1G05903	0
AT1G06687	0
AT1G09953	0
AT1G07763	0
AT1G08677	0
AT1G08697	22
AT1G06507	0
AT1G04133	0
AT1G06513	0
AT1G08913	0
AT1G07533	0
AT1G09307	0
AT1G08147	0
AT1G07437	0
AT1G09263	0
AT1G04397	0
AT1G08433	0
AT1G07873	0
AT1G06747	0
AT1G06007	0
AT1G06127	0
AT1G04323	21
AT1G06363	0
AT1G04493	0
AT1G09317	0
AT1G06307	0
AT1G08033	0
AT1G04403	0
AT1G09357	0
AT1G07503	0
AT1G05693	0
AT1G06117	1
AT1G07247	0
AT1G06097	0
AT1G07397	0
AT1G09937	6
AT1G07367	85
AT1G05497	0
AT1G09703	0
AT1G09407	0
AT1G07027	4
AT1G09103	5
AT1G08153	0
AT1G04717	0
AT1G07237	0
AT1G09113	0
AT1G07343	0
AT1G09427	8
AT1G06947	0
AT1G04667	0
AT1G08103	10
AT1G04257	0
AT1G08897	0
AT1G04863	0
AT1G05823	0
AT1G07527	0
AT1G05633	0
AT1G08653	0
AT1G08717	0
AT1G09607	2
AT1G04557	0
AT1G09477	0
AT1G06377	0
AT1G08817	0
AT1G07163	0
AT1G08277	0
AT1G06827	0
AT1G06187	0
AT1G06683	0
AT1G08397	0
AT1G04983	0
AT1G04337	0
AT1G07267	0
AT1G05233	0
AT1G06743	0
AT1G06057	0
AT1G05803	0
AT1G08247	0
AT1G08763	0
AT1G09773	0
AT1G07413	0
AT1G09047	0
AT1G08883	0
AT1G08907	0
AT1G06313	0
AT1G05443	5
AT1G09337	0
AT1G06613	0
AT1G09833	0
AT1G05303	0
AT1G09197	0
AT1G08063	0
AT1G07373	54
AT1G09303	0
AT1G08623	0
AT1G08833	5
AT1G05937	3
AT1G09373	0
AT1G05027	0
AT1G04287	4
AT1G05067	0
AT1G09173	0
AT1G05313	0
AT1G06317	0
AT1G09127	0
AT1G05607	0
AT1G08923	0
AT1G05173	0
AT1G07177	0
AT1G04293	0
AT1G06103	0
AT1G09633	0
AT1G04653	0
AT1G05647	0
AT1G07917	0
AT1G05013	4
AT1G08027	0
AT1G06417	0
AT1G06403	0
AT1G04593	0
AT1G09283	0
AT1G07767	0
AT1G04787	0
AT1G09957	0
AT1G08227	0
AT1G05093	0
AT1G09723	0
AT1G06203	0
AT1G09293	0
AT1G06943	0
AT1G04253	0
AT1G04793	0
AT1G05913	0
AT1G06967	0
AT1G07287	1
AT1G09273	0
AT1G09563	0
AT1G04657	0
AT1G05827	0
AT1G06433	0
AT1G06533	0
AT1G06473	42
AT1G07627	0
AT1G05543	0
AT1G08523	0
AT1G08383	0
AT1G06557	0
AT1G05237	0
AT1G06693	2
AT1G06013	0
AT1G05613	0
AT1G04987	0
AT1G05517	9
AT1G07497	0
AT1G07927	0
AT1G06407	0
AT1G06593	0
AT1G07907	0
AT1G09737	0
AT1G08903	26
AT1G08637	0
AT1G07347	0
AT1G06957	6
AT1G05447	1
AT1G04687	0
AT1G04847	0
AT1G07523	0
AT1G07923	0
AT1G07433	0
AT1G08497	0
AT1G07777	0
AT1G05377	0
AT1G06197	0
AT1G08357	0
AT1G04203	0
AT1G04703	0
AT1G04063	0
AT1G08223	0
AT1G04747	0
AT1G06733	1
AT1G06173	7
AT1G08217	1
AT1G08627	0
AT1G07467	0
AT1G09033	0
AT1G05153	5
AT1G09667	0
AT1G05477	0
AT1G05643	0
AT1G06853	0
AT1G09653	0
AT1G04497	0
AT1G04037	9
AT1G08313	0
AT1G06353	0
AT1G09423	0
AT1G05863	0
AT1G08663	0
AT1G07123	0
AT1G09763	0
AT1G06357	0
AT1G06157	0
AT1G08057	0
AT1G08013	0
AT1G06487	2
AT1G05527	0
AT1G05373	0
AT1G05127	0
AT1G07463	0
AT1G04177	0
AT1G06837	17
AT1G09797	0
AT1G04093	4
AT1G09577	0
AT1G04143	0
AT1G28715	110
AT1G09603	0
AT1G07407	1
AT1G04333	0
AT1G04763	0
AT1G04033	4
AT1G05217	0
AT1G05097	0
AT1G05407	0
AT1G04327	0
AT1G06437	0
AT1G09613	0
AT1G09177	0
AT1G04783	0
AT1G06663	0
AT1G04963	0
AT1G07233	0
AT1G07023	0
AT1G06343	0
AT1G09353	0
AT1G06147	0
AT1G06113	2
AT1G06867	0
AT1G08017	0
AT1G06953	0
AT1G06963	7
AT1G05323	0
AT1G06617	0
AT1G06393	0
AT1G09107	0
AT1G08457	0
AT1G08377	0
AT1G08453	0
AT1G06447	0
AT1G05887	0
AT1G06783	0
AT1G05797	0
AT1G04407	0
AT1G09217	0
AT1G07483	0
AT1G06927	0
AT1G06543	0
AT1G04363	0
AT1G06657	0
AT1G09057	0
AT1G06817	0
AT1G07333	0
AT1G06883	1
AT1G08743	1
AT1G04207	0
AT1G08213	0
AT1G05493	0
AT1G07493	0
AT1G08207	0
AT1G05227	0
AT1G07913	1
AT1G07553	0
AT1G04367	0
AT1G05847	0
AT1G05953	0
AT1G07773	0
AT1G05223	0
AT1G04813	0
AT1G05133	0
AT1G06333	0
AT1G05473	0
AT1G09847	0
AT1G09973	0
AT1G07657	0
AT1G04447	0
AT1G05587	0
AT1G05307	0
AT1G05107	0
AT1G08257	0
AT1G07623	0
AT1G05947	0
AT1G07017	0
AT1G09507	0
AT1G07833	0
AT1G07003	0
AT1G05807	0
AT1G07863	0
AT1G04753	0
AT1G06177	0
AT1G07197	0
AT1G06383	0
AT1G09547	0
AT1G06047	2
AT1G09187	0
AT1G09803	0
AT1G05857	0
AT1G04427	0
AT1G06823	0
AT1G04127	0
AT1G06633	0
AT1G04693	0
AT1G08283	31
AT1G09793	0
AT1G06497	0
AT1G04453	0
AT1G06043	0
AT1G05623	0
AT1G09097	0
AT1G06297	0
AT1G05663	0
AT1G08237	1
AT1G07947	0
AT1G04807	0
AT1G06987	0
AT1G08193	0
AT1G05197	0
AT1G08507	23
AT1G04603	0
AT1G06093	0
AT1G06697	0
AT1G09857	0
AT1G07857	0
AT1G09063	0
AT1G08673	0
AT1G04873	0
AT1G06627	1
AT1G06777	0
AT1G06327	0
AT1G05843	0
AT1G07187	93
AT1G05537	0
AT1G08967	0
AT1G04997	0
AT1G09153	0
AT1G07783	0
AT1G08603	0
AT1G08843	0
AT1G08097	0
AT1G07193	0
AT1G08297	0
AT1G04167	0
AT1G08893	0
AT1G07453	0
AT1G07837	0
AT1G08487	0
AT1G07673	0
AT1G09747	0
AT1G03987	0
AT1G09967	0
AT1G05533	0
AT1G09147	0
AT1G06537	0
AT1G05747	0
AT1G05603	0
AT1G06757	0
AT1G07183	0
AT1G08807	0
AT1G09683	0
AT1G07323	542
AT1G06493	0
AT1G09693	4
AT1G05653	0
AT1G49938	1
AT1G09647	1
AT1G08573	0
AT1G06907	0
AT1G07683	2
AT1G08583	0
AT1G05707	0
AT1G07457	0
AT1G07303	0
AT1G06293	0
AT1G07717	0
AT1G05583	0
AT1G08863	0
AT1G05357	0
AT1G06917	1
AT1G04573	0
AT1G08877	0
AT1G06723	0
AT1G04373	0
AT1G09733	0
AT1G06577	3
AT1G04597	0
AT1G06067	0
AT1G05113	0
AT1G06637	0
AT1G06387	0
AT1G04173	7
AT1G07313	4
AT1G08953	0
AT1G08503	0
AT1G04957	0
AT1G08183	0
AT1G08993	0
AT1G08887	0
AT1G06897	0
AT1G09813	0
AT1G09743	0
AT1G08093	0
AT1G09887	0
AT1G08127	1
AT1G04937	0
AT1G08133	0
AT1G07117	0
AT1G08447	0
AT1G04877	10
AT1G06287	1
AT1G05967	0
AT1G04623	0
AT1G06707	0
AT1G09417	0
AT1G09207	0
AT1G08777	0
AT1G08177	0
AT1G09037	0
AT1G07147	0
AT1G04023	0
AT1G08443	2
AT1G07263	0
AT1G07127	0
AT1G09067	0
AT1G04713	0
AT1G06737	0
AT1G06483	1
AT1G04523	0
AT1G09573	4
AT1G06037	0
AT1G06027	0
AT1G08607	0
AT1G06933	0
AT1G07557	0
AT1G07253	0
AT1G05737	0
AT1G07707	0
AT1G07973	0
AT1G08473	0
AT1G05943	0
AT1G09077	0
AT1G05263	0
AT1G09697	0
AT1G07423	0
AT1G09387	0
AT1G04677	0
AT1G09393	0
AT1G06583	3
AT1G06063	0
AT1G06913	0
AT1G04017	0
AT1G07937	17
AT1G06163	0
AT1G08077	0
AT1G06857	0
AT1G09133	0
AT1G09717	0
AT1G04383	0
AT1G06527	0
AT1G08363	0
AT1G06997	0
AT1G05553	0
AT1G05387	0
AT1G08767	0
AT1G06303	0
AT1G09587	0
AT1G08023	0
AT1G05397	5
AT1G05983	1
AT1G09397	0
AT1G05283	0
AT1G05593	0
AT1G06607	0
AT1G09567	0
AT1G09377	0
AT1G08867	0
AT1G07843	0
AT1G08683	0
AT1G08413	1
AT1G05817	0
AT1G09493	0
AT1G06937	0
AT1G09997	0
AT1G04087	0
AT1G05683	0
AT1G05483	0
AT1G06713	0
AT1G08463	0
AT1G07143	12
AT1G04857	0
AT1G07007	0
AT1G05073	0
AT1G06983	6
AT1G08787	0
AT1G07157	0
AT1G04923	0
AT1G08173	20
AT1G04243	0
AT1G07173	0
AT1G05617	0
AT1G09007	0
AT1G06727	2
AT1G09323	0
AT1G06587	0
AT1G05897	0
AT1G05193	0
AT1G08983	0
AT1G09227	0
AT1G05893	0
AT1G09183	0
AT1G08483	0
AT1G05507	0
AT1G09137	0
AT1G09853	0
AT1G05963	1
AT1G09313	0
AT1G09163	0
AT1G08143	0
AT1G09977	0
AT1G06973	0
AT1G08517	0
AT1G09017	0
AT1G08827	0
AT1G05667	0
AT1G04683	0
AT1G05657	0
AT1G06773	1
AT1G08947	2
AT1G08773	0
AT1G04947	0
AT1G08263	0
AT1G07573	0
AT1G09497	1
AT1G04443	0
AT1G08307	0
AT1G06993	0
AT1G06863	0
AT1G06073	0
AT1G07013	0
AT1G04283	0
AT1G08293	15
AT1G08847	189
AT1G08137	0
AT1G04673	0
AT1G06517	0
AT1G04003	0
AT1G07293	0
AT1G08997	0
AT1G05717	0
AT1G04357	6
AT1G04563	0
AT1G07273	0
AT1G07583	1
AT1G08927	0
AT1G06703	0
AT1G09043	2
AT1G04307	0
AT1G04607	0
AT1G07297	0
AT1G06053	0
AT1G08513	0
AT1G08713	0
AT1G07277	0
AT1G05957	0
AT1G09753	16
AT1G07327	0
AT1G08757	84
AT1G09593	0
AT1G04387	0
AT1G08417	0
AT1G06323	0
AT1G05053	0
AT1G08437	0
AT1G09243	0
AT1G09983	0
AT1G05487	2
AT1G05037	0
AT1G05987	0
AT1G05007	0
AT1G05463	0
AT1G08747	2
AT1G05353	0
AT1G09923	0
AT1G09903	0
AT1G05257	0
AT1G04057	0
AT1G07963	0
AT1G68568	0
AT1G08427	0
AT1G08547	0
AT1G09837	0
AT1G07847	0
AT1G07757	0
AT1G07647	0
AT1G07543	0
AT1G09843	0
AT1G05787	0
AT1G09637	0
AT1G71528	0
AT1G05703	4
AT1G06753	36
AT1G05367	0
AT1G07983	0
AT1G26208	38
AT1G18735	0
AT1G04513	0
AT1G08267	0
AT1G79529	17
AT1G04183	0
AT1G07733	0
AT1G08803	0
AT1G05183	0
AT1G05773	17
AT1G09223	0
AT1G08592	0
AT1G06573	32
AT1G05207	30
AT1G67792	11
AT1G04417	4
AT1G04853	2
AT1G07807	0
AT1G07743	10
AT1G18415	29
AT1G06083	6
AT1G29785	264
AT1G04537	0
AT1G04647	0
AT1G07637	0
AT1G72855	0
AT1G06717	3
AT1G04503	0
AT1G04833	0
AT1G09617	0
AT1G08003	0
AT1G05687	5
AT1G05333	0
AT1G07128	0
AT1G09453	0
AT1G04973	20
AT1G74205	2
AT1G13448	17
AT1G05562	0
AT1G05523	0
AT1G04437	2
AT1G09003	0
AT1G08567	0
AT1G05297	6
AT1G07753	0
AT1G09907	0
AT1G69572	0
AT1G74545	4
AT1G04913	3
AT1G09257	0
AT1G07653	8
AT1G04053	0
AT1G05267	0
AT1G60545	161
AT1G05873	0
AT1G05557	0
AT1G04073	0
AT1G07813	0
AT1G07697	0
AT1G05143	6
AT1G04157	0
AT1G05767	0
AT1G05383	5
AT1G09167	0
AT1G09913	2
AT1G04163	0
AT1G05927	0
AT1G04817	1
AT1G09917	8
AT1G04893	1
AT1G07803	0
AT1G04643	0
AT1G07603	2
AT1G05363	0
AT1G07887	0
AT1G04007	16
AT1G07119	5
AT1G71828	0
AT1G09367	13
AT1G05253	0
AT1G07513	0
AT1G06207	1
AT1G08857	8
AT1G05833	6
AT1G28685	7
AT1G08973	1
AT1G05977	2
AT1G09437	0
AT1G08563	18
AT1G08477	0
AT1G04117	0
AT1G05023	0
AT1G05123	0
AT1G07943	0
AT1G05347	0
AT1G04587	2
AT1G04247	26
AT1G09443	0
AT1G09827	0
AT1G07993	2
AT1G04803	0
AT1G09193	0
AT1G30282	0
AT1G08707	0
AT1G04483	0
AT1G06257	0
AT1G31485	0
AT1G04477	16
AT1G20691	0
AT1G53801	0
AT1G06213	0
AT1G04123	0
AT1G09823	0
AT1G08577	1
AT1G04295	0
AT1G67365	70
AT1G80325	6
AT1G09457	1
AT1G06003	0
AT1G09433	0
AT1G04297	2
AT1G09527	2
AT1G07517	11
AT1G07967	0
AT1G08387	0
AT1G05163	2
AT1G04837	0
AT1G06787	0
AT1G05337	0
AT1G56242	0
AT1G07893	0
AT1G09777	0
AT1G44125	0
AT1G09421	0
AT1G05727	0
AT1G04047	5
AT1G08323	0
AT1G06017	0
AT1G05837	0
AT1G05757	0
AT1G75891	3
AT1G05867	3
AT1G08963	0
AT1G09513	3
AT1G04487	0
AT1G05203	0
AT1G09663	0
AT1G18382	2
AT1G17232	0
AT1G04737	3
AT1G09463	2
AT1G04353	0
AT1G04917	0
AT1G20515	5
AT1G07563	0
AT1G05453	0
AT1G04433	0
AT1G06423	0
AT1G05147	0
AT1G09517	0
AT1G04467	10
AT1G17255	36
AT1G04103	0
AT1G04083	3
AT1G04147	1
AT1G04473	9
AT1G04413	3
AT1G04583	0
AT1G04767	0
AT1G07703	5
AT1G78265	0
AT1G34844	82
AT1G05317	0
AT1G05287	0
AT1G09447	6
AT1G07987	0
AT1G05733	0
AT1G04953	0
AT1G05047	0
AT1G06227	19
AT1G05723	0
AT1G69587	137
AT1G08037	0
AT1G08537	0
AT1G09927	0
AT1G05293	0
AT1G48698	3
AT1G05327	0
AT1G76878	40
AT1G04463	0
AT1G04233	0
AT1G09553	2
AT1G07663	2
AT1G09673	0
AT1G09537	3
AT1G04887	0
AT1G06977	17
AT1G09987	5
AT1G07997	0
AT1G04507	0
AT1G76892	5
AT1G03997	0
AT1G07728	1
AT1G05343	0
AT1G67328	0
AT1G29357	46
AT1G04977	0
AT1G07587	14
AT1G08797	0
AT1G05753	0
AT1G04237	0
AT1G08727	0
AT1G07933	0
AT1G05077	1
AT1G06337	0
AT1G75295	7
AT1G04013	21
AT1G05213	26
AT1G07567	0
AT1G08657	0
AT1G06217	0
AT1G07477	0
AT1G09233	0
AT1G07877	1
AT1G04303	1
AT1G15175	79
AT1G07667	0
AT1G08753	0
AT1G04567	1
AT1G09053	0
AT1G05017	0
AT1G02952	2
AT1G08543	0
AT1G08333	4
AT1G06153	0
AT1G51645	5
AT1G05933	4
AT1G56612	80
AT1G05277	5
AT1G48315	18
AT1G07607	12
AT1G05973	0
AT1G09023	3
AT1G16489	0
AT1G27921	23
AT1G54355	8
AT1G04343	0
AT1G04773	0
AT1G05043	10
AT1G36992	0
AT1G03545	0
AT1G09297	0
AT1G06265	42
AT1G26218	39
AT1G08557	0
AT1G05243	0
AT1G07737	0
AT1G05033	0
AT1G08043	0
AT1G33415	85
AT1G09677	5
AT1G15002	8
AT1G09627	0
AT1G08853	0
AT1G04927	2
AT1G04697	0
AT1G04797	12
AT1G09757	0
AT1G04067	0
AT1G04347	3
AT1G07547	1
AT1G09713	0
AT1G09363	0
AT1G09557	0
AT1G08047	0
AT1G56165	8
AT1G04577	1
AT1G08533	0
AT1G53233	26
AT1G05777	0
AT1G04933	0
AT1G05187	0
AT1G05083	3
AT1G09383	0
AT1G08647	0
AT1G08073	0
AT1G04723	3
AT1G04883	0
AT1G60505	229
AT1G09993	5
AT1G72852	23
AT1G07853	0
AT1G08733	4
AT1G77992	0
AT1G09783	0
AT1G04043	0
AT1G09523	0
AT1G07823	0
AT1G08723	0
AT1G09247	0
AT1G04097	0
AT1G04153	4
AT1G25098	0
AT1G03993	0
AT1G04823	0
AT1G60525	60
AT1G09327	0
AT1G08273	0
AT1G05467	39
AT1G04707	0
AT1G08633	0
AT1G04743	0
AT1G05763	1
AT1G08667	0
AT1G09487	0
AT1G04533	0
AT1G04077	0
AT1G09897	8
AT1G08087	0
AT1G08317	0
AT1G09543	15
AT1G09963	0
AT1G01448	97
AT1G06002	0
AT1G09267	4
AT1G09253	0
AT1G09657	0
AT1G09863	13
AT1G07693	0
AT1G09623	0
AT1G35545	0
AT1G09287	14
AT1G04827	5
AT1G06653	0
AT1G07867	0
AT1G06643	0
AT1G48267	3
AT1G18075	95
AT1G08287	0
AT1G35501	0
AT1G21202	0
AT1G60072	0
AT1G26975	0
AT1G04423	8
AT1G20375	0
AT1G14071	18
AT1G07727	0
AT1G01183	2
AT1G67195	483
AT1G52185	0
AT1G08597	0
AT1G32713	0
AT1G77235	1
AT1G19464	1
AT1G69795	8
AT1G09817	0
AT1G06647	0
AT1G78206	33
AT1G62355	7
AT1G70645	0
AT1G05637	0
AT1G07243	1
AT1G08157	0
AT1G09213	0
AT1G61732	0
AT1G32582	0
AT1G19371	0
AT1G07137	0
AT1G04393	0
AT1G18879	0
AT1G07051	3
AT1G78478	8
AT1G08303	0
AT1G61224	0
AT1G60073	0
AT1G06903	0
AT1G07633	1
AT1G11735	10
AT1G32992	0
AT1G06597	0
AT1G07283	0
AT1G71002	3
AT1G04027	5
AT1G04993	0
AT1G26985	0
AT1G55591	0
AT1G66783	5
AT1G53687	1
AT1G08783	0
AT1G08337	0
AT1G66795	0
AT1G26973	2
AT1G67481	4
AT1G07357	0
AT1G76062	0
AT1G01046	4
AT1G29265	0
AT1G62035	12
AT1G08793	0
AT1G09687	114
AT1G61226	3
AT1G08343	0
AT1G63005	1
AT1G69792	0
AT1G31358	0
AT1G66725	76
AT1G53683	0
AT1G09473	0
AT1G12294	0
AT1G31173	76
AT1G69797	0
AT1G06623	0
AT1G73687	12
AT1G08053	0
AT1G60025	0
AT1G08163	0
AT1G07613	0
AT1G05627	0
AT1G48742	0
AT1G06523	0
AT1G08813	0
AT1G76135	3
AT1G03502	9
AT1G04267	5
AT1G06033	14
AT1G06467	0
AT1G06277	4
AT1G06237	0
AT1G06463	5
AT1G07903	0
AT1G19376	2
AT1G08937	23
AT1G08107	0
AT1G05563	0
AT1G06253	0
AT1G07593	1
AT1G04227	0
AT1G06673	0
AT1G08643	6
AT1G05247	0
AT1G09883	0
AT1G04527	0
AT1G08327	0
AT1G04197	8
AT1G20015	30
AT1G08353	0
AT1G32385	6
AT1G09333	0
AT1G74453	124
AT1G04193	3
AT1G06233	0
AT1G06453	0
AT1G26233	18
AT1G09877	0
AT1G05917	0
AT1G07487	0
AT1G09873	0
AT1G12015	0
AT1G05433	0
AT1G09533	81
AT1G04273	3
AT1G08113	4
AT1G06457	0
AT1G04547	0
AT1G04217	32
AT1G06273	1
AT1G74456	38
AT1G75163	4
AT1G07957	0
AT1G08117	0
AT1G05423	0
AT1G06243	0
AT1G04213	0
AT1G75166	36
AT1G07393	20
AT1G05417	0
AT1G06283	24
AT1G06247	0
AT1G03743	0
AT1G07897	76
AT1G09467	120
AT1G04277	17
AT1G04223	8
AT1G06397	0
AT1G19373	2
AT1G06263	1
AT1G08347	0
AT1G04187	17
AT1G03506	0
AT1G06667	1
AT1G03746	0
AT1G05427	0
AT1G08123	0
AT1G06087	9
AT1G07702	0
AT1G05997	4
AT1G03935	5
AT1G09027	0
AT1G04517	0
AT1G09867	52
AT1G06267	1
AT1G05993	0
AT1G12013	12
AT1G05137	0
AT1G29071	8
AT1G06547	66
AT1G09083	35
AT1G09787	24
AT1G09087	23
AT1G05907	0
AT1G06553	39
AT1G05853	0
AT1G08115	0
AT1G08987	2
AT1G05273	0
AT1G07827	0
AT1G06877	0
AT1G09143	0
AT1G09237	0
AT1G05057	1
AT1G04897	0
AT1G09947	0
AT1G05673	0
AT1G61275	13
AT1G04733	0
AT1G07883	0
AT1G04263	0
AT1G04907	0
AT1G09893	0
AT1G07537	0
AT1G08367	0
AT1G08737	0
AT1G06873	0
AT1G28890	2
AT1G56840	0
AT1G72780	0
AT1G24080	0
AT1G04320	0
AT1G57090	0
AT1G36350	0
AT1G49020	0
AT1G56800	0
AT1G57240	0
AT1G57230	0
AT1G11010	0
AT1G06610	0
AT1G56880	0
AT1G57430	0
AT1G13850	0
AT1G56790	0
AT1G28840	1
AT1G28750	2
AT1G29210	0
AT1G57280	0
AT1G28940	1
AT1G76330	0
AT1G12510	0
AT1G56930	0
AT1G06860	0
AT1G57020	0
AT1G49460	0
AT1G15090	0
AT1G01890	0
AT1G28800	0
AT1G05390	0
AT1G20170	0
AT1G56900	0
AT1G80250	0
AT1G43820	0
AT1G57270	0
AT1G57050	0
AT1G02760	0
AT1G16100	0
AT1G69000	0
AT1G57440	0
AT1G57490	0
AT1G64120	0
AT1G68860	0
AT1G57110	0
AT1G54670	0
AT1G56860	0
AT1G63790	0
AT1G64420	0
AT1G28810	0
AT1G03640	0
AT1G28990	0
AT1G57210	0
AT1G28790	1
AT1G69300	0
AT1G76000	0
AT1G55625	0
AT1G75970	0
AT1G49280	0
AT1G56810	0
AT1G26490	0
AT1G57180	0
AT1G28920	2
AT1G59570	0
AT1G28720	0
AT1G57320	0
AT1G75570	0
AT1G57200	0
AT1G57190	0
AT1G68770	0
AT1G77040	0
AT1G20420	0
AT1G57530	0
AT1G52170	0
AT1G57350	0
AT1G57070	0
AT1G79300	0
AT1G11550	0
AT1G57220	0
AT1G45244	0
AT1G11030	0
AT1G75070	0
AT1G75650	0
AT1G77560	0
AT1G45234	2
AT1G08950	0
AT1G07100	0
AT1G57000	0
AT1G52860	0
AT1G56820	0
AT1G02600	0
AT1G57040	0
AT1G17570	0
AT1G57340	0
AT1G17660	0
AT1G75740	0
AT1G57520	0
AT1G28770	0
AT1G57010	0
AT1G57460	0
AT1G57450	0
AT1G28850	3
AT1G57130	0
AT1G28880	0
AT1G60820	0
AT1G03570	0
AT1G57330	0
AT1G06880	0
AT1G18430	0
AT1G57250	0
AT1G20210	0
AT1G20820	0
AT1G18820	0
AT1G28740	1
AT1G28930	4
AT1G57380	0
AT1G57360	0
AT1G56750	0
AT1G02480	0
AT1G53220	0
AT1G56870	0
AT1G78250	0
AT1G56910	0
AT1G28970	2
AT1G61020	0
AT1G31110	0
AT1G50100	0
AT1G15650	0
AT1G45242	0
AT1G28830	0
AT1G56920	0
AT1G20040	0
AT1G01270	0
AT1G08240	0
AT1G17670	0
AT1G33370	0
AT1G68970	0
AT1G20250	0
AT1G56780	0
AT1G28780	0
AT1G57290	0
AT1G56850	0
AT1G56960	0
AT1G56730	0
AT1G28980	2
AT1G56950	0
AT1G57080	0
AT1G28910	0
AT1G57160	0
AT1G57470	0
AT1G13720	0
AT1G57310	0
AT1G79980	0
AT1G69130	0
AT1G12590	0
AT1G56890	0
AT1G28870	2
AT1G03515	0
AT1G42120	0
AT1G57390	0
AT1G06480	0
AT1G21800	0
AT1G77190	0
AT1G57400	0
AT1G13240	0
AT1G57030	0
AT1G56740	0
AT1G57150	0
AT1G30830	0
AT1G52350	0
AT1G71700	0
AT1G57100	0
AT1G57510	0
AT1G07580	0
AT1G65830	0
AT1G32620	0
AT1G28860	0
AT1G56770	0
AT1G53410	19
AT1G57410	0
AT1G57260	0
AT1G57420	0
AT1G50070	0
AT1G60840	0
AT1G15450	0
AT1G79290	0
AT1G11640	0
AT1G57120	0
AT1G57500	0
AT1G21420	0
AT1G13840	0
AT1G26430	0
AT1G30430	0
AT1G28950	0
AT1G79240	0
AT1G01870	0
AT1G74570	0
AT1G45240	3
AT1G57300	0
AT1G68950	0
AT1G28900	0
AT1G63510	0
AT1G49690	0
AT1G57060	0
AT1G28820	5
AT1G16450	0
AT1G59880	0
AT1G22320	0
AT1G57140	0
AT1G07760	0
AT1G56830	0
AT1G73900	0
AT1G08870	0
AT1G45246	1
AT1G28730	2
AT1G70050	0
AT1G56980	0
AT1G57370	0
AT1G57480	0
AT1G45238	2
AT1G13010	0
AT1G56970	0
AT1G04720	0
AT1G74610	0
AT1G09110	0
AT1G60910	0
AT1G56760	0
AT1G60580	0
AT1G80430	0
AT1G48080	0
AT1G57170	0
AT1G05980	0
AT1G61880	0
AT1G10440	0
AT1G56990	0
AT1G61910	0
AT1G56940	0
AT1G69252	346
AT1G68872	45
AT1G57835	0
AT1G52615	2
AT1G67105	99
AT1G22403	99
AT1G08493	0
AT1G09277	0
AT1G05547	0
AT1G11185	76
AT1G16635	2
AT1G43765	32
AT1G06797	0
AT1G52347	135
AT1G64563	16
AT1G04867	0
AT1G05697	0
AT1G50659	0
AT1G46554	138
AT1G07507	0
AT1G09073	0
AT1G08253	0
AT1G33615	47
AT1G34392	0
AT1G23052	0
AT1G50055	222
AT1G64618	2
AT1G70518	104
AT1G77138	35
AT1G55525	0
AT1G05813	0
AT1G07257	0
AT1G21529	15
AT1G09583	0
AT1G49832	9
AT1G66173	21
AT1G58590	294
AT1G49952	18
AT1G11175	171
AT1G31935	124
AT1G64572	123
AT1G70185	7
AT1G26235	0
AT1G34418	473
AT1G08823	0
AT1G25175	0
AT1G11592	105
AT1G58808	0
AT1G70581	2
AT1G24068	4
AT1G08933	0
AT1G19968	5
AT1G14518	0
AT1G06677	0
AT1G15405	0
AT1G04425	233
AT1G10682	1305
AT1G78865	121
AT1G32172	6
AT1G26558	7
AT1G07977	0
AT1G18745	73
AT1G67238	6
AT1G79075	1033
AT1G31258	161
AT5G16970	2201
AT5G41480	392
AT5G15008	0
AT5G07360	524
AT5G46240	564
AT5G62260	296
AT5G35715	0
AT5G41908	3
AT5G20470	12
AT5G04950	1720
AT5G50110	288
AT5G66670	9
AT5G23000	62
AT5G03560	322
AT5G46260	116
AT5G27680	248
AT5G61960	2380
AT5G15420	0
AT5G06020	0
AT5G18730	14
AT5G67570	721
AT5G29054	0
AT5G57625	510
AT5G66440	337
AT5G51680	0
AT5G54610	36
AT5G20560	0
AT5G65470	1052
AT5G66420	2178
AT5G62750	0
AT5G50000	1775
AT5G63820	32
AT5G26220	426
AT5G15730	548
AT5G61930	185
AT5G08760	206
AT5G42110	472
AT5G23030	24
AT5G20250	3890
AT5G08070	63
AT5G08450	2374
AT5G14030	3106
AT5G66080	152
AT5G05340	20
AT5G45440	63
AT5G25380	30
AT5G56920	0
AT5G38000	49
AT5G15050	472
AT5G53670	0
AT5G44630	1
AT5G05950	379
AT5G63810	2972
AT5G02340	0
AT5G24100	84
AT5G48545	485
AT5G56950	2256
AT5G58400	4
AT5G39510	1552
AT5G23090	179
AT5G45920	215
AT5G52750	60
AT5G18830	958
AT5G50720	155
AT5G51840	741
AT5G21930	1549
AT5G24240	29
AT5G27607	0
AT5G25480	164
AT5G65130	2
AT5G27280	499
AT5G37180	170
AT5G10110	423
AT5G05050	3
AT5G42470	428
AT5G51380	339
AT5G61770	948
AT5G58750	109
AT5G66240	1511
AT5G47050	327
AT5G45095	15
AT5G65000	602
AT5G35660	0
AT5G34908	0
AT5G59800	232
AT5G60580	290
AT5G24790	3
AT5G48780	34
AT5G41490	0
AT5G22820	209
AT5G60260	2
AT5G14740	22139
AT5G66760	7754
AT5G54225	1
AT5G47510	105
AT5G16950	284
AT5G43066	0
AT5G20300	1126
AT5G49950	406
AT5G40530	407
AT5G45850	63
AT5G38420	44752
AT5G37910	0
AT5G11320	32
AT5G63910	747
AT5G59120	0
AT5G43420	285
AT5G04347	0
AT5G53330	752
AT5G11050	0
AT5G61700	0
AT5G07160	0
AT5G11565	0
AT5G09900	3735
AT5G64920	521
AT5G65590	125
AT5G60470	12
AT5G10430	59
AT5G52790	220
AT5G44020	4374
AT5G47840	3245
AT5G04850	693
AT5G44870	393
AT5G60400	580
AT5G59010	678
AT5G50115	0
AT5G45790	56
AT5G27700	5425
AT5G19970	141
AT5G48430	155
AT5G18130	410
AT5G05470	757
AT5G40730	818
AT5G09805	30
AT5G41250	0
AT5G12430	1108
AT5G37620	1
AT5G19770	8171
AT5G07040	40
AT5G27810	8
AT5G04475	0
AT5G59880	4533
AT5G27230	65
AT5G54062	1
AT5G11020	170
AT5G26030	1757
AT5G62760	330
AT5G17210	145
AT5G02190	118
AT5G42957	0
AT5G48510	0
AT5G55560	81
AT5G65820	119
AT5G32590	0
AT5G63190	489
AT5G38120	7
AT5G02810	2990
AT5G65100	0
AT5G57350	4606
AT5G32613	0
AT5G49240	0
AT5G16130	8660
AT5G27470	3260
AT5G03260	546
AT5G01370	313
AT5G26920	186
AT5G54750	1077
AT5G47180	390
AT5G04810	2652
AT5G44000	878
AT5G08020	544
AT5G64570	1162
AT5G42797	0
AT5G14060	2445
AT5G11480	2610
AT5G17847	0
AT5G05270	2577
AT5G45190	1324
AT5G41120	125
AT5G19940	8155
AT5G66820	420
AT5G08240	151
AT5G18260	9
AT5G38450	11
AT5G19380	379
AT5G11660	0
AT5G17860	221
AT5G20620	1806
AT5G10790	581
AT5G07070	79
AT5G40280	419
AT5G07380	10
AT5G62320	3
AT5G23950	23
AT5G45110	498
AT5G52990	137
AT5G44330	0
AT5G08530	9508
AT5G13970	492
AT5G56200	10
AT5G24830	250
AT5G24530	259
AT5G13360	481
AT5G01230	334
AT5G63080	248
AT5G10710	376
AT5G48070	684
AT5G61570	262
AT5G58780	55
AT5G03540	1433
AT5G63960	544
AT5G57810	3
AT5G08040	1500
AT5G49900	412
AT5G65609	47
AT5G02320	116
AT5G66400	285
AT5G46960	2
AT5G11425	0
AT5G36460	0
AT5G11030	410
AT5G48090	25
AT5G01320	7
AT5G58010	144
AT5G57870	6906
AT5G37475	1046
AT5G53010	259
AT5G41240	372
AT5G55970	144
AT5G43670	519
AT5G08350	0
AT5G49070	1
AT5G24560	0
AT5G22310	242
AT5G36925	36
AT5G43840	0
AT5G58390	528
AT5G37320	0
AT5G33355	1
AT5G43600	637
AT5G13295	0
AT5G07540	0
AT5G50560	0
AT5G42180	354
AT5G43610	0
AT5G60940	453
AT5G56990	47
AT5G64490	13
AT5G60960	2097
AT5G19260	249
AT5G65230	39
AT5G18100	528
AT5G64880	272
AT5G17240	189
AT5G36310	0
AT5G64840	3131
AT5G57650	1
AT5G16300	1758
AT5G27944	0
AT5G53070	615
AT5G07130	140
AT5G53905	0
AT5G48595	0
AT5G65980	31
AT5G39645	0
AT5G46530	132
AT5G57785	667
AT5G41590	43
AT5G12236	0
AT5G40950	12998
AT5G20410	231
AT5G09970	35
AT5G37570	158
AT5G18410	1346
AT5G22460	53
AT5G56760	1453
AT5G07690	566
AT5G66631	73
AT5G05120	0
AT5G20730	1276
AT5G65800	10
AT5G41670	8797
AT5G07760	4
AT5G57780	141
AT5G58190	472
AT5G66030	1308
AT5G23395	471
AT5G57720	4
AT5G49100	725
AT5G46920	382
AT5G30520	0
AT5G05700	626
AT5G66740	9
AT5G60810	2
AT5G46440	20
AT5G43860	23
AT5G19600	442
AT5G39960	477
AT5G36940	693
AT5G53040	0
AT5G17950	0
AT5G05085	0
AT5G50810	1076
AT5G52930	43
AT5G25350	2110
AT5G28000	0
AT5G48460	799
AT5G23600	0
AT5G59270	1
AT5G27860	885
AT5G48150	984
AT5G15350	2538
AT5G41850	78
AT5G38900	78
AT5G49250	0
AT5G55750	0
AT5G36410	0
AT5G27310	0
AT5G28190	0
AT5G15570	389
AT5G51105	0
AT5G26840	0
AT5G06755	0
AT5G36520	0
AT5G19690	3926
AT5G45520	112
AT5G29210	0
AT5G13600	2
AT5G16850	17
AT5G33300	280
AT5G60230	59
AT5G15970	14086
AT5G40870	936
AT5G35110	13
AT5G42420	1296
AT5G64401	0
AT5G52900	124
AT5G10860	5210
AT5G07680	150
AT5G08005	3
AT5G65400	178
AT5G53510	0
AT5G22380	1
AT5G26692	3
AT5G52000	0
AT5G58787	396
AT5G52830	186
AT5G11110	491
AT5G59190	9
AT5G49630	690
AT5G38750	0
AT5G56850	536
AT5G54970	621
AT5G46610	4
AT5G60340	1662
AT5G46930	0
AT5G64380	547
AT5G37480	360
AT5G08550	629
AT5G04290	1425
AT5G56320	343
AT5G06790	88
AT5G41180	452
AT5G11910	414
AT5G66390	1018
AT5G38050	133
AT5G43990	347
AT5G57330	2102
AT5G52680	1
AT5G36250	802
AT5G38220	450
AT5G42650	2870
AT5G07930	0
AT5G28920	0
AT5G01850	222
AT5G46870	96
AT5G47830	180
AT5G53410	0
AT5G01730	45
AT5G10200	608
AT5G02660	0
AT5G25310	4
AT5G37370	1451
AT5G24313	42
AT5G37220	0
AT5G63460	482
AT5G52150	0
AT5G06270	351
AT5G20930	403
AT5G15220	704
AT5G46790	796
AT5G20460	0
AT5G19040	148
AT5G58360	12
AT5G66840	147
AT5G13520	1340
AT5G53637	0
AT5G49400	796
AT5G59720	102
AT5G55330	4
AT5G44220	0
AT5G07730	70
AT5G50530	10
AT5G40420	0
AT5G11590	106
AT5G66300	74
AT5G55740	976
AT5G40550	225
AT5G23380	165
AT5G24470	2834
AT5G57370	551
AT5G03740	1806
AT5G50670	0
AT5G07280	179
AT5G50950	2044
AT5G65900	1000
AT5G22830	1287
AT5G65440	994
AT5G14970	2887
AT5G43920	367
AT5G41170	51
AT5G54700	6
AT5G03650	3743
AT5G42390	7816
AT5G43810	1548
AT5G35380	2
AT5G67120	2
AT5G44740	181
AT5G40450	3685
AT5G64820	0
AT5G50010	256
AT5G20680	678
AT5G26800	854
AT5G60830	0
AT5G45469	0
AT5G54080	367
AT5G47620	1417
AT5G56220	666
AT5G08695	0
AT5G65460	916
AT5G22785	0
AT5G58030	974
AT5G65158	0
AT5G46830	20
AT5G38440	0
AT5G58990	710
AT5G50260	49
AT5G07890	339
AT5G51230	1069
AT5G49640	0
AT5G01080	0
AT5G56780	152
AT5G56900	861
AT5G58870	1452
AT5G48060	148
AT5G44345	0
AT5G05300	3
AT5G27650	811
AT5G66460	470
AT5G20790	1207
AT5G53100	2
AT5G19350	1458
AT5G39775	0
AT5G65180	351
AT5G43250	131
AT5G43850	1058
AT5G19190	415
AT5G20950	4525
AT5G16140	452
AT5G48760	3156
AT5G37630	503
AT5G23140	1192
AT5G60550	1434
AT5G20885	536
AT5G41770	1930
AT5G08500	653
AT5G19560	32
AT5G27630	65
AT5G09315	178
AT5G56985	0
AT5G56520	191
AT5G35210	2045
AT5G02800	410
AT5G63940	1098
AT5G05250	1064
AT5G23450	2182
AT5G24910	87
AT5G54370	693
AT5G03010	10
AT5G15110	0
AT5G13050	511
AT5G20420	40
AT5G53870	25
AT5G03310	0
AT5G62390	5720
AT5G20100	0
AT5G45880	13
AT5G48440	489
AT5G09590	3119
AT5G51580	0
AT5G48740	37
AT5G05970	445
AT5G01210	0
AT5G18110	1521
AT5G58640	628
AT5G64590	2
AT5G48610	378
AT5G27460	238
AT5G10010	1912
AT5G67450	73
AT5G58590	1190
AT5G57110	6846
AT5G10440	70
AT5G05010	5273
AT5G06390	1318
AT5G01120	39
AT5G46050	141
AT5G17480	0
AT5G11870	26
AT5G64500	1293
AT5G06730	93
AT5G53350	3158
AT5G23340	467
AT5G19880	6
AT5G37920	0
AT5G45480	0
AT5G20990	2029
AT5G10300	130
AT5G03530	363
AT5G50375	835
AT5G22990	2
AT5G45360	699
AT5G47220	414
AT5G64900	53
AT5G06620	113
AT5G25195	0
AT5G13440	4143
AT5G58250	5949
AT5G16030	1582
AT5G21970	333
AT5G52010	1021
AT5G37000	111
AT5G19310	565
AT5G16390	2434
AT5G38740	0
AT5G66950	1176
AT5G03600	0
AT5G19025	104
AT5G05090	0
AT5G62480	112
AT5G01430	516
AT5G51310	55
AT5G12910	3
AT5G67260	1124
AT5G26260	1491
AT5G24400	1226
AT5G40150	185
AT5G59865	17
AT5G65710	359
AT5G45760	290
AT5G53540	1093
AT5G60030	852
AT5G57035	412
AT5G21070	488
AT5G43380	207
AT5G15340	55
AT5G58320	448
AT5G23900	4311
AT5G49590	0
AT5G42223	0
AT5G35480	119
AT5G19090	2812
AT5G08030	19
AT5G19315	0
AT5G58730	435
AT5G18680	928
AT5G37310	1208
AT5G34881	0
AT5G22700	468
AT5G13140	1633
AT5G42460	96
AT5G58130	455
AT5G39365	0
AT5G59930	31
AT5G65020	2157
AT5G48420	0
AT5G43745	912
AT5G38392	0
AT5G06920	0
AT5G53320	221
AT5G63050	1859
AT5G53570	914
AT5G23730	236
AT5G41790	2821
AT5G16880	1870
AT5G53060	489
AT5G01750	6722
AT5G03830	133
AT5G08290	3698
AT5G46420	3551
AT5G62340	206
AT5G64760	640
AT5G46450	847
AT5G49510	1051
AT5G67380	1274
AT5G56560	0
AT5G46877	0
AT5G03230	293
AT5G40050	0
AT5G58120	86
AT5G22910	0
AT5G03620	22
AT5G20150	1660
AT5G24410	49
AT5G40660	604
AT5G24580	269
AT5G13370	374
AT5G18470	45
AT5G52340	22
AT5G55230	2785
AT5G67370	1516
AT5G16800	363
AT5G55540	765
AT5G52140	0
AT5G20860	83
AT5G42620	1321
AT5G38800	6
AT5G46570	885
AT5G14650	588
AT5G35050	0
AT5G13460	358
AT5G25180	0
AT5G63450	39
AT5G55470	62
AT5G03406	147
AT5G21940	1377
AT5G51170	104
AT5G40770	3133
AT5G67080	16
AT5G14470	11
AT5G11650	278
AT5G18570	2711
AT5G66020	0
AT5G01800	1133
AT5G48953	0
AT5G63625	11
AT5G58110	1797
AT5G54150	0
AT5G12480	1275
AT5G27780	0
AT5G02410	315
AT5G41300	4
AT5G48950	21
AT5G59260	17
AT5G56050	17
AT5G66750	606
AT5G07220	1099
AT5G05080	1601
AT5G28460	36
AT5G42830	65
AT5G65670	7604
AT5G51640	181
AT5G02580	108
AT5G17120	0
AT5G01190	75
AT5G09530	1330
AT5G07340	2299
AT5G43900	1677
AT5G37780	6927
AT5G65450	316
AT5G15820	151
AT5G09330	1767
AT5G53940	591
AT5G02510	8
AT5G59370	2
AT5G04320	601
AT5G26040	337
AT5G55930	663
AT5G62210	1115
AT5G43935	0
AT5G15725	16
AT5G30341	0
AT5G21430	2216
AT5G36662	0
AT5G51140	914
AT5G42820	316
AT5G03680	165
AT5G41110	215
AT5G59020	238
AT5G46150	531
AT5G40340	1698
AT5G09510	4608
AT5G24390	96
AT5G49810	2645
AT5G65950	1961
AT5G38130	0
AT5G10240	1341
AT5G51330	14
AT5G53720	0
AT5G44820	89
AT5G17090	0
AT5G62620	495
AT5G20360	555
AT5G09860	931
AT5G37360	2027
AT5G14550	868
AT5G63905	138
AT5G02700	0
AT5G16610	407
AT5G24490	9346
AT5G61820	2073
AT5G14240	1059
AT5G01590	7394
AT5G28010	68
AT5G58770	114
AT5G61490	14
AT5G45260	598
AT5G36770	0
AT5G58375	715
AT5G62170	152
AT5G50520	0
AT5G40350	0
AT5G49920	2
AT5G02440	115
AT5G60650	25
AT5G19010	1611
AT5G59970	2066
AT5G26749	63
AT5G20940	0
AT5G08480	0
AT5G07060	11
AT5G10920	2053
AT5G41610	1
AT5G61150	1908
AT5G14870	18
AT5G48860	0
AT5G03920	1
AT5G09490	0
AT5G06750	499
AT5G02140	45
AT5G53700	17
AT5G09560	0
AT5G51460	397
AT5G40840	244
AT5G55950	42
AT5G52390	44
AT5G59250	3066
AT5G45630	21
AT5G35370	255
AT5G52450	712
AT5G54390	2547
AT5G26130	0
AT5G45200	64
AT5G26717	0
AT5G45590	450
AT5G48945	0
AT5G20970	331
AT5G49650	1829
AT5G05400	114
AT5G42990	460
AT5G01040	562
AT5G50790	28
AT5G11730	386
AT5G14670	0
AT5G02900	0
AT5G24220	7
AT5G02220	39
AT5G03770	79
AT5G59290	1972
AT5G39080	368
AT5G60180	12
AT5G04853	0
AT5G05370	2303
AT5G48140	4
AT5G53390	6
AT5G57700	443
AT5G20040	950
AT5G61850	5
AT5G16150	4362
AT5G55380	69
AT5G27340	0
AT5G05730	1046
AT5G48770	0
AT5G45080	101
AT5G19840	171
AT5G58140	4098
AT5G35690	1135
AT5G28345	0
AT5G39460	1
AT5G06650	4
AT5G44070	1567
AT5G55730	1414
AT5G09280	0
AT5G42567	0
AT5G07110	173
AT5G01620	427
AT5G06720	82
AT5G01020	2086
AT5G55810	129
AT5G64200	1476
AT5G10040	70
AT5G55620	371
AT5G47640	761
AT5G42200	102
AT5G28463	1
AT5G44316	0
AT5G26770	138
AT5G21150	11
AT5G20400	1014
AT5G58670	207
AT5G03545	1033
AT5G61040	334
AT5G40382	1
AT5G19210	392
AT5G61350	93
AT5G41401	0
AT5G25460	7913
AT5G15870	618
AT5G56530	878
AT5G28540	12725
AT5G25540	774
AT5G08535	301
AT5G38150	394
AT5G05540	558
AT5G20910	269
AT5G50630	0
AT5G04310	172
AT5G37020	1001
AT5G19710	0
AT5G57010	36
AT5G58530	296
AT5G19595	0
AT5G03345	842
AT5G04267	0
AT5G57000	190
AT5G35400	266
AT5G57340	95
AT5G66700	16
AT5G14895	5
AT5G10400	1877
AT5G61880	369
AT5G50365	0
AT5G64395	0
AT5G51280	760
AT5G63510	2280
AT5G05240	269
AT5G02080	92
AT5G47560	901
AT5G57460	1472
AT5G22300	362
AT5G64350	7535
AT5G37520	0
AT5G44060	281
AT5G45940	157
AT5G20030	108
AT5G18200	404
AT5G25950	0
AT5G26200	58
AT5G59990	57
AT5G54010	0
AT5G19570	444
AT5G40090	48
AT5G04780	123
AT5G19550	4144
AT5G23250	1686
AT5G43330	849
AT5G58440	1207
AT5G17440	695
AT5G49880	796
AT5G14860	3
AT5G01280	10
AT5G22730	269
AT5G06760	21
AT5G44210	154
AT5G42000	384
AT5G48010	757
AT5G57050	257
AT5G60130	2
AT5G26865	1
AT5G37960	1
AT5G45180	0
AT5G29050	0
AT5G47890	2792
AT5G57710	2500
AT5G64990	46
AT5G46800	2957
AT5G47760	621
AT5G16870	393
AT5G52280	783
AT5G43280	514
AT5G66920	1221
AT5G61360	74
AT5G01350	1535
AT5G19700	0
AT5G38340	141
AT5G64810	42
AT5G27270	711
AT5G21222	1041
AT5G04680	81
AT5G53080	186
AT5G38565	39
AT5G62610	982
AT5G58450	1136
AT5G61440	568
AT5G63650	189
AT5G44566	0
AT5G05960	1715
AT5G15800	5
AT5G16580	0
AT5G02060	101
AT5G65170	132
AT5G41820	1
AT5G55060	545
AT5G02010	346
AT5G13565	0
AT5G24680	155
AT5G53820	67
AT5G18810	78
AT5G36890	1239
AT5G18590	1468
AT5G41060	482
AT5G35180	2688
AT5G23050	1195
AT5G66600	137
AT5G58790	45
AT5G04530	1048
AT5G15930	475
AT5G61470	0
AT5G39870	1
AT5G53920	154
AT5G26600	901
AT5G38320	31
AT5G27430	683
AT5G44430	23
AT5G35230	0
AT5G38880	918
AT5G05550	220
AT5G23980	140
AT5G65274	0
AT5G34581	0
AT5G08305	65
AT5G07880	5
AT5G67100	630
AT5G48375	0
AT5G59130	876
AT5G43010	1822
AT5G16910	1370
AT5G15460	306
AT5G47970	436
AT5G41760	610
AT5G55460	18
AT5G43450	410
AT5G52560	1080
AT5G24570	327
AT5G64780	70
AT5G17010	1132
AT5G57320	42
AT5G42190	1794
AT5G15360	16
AT5G66150	8
AT5G01480	19
AT5G56075	0
AT5G61540	185
AT5G46160	854
AT5G26860	1764
AT5G60930	1239
AT5G10620	216
AT5G45660	166
AT5G16230	64
AT5G51795	88
AT5G02480	6130
AT5G26731	102
AT5G09210	0
AT5G09440	566
AT5G64050	3578
AT5G05150	0
AT5G15530	1360
AT5G22860	253
AT5G22810	0
AT5G09260	270
AT5G01305	0
AT5G56150	871
AT5G51590	443
AT5G62570	501
AT5G55490	37
AT5G23280	857
AT5G17760	877
AT5G23080	802
AT5G52420	624
AT5G38560	917
AT5G42120	3
AT5G11450	3713
AT5G07400	164
AT5G12880	88
AT5G16780	1684
AT5G19130	657
AT5G40260	0
AT5G09540	27
AT5G16040	1025
AT5G47580	328
AT5G02460	159
AT5G11610	275
AT5G23130	147
AT5G14920	4069
AT5G37460	5
AT5G41685	518
AT5G08430	546
AT5G06100	362
AT5G26667	3629
AT5G59650	101
AT5G45980	0
AT5G25020	42
AT5G62600	663
AT5G43820	70
AT5G07780	9
AT5G45580	59
AT5G22791	0
AT5G29624	0
AT5G50175	14
AT5G16990	528
AT5G49320	40
AT5G08620	1141
AT5G03420	1149
AT5G44850	0
AT5G46510	524
AT5G66430	0
AT5G11440	24
AT5G41920	524
AT5G47300	0
AT5G17540	5
AT5G16280	964
AT5G14290	0
AT5G18280	1481
AT5G56369	0
AT5G20810	8
AT5G46460	110
AT5G66830	20
AT5G42130	1301
AT5G14460	1525
AT5G61280	22
AT5G48605	0
AT5G16930	621
AT5G52210	366
AT5G19473	1
AT5G24840	412
AT5G28090	0
AT5G05170	10078
AT5G24780	79
AT5G19180	1239
AT5G50335	150
AT5G12250	5208
AT5G64910	58
AT5G13130	0
AT5G49560	252
AT5G11000	960
AT5G40760	1379
AT5G07570	26
AT5G58680	28
AT5G60540	2061
AT5G27980	1
AT5G55270	13
AT5G09450	488
AT5G18525	843
AT5G44575	304
AT5G66490	293
AT5G04920	1245
AT5G56360	2773
AT5G01740	124
AT5G28610	27
AT5G27200	1
AT5G18000	0
AT5G57060	214
AT5G15853	0
AT5G57950	507
AT5G37430	0
AT5G64600	314
AT5G06010	4
AT5G51110	5554
AT5G51930	19
AT5G24215	23
AT5G57550	0
AT5G43580	672
AT5G65207	571
AT5G52710	16
AT5G67090	47
AT5G09910	12
AT5G46100	84
AT5G47060	720
AT5G58100	1799
AT5G13530	1533
AT5G67470	1298
AT5G20710	21
AT5G13640	1686
AT5G51100	1437
AT5G27790	0
AT5G37510	6460
AT5G04180	7
AT5G60530	938
AT5G58960	1131
AT5G01880	50
AT5G08310	111
AT5G67590	3324
AT5G42140	504
AT5G48880	2450
AT5G52600	8
AT5G54640	963
AT5G27690	258
AT5G65720	3264
AT5G13000	4146
AT5G20610	866
AT5G44390	123
AT5G61495	0
AT5G11800	412
AT5G02210	7
AT5G13800	1229
AT5G62930	1049
AT5G43070	350
AT5G51451	19
AT5G39630	0
AT5G14515	0
AT5G13810	905
AT5G12860	11872
AT5G47590	72
AT5G05750	309
AT5G25560	1414
AT5G02310	1581
AT5G52310	9196
AT5G51200	1769
AT5G40855	0
AT5G38350	41
AT5G04190	11
AT5G07870	289
AT5G49180	0
AT5G17470	0
AT5G14890	55
AT5G49945	652
AT5G58240	776
AT5G54960	2965
AT5G66000	117
AT5G44582	61
AT5G52430	407
AT5G16180	726
AT5G38397	0
AT5G25010	111
AT5G19270	0
AT5G42655	29
AT5G02550	179
AT5G62100	92
AT5G36659	0
AT5G47940	262
AT5G24180	1
AT5G45680	2320
AT5G42770	284
AT5G55680	114
AT5G67150	503
AT5G01760	5
AT5G12170	702
AT5G14230	212
AT5G61670	767
AT5G38391	0
AT5G45820	209
AT5G38290	650
AT5G10810	422
AT5G61430	93
AT5G35695	0
AT5G27495	0
AT5G54720	121
AT5G13420	7709
AT5G19960	429
AT5G41190	1610
AT5G45210	117
AT5G58610	50
AT5G23908	0
AT5G55980	1
AT5G47175	0
AT5G23360	96
AT5G08790	1175
AT5G42230	5
AT5G17420	412
AT5G19640	0
AT5G27765	4
AT5G22940	297
AT5G07320	546
AT5G46025	0
AT5G26910	583
AT5G10630	846
AT5G39400	0
AT5G56960	2
AT5G26060	0
AT5G22360	697
AT5G05520	1095
AT5G54790	21
AT5G23480	72
AT5G02170	10
AT5G22580	1750
AT5G12110	203
AT5G60270	269
AT5G18580	1807
AT5G43155	86
AT5G13310	346
AT5G37290	205
AT5G10695	0
AT5G55600	717
AT5G16760	1378
AT5G35730	872
AT5G64870	29
AT5G50930	93
AT5G14000	219
AT5G61520	914
AT5G13060	290
AT5G33280	634
AT5G50820	105
AT5G43290	131
AT5G41890	0
AT5G01150	2
AT5G60640	3531
AT5G52155	0
AT5G06960	341
AT5G54540	2635
AT5G18080	54
AT5G37070	309
AT5G01140	0
AT5G01540	0
AT5G01830	361
AT5G03550	11
AT5G03140	403
AT5G16620	2260
AT5G38378	0
AT5G51990	1
AT5G54740	0
AT5G39430	0
AT5G05690	2429
AT5G63020	442
AT5G52640	251
AT5G23270	10
AT5G04790	0
AT5G47635	39
AT5G46795	0
AT5G59780	490
AT5G51660	1145
AT5G37350	801
AT5G52800	46
AT5G61780	6337
AT5G26640	0
AT5G48170	47
AT5G42270	16062
AT5G13410	961
AT5G57015	872
AT5G63710	584
AT5G39330	5
AT5G56290	1976
AT5G45220	30
AT5G15150	174
AT5G59400	223
AT5G49700	69
AT5G44080	496
AT5G26790	71
AT5G42440	155
AT5G45510	4744
AT5G66250	432
AT5G42880	340
AT5G35670	144
AT5G24575	0
AT5G50600	0
AT5G22840	521
AT5G54800	2521
AT5G07571	1
AT5G24130	0
AT5G22800	3170
AT5G36907	51
AT5G03720	117
AT5G03330	458
AT5G18420	758
AT5G56860	589
AT5G63770	512
AT5G03270	8
AT5G18460	649
AT5G13730	1537
AT5G10190	424
AT5G42240	1330
AT5G06820	2
AT5G52950	227
AT5G55210	547
AT5G40540	164
AT5G04170	1179
AT5G10590	0
AT5G58020	1415
AT5G17100	0
AT5G07545	0
AT5G22750	267
AT5G28520	0
AT5G61410	15910
AT5G16840	1333
AT5G13260	1065
AT5G53560	4319
AT5G24010	265
AT5G23320	34
AT5G49020	1023
AT5G60660	251
AT5G16010	1908
AT5G39940	461
AT5G51830	1307
AT5G11350	491
AT5G03050	222
AT5G61390	182
AT5G61640	212
AT5G57345	2197
AT5G24105	126
AT5G57690	15
AT5G43040	74
AT5G02730	0
AT5G38790	11
AT5G65740	256
AT5G33330	0
AT5G01420	91
AT5G35735	1812
AT5G46820	1
AT5G65690	102
AT5G54020	73
AT5G50410	452
AT5G04490	481
AT5G07210	0
AT5G10960	3705
AT5G10820	377
AT5G45610	300
AT5G66130	173
AT5G49860	0
AT5G48020	1340
AT5G12240	636
AT5G11500	5258
AT5G34887	0
AT5G62540	635
AT5G49710	406
AT5G09930	4
AT5G47530	41
AT5G22270	210
AT5G02450	9384
AT5G58830	0
AT5G39670	13
AT5G51510	520
AT5G61840	894
AT5G53400	1370
AT5G21020	1628
AT5G55150	0
AT5G36220	157
AT5G49770	94
AT5G40405	152
AT5G37710	214
AT5G50310	1778
AT5G10150	188
AT5G40690	296
AT5G66970	0
AT5G49665	430
AT5G37280	0
AT5G24340	381
AT5G25270	1388
AT5G10560	1721
AT5G07530	5
AT5G02790	4340
AT5G48820	121
AT5G55040	1302
AT5G67540	490
AT5G26660	52
AT5G47210	21936
AT5G24500	538
AT5G59280	0
AT5G57150	490
AT5G15200	21451
AT5G02160	11482
AT5G53450	3509
AT5G38400	0
AT5G24260	1192
AT5G56280	913
AT5G10390	1174
AT5G08740	1380
AT5G35430	979
AT5G37270	0
AT5G60000	0
AT5G64830	561
AT5G28060	8101
AT5G10500	0
AT5G16810	687
AT5G43910	241
AT5G41420	0
AT5G46200	0
AT5G15750	657
AT5G52440	2690
AT5G46190	661
AT5G16650	711
AT5G14950	1062
AT5G63380	696
AT5G65570	106
AT5G12190	560
AT5G28730	0
AT5G05070	1
AT5G10550	1969
AT5G11400	0
AT5G11760	1094
AT5G11290	6
AT5G43650	4
AT5G50100	350
AT5G13100	1114
AT5G01710	1557
AT5G26673	0
AT5G18700	865
AT5G39600	505
AT5G14770	287
AT5G16160	62
AT5G52730	1
AT5G03440	190
AT5G24310	237
AT5G51370	87
AT5G17730	0
AT5G05480	315
AT5G48670	43
AT5G40510	349
AT5G03020	7
AT5G66810	503
AT5G28160	0
AT5G23920	1276
AT5G20870	71
AT5G17110	0
AT5G43710	505
AT5G52020	34
AT5G54600	12602
AT5G58760	321
AT5G05720	0
AT5G14750	92
AT5G62860	0
AT5G04110	305
AT5G03970	210
AT5G16750	1067
AT5G43140	276
AT5G05285	0
AT5G44370	465
AT5G38670	0
AT5G05830	366
AT5G50960	1639
AT5G36920	27
AT5G40210	19
AT5G22520	9
AT5G53592	10
AT5G07165	0
AT5G51980	1034
AT5G44710	618
AT5G12400	1160
AT5G54180	909
AT5G43020	723
AT5G34930	464
AT5G06490	8
AT5G26610	586
AT5G10750	383
AT5G39360	292
AT5G42050	2612
AT5G27580	0
AT5G14200	7868
AT5G08335	162
AT5G60780	128
AT5G67070	2406
AT5G12470	3546
AT5G19320	1031
AT5G07860	500
AT5G18705	0
AT5G55640	213
AT5G40270	253
AT5G47880	2032
AT5G26570	8336
AT5G13181	3
AT5G67020	39
AT5G04440	1065
AT5G63000	705
AT5G48490	300
AT5G59845	30
AT5G23870	204
AT5G36820	0
AT5G04640	0
AT5G03750	0
AT5G46850	158
AT5G67385	952
AT5G66220	0
AT5G10625	85
AT5G17200	0
AT5G58970	253
AT5G18020	69
AT5G05200	5554
AT5G60040	580
AT5G22090	5712
AT5G46871	14
AT5G33320	4674
AT5G47790	498
AT5G09980	64
AT5G37200	0
AT5G09470	97
AT5G07120	460
AT5G35525	18
AT5G20200	917
AT5G22020	1126
AT5G57540	107
AT5G61060	704
AT5G25050	123
AT5G62790	4602
AT5G03510	128
AT5G03980	0
AT5G60080	0
AT5G56130	528
AT5G09420	299
AT5G51780	117
AT5G22680	0
AT5G08139	247
AT5G14280	87
AT5G52040	2466
AT5G09880	1610
AT5G27260	0
AT5G14490	4
AT5G52290	45
AT5G45370	132
AT5G35475	0
AT5G57630	2294
AT5G24610	1700
AT5G54350	0
AT5G66550	559
AT5G13690	853
AT5G66850	1028
AT5G62920	317
AT5G57030	1977
AT5G56340	530
AT5G09300	272
AT5G27660	151
AT5G64020	612
AT5G12200	1249
AT5G27450	806
AT5G35170	4445
AT5G47090	441
AT5G40860	28
AT5G65840	1228
AT5G55320	0
AT5G27893	13
AT5G08590	2063
AT5G08640	3688
AT5G60730	140
AT5G26310	100
AT5G54910	688
AT5G39100	5
AT5G02490	1222
AT5G46874	0
AT5G18940	583
AT5G12235	18
AT5G25040	625
AT5G46310	0
AT5G57567	8
AT5G52260	8
AT5G36970	5
AT5G04000	25
AT5G37230	0
AT5G43560	1454
AT5G27140	0
AT5G16350	89
AT5G04045	0
AT5G51270	38
AT5G42580	14
AT5G38770	37
AT5G19430	450
AT5G38570	0
AT5G44790	2597
AT5G01290	717
AT5G51210	21
AT5G25510	1146
AT5G06300	168
AT5G03860	93
AT5G22690	191
AT5G59390	18
AT5G65360	5126
AT5G55880	0
AT5G66816	20
AT5G24810	1230
AT5G61090	0
AT5G24960	51
AT5G64970	260
AT5G62090	811
AT5G64816	44
AT5G11630	410
AT5G53430	371
AT5G59910	6801
AT5G53910	0
AT5G56970	22
AT5G09320	6
AT5G56100	294
AT5G65760	849
AT5G55410	1
AT5G61300	173
AT5G53360	65
AT5G43270	318
AT5G28210	0
AT5G18090	13
AT5G64650	447
AT5G25300	0
AT5G46230	137
AT5G23405	262
AT5G05680	430
AT5G24275	14
AT5G04590	14271
AT5G34870	0
AT5G19080	225
AT5G40910	1213
AT5G62350	4160
AT5G18640	645
AT5G25415	1
AT5G13850	3819
AT5G16470	2711
AT5G57140	150
AT5G66053	0
AT5G24150	272
AT5G54680	2183
AT5G44540	5
AT5G39830	2143
AT5G33898	0
AT5G50550	0
AT5G27360	110
AT5G41390	0
AT5G56170	932
AT5G67530	909
AT5G48655	539
AT5G23190	279
AT5G44005	274
AT5G46890	121
AT5G45730	62
AT5G11410	29
AT5G47740	85
AT5G14510	29
AT5G22980	0
AT5G45140	968
AT5G54690	85
AT5G24820	0
AT5G25260	48
AT5G24318	84
AT5G23760	554
AT5G53240	0
AT5G06030	0
AT5G07410	9
AT5G14570	1174
AT5G62810	2101
AT5G06590	133
AT5G54220	0
AT5G60590	394
AT5G51180	757
AT5G57800	1313
AT5G07700	65
AT5G39770	4
AT5G45290	660
AT5G16100	0
AT5G24320	486
AT5G40230	84
AT5G08200	411
AT5G49540	1111
AT5G61605	0
AT5G47380	147
AT5G38960	0
AT5G48530	95
AT5G25810	309
AT5G67270	610
AT5G11330	1367
AT5G60450	1308
AT5G39610	134
AT5G37474	0
AT5G27290	912
AT5G10420	0
AT5G40153	0
AT5G17450	184
AT5G44574	58
AT5G15537	21
AT5G43513	0
AT5G51790	16
AT5G64690	37
AT5G15320	1944
AT5G04500	0
AT5G64010	137
AT5G64400	7301
AT5G10660	12
AT5G36910	421
AT5G41430	0
AT5G64140	4409
AT5G26210	1017
AT5G15060	1
AT5G60520	113
AT5G03870	400
AT5G56700	26
AT5G64940	2651
AT5G54760	3203
AT5G38530	1676
AT5G48110	290
AT5G23350	82
AT5G39650	2
AT5G63690	79
AT5G36805	0
AT5G24155	89
AT5G37478	14
AT5G46020	3482
AT5G38600	686
AT5G36661	0
AT5G19780	8915
AT5G04380	0
AT5G16570	142
AT5G60615	0
AT5G51960	575
AT5G49580	699
AT5G51910	144
AT5G48400	13
AT5G10740	285
AT5G50860	828
AT5G52620	0
AT5G58340	208
AT5G28420	6
AT5G36710	0
AT5G26930	5
AT5G14800	3134
AT5G64130	2683
AT5G25400	0
AT5G09940	0
AT5G42940	958
AT5G49690	9
AT5G37690	420
AT5G23470	0
AT5G26180	613
AT5G55700	572
AT5G03120	90
AT5G39024	0
AT5G14270	1800
AT5G08410	2498
AT5G28810	1
AT5G47229	0
AT5G14960	197
AT5G52580	1288
AT5G35090	1
AT5G56370	65
AT5G59200	78
AT5G36657	0
AT5G11130	0
AT5G07950	200
AT5G27540	1884
AT5G63920	419
AT5G59580	1
AT5G56420	140
AT5G35300	0
AT5G63700	345
AT5G53550	1333
AT5G12260	343
AT5G17900	1177
AT5G41080	460
AT5G01240	1039
AT5G53370	1166
AT5G03180	193
AT5G02040	394
AT5G39440	0
AT5G50370	1038
AT5G62780	0
AT5G44690	1
AT5G05790	306
AT5G58290	4709
AT5G35080	444
AT5G55720	45
AT5G53120	985
AT5G49210	925
AT5G05610	1286
AT5G53990	113
AT5G42210	77
AT5G45320	13
AT5G17670	1116
AT5G52910	271
AT5G50380	1120
AT5G50423	0
AT5G06240	236
AT5G17320	0
AT5G52130	0
AT5G64390	579
AT5G26100	0
AT5G43401	0
AT5G60160	1182
AT5G67300	1184
AT5G51430	1507
AT5G44560	291
AT5G05630	112
AT5G41840	0
AT5G35890	0
AT5G04238	0
AT5G36130	3
AT5G35330	381
AT5G37970	0
AT5G64230	82
AT5G12150	3836
AT5G12090	0
AT5G62840	420
AT5G15120	511
AT5G57100	277
AT5G20070	1686
AT5G20390	0
AT5G25210	406
AT5G66590	416
AT5G27130	0
AT5G54280	716
AT5G34883	0
AT5G66960	125
AT5G48540	276
AT5G54270	78489
AT5G06970	1485
AT5G57260	1
AT5G22410	159
AT5G56470	0
AT5G41660	0
AT5G35590	2897
AT5G19120	1018
AT5G55850	2140
AT5G36080	0
AT5G06360	3112
AT5G01790	399
AT5G16000	787
AT5G08360	50
AT5G27520	404
AT5G25590	775
AT5G25160	84
AT5G19790	114
AT5G13680	1338
AT5G46390	920
AT5G27350	940
AT5G47360	121
AT5G65070	31
AT5G17650	329
AT5G45710	219
AT5G28900	1062
AT5G11990	65
AT5G09830	931
AT5G15810	1113
AT5G67630	1032
AT5G64360	549
AT5G23710	0
AT5G60300	438
AT5G54200	492
AT5G41580	386
AT5G38840	956
AT5G25240	90
AT5G11930	39
AT5G64370	1487
AT5G52700	0
AT5G17850	151
AT5G13920	58
AT5G22160	0
AT5G50360	5
AT5G45030	0
AT5G63590	260
AT5G59030	595
AT5G17700	960
AT5G64950	103
AT5G18360	115
AT5G58900	1776
AT5G64510	38
AT5G66910	247
AT5G54950	0
AT5G19480	383
AT5G54920	335
AT5G57510	0
AT5G53340	635
AT5G58220	1152
AT5G46650	9
AT5G15430	8
AT5G07650	17
AT5G23910	668
AT5G67200	307
AT5G41690	54
AT5G42450	96
AT5G17270	587
AT5G47350	1
AT5G55135	0
AT5G53740	45
AT5G45010	118
AT5G63420	2592
AT5G59100	2
AT5G63310	9549
AT5G18140	481
AT5G57960	715
AT5G10800	125
AT5G44567	9
AT5G08055	0
AT5G37870	0
AT5G18800	2541
AT5G28235	0
AT5G50665	0
AT5G43310	1285
AT5G07670	490
AT5G57940	1053
AT5G07490	0
AT5G40980	0
AT5G38620	0
AT5G15790	289
AT5G60970	164
AT5G32470	627
AT5G43890	38
AT5G26955	0
AT5G02870	18826
AT5G47750	1448
AT5G50760	316
AT5G13630	33147
AT5G44090	1075
AT5G46740	378
AT5G58910	55
AT5G42690	103
AT5G33210	0
AT5G27170	0
AT5G67520	61
AT5G13120	4291
AT5G09370	0
AT5G49010	165
AT5G04150	38
AT5G18310	945
AT5G36228	0
AT5G06690	1993
AT5G15230	6157
AT5G22180	0
AT5G61600	353
AT5G19660	636
AT5G60050	178
AT5G49940	1864
AT5G38030	396
AT5G16410	24
AT5G64660	313
AT5G36380	0
AT5G47600	7
AT5G50330	161
AT5G42710	48
AT5G28660	0
AT5G55870	0
AT5G63580	18
AT5G41761	87
AT5G05598	0
AT5G63980	2381
AT5G08600	102
AT5G33390	0
AT5G56940	1140
AT5G24440	0
AT5G67480	2174
AT5G57890	338
AT5G51120	1530
AT5G12890	362
AT5G66595	22
AT5G06640	969
AT5G63890	2017
AT5G61400	83
AT5G62630	895
AT5G50890	270
AT5G17170	3985
AT5G37670	47
AT5G22440	3792
AT5G65050	937
AT5G04080	361
AT5G17370	164
AT5G27220	24
AT5G44990	6
AT5G07440	5829
AT5G53970	218
AT5G01895	0
AT5G62430	88
AT5G28530	263
AT5G11560	4993
AT5G03930	0
AT5G54490	49
AT5G03355	58
AT5G58370	513
AT5G48410	44
AT5G40900	3
AT5G65480	1793
AT5G58000	551
AT5G24430	425
AT5G60430	83
AT5G27880	0
AT5G58040	1945
AT5G02070	0
AT5G03555	409
AT5G27889	25
AT5G66110	7
AT5G26160	359
AT5G06980	97
AT5G06810	170
AT5G55260	547
AT5G17040	198
AT5G54570	5
AT5G22850	457
AT5G04520	265
AT5G62470	129
AT5G22505	0
AT5G51465	9
AT5G65685	756
AT5G25640	55
AT5G09780	2
AT5G62400	0
AT5G54410	0
AT5G53760	466
AT5G03795	30
AT5G47860	640
AT5G28620	0
AT5G42570	926
AT5G45960	41
AT5G23260	0
AT5G61120	3
AT5G38540	37
AT5G57210	427
AT5G25756	3
AT5G43730	196
AT5G56090	659
AT5G28390	71
AT5G14560	0
AT5G61200	116
AT5G46910	311
AT5G07960	764
AT5G47160	41
AT5G59810	0
AT5G35195	0
AT5G01490	11
AT5G54450	0
AT5G06043	0
AT5G06520	0
AT5G23890	3729
AT5G65630	4321
AT5G26890	0
AT5G65810	984
AT5G36730	0
AT5G59980	241
AT5G67180	135
AT5G59680	72
AT5G53640	0
AT5G05560	600
AT5G60480	2
AT5G64210	0
AT5G45420	1156
AT5G27850	17967
AT5G10210	162
AT5G12380	0
AT5G14660	2042
AT5G58690	147
AT5G09430	6
AT5G43790	165
AT5G20520	920
AT5G57830	219
AT5G35760	25
AT5G18370	182
AT5G57300	868
AT5G10610	259
AT5G01990	304
AT5G41980	87
AT5G45340	53
AT5G59600	0
AT5G17870	8206
AT5G12300	67
AT5G08280	10319
AT5G53580	1516
AT5G27570	0
AT5G62410	941
AT5G36700	0
AT5G10080	229
AT5G04940	804
AT5G61270	326
AT5G49660	1203
AT5G35510	1
AT5G54780	363
AT5G67420	2220
AT5G58660	132
AT5G67140	39
AT5G55240	0
AT5G65620	4413
AT5G38920	0
AT5G09570	80
AT5G46780	277
AT5G61320	0
AT5G09270	296
AT5G52820	1405
AT5G56120	698
AT5G22550	44
AT5G57990	3080
AT5G11940	0
AT5G64270	3439
AT5G64640	367
AT5G54590	299
AT5G42480	1637
AT5G48680	571
AT5G56810	34
AT5G04350	0
AT5G11240	1024
AT5G06430	164
AT5G44572	546
AT5G39930	0
AT5G37340	153
AT5G23690	284
AT5G08100	1210
AT5G13550	915
AT5G10230	104
AT5G52250	126
AT5G57740	373
AT5G13620	0
AT5G44980	19
AT5G63850	1508
AT5G09920	814
AT5G58980	193
AT5G58650	210
AT5G44140	3
AT5G49490	0
AT5G16680	1021
AT5G13820	155
AT5G02930	0
AT5G01050	89
AT5G65495	232
AT5G52970	1573
AT5G51890	798
AT5G58210	261
AT5G17840	666
AT5G14220	1163
AT5G47980	26
AT5G16710	4119
AT5G51340	718
AT5G67640	182
AT5G56770	0
AT5G41460	359
AT5G48290	213
AT5G35698	0
AT5G43870	393
AT5G66160	449
AT5G63570	7228
AT5G28288	0
AT5G06330	144
AT5G05670	368
AT5G10070	680
AT5G01660	91
AT5G41320	0
AT5G58350	599
AT5G14160	0
AT5G14090	249
AT5G15840	45
AT5G35540	0
AT5G65430	3241
AT5G14080	265
AT5G39000	9
AT5G13080	38
AT5G57420	9
AT5G05620	613
AT5G34828	0
AT5G42400	644
AT5G28180	0
AT5G12960	8
AT5G58950	3552
AT5G42300	4852
AT5G60320	2
AT5G41900	105
AT5G22500	392
AT5G44150	172
AT5G56910	374
AT5G57580	1603
AT5G39150	7
AT5G19670	164
AT5G25890	813
AT5G37940	6
AT5G05350	39
AT5G62250	6
AT5G14480	244
AT5G14780	3557
AT5G14600	336
AT5G58800	1048
AT5G52480	0
AT5G14285	258
AT5G61650	27
AT5G56452	0
AT5G17560	1870
AT5G60870	205
AT5G05290	4
AT5G55440	0
AT5G45040	89
AT5G45500	1462
AT5G05890	412
AT5G09876	2
AT5G55510	813
AT5G05990	365
AT5G61910	492
AT5G49290	49
AT5G62680	2892
AT5G24080	1
AT5G08390	633
AT5G40930	926
AT5G39310	0
AT5G24890	782
AT5G62380	46
AT5G53680	0
AT5G44960	0
AT5G23115	0
AT5G44065	0
AT5G16120	982
AT5G28885	0
AT5G03190	473
AT5G45020	254
AT5G64440	1306
AT5G35640	1
AT5G45250	482
AT5G05600	211
AT5G51900	0
AT5G48240	856
AT5G47120	2446
AT5G57640	23
AT5G39140	0
AT5G48335	710
AT5G67340	194
AT5G35320	365
AT5G52850	158
AT5G45300	600
AT5G28295	2
AT5G07240	601
AT5G52070	136
AT5G08470	944
AT5G14105	438
AT5G48575	0
AT5G09220	5958
AT5G61000	814
AT5G15210	446
AT5G46470	747
AT5G40850	5432
AT5G07200	13
AT5G59340	5
AT5G07310	3
AT5G01170	557
AT5G37810	0
AT5G10690	1461
AT5G16080	78
AT5G59900	149
AT5G12460	0
AT5G11890	895
AT5G16940	107
AT5G60265	0
AT5G49305	7
AT5G36120	1249
AT5G52760	34
AT5G43755	0
AT5G17930	818
AT5G67490	1
AT5G19810	12
AT5G47480	2202
AT5G25930	192
AT5G46080	68
AT5G55920	2687
AT5G09700	2
AT5G01380	13
AT5G45810	17
AT5G55170	58
AT5G20330	0
AT5G44760	0
AT5G47650	353
AT5G27490	176
AT5G66260	1
AT5G65225	8
AT5G46950	0
AT5G66780	5
AT5G40030	119
AT5G49830	1394
AT5G55893	5
AT5G47200	2760
AT5G63280	298
AT5G22960	0
AT5G04630	8
AT5G09290	26
AT5G09800	161
AT5G47080	622
AT5G54900	2664
AT5G41160	17
AT5G14360	44
AT5G39380	221
AT5G43150	582
AT5G39450	229
AT5G01500	702
AT5G41330	296
AT5G21130	3
AT5G28510	13
AT5G54530	75
AT5G24314	4097
AT5G17630	1326
AT5G43050	521
AT5G46660	3
AT5G42970	1114
AT5G62800	1
AT5G44306	9
AT5G56210	255
AT5G16860	112
AT5G11960	823
AT5G09720	21
AT5G63110	1110
AT5G50340	550
AT5G01090	589
AT5G17260	40
AT5G02020	59
AT5G03630	5506
AT5G38470	3060
AT5G24740	812
AT5G58330	7860
AT5G63950	779
AT5G55220	6106
AT5G05580	1962
AT5G39865	20
AT5G28720	0
AT5G06190	70
AT5G61690	0
AT5G40820	192
AT5G15270	749
AT5G25760	614
AT5G55310	1236
AT5G16420	137
AT5G25860	0
AT5G01390	429
AT5G38300	260
AT5G63400	5199
AT5G61710	2
AT5G10570	20
AT5G19910	250
AT5G58050	7
AT5G45060	726
AT5G56580	306
AT5G41700	4383
AT5G60740	0
AT5G56390	0
AT5G36780	0
AT5G17510	735
AT5G52060	1868
AT5G17165	31
AT5G01110	101
AT5G08565	216
AT5G39320	2275
AT5G41830	0
AT5G60460	513
AT5G56930	254
AT5G43360	1
AT5G15760	195
AT5G08540	2163
AT5G64620	813
AT5G52780	1105
AT5G25850	0
AT5G49060	304
AT5G14610	845
AT5G07470	2210
AT5G03090	3
AT5G49620	6
AT5G17800	129
AT5G03640	64
AT5G46297	0
AT5G26720	81
AT5G45950	920
AT5G13790	100
AT5G05653	0
AT5G27940	2
AT5G19510	8609
AT5G18636	3
AT5G62160	10
AT5G44910	290
AT5G10760	354
AT5G10170	1641
AT5G18220	23
AT5G62650	892
AT5G41940	823
AT5G37470	1
AT5G44040	587
AT5G60964	0
AT5G36290	1360
AT5G15900	39
AT5G27320	458
AT5G40330	63
AT5G40590	107
AT5G25600	0
AT5G53590	222
AT5G23420	1032
AT5G02860	1032
AT5G67230	104
AT5G59820	112
AT5G27240	362
AT5G48970	436
AT5G58930	1123
AT5G15720	7
AT5G51500	63
AT5G18540	406
AT5G57850	1563
AT5G51060	391
AT5G65610	7
AT5G57910	199
AT5G16550	605
AT5G07450	14
AT5G43185	0
AT5G48340	378
AT5G42760	82
AT5G26230	245
AT5G15450	2860
AT5G12180	9
AT5G67050	27
AT5G37850	1024
AT5G04930	1484
AT5G61140	1345
AT5G39180	1
AT5G25990	17
AT5G24030	570
AT5G09976	11
AT5G66200	1457
AT5G06160	1426
AT5G58180	0
AT5G05100	972
AT5G37890	300
AT5G41071	3
AT5G27440	0
AT5G11220	0
AT5G62950	269
AT5G09630	146
AT5G07500	2
AT5G35069	0
AT5G02390	14
AT5G43210	78
AT5G35520	266
AT5G48830	1160
AT5G48230	3188
AT5G38460	330
AT5G10990	21
AT5G20740	498
AT5G42870	1027
AT5G66930	445
AT5G39500	1110
AT5G54043	0
AT5G54130	367
AT5G25750	0
AT5G40750	0
AT5G35603	0
AT5G26120	7
AT5G11420	2659
AT5G40940	1
AT5G52380	257
AT5G35920	1
AT5G17770	3904
AT5G18407	0
AT5G05140	634
AT5G44578	196
AT5G10840	2282
AT5G38730	73
AT5G56660	398
AT5G50050	0
AT5G07600	0
AT5G62240	6
AT5G38180	0
AT5G49910	9465
AT5G48800	278
AT5G45840	168
AT5G27030	710
AT5G45170	1128
AT5G45070	257
AT5G23390	993
AT5G26050	0
AT5G17960	3
AT5G51050	425
AT5G64090	600
AT5G50910	0
AT5G63830	247
AT5G63760	482
AT5G09670	1244
AT5G48810	2876
AT5G66370	1
AT5G50690	0
AT5G38160	0
AT5G33406	0
AT5G13010	1923
AT5G08750	368
AT5G45740	17
AT5G02130	258
AT5G42630	93
AT5G59520	923
AT5G22640	7360
AT5G18870	0
AT5G27400	37
AT5G66170	200
AT5G52547	32
AT5G18510	0
AT5G66410	672
AT5G23170	74
AT5G58570	60
AT5G42220	1623
AT5G55940	1488
AT5G52370	714
AT5G25870	0
AT5G48930	3672
AT5G07940	1116
AT5G16600	83
AT5G60410	2050
AT5G38190	0
AT5G12320	518
AT5G65860	608
AT5G16530	131
AT5G20010	5499
AT5G37760	0
AT5G17590	0
AT5G18380	19830
AT5G15940	26
AT5G02670	211
AT5G41765	16
AT5G48650	80
AT5G21482	496
AT5G59510	14
AT5G59110	0
AT5G16340	122
AT5G47700	12827
AT5G40390	1239
AT5G39715	0
AT5G40040	12
AT5G37800	8
AT5G15520	719
AT5G15710	168
AT5G12840	382
AT5G17050	1126
AT5G59760	25
AT5G64580	2472
AT5G47280	0
AT5G20310	0
AT5G26300	9
AT5G54580	876
AT5G15190	126
AT5G25790	51
AT5G63840	3454
AT5G32450	1074
AT5G59613	7037
AT5G47250	160
AT5G56500	1781
AT5G01860	0
AT5G39760	537
AT5G53500	951
AT5G01510	272
AT5G51020	767
AT5G59320	269
AT5G37165	0
AT5G26330	322
AT5G67250	1301
AT5G13660	158
AT5G56630	2260
AT5G58280	17
AT5G22280	755
AT5G65090	84
AT5G10580	1005
AT5G19870	39
AT5G07710	165
AT5G42232	0
AT5G35190	822
AT5G59350	501
AT5G65310	5160
AT5G14500	512
AT5G36690	0
AT5G51520	14
AT5G58300	900
AT5G09810	13109
AT5G17530	1261
AT5G12210	1294
AT5G56380	133
AT5G65080	11
AT5G41520	7869
AT5G52100	572
AT5G23820	2105
AT5G16520	261
AT5G35610	0
AT5G46970	0
AT5G59540	2310
AT5G47710	282
AT5G25830	185
AT5G26710	2969
AT5G28080	82
AT5G04395	2
AT5G53710	2
AT5G59230	2
AT5G11770	4959
AT5G03030	500
AT5G55360	19
AT5G21140	105
AT5G39580	329
AT5G15830	121
AT5G07910	320
AT5G50565	0
AT5G18010	8
AT5G27750	148
AT5G46590	34
AT5G40700	205
AT5G18670	327
AT5G01930	707
AT5G25780	1688
AT5G47850	4
AT5G63135	181
AT5G23740	5918
AT5G11790	1784
AT5G04160	523
AT5G16486	6
AT5G56040	1192
AT5G56540	426
AT5G04020	605
AT5G23810	138
AT5G60240	0
AT5G41650	73
AT5G38630	851
AT5G47370	469
AT5G19200	144
AT5G51550	2616
AT5G25100	3370
AT5G45230	0
AT5G42780	110
AT5G28462	0
AT5G19140	6093
AT5G19675	0
AT5G66800	133
AT5G02502	731
AT5G40140	332
AT5G56740	731
AT5G37530	260
AT5G22930	213
AT5G04690	56
AT5G55200	522
AT5G08710	492
AT5G05860	295
AT5G37740	1050
AT5G63290	152
AT5G10720	144
AT5G27065	0
AT5G42960	879
AT5G07250	433
AT5G60280	115
AT5G61220	858
AT5G06550	652
AT5G04260	344
AT5G39010	0
AT5G52840	6138
AT5G44130	2163
AT5G03495	59
AT5G08170	939
AT5G47960	65
AT5G57860	366
AT5G36180	174
AT5G01130	0
AT5G59740	124
AT5G39730	1255
AT5G40070	0
AT5G65340	29
AT5G49260	0
AT5G23940	2012
AT5G55132	0
AT5G50660	0
AT5G50900	572
AT5G45900	304
AT5G22950	821
AT5G48330	429
AT5G64470	289
AT5G52965	0
AT5G07980	692
AT5G48250	2075
AT5G56190	841
AT5G30510	15089
AT5G04620	513
AT5G64220	986
AT5G05820	465
AT5G33806	0
AT5G08420	2614
AT5G44350	63
AT5G42850	1044
AT5G47140	399
AT5G39020	143
AT5G60200	515
AT5G65640	1329
AT5G05920	455
AT5G51650	0
AT5G37140	0
AT5G23680	268
AT5G49050	3
AT5G45875	0
AT5G05190	125
AT5G55550	497
AT5G28290	694
AT5G04870	1966
AT5G64710	156
AT5G38280	124
AT5G47340	0
AT5G10780	2434
AT5G63470	578
AT5G41780	4
AT5G23120	8289
AT5G39620	0
AT5G29070	0
AT5G13830	68
AT5G54380	835
AT5G52670	3
AT5G64730	337
AT5G61620	0
AT5G60380	0
AT5G28770	445
AT5G36200	0
AT5G04410	1633
AT5G11510	664
AT5G55300	1758
AT5G38040	98
AT5G58200	837
AT5G59000	194
AT5G14520	2909
AT5G40520	375
AT5G51400	1481
AT5G54240	46
AT5G62960	279
AT5G18770	166
AT5G23990	24
AT5G62575	553
AT5G66060	914
AT5G06830	816
AT5G28560	0
AT5G20640	78
AT5G66570	92918
AT5G51950	14
AT5G51800	10
AT5G61510	1513
AT5G25290	0
AT5G06150	1171
AT5G27100	174
AT5G62020	146
AT5G52460	0
AT5G47470	8
AT5G61160	77
AT5G66985	419
AT5G24450	816
AT5G61380	5314
AT5G51360	0
AT5G19151	74
AT5G11140	6
AT5G37450	20
AT5G27093	16
AT5G51880	853
AT5G20900	1450
AT5G03660	1862
AT5G38895	219
AT5G46210	2544
AT5G63390	12
AT5G26700	13
AT5G24290	150
AT5G23440	673
AT5G24090	190
AT5G04140	26116
AT5G07090	15451
AT5G02380	60391
AT5G51860	0
AT5G47130	83
AT5G41540	0
AT5G57360	1235
AT5G38910	1
AT5G63240	0
AT5G53635	0
AT5G10330	630
AT5G25970	91
AT5G20180	762
AT5G39110	14
AT5G35945	0
AT5G04820	411
AT5G08440	510
AT5G66330	92
AT5G24040	4
AT5G27820	468
AT5G48905	0
AT5G36370	0
AT5G10380	161
AT5G04990	1146
AT5G14820	13
AT5G39340	580
AT5G36980	0
AT5G11620	53
AT5G37260	650
AT5G41880	343
AT5G60170	1511
AT5G04560	1684
AT5G42930	11
AT5G63090	49
AT5G27990	788
AT5G64190	5
AT5G35360	6520
AT5G43160	73
AT5G11570	28
AT5G56880	0
AT5G52270	15
AT5G40800	13
AT5G63120	805
AT5G45120	0
AT5G40580	1569
AT5G28630	195
AT5G58005	406
AT5G50620	0
AT5G18910	8
AT5G62150	118
AT5G57610	813
AT5G46730	834
AT5G05850	141
AT5G10880	11
AT5G06410	215
AT5G39840	459
AT5G15770	0
AT5G22920	781
AT5G35680	2174
AT5G36800	0
AT5G67620	40
AT5G50610	0
AT5G39890	349
AT5G05940	320
AT5G04700	89
AT5G66680	3550
AT5G28650	48
AT5G25840	480
AT5G43068	0
AT5G58860	966
AT5G15010	207
AT5G11380	584
AT5G38500	0
AT5G60335	52
AT5G12900	566
AT5G59490	43
AT5G02600	328
AT5G20850	155
AT5G13480	702
AT5G54300	68
AT5G07050	2
AT5G56400	0
AT5G54330	3
AT5G65970	475
AT5G42765	1336
AT5G23903	0
AT5G60680	793
AT5G47690	3967
AT5G62080	0
AT5G46873	0
AT5G19170	92
AT5G57290	11867
AT5G18660	3890
AT5G08130	1518
AT5G18480	1035
AT5G26940	616
AT5G59450	157
AT5G67030	4690
AT5G39520	9
AT5G22240	19
AT5G66070	298
AT5G57190	87
AT5G64330	1751
AT5G18250	168
AT5G55340	113
AT5G64860	2854
AT5G63540	73
AT5G25580	176
AT5G28050	2322
AT5G01310	290
AT5G44940	0
AT5G53486	223
AT5G55830	115
AT5G49270	180
AT5G50430	657
AT5G54090	191
AT5G41130	216
AT5G06050	848
AT5G10140	17
AT5G13250	26
AT5G05675	0
AT5G01580	0
AT5G24920	37
AT5G58575	217
AT5G35830	0
AT5G67040	0
AT5G59300	692
AT5G28550	0
AT5G54930	426
AT5G52540	1497
AT5G59060	4
AT5G51720	1793
AT5G44460	32
AT5G53420	1182
AT5G36160	1582
AT5G15580	786
AT5G49720	7678
AT5G14320	11195
AT5G14275	0
AT5G65390	640
AT5G45460	139
AT5G01920	2278
AT5G16770	10
AT5G06710	103
AT5G14420	708
AT5G17400	452
AT5G47150	5
AT5G16220	735
AT5G58380	714
AT5G37400	70
AT5G24270	237
AT5G06060	2112
AT5G05160	711
AT5G12310	654
AT5G26740	621
AT5G44510	286
AT5G11600	269
AT5G49740	319
AT5G27970	1141
AT5G41030	0
AT5G54650	425
AT5G58410	1086
AT5G20980	590
AT5G17250	293
AT5G28491	0
AT5G13160	700
AT5G62700	7721
AT5G02980	0
AT5G43680	286
AT5G22560	9
AT5G36000	26
AT5G02050	2030
AT5G35100	2272
AT5G39785	145
AT5G19633	0
AT5G49750	3
AT5G26010	279
AT5G46110	27311
AT5G06380	2
AT5G56980	229
AT5G12060	0
AT5G62770	62
AT5G56680	3460
AT5G44800	1957
AT5G04610	0
AT5G18490	317
AT5G43510	0
AT5G20935	437
AT5G61480	1142
AT5G48380	1357
AT5G55890	0
AT5G28646	5
AT5G54860	381
AT5G22530	2
AT5G24655	104
AT5G03670	128
AT5G17522	0
AT5G13070	705
AT5G04050	179
AT5G37060	0
AT5G06480	61
AT5G39190	64
AT5G43750	3062
AT5G36930	392
AT5G59500	1398
AT5G53950	23
AT5G67560	1133
AT5G37490	8
AT5G36280	1
AT5G20570	1458
AT5G37840	0
AT5G10730	824
AT5G16070	2546
AT5G12950	1146
AT5G49360	743
AT5G35410	188
AT5G48750	0
AT5G60760	257
AT5G66720	1893
AT5G17790	781
AT5G43390	0
AT5G64420	2127
AT5G23880	829
AT5G43430	544
AT5G66870	201
AT5G66280	0
AT5G66050	660
AT5G36140	5
AT5G08010	546
AT5G03460	1345
AT5G57900	581
AT5G61500	1082
AT5G20220	135
AT5G42350	255
AT5G43460	1756
AT5G56555	0
AT5G21326	1126
AT5G24860	1
AT5G55670	1449
AT5G61990	100
AT5G04800	6432
AT5G19630	245
AT5G36658	0
AT5G08780	206
AT5G35927	0
AT5G22610	0
AT5G63180	2034
AT5G60553	0
AT5G19855	1219
AT5G26980	219
AT5G23770	28
AT5G14990	0
AT5G07770	218
AT5G16560	243
AT5G57535	0
AT5G59616	0
AT5G44010	129
AT5G23430	723
AT5G02200	33
AT5G59950	1984
AT5G49015	498
AT5G47680	1070
AT5G02750	90
AT5G27000	237
AT5G51090	0
AT5G42100	2118
AT5G38720	862
AT5G56890	1574
AT5G61370	256
AT5G35870	9
AT5G63300	41
AT5G52050	48
AT5G49030	5105
AT5G52770	0
AT5G07580	1474
AT5G14790	414
AT5G06470	21
AT5G17350	16
AT5G45910	0
AT5G54990	1
AT5G41410	722
AT5G39170	0
AT5G15560	0
AT5G15700	575
AT5G14110	10
AT5G54770	169831
AT5G50970	285
AT5G42380	11
AT5G20540	536
AT5G16890	252
AT5G44420	62
AT5G64687	19
AT5G23310	2306
AT5G67330	1107
AT5G19060	72
AT5G17290	294
AT5G38210	0
AT5G17620	403
AT5G64320	207
AT5G21040	850
AT5G22290	274
AT5G55450	3
AT5G54890	205
AT5G54630	627
AT5G11850	935
AT5G38410	154914
AT5G03880	4882
AT5G64070	2245
AT5G10940	912
AT5G61730	0
AT5G62910	602
AT5G11975	0
AT5G45640	0
AT5G36340	0
AT5G27550	671
AT5G02990	0
AT5G19520	627
AT5G22780	1547
AT5G16490	69
AT5G44700	17
AT5G48600	936
AT5G16510	1410
AT5G18710	13
AT5G05870	332
AT5G24110	33
AT5G35580	193
AT5G23490	324
AT5G63220	591
AT5G19485	714
AT5G63063	0
AT5G43370	3
AT5G67170	131
AT5G49140	2
AT5G38510	1367
AT5G26580	0
AT5G01017	0
AT5G11190	34
AT5G10930	324
AT5G22799	15
AT5G64150	465
AT5G10700	222
AT5G20240	6
AT5G53380	26
AT5G60110	0
AT5G65510	73
AT5G14910	5649
AT5G45380	254
AT5G36260	25
AT5G55125	602
AT5G24550	2
AT5G64410	432
AT5G04885	1363
AT5G57685	570
AT5G55790	473
AT5G65270	1339
AT5G14180	5
AT5G58560	1025
AT5G64800	12
AT5G66650	91
AT5G13330	153
AT5G61290	281
AT5G44160	162
AT5G10160	1506
AT5G48310	544
AT5G13400	336
AT5G49570	581
AT5G47460	55
AT5G10280	144
AT5G47190	9968
AT5G02000	8
AT5G25370	168
AT5G15490	2299
AT5G42370	102
AT5G11090	683
AT5G62880	648
AT5G37990	366
AT5G51390	46
AT5G11810	686
AT5G54460	0
AT5G13590	1272
AT5G35120	0
AT5G41860	5
AT5G58170	2
AT5G51760	1
AT5G47240	874
AT5G44860	495
AT5G11780	104
AT5G53660	49
AT5G55650	14
AT5G19720	4
AT5G18450	0
AT5G20050	589
AT5G52470	6393
AT5G56110	2
AT5G16050	3090
AT5G25550	2
AT5G39680	59
AT5G14620	311
AT5G38950	0
AT5G63060	317
AT5G07300	1207
AT5G36790	0
AT5G16440	1846
AT5G62890	4173
AT5G47630	502
AT5G26820	1438
AT5G11200	3521
AT5G22720	0
AT5G14380	31
AT5G19580	132
AT5G52690	2
AT5G50060	1
AT5G14440	1479
AT5G20600	1087
AT5G18740	15
AT5G16285	0
AT5G14370	1198
AT5G67360	5017
AT5G04130	1257
AT5G35160	2676
AT5G24950	0
AT5G57270	555
AT5G53620	1699
AT5G48120	739
AT5G26250	1
AT5G12990	0
AT5G57670	19
AT5G36738	0
AT5G50500	0
AT5G60215	0
AT5G10605	15
AT5G28640	911
AT5G36739	0
AT5G09500	6
AT5G66610	79
AT5G15170	338
AT5G03810	0
AT5G62720	6441
AT5G05530	4
AT5G11830	0
AT5G55120	750
AT5G41510	0
AT5G22796	22
AT5G06610	320
AT5G26680	624
AT5G60220	7
AT5G22870	58
AT5G61900	1
AT5G44320	2365
AT5G16790	81
AT5G05810	52
AT5G02610	3926
AT5G60390	94476
AT5G18270	211
AT5G20290	32176
AT5G10980	4255
AT5G03400	0
AT5G14530	272
AT5G16310	231
AT5G62830	1
AT5G50800	113
AT5G08730	0
AT5G40680	0
AT5G36300	0
AT5G16240	325
AT5G15843	0
AT5G48360	1029
AT5G60190	174
AT5G16715	2354
AT5G22970	0
AT5G52170	60
AT5G25800	321
AT5G41740	149
AT5G46630	2063
AT5G44520	1172
AT5G50180	1170
AT5G20130	2116
AT5G63260	666
AT5G49520	131
AT5G52630	113
AT5G38060	224
AT5G61180	1
AT5G45240	17
AT5G29613	0
AT5G19290	1904
AT5G49610	168
AT5G24050	0
AT5G19540	4500
AT5G15410	2179
AT5G20660	2395
AT5G07370	863
AT5G23790	1
AT5G01450	300
AT5G25265	1581
AT5G58720	944
AT5G63340	0
AT5G13180	1737
AT5G47550	476
AT5G61760	485
AT5G61630	0
AT5G27600	798
AT5G14880	633
AT5G27493	0
AT5G13670	0
AT5G43320	2770
AT5G65030	29
AT5G62040	14
AT5G05420	13
AT5G15680	1333
AT5G02960	14245
AT5G67240	1220
AT5G66340	0
AT5G26751	1449
AT5G37790	594
AT5G40560	0
AT5G13320	62
AT5G42290	0
AT5G58003	304
AT5G42146	237
AT5G35338	0
AT5G58940	194
AT5G42250	769
AT5G01890	1000
AT5G16460	0
AT5G49460	2685
AT5G53280	462
AT5G20840	1104
AT5G09850	1407
AT5G64980	156
AT5G24540	0
AT5G67320	1630
AT5G45455	28
AT5G20260	6
AT5G52550	674
AT5G52740	11
AT5G47320	1247
AT5G14070	7
AT5G56020	169
AT5G39250	180
AT5G41730	5
AT5G06930	127
AT5G10290	887
AT5G61740	21
AT5G48220	1758
AT5G56710	9548
AT5G48710	4
AT5G51260	181
AT5G14250	1342
AT5G66320	688
AT5G35600	1
AT5G61550	82
AT5G56620	15
AT5G41910	151
AT5G06905	0
AT5G61210	1065
AT5G63620	979
AT5G03110	74
AT5G56550	144
AT5G15540	836
AT5G23540	4257
AT5G44670	273
AT5G40240	533
AT5G09950	77
AT5G37860	0
AT5G18720	3
AT5G10030	491
AT5G40490	904
AT5G23750	141
AT5G39200	0
AT5G37730	0
AT5G14345	0
AT5G63660	276
AT5G52860	306
AT5G47730	602
AT5G03210	17
AT5G51610	0
AT5G59380	302
AT5G46320	1
AT5G10370	320
AT5G39493	0
AT5G38590	168
AT5G43130	1283
AT5G59480	634
AT5G57620	132
AT5G13870	376
AT5G21010	548
AT5G05230	573
AT5G45970	68
AT5G62640	1321
AT5G16640	74
AT5G57130	694
AT5G21274	1787
AT5G65250	835
AT5G47450	259
AT5G06940	125
AT5G66815	37
AT5G01015	25
AT5G42910	0
AT5G57980	119
AT5G06200	29
AT5G39420	24
AT5G06040	0
AT5G02830	1383
AT5G17345	0
AT5G62270	1413
AT5G63150	517
AT5G40020	92
AT5G28490	362
AT5G65850	27
AT5G11010	348
AT5G55080	0
AT5G05430	6
AT5G55860	438
AT5G16060	582
AT5G50870	993
AT5G33393	0
AT5G45775	6141
AT5G65165	20
AT5G48300	13043
AT5G67060	103
AT5G65730	248
AT5G41025	0
AT5G07630	540
AT5G22660	13
AT5G34850	5072
AT5G64280	692
AT5G55570	60
AT5G63780	2364
AT5G17820	1677
AT5G02100	598
AT5G25530	0
AT5G39690	0
AT5G37210	9
AT5G54140	170
AT5G46170	526
AT5G61460	430
AT5G51410	1063
AT5G25340	5
AT5G54030	4
AT5G10180	2346
AT5G26950	0
AT5G06460	1541
AT5G42080	5499
AT5G65600	20
AT5G53310	941
AT5G04900	808
AT5G50280	805
AT5G19740	315
AT5G44660	356
AT5G41570	22
AT5G62580	1018
AT5G26262	0
AT5G14995	0
AT5G06811	163
AT5G03040	2661
AT5G44730	831
AT5G18065	93
AT5G26360	5992
AT5G10830	443
AT5G15290	17
AT5G22545	8
AT5G14390	463
AT5G03240	14451
AT5G52200	975
AT5G59770	851
AT5G46620	447
AT5G41500	0
AT5G43620	49
AT5G04740	3867
AT5G46090	63
AT5G27640	4675
AT5G07390	40
AT5G06700	1753
AT5G18950	223
AT5G42600	2
AT5G14350	155
AT5G55990	994
AT5G56820	0
AT5G56490	37
AT5G06290	6531
AT5G15950	693
AT5G64790	0
AT5G36870	7
AT5G51850	72
AT5G09711	0
AT5G55760	229
AT5G06120	739
AT5G41270	104
AT5G59730	0
AT5G54100	544
AT5G44240	1533
AT5G62990	213
AT5G61170	8932
AT5G13090	306
AT5G55856	0
AT5G22770	1400
AT5G18330	0
AT5G63600	2553
AT5G50160	1293
AT5G62070	584
AT5G15265	118
AT5G54210	0
AT5G47020	2137
AT5G43064	0
AT5G42660	429
AT5G01360	81
AT5G22430	14
AT5G14020	129
AT5G25330	0
AT5G19530	975
AT5G05113	0
AT5G59895	0
AT5G52975	0
AT5G19490	29
AT5G12360	107
AT5G56180	488
AT5G53860	2287
AT5G38435	0
AT5G40300	400
AT5G53020	402
AT5G01680	0
AT5G07475	206
AT5G42590	31
AT5G34940	452
AT5G17390	75
AT5G66210	703
AT5G58270	1227
AT5G49340	9
AT5G16370	754
AT5G18690	308
AT5G63087	29
AT5G08060	3090
AT5G41990	1852
AT5G37247	6
AT5G26110	538
AT5G18990	0
AT5G02110	5
AT5G06860	0
AT5G64540	3
AT5G49530	701
AT5G12000	4
AT5G22630	1057
AT5G10360	13199
AT5G03990	166
AT5G37030	0
AT5G54820	0
AT5G36400	0
AT5G22390	123
AT5G65940	1283
AT5G39540	0
AT5G24330	135
AT5G06870	321
AT5G14710	263
AT5G56670	9419
AT5G03710	0
AT5G35550	2
AT5G38070	45
AT5G04120	9
AT5G45720	171
AT5G48370	379
AT5G18735	0
AT5G10480	2147
AT5G08770	117
AT5G51690	310
AT5G22250	78
AT5G06320	714
AT5G56720	98
AT5G17430	66
AT5G10000	2
AT5G07720	84
AT5G35405	0
AT5G18860	446
AT5G03204	0
AT5G47900	192
AT5G61110	0
AT5G66335	0
AT5G42895	0
AT5G63350	16
AT5G53610	0
AT5G62670	1319
AT5G06910	538
AT5G12120	1125
AT5G57440	699
AT5G22120	484
AT5G36420	0
AT5G21090	5212
AT5G27920	366
AT5G11820	1
AT5G63720	0
AT5G66540	1101
AT5G27830	363
AT5G21990	1310
AT5G20160	3086
AT5G57970	145
AT5G66500	75
AT5G40610	817
AT5G48543	0
AT5G53300	8122
AT5G09750	4
AT5G09350	295
AT5G17660	334
AT5G64930	315
AT5G39220	73
AT5G24060	1868
AT5G25250	128
AT5G15040	0
AT5G65750	1580
AT5G07920	591
AT5G51630	307
AT5G20170	454
AT5G28690	2
AT5G39471	30
AT5G01780	344
AT5G02430	157
AT5G24480	0
AT5G17190	1558
AT5G62060	0
AT5G50920	46060
AT5G34829	0
AT5G10870	253
AT5G38850	196
AT5G18240	0
AT5G38520	3170
AT5G22350	768
AT5G12370	2080
AT5G12980	402
AT5G46600	109
AT5G26830	3561
AT5G03430	1630
AT5G53780	0
AT5G19100	37
AT5G15640	881
AT5G07030	5135
AT5G12280	28
AT5G16740	0
AT5G19020	200
AT5G48175	19
AT5G01640	48
AT5G22650	7743
AT5G46180	911
AT5G38860	184
AT5G23212	0
AT5G50120	115
AT5G10220	1
AT5G39900	248
AT5G50040	2
AT5G44270	2
AT5G65920	289
AT5G58890	0
AT5G02270	2561
AT5G55520	720
AT5G35960	20
AT5G12140	5000
AT5G07260	2
AT5G08391	27
AT5G35930	353
AT5G42280	138
AT5G12020	7
AT5G01060	27
AT5G12270	27
AT5G20350	1457
AT5G13710	3875
AT5G02260	840
AT5G19500	382
AT5G65205	154
AT5G57790	88
AT5G41720	0
AT5G15390	669
AT5G49130	0
AT5G40670	1021
AT5G44120	3
AT5G62510	0
AT5G55660	4612
AT5G60610	24
AT5G53460	18180
AT5G39040	1143
AT5G39590	2093
AT5G16630	444
AT5G10460	614
AT5G65500	19
AT5G03940	6819
AT5G16170	36
AT5G23220	163
AT5G55580	615
AT5G01720	771
AT5G61790	11644
AT5G41150	343
AT5G54745	0
AT5G17220	529
AT5G17570	106
AT5G09840	348
AT5G54400	42
AT5G15890	72
AT5G12043	1
AT5G41050	302
AT5G38344	7
AT5G35790	2594
AT5G66770	646
AT5G62110	0
AT5G25430	2
AT5G62980	642
AT5G22760	1120
AT5G01820	995
AT5G60090	0
AT5G24460	952
AT5G55000	330
AT5G55855	0
AT5G58420	7923
AT5G24170	145
AT5G37130	1590
AT5G47440	34
AT5G08150	15
AT5G60600	10366
AT5G55840	147
AT5G64180	584
AT5G50130	233
AT5G47610	62
AT5G67430	67
AT5G39660	114
AT5G43950	229
AT5G02290	702
AT5G50420	484
AT5G59690	4316
AT5G47780	2246
AT5G01700	60
AT5G63225	0
AT5G56300	15
AT5G35732	216
AT5G37660	221
AT5G30495	494
AT5G57490	1558
AT5G22220	158
AT5G53440	1380
AT5G06510	60
AT5G54290	1525
AT5G07560	26
AT5G65580	0
AT5G46720	41
AT5G17167	1
AT5G14450	404
AT5G11270	1385
AT5G03080	661
AT5G46270	462
AT5G22210	327
AT5G25320	0
AT5G12850	1131
AT5G26760	858
AT5G27380	3597
AT5G43660	7
AT5G08570	4785
AT5G17980	264
AT5G50680	0
AT5G13510	2173
AT5G43110	0
AT5G42860	433
AT5G43060	4699
AT5G60010	0
AT5G21900	128
AT5G47420	464
AT5G23510	245
AT5G65613	0
AT5G61890	14
AT5G40600	160
AT5G18190	1778
AT5G13700	31
AT5G19730	494
AT5G59790	266
AT5G26990	448
AT5G18120	377
AT5G42955	0
AT5G13960	389
AT5G34780	0
AT5G02920	0
AT5G08120	643
AT5G46520	159
AT5G43230	33
AT5G59090	1601
AT5G07970	1055
AT5G02840	436
AT5G19420	464
AT5G64550	669
AT5G36230	5150
AT5G04360	1276
AT5G18600	578
AT5G11710	1984
AT5G43340	0
AT5G49480	1297
AT5G67550	31
AT5G01075	85
AT5G20450	138
AT5G05450	952
AT5G56800	0
AT5G43211	0
AT5G64770	2003
AT5G54310	1941
AT5G36320	0
AT5G04330	60
AT5G40645	1
AT5G45430	3423
AT5G02370	372
AT5G50562	0
AT5G08090	0
AT5G37600	10129
AT5G02820	625
AT5G46860	1282
AT5G24970	456
AT5G64290	5445
AT5G37055	114
AT5G49110	92
AT5G47435	1626
AT5G49555	1061
AT5G67210	203
AT5G15780	3060
AT5G07550	9
AT5G27390	1150
AT5G08190	409
AT5G59590	11
AT5G24350	1033
AT5G06080	11
AT5G35700	883
AT5G60900	118
AT5G06370	635
AT5G36480	0
AT5G04760	129
AT5G01950	749
AT5G65880	412
AT5G59860	6
AT5G15080	612
AT5G48730	398
AT5G20920	3099
AT5G42540	2136
AT5G27420	201
AT5G21280	170
AT5G10270	619
AT5G41450	2
AT5G17740	0
AT5G11880	3022
AT5G39470	0
AT5G44100	1502
AT5G42635	0
AT5G07430	3
AT5G28350	1020
AT5G35910	1823
AT5G48630	530
AT5G13450	7022
AT5G63670	953
AT5G04047	0
AT5G55100	697
AT5G40640	316
AT5G66450	394
AT5G18933	0
AT5G40595	0
AT5G65910	863
AT5G05910	0
AT5G47010	3593
AT5G50200	1465
AT5G46690	728
AT5G40180	38
AT5G18970	298
AT5G53650	852
AT5G61010	462
AT5G03905	432
AT5G16400	1937
AT5G28840	5821
AT5G53530	717
AT5G24980	374
AT5G24590	628
AT5G06265	325
AT5G63320	1040
AT5G38890	452
AT5G27770	6525
AT5G58520	489
AT5G19440	3498
AT5G55507	4
AT5G05590	323
AT5G65420	217
AT5G22320	570
AT5G48940	258
AT5G58782	0
AT5G61130	1821
AT5G60920	3781
AT5G20370	0
AT5G58700	570
AT5G62330	7
AT5G09660	19205
AT5G41290	0
AT5G24355	0
AT5G52720	4
AT5G21120	21
AT5G25755	12
AT5G27730	728
AT5G53090	188
AT5G62220	618
AT5G04550	1656
AT5G60840	311
AT5G17060	290
AT5G02630	95
AT5G48130	9
AT5G25570	154
AT5G49470	527
AT5G05965	2
AT5G43180	420
AT5G56310	123
AT5G11740	5002
AT5G63860	4824
AT5G38980	2971
AT5G37010	567
AT5G23850	255
AT5G39280	0
AT5G37240	9
AT5G17690	515
AT5G54260	217
AT5G37500	197
AT5G67390	311
AT5G15280	336
AT5G22620	1403
AT5G35450	530
AT5G63410	575
AT5G53200	7
AT5G13610	380
AT5G57815	715
AT5G06839	148
AT5G55590	43
AT5G04933	0
AT5G46540	1
AT5G04750	1841
AT5G65380	1038
AT5G52880	231
AT5G45470	0
AT5G58500	44
AT5G54360	0
AT5G65060	454
AT5G64560	586
AT5G43822	166
AT5G09960	423
AT5G38580	0
AT5G65120	196
AT5G54050	16
AT5G50440	166
AT5G37640	0
AT5G42520	1062
AT5G42020	12730
AT5G37715	0
AT5G45620	1400
AT5G67130	1231
AT5G42430	0
AT5G37950	1
AT5G42510	102
AT5G26080	6
AT5G39790	327
AT5G04890	352
AT5G54585	98
AT5G02240	7406
AT5G17720	1
AT5G62627	0
AT5G62000	5509
AT5G53000	1269
AT5G39090	31
AT5G66040	2809
AT5G44470	0
AT5G08560	1774
AT5G35917	0
AT5G44190	865
AT5G10950	764
AT5G20720	25494
AT5G36225	0
AT5G04060	556
AT5G60670	3227
AT5G35753	247
AT5G56840	110
AT5G42325	1
AT5G35490	58
AT5G37050	2
AT5G41070	210
AT5G52350	0
AT5G17300	41
AT5G13350	0
AT5G25090	586
AT5G35630	50627
AT5G56510	0
AT5G10320	171
AT5G62120	0
AT5G13390	1522
AT5G11580	2372
AT5G52980	349
AT5G65960	781
AT5G05060	502
AT5G15090	4929
AT5G18780	85
AT5G49930	935
AT5G54980	292
AT5G64530	75
AT5G60990	869
AT5G05030	0
AT5G47950	65
AT5G51040	1902
AT5G37610	4
AT5G42260	0
AT5G05640	75
AT5G45990	14
AT5G45410	1283
AT5G49150	0
AT5G26650	0
AT5G66230	1248
AT5G48040	145
AT5G63610	491
AT5G65010	3792
AT5G40220	0
AT5G49960	267
AT5G05660	1095
AT5G15180	215
AT5G42750	235
AT5G05365	88
AT5G43518	0
AT5G42560	945
AT5G48000	412
AT5G35737	0
AT5G20000	1227
AT5G04400	2
AT5G12410	1272
AT5G23300	1157
AT5G28590	0
AT5G60142	30
AT5G40810	3957
AT5G37820	6
AT5G66580	193
AT5G51440	102
AT5G54710	434
AT5G57250	339
AT5G22590	0
AT5G37793	15
AT5G36680	0
AT5G09760	750
AT5G04470	144
AT5G66730	789
AT5G60950	218
AT5G59470	91
AT5G62970	0
AT5G18750	362
AT5G53600	0
AT5G24360	690
AT5G05440	764
AT5G23230	0
AT5G22875	275
AT5G65005	0
AT5G12330	323
AT5G18630	488
AT5G08490	83
AT5G08660	545
AT5G42170	0
AT5G24850	655
AT5G26340	1622
AT5G58710	3354
AT5G56330	0
AT5G57230	205
AT5G54480	0
AT5G41350	341
AT5G15550	1227
AT5G57240	37
AT5G13750	592
AT5G58630	15
AT5G25880	60
AT5G13990	158
AT5G51030	14
AT5G06540	94
AT5G27080	0
AT5G23290	737
AT5G63750	5
AT5G41640	0
AT5G44400	1481
AT5G27210	82
AT5G38100	42
AT5G44580	1732
AT5G44720	2051
AT5G18475	121
AT5G58480	359
AT5G50590	0
AT5G22890	272
AT5G05330	80
AT5G48030	1105
AT5G42950	2596
AT5G46550	568
AT5G18150	0
AT5G49730	661
AT5G07840	339
AT5G40970	148
AT5G43700	1374
AT5G43940	8515
AT5G03885	34
AT5G10540	2846
AT5G13560	1912
AT5G23610	917
AT5G38480	6536
AT5G59570	230
AT5G51480	0
AT5G42030	1228
AT5G28470	0
AT5G61310	548
AT5G10600	0
AT5G48900	625
AT5G49780	58
AT5G01980	474
AT5G14410	198
AT5G18661	23
AT5G59710	929
AT5G07460	877
AT5G48385	4299
AT5G35604	0
AT5G13650	16014
AT5G19850	454
AT5G10530	0
AT5G65320	66
AT5G25030	0
AT5G46710	121
AT5G23411	0
AT5G63375	0
AT5G47170	14
AT5G55530	1459
AT5G20650	702
AT5G06260	795
AT5G50830	1
AT5G02590	433
AT5G53880	2698
AT5G06890	0
AT5G47455	476
AT5G45570	3
AT5G52190	0
AT5G61590	1591
AT5G01520	196
AT5G60880	203
AT5G01670	158
AT5G27950	965
AT5G54810	8755
AT5G40960	139
AT5G07810	315
AT5G12970	204
AT5G63730	0
AT5G54880	243
AT5G07175	3
AT5G50915	251
AT5G15610	1640
AT5G20480	198
AT5G42235	3
AT5G53895	2
AT5G22170	0
AT5G28150	360
AT5G64680	385
AT5G51080	56
AT5G66005	218
AT5G63640	620
AT5G09680	412
AT5G20080	3009
AT5G18620	1661
AT5G08720	821
AT5G43780	2881
AT5G25220	1013
AT5G13930	13675
AT5G49760	2288
AT5G25110	135
AT5G09870	3283
AT5G25425	0
AT5G40740	642
AT5G50450	789
AT5G23035	0
AT5G58470	2238
AT5G38780	66
AT5G25440	152
AT5G24670	655
AT5G27150	1215
AT5G44590	22
AT5G29560	0
AT5G13470	258
AT5G18210	113
AT5G50070	0
AT5G45670	1073
AT5G24300	4806
AT5G19620	1417
AT5G57220	252
AT5G44830	0
AT5G55960	896
AT5G61190	663
AT5G54230	73
AT5G44265	0
AT5G01650	1544
AT5G59830	339
AT5G42053	0
AT5G66900	373
AT5G62460	545
AT5G15310	333
AT5G58540	368
AT5G43740	393
AT5G20670	23
AT5G55140	657
AT5G48550	6
AT5G01840	305
AT5G49850	463
AT5G10470	2358
AT5G61920	50
AT5G08320	162
AT5G56690	0
AT5G32619	0
AT5G45450	4
AT5G18610	755
AT5G38200	498
AT5G21910	19
AT5G08460	7
AT5G61720	4
AT5G50080	0
AT5G49300	168
AT5G01260	367
AT5G16540	695
AT5G17490	86
AT5G59050	198
AT5G20500	1544
AT5G44260	86
AT5G53960	0
AT5G54165	7
AT5G46430	11069
AT5G35460	786
AT5G01610	149
AT5G16360	83
AT5G64700	158
AT5G10970	0
AT5G49330	272
AT5G21030	2
AT5G53110	129
AT5G03900	2265
AT5G41315	92
AT5G50990	85
AT5G44230	171
AT5G54855	531
AT5G14310	415
AT5G37040	0
AT5G13170	24
AT5G06180	160
AT5G35688	0
AT5G14900	0
AT5G64740	7207
AT5G01030	454
AT5G38810	0
AT5G63880	412
AT5G06340	2202
AT5G47540	729
AT5G18560	36
AT5G19220	3198
AT5G53160	2168
AT5G52300	23
AT5G05650	0
AT5G19930	372
AT5G57500	50
AT5G61530	1311
AT5G14400	4
AT5G15600	94
AT5G50240	102
AT5G19360	4
AT5G08330	1260
AT5G45150	36
AT5G45115	50
AT5G18037	0
AT5G14150	89
AT5G40370	3259
AT5G64340	1643
AT5G48700	0
AT5G53220	129
AT5G25200	2
AT5G17030	27
AT5G14340	19
AT5G49040	0
AT5G08080	1070
AT5G26620	8
AT5G44610	358
AT5G47500	2459
AT5G39740	16585
AT5G18500	1774
AT5G62900	618
AT5G44900	28
AT5G61330	824
AT5G67160	155
AT5G23530	407
AT5G05130	114
AT5G54250	533
AT5G59105	0
AT5G64850	282
AT5G28780	0
AT5G04210	0
AT5G65650	527
AT5G18840	301
AT5G03200	424
AT5G54340	0
AT5G59210	805
AT5G06210	513
AT5G22600	0
AT5G20270	442
AT5G05780	2633
AT5G54070	0
AT5G48890	3
AT5G27090	0
AT5G36740	17
AT5G18980	412
AT5G15025	110
AT5G20490	1666
AT5G04270	158
AT5G49280	395
AT5G17910	1205
AT5G15745	0
AT5G36720	0
AT5G51845	0
AT5G16250	1487
AT5G67411	18
AT5G26970	45
AT5G66380	264
AT5G60910	26
AT5G26960	408
AT5G05020	0
AT5G37560	0
AT5G22330	1232
AT5G62050	1032
AT5G54060	265
AT5G51730	317
AT5G01330	78
AT5G10745	467
AT5G62710	586
AT5G38640	691
AT5G56790	608
AT5G02740	1265
AT5G52320	273
AT5G10680	6
AT5G02760	548
AT5G59420	1598
AT5G64670	1861
AT5G38680	0
AT5G08690	13517
AT5G19460	553
AT5G48470	845
AT5G53480	4590
AT5G54067	3
AT5G42490	8
AT5G44750	754
AT5G51810	41
AT5G43440	657
AT5G48720	334
AT5G03960	75
AT5G04510	894
AT5G63680	1815
AT5G14260	4921
AT5G19410	98
AT5G52530	2037
AT5G64110	618
AT5G54620	0
AT5G38170	0
AT5G36550	0
AT5G66290	240
AT5G09460	1829
AT5G31412	0
AT5G58740	1720
AT5G54320	0
AT5G53180	833
AT5G36540	0
AT5G51560	813
AT5G17130	0
AT5G36001	0
AT5G26617	0
AT5G09990	42
AT5G50570	0
AT5G05800	554
AT5G63440	347
AT5G40460	50
AT5G27840	832
AT5G43695	0
AT5G56410	0
AT5G03590	0
AT5G02970	546
AT5G07230	0
AT5G53750	145
AT5G15030	0
AT5G42800	886
AT5G66190	22098
AT5G48580	2357
AT5G05930	342
AT5G48480	1465
AT5G46840	1424
AT5G64250	1476
AT5G07150	0
AT5G42340	0
AT5G41440	0
AT5G14580	725
AT5G03380	2195
AT5G04600	1940
AT5G63200	533
AT5G66660	2
AT5G25980	18437
AT5G47310	1016
AT5G40190	303
AT5G36210	2082
AT5G51740	316
AT5G05570	709
AT5G64750	22
AT5G45750	1206
AT5G18820	506
AT5G04040	816
AT5G41630	0
AT5G53900	553
AT5G18890	0
AT5G27395	968
AT5G09230	338
AT5G61420	1898
AT5G48960	1212
AT5G05380	79
AT5G38970	18
AT5G46040	3
AT5G17310	861
AT5G02350	69
AT5G04200	201
AT5G24380	928
AT5G32460	0
AT5G66180	272
AT5G63370	1897
AT5G23110	964
AT5G54095	6
AT5G59660	41
AT5G37550	70
AT5G44770	8
AT5G15100	0
AT5G65700	2634
AT5G38550	235
AT5G51600	1055
AT5G65870	166
AT5G19800	51
AT5G45275	237
AT5G67460	184
AT5G37170	0
AT5G27070	0
AT5G06500	1
AT5G39800	287
AT5G26270	117
AT5G11070	775
AT5G03320	614
AT5G09770	1158
AT5G52870	220
AT5G48180	3220
AT5G41090	2
AT5G24990	258
AT5G47070	187
AT5G40290	0
AT5G03150	324
AT5G56140	1872
AT5G60560	0
AT5G40080	236
AT5G58260	2177
AT5G54500	4153
AT5G15650	8049
AT5G24140	14
AT5G27060	6
AT5G05210	1500
AT5G03280	3006
AT5G02030	285
AT5G57480	239
AT5G05490	7
AT5G63870	979
AT5G45280	1054
AT5G41560	313
AT5G55565	0
AT5G40710	212
AT5G50850	7155
AT5G47077	0
AT5G11210	20
AT5G39120	2
AT5G57750	0
AT5G52650	7157
AT5G10770	1000
AT5G45350	2823
AT5G46140	21
AT5G44250	511
AT5G20510	189
AT5G40981	0
AT5G17640	549
AT5G19030	235
AT5G03610	853
AT5G56260	1233
AT5G49350	220
AT5G27670	1894
AT5G41360	500
AT5G67440	473
AT5G48980	8
AT5G46070	1964
AT5G66120	3011
AT5G24620	1378
AT5G13300	2207
AT5G09978	59
AT5G60770	10
AT5G14170	1426
AT5G15670	0
AT5G18403	0
AT5G07850	0
AT5G21060	1297
AT5G09250	273
AT5G46900	205
AT5G59360	35
AT5G15630	145
AT5G18850	144
AT5G50090	104
AT5G04670	793
AT5G54440	1688
AT5G56080	515
AT5G07640	14
AT5G04220	195
AT5G19150	513
AT5G64460	1474
AT5G05320	103
AT5G11750	516
AT5G23630	2215
AT5G52960	1276
AT5G61580	776
AT5G21080	22
AT5G20060	1804
AT5G03370	445
AT5G37980	46
AT5G05840	154
AT5G37415	0
AT5G23590	663
AT5G05500	357
AT5G58510	590
AT5G49970	1567
AT5G45330	314
AT5G20110	190
AT5G18960	869
AT5G53270	0
AT5G13230	58
AT5G60710	1483
AT5G45600	556
AT5G52120	79
AT5G24200	52
AT5G03360	1
AT5G48200	0
AT5G28340	0
AT5G19230	324
AT5G35530	7780
AT5G14130	139
AT5G50780	396
AT5G41800	177
AT5G36900	0
AT5G25190	149
AT5G48640	406
AT5G55070	3142
AT5G22765	0
AT5G24210	723
AT5G44310	0
AT5G27760	1560
AT5G05980	939
AT5G60630	20
AT5G54510	1063
AT5G63270	41
AT5G07740	1522
AT5G19390	1562
AT5G45100	586
AT5G26290	274
AT5G22050	372
AT5G61750	0
AT5G16500	0
AT5G58160	430
AT5G09580	109
AT5G35375	4
AT5G11390	459
AT5G62180	228
AT5G51250	0
AT5G44568	145
AT5G27238	0
AT5G67500	3544
AT5G25410	0
AT5G57920	19
AT5G64160	306
AT5G46500	7
AT5G64060	83
AT5G61240	1363
AT5G50510	0
AT5G09600	582
AT5G15802	432
AT5G57760	13
AT5G36110	18
AT5G62290	469
AT5G48205	0
AT5G07330	1
AT5G62280	164
AT5G48100	12
AT5G24930	4530
AT5G43080	171
AT5G53840	0
AT5G09790	130
AT5G20960	2277
AT5G09640	0
AT5G58840	44
AT5G16090	0
AT5G03415	347
AT5G39640	0
AT5G54660	407
AT5G06850	478
AT5G37300	7
AT5G38080	4
AT5G14940	203
AT5G10060	915
AT5G63160	213
AT5G57160	516
AT5G20230	193
AT5G18300	32
AT5G01550	34
AT5G19900	1342
AT5G65330	0
AT5G37160	0
AT5G55350	9
AT5G44570	8
AT5G33370	253
AT5G04280	1759
AT5G59670	67
AT5G63130	69
AT5G03480	0
AT5G01970	369
AT5G03470	587
AT5G52940	36
AT5G19300	660
AT5G48560	444
AT5G39410	1709
AT5G05460	278
AT5G64030	2462
AT5G04370	5
AT5G67600	990
AT5G05987	286
AT5G02690	39
AT5G55131	0
AT5G01200	86
AT5G51920	73
AT5G47430	1130
AT5G56750	466
AT5G62740	1508
AT5G08415	1191
AT5G54830	784
AT5G56795	63
AT5G12870	53
AT5G43720	803
AT5G46400	373
AT5G43540	47
AT5G56440	0
AT5G05710	326
AT5G09400	1008
AT5G25450	14
AT5G40890	2349
AT5G37473	0
AT5G26594	0
AT5G51290	541
AT5G11300	156
AT5G10410	97
AT5G60490	146
AT5G03944	0
AT5G27510	0
AT5G59840	608
AT5G13910	126
AT5G12070	0
AT5G36350	0
AT5G01225	0
AT5G66658	57
AT5G54040	116
AT5G67350	226
AT5G28400	124
AT5G44495	0
AT5G44780	102
AT5G25080	669
AT5G43190	194
AT5G20890	6612
AT5G24510	4
AT5G19340	399
AT5G63100	239
AT5G05280	0
AT5G14040	13524
AT5G46560	357
AT5G43090	0
AT5G17230	4633
AT5G10900	165
AT5G40440	293
AT5G34830	1
AT5G63970	166
AT5G20320	543
AT5G18937	2
AT5G41310	1
AT5G25490	250
AT5G06170	0
AT5G66140	1766
AT5G59530	108
AT5G10520	168
AT5G63800	1862
AT5G52045	0
AT5G07830	1049
AT5G12340	29
AT5G59850	6521
AT5G04720	857
AT5G50700	0
AT5G05760	280
AT5G27740	923
AT5G59410	355
AT5G47075	0
AT5G38310	2
AT5G07350	4893
AT5G02520	82
AT5G02640	46
AT5G01070	4
AT5G61810	964
AT5G08300	3409
AT5G24800	533
AT5G41620	178
AT5G28020	748
AT5G54730	425
AT5G43480	0
AT5G60360	9282
AT5G66640	44
AT5G39210	969
AT5G04860	407
AT5G01910	221
AT5G22190	0
AT5G24020	1030
AT5G60980	2423
AT5G08180	3008
AT5G59700	124
AT5G05740	3182
AT5G58880	0
AT5G11230	435
AT5G63530	2727
AT5G64960	1936
AT5G08315	0
AT5G04970	106
AT5G50320	1162
AT5G13840	704
AT5G59440	512
AT5G49550	282
AT5G14700	286
AT5G19680	684
AT5G28500	7360
AT5G36880	4035
AT5G53980	78
AT5G06280	247
AT5G01690	0
AT5G65300	103
AT5G04540	777
AT5G10020	953
AT5G66310	604
AT5G07520	3
AT5G40430	0
AT5G54840	251
AT5G63990	663
AT5G49190	34
AT5G48657	239
AT5G19760	9596
AT5G47990	445
AT5G41260	1028
AT5G17780	128
AT5G53730	142
AT5G15070	315
AT5G50640	29
AT5G40170	658
AT5G04090	368
AT5G09610	0
AT5G56590	241
AT5G09890	1376
AT5G07420	0
AT5G13240	564
AT5G42785	28
AT5G27330	2008
AT5G08050	4968
AT5G22740	2503
AT5G09730	186
AT5G13950	1481
AT5G50170	240
AT5G04390	17
AT5G04230	1037
AT5G39700	0
AT5G25820	207
AT5G44030	473
AT5G61680	0
AT5G46980	0
AT5G02330	10
AT5G14540	1809
AT5G23400	509
AT5G47800	206
AT5G43030	49
AT5G17305	0
AT5G24160	298
AT5G06110	2175
AT5G66520	0
AT5G07610	198
AT5G15400	1742
AT5G03790	73
AT5G43470	2342
AT5G64100	1928
AT5G25475	264
AT5G53470	570
AT5G15980	1132
AT5G46060	12
AT5G41109	0
AT5G07290	1037
AT5G13270	274
AT5G12230	573
AT5G37770	629
AT5G52570	60
AT5G22450	1432
AT5G14330	857
AT5G22260	0
AT5G19000	1265
AT5G51670	156
AT5G07190	75
AT5G07800	159
AT5G53030	76
AT5G37720	1270
AT5G17020	2652
AT5G63250	1
AT5G37750	19
AT5G50580	0
AT5G50740	1182
AT5G15581	0
AT5G51195	0
AT5G38260	0
AT5G52500	2
AT5G65520	234
AT5G58460	0
AT5G52115	0
AT5G06420	120
AT5G45530	88
AT5G50770	1
AT5G42700	146
AT5G63170	0
AT5G67000	0
AT5G47100	401
AT5G08270	154
AT5G13280	1304
AT5G48910	775
AT5G52510	1059
AT5G06680	507
AT5G12220	507
AT5G11080	2
AT5G50350	472
AT5G57570	53
AT5G66890	0
AT5G02620	573
AT5G27870	1
AT5G67220	1544
AT5G05410	263
AT5G66710	19
AT5G26070	0
AT5G19070	203
AT5G42410	1
AT5G42320	711
AT5G44585	201
AT5G63230	0
AT5G20550	155
AT5G01410	6848
AT5G67190	154
AT5G38270	0
AT5G65350	32
AT5G23960	0
AT5G66510	2912
AT5G41210	1414
AT5G47400	291
AT5G35900	0
AT5G62370	150
AT5G55690	11
AT5G03700	418
AT5G45540	62
AT5G62300	6287
AT5G40360	0
AT5G15860	357
AT5G11550	895
AT5G47230	252
AT5G46130	5
AT5G04480	716
AT5G03570	99
AT5G55020	0
AT5G64240	842
AT5G65770	0
AT5G38240	17
AT5G51490	37
AT5G25150	637
AT5G49160	1818
AT5G47870	886
AT5G06450	312
AT5G40000	11
AT5G28910	132
AT5G46395	12
AT5G59180	526
AT5G19650	37
AT5G66630	68
AT5G19280	673
AT5G07990	514
AT5G60720	101
AT5G14640	1518
AT5G06645	0
AT5G10050	471
AT5G13860	144
AT5G49000	152
AT5G17750	0
AT5G61660	0
AT5G67310	1
AT5G23930	64
AT5G62520	97
AT5G59040	2
AT5G01810	1513
AT5G25754	1105
AT5G55900	106
AT5G38490	0
AT5G45130	1231
AT5G56650	606
AT5G26622	369
AT5G56870	722
AT5G11690	290
AT5G39720	18
AT5G07020	5636
AT5G44170	192
AT5G14730	335
AT5G58230	1333
AT5G25280	2166
AT5G60070	0
AT5G60310	11
AT5G59610	407
AT5G07000	188
AT5G19240	545
AT5G58620	752
AT5G23370	42
AT5G54148	6
AT5G59310	17
AT5G56270	435
AT5G45490	2174
AT5G15480	0
AT5G42040	22
AT5G46750	1094
AT5G23010	8520
AT5G41970	1486
AT5G07270	709
AT5G20120	295
AT5G15620	0
AT5G33340	0
AT5G15260	152
AT5G38650	0
AT5G40790	2
AT5G06740	115
AT5G59170	20
AT5G22000	1589
AT5G19950	329
AT5G59870	4387
AT5G38020	294
AT5G60440	12
AT5G49440	2162
AT5G59430	769
AT5G13380	0
AT5G10340	6
AT5G41550	15
AT5G40100	77
AT5G24879	0
AT5G38820	7
AT5G41000	227
AT5G48210	0
AT5G51570	1510
AT5G58600	686
AT5G48485	0
AT5G38710	131
AT5G12940	617
AT5G05657	0
AT5G04340	205
AT5G53850	2643
AT5G42920	1086
AT5G13980	2929
AT5G11250	426
AT5G55390	1052
AT5G01400	981
AT5G43770	4
AT5G10450	9934
AT5G52400	0
AT5G16830	479
AT5G56610	120
AT5G05360	565
AT5G43520	72
AT5G14680	587
AT5G39260	1
AT5G21160	2437
AT5G60570	1676
AT5G25500	110
AT5G62420	10
AT5G15510	543
AT5G24520	769
AT5G44380	1304
AT5G20820	91
AT5G67510	2566
AT5G15020	1494
AT5G56325	0
AT5G20190	3264
AT5G11260	554
AT5G67110	3
AT5G11950	1335
AT5G02950	74
AT5G63480	167
AT5G51620	299
AT5G62820	106
AT5G53190	0
AT5G46010	0
AT5G40470	212
AT5G46380	3
AT5G06230	38
AT5G47490	980
AT5G50390	320
AT5G13580	265
AT5G26805	0
AT5G03300	4672
AT5G23040	4423
AT5G16023	1
AT5G13890	447
AT5G16200	57
AT5G62530	1775
AT5G47570	5043
AT5G42640	0
AT5G53930	410
AT5G27010	0
AT5G43300	38
AT5G43970	2694
AT5G44840	0
AT5G58550	439
AT5G17710	4726
AT5G03553	132
AT5G49430	782
AT5G39850	242
AT5G17410	527
AT5G45870	12
AT5G25000	0
AT5G27620	359
AT5G13110	1431
AT5G65780	1346
AT5G57180	1622
AT5G55770	0
AT5G46115	23
AT5G55910	1233
AT5G42670	491
AT5G62865	201
AT5G53210	519
AT5G65550	0
AT5G51070	3070
AT5G36100	2
AT5G06560	573
AT5G58580	101
AT5G14120	1529
AT5G62230	142
AT5G58150	0
AT5G14010	0
AT5G66470	2327
AT5G21170	610
AT5G49990	438
AT5G44490	87
AT5G26190	26
AT5G37420	7
AT5G62065	0
AT5G45000	14
AT5G01340	443
AT5G44063	11
AT5G49200	2
AT5G03250	84
AT5G65683	628
AT5G66010	509
AT5G39050	681
AT5G09340	0
AT5G61020	4168
AT5G03130	27
AT5G37590	317
AT5G51150	707
AT5G27110	109
AT5G04710	1466
AT5G57080	52
AT5G28750	2674
AT5G64450	5
AT5G18180	23
AT5G63550	1224
AT5G16590	1157
AT5G63070	0
AT5G02890	814
AT5G56030	15578
AT5G61950	200
AT5G27606	0
AT5G66790	114
AT5G07820	365
AT5G61450	389
AT5G57565	115
AT5G30500	0
AT5G16190	170
AT5G59750	481
AT5G54170	858
AT5G59240	149
AT5G55090	30
AT5G28823	0
AT5G50540	0
AT5G22340	2074
AT5G49645	46
AT5G48160	2095
AT5G05880	208
AT5G47520	411
AT5G46760	1669
AT5G40200	1510
AT5G28850	923
AT5G13190	489
AT5G08110	220
AT5G50300	126
AT5G16690	192
AT5G27960	0
AT5G08520	942
AT5G61250	149
AT5G49525	34
AT5G25420	0
AT5G14210	954
AT5G22040	375
AT5G04830	1428
AT5G18748	0
AT5G44550	806
AT5G14050	2385
AT5G46810	0
AT5G38380	455
AT5G28830	315
AT5G25470	3
AT5G27530	0
AT5G61865	56
AT5G23020	4155
AT5G28950	0
AT5G38010	67
AT5G61100	2
AT5G25140	28
AT5G44360	0
AT5G43285	0
AT5G26670	477
AT5G38250	9
AT5G63490	433
AT5G43530	48
AT5G44600	459
AT5G43590	8
AT5G06780	505
AT5G12040	1758
AT5G38610	123
AT5G47000	37
AT5G19110	90
AT5G15690	0
AT5G40650	865
AT5G42825	0
AT5G55800	0
AT5G15500	15
AT5G23670	1248
AT5G39240	127
AT5G52090	0
AT5G50250	2523
AT5G62130	117
AT5G51450	411
AT5G38990	909
AT5G40620	0
AT5G27800	0
AT5G13740	1567
AT5G18400	1336
AT5G11150	1476
AT5G56640	0
AT5G44300	0
AT5G10910	1064
AT5G57090	1254
AT5G28615	0
AT5G02230	150
AT5G42500	123
AT5G12350	1066
AT5G49120	30
AT5G51585	0
AT5G01440	0
AT5G43240	11
AT5G50650	0
AT5G41530	0
AT5G06580	676
AT5G41750	74
AT5G01900	7
AT5G12390	367
AT5G14300	0
AT5G23150	1065
AT5G04430	6460
AT5G20995	0
AT5G51010	1838
AT5G15880	559
AT5G38386	5
AT5G03800	336
AT5G62660	0
AT5G40780	1003
AT5G39370	0
AT5G26630	9
AT5G04460	626
AT5G35950	0
AT5G15910	721
AT5G35770	12
AT5G56450	187
AT5G55250	153
AT5G09520	146
AT5G35926	24
AT5G27610	164
AT5G10250	36
AT5G28310	8
AT5G53290	262
AT5G41810	384
AT5G48390	12
AT5G43170	82
AT5G25960	5
AT5G26170	59
AT5G58070	4155
AT5G62623	0
AT5G52110	420
AT5G44680	1165
AT5G39750	0
AT5G06250	39
AT5G64890	11
AT5G51190	0
AT5G53250	202
AT5G36360	0
AT5G03490	186
AT5G57560	502
AT5G02400	163
AT5G34882	0
AT5G59080	206
AT5G36450	0
AT5G40060	319
AT5G52520	2475
AT5G42360	470
AT5G01560	361
AT5G41280	4
AT5G06220	1733
AT5G55010	9
AT5G22130	296
AT5G37380	587
AT5G08160	1437
AT5G12010	726
AT5G44280	279
AT5G43760	2338
AT5G44650	3332
AT5G56250	632
AT5G11412	0
AT5G04660	0
AT5G54160	5776
AT5G38195	0
AT5G58490	2471
AT5G43410	0
AT5G63010	245
AT5G05040	0
AT5G52160	0
AT5G36960	22
AT5G43120	17
AT5G57040	1982
AT5G02880	846
AT5G28680	1
AT5G35940	36
AT5G18920	121
AT5G63520	381
AT5G66880	869
AT5G48450	270
AT5G14930	302
AT5G55508	0
AT5G27050	0
AT5G06630	687
AT5G63040	514
AT5G23840	12
AT5G06660	769
AT5G13430	4128
AT5G19590	2190
AT5G19890	186
AT5G42610	5
AT5G56160	71
AT5G56000	1742
AT5G46290	6189
AT5G45390	9055
AT5G37830	2507
AT5G61980	139
AT5G27720	1551
AT5G27945	0
AT5G57840	148
AT5G65660	1356
AT5G02530	2664
AT5G61830	342
AT5G18930	94
AT5G28320	115
AT5G28410	2
AT5G67580	562
AT5G66055	2440
AT5G44620	9
AT5G18790	567
AT5G41100	327
AT5G48620	1960
AT5G59940	33
AT5G65280	218
AT5G08680	5458
AT5G53230	4
AT5G40010	32
AT5G35560	997
AT5G39130	0
AT5G47040	2714
AT5G16700	0
AT5G38747	15
AT5G26810	1
AT5G19990	1806
AT5G46350	15
AT5G26140	5
AT5G39270	0
AT5G03340	880
AT5G15250	2
AT5G25520	1149
AT5G49500	146
AT5G60690	1051
AT5G47810	350
AT5G41200	0
AT5G61230	1761
AT5G51770	395
AT5G01770	316
AT5G37440	44
AT5G18320	7
AT5G10100	199
AT5G42310	1615
AT5G44110	1247
AT5G13020	1638
AT5G22110	214
AT5G24190	6
AT5G60060	6
AT5G24880	51
AT5G35740	489
AT5G62500	329
AT5G25610	8143
AT5G22790	632
AT5G26900	0
AT5G51350	344
AT5G66270	38
AT5G53890	559
AT5G54000	0
AT5G03390	200
AT5G57530	202
AT5G22510	1881
AT5G13825	0
AT5G51710	417
AT5G19830	113
AT5G39290	0
AT5G46990	0
AT5G15960	2781
AT5G11040	1291
AT5G65210	1338
AT5G58430	1358
AT5G67245	43
AT5G60370	272
AT5G47770	3084
AT5G47030	6890
AT5G19250	2640
AT5G29000	347
AT5G25130	129
AT5G24120	233
AT5G41010	777
AT5G39570	14006
AT5G09620	1829
AT5G45780	294
AT5G21125	0
AT5G56240	1267
AT5G23240	3669
AT5G55710	1680
AT5G27930	950
AT5G40320	11
AT5G27020	0
AT5G18290	255
AT5G48870	698
AT5G01881	3
AT5G51545	1093
AT5G11520	2855
AT5G46085	15
AT5G54190	25
AT5G06090	56
AT5G15160	129
AT5G46580	4895
AT5G22555	5
AT5G38830	1974
AT5G49840	645
AT5G11900	1186
AT5G59150	683
AT5G19750	1683
AT5G65830	140
AT5G13940	1
AT5G05635	0
AT5G48690	67
AT5G22150	1
AT5G65925	144
AT5G01570	40
AT5G62573	0
AT5G50460	1860
AT5G48790	1581
AT5G20830	2668
AT5G04960	928
AT5G47910	1701
AT5G54470	57
AT5G23780	54
AT5G64040	46877
AT5G06000	203
AT5G02420	82
AT5G50480	0
AT5G15660	1
AT5G43830	4196
AT5G01270	754
AT5G55780	6
AT5G22080	1126
AT5G02065	0
AT5G40380	138
AT5G38090	0
AT5G05000	1112
AT5G53130	733
AT5G17080	0
AT5G55370	2
AT5G07660	117
AT5G17380	2568
AT5G28300	1456
AT5G49600	0
AT5G65140	361
AT5G51160	32
AT5G53140	3982
AT5G20090	1957
AT5G43690	60
AT5G61940	83
AT5G56060	0
AT5G02360	56
AT5G50400	464
AT5G51915	0
AT5G02120	1628
AT5G19450	1378
AT5G20447	0
AT5G40160	910
AT5G57770	46
AT5G54560	3
AT5G16330	0
AT5G34885	0
AT5G64080	665
AT5G44920	58
AT5G24230	73
AT5G22880	5457
AT5G07900	276
AT5G65890	235
AT5G42530	5155
AT5G60250	56
AT5G23460	80
AT5G49390	48
AT5G66607	12
AT5G09690	145
AT5G59070	0
AT5G19610	0
AT5G10336	10
AT5G23210	987
AT5G28450	1
AT5G24760	578
AT5G51000	0
AT5G15000	0
AT5G26730	31
AT5G20635	129
AT5G54110	444
AT5G06770	377
AT5G64720	2
AT5G40400	149
AT5G04840	123
AT5G42810	394
AT5G47920	78
AT5G37150	0
AT5G18230	2805
AT5G23160	1
AT5G59550	521
AT5G24940	47
AT5G38317	0
AT5G15380	1
AT5G65540	441
AT5G52080	0
AT5G04030	0
AT5G17550	723
AT5G46770	0
AT5G01180	70
AT5G26880	1792
AT5G22200	0
AT5G21050	22
AT5G47660	451
AT5G52610	0
AT5G48320	66
AT5G18030	77
AT5G52605	0
AT5G43500	493
AT5G66350	117
AT5G64430	846
AT5G35390	0
AT5G64813	899
AT5G25900	763
AT5G09410	1177
AT5G11970	134
AT5G15533	0
AT5G09995	281
AT5G44050	54
AT5G44930	261
AT5G65240	269
AT5G37410	52
AT5G03840	25
AT5G60800	231
AT5G42242	0
AT5G22570	7
AT5G39160	16
AT5G18040	274
AT5G44970	0
AT5G20340	0
AT5G48270	6
AT5G09550	1
AT5G05900	28
AT5G17810	17
AT5G39820	10
AT5G23720	607
AT5G51540	283
AT5G64260	1965
AT5G61030	2702
AT5G01960	787
AT5G64000	0
AT5G18430	176
AT5G25170	374
AT5G21950	52
AT5G45113	0
AT5G05510	159
AT5G03890	67
AT5G03000	0
AT5G22608	35
AT5G36950	622
AT5G17160	1215
AT5G51220	643
AT5G47330	187
AT5G03450	353
AT5G13030	2933
AT5G51530	39
AT5G44290	1358
AT5G09380	204
AT5G60500	0
AT5G38140	97
AT5G22100	722
AT5G60850	499
AT5G16480	206
AT5G49220	801
AT5G18760	375
AT5G45277	0
AT5G11460	235
AT5G59160	1674
AT5G62310	72
AT5G57380	4
AT5G14760	280
AT5G47260	0
AT5G64520	124
AT5G08000	718
AT5G35570	734
AT5G26850	1812
AT5G14590	1931
AT5G08400	395
AT5G42010	142
AT5G13200	146
AT5G26690	5
AT5G60750	555
AT5G62730	2
AT5G16980	159
AT5G54430	2016
AT5G65160	161
AT5G36430	0
AT5G25230	39
AT5G24650	2709
AT5G03100	123
AT5G39980	503
AT5G66560	0
AT5G51820	6248
AT5G44500	258
AT5G06570	202
AT5G48840	482
AT5G16453	2
AT5G05735	0
AT5G39920	0
AT5G62550	769
AT5G53830	237
AT5G59330	157
AT5G50750	18
AT5G49230	278
AT5G46300	0
AT5G11530	594
AT5G44635	643
AT5G57590	514
AT5G22400	330
AT5G26780	1994
AT5G07510	3
AT5G48990	197
AT5G38865	261
AT5G13150	76
AT5G46280	838
AT5G47390	748
AT5G66675	413
AT5G23970	0
AT5G09360	0
AT5G49820	978
AT5G28237	1
AT5G07590	376
AT5G37250	2
AT5G60140	1
AT5G57930	3601
AT5G02540	102
AT5G03995	159
AT5G13220	81
AT5G18170	1796
AT5G35200	1303
AT5G03290	2884
AT5G55160	1473
AT5G24710	2629
AT5G61070	32
AT5G20580	239
AT5G42090	53
AT5G13760	351
AT5G03220	135
AT5G52890	139
AT5G26280	4840
AT5G48280	0
AT5G49980	1774
AT5G19860	1087
AT5G01870	1551
AT5G57400	10
AT5G03070	314
AT5G41600	1365
AT5G20430	1
AT5G01470	237
AT5G42330	192
AT5G53790	0
AT5G23650	0
AT5G38930	140
AT5G08670	15617
AT5G45930	2673
AT5G02910	153
AT5G47820	1620
AT5G20380	817
AT5G48190	6
AT5G36330	0
AT5G17500	0
AT5G39910	0
AT5G25120	213
AT5G59305	5
AT5G65930	1207
AT5G03780	120
AT5G11670	11851
AT5G53170	2880
AT5G46360	0
AT5G17280	0
AT5G01220	2401
AT5G61340	407
AT5G17150	17
AT5G48500	589
AT5G11700	2252
AT5G24352	52
AT5G07225	0
AT5G15130	126
AT5G11540	64
AT5G10260	87
AT5G46220	38
AT5G07180	314
AT5G09390	655
AT5G54420	0
AT5G37930	256
AT5G23550	262
AT5G15440	302
AT5G48660	209
AT5G49870	59
AT5G58784	35
AT5G15850	0
AT5G28380	0
AT5G10310	47
AT5G24900	17
AT5G44180	1576
AT5G38430	36847
AT5G15470	743
AT5G62940	273
AT5G43960	2795
AT5G16430	0
AT5G39560	0
AT5G50140	11
AT5G60350	11
AT5G44440	0
AT5G46825	3
AT5G11980	849
AT5G17990	2615
AT5G47290	0
AT5G53742	1
AT5G63085	0
AT5G54145	198
AT5G22370	367
AT5G60100	1468
AT5G61050	0
AT5G39350	309
AT5G11170	4329
AT5G57390	130
AT5G25060	2012
AT5G44563	0
AT5G25757	1243
AT5G17880	460
AT5G02180	237
AT5G18160	0
AT5G43640	0
AT5G66620	39
AT5G65790	241
AT5G58850	0
AT5G46330	479
AT5G57450	49
AT5G47720	537
AT5G45650	1007
AT5G35995	257
AT5G03850	5133
AT5G23180	0
AT5G27120	3252
AT5G17070	460
AT5G52655	0
AT5G38760	1
AT5G18050	19
AT5G03690	245
AT5G61610	37
AT5G50490	0
AT5G08630	626
AT5G12050	225
AT5G45830	35
AT5G58412	0
AT5G41220	345
AT5G46880	204
AT5G47110	6701
AT5G67410	17
AT5G19980	733
AT5G28030	105
AT5G62850	5
AT5G27910	7
AT5G36390	0
AT5G10130	573
AT5G67265	0
AT5G03760	1055
AT5G27370	0
AT5G11340	745
AT5G32440	1102
AT5G08260	3558
AT5G06990	44
AT5G54670	857
AT5G20165	459
AT5G18070	352
AT5G52660	210
AT5G34869	0
AT5G18550	707
AT5G62440	1460
AT5G19370	1838
AT5G19172	0
AT5G52030	270
AT5G39810	1
AT5G14140	218
AT5G57887	16
AT5G53800	843
AT5G27890	187
AT5G21960	1
AT5G17330	3783
AT5G61260	54
AT5G42905	0
AT5G16960	5
AT5G27300	285
AT5G15330	150
AT5G57880	52
AT5G28442	94
AT5G07100	187
AT5G34905	0
AT5G08510	241
AT5G57655	2343
AT5G08610	4129
AT5G56230	47
AT5G59460	340
AT5G39970	194
AT5G57170	1028
AT5G11370	0
AT5G49410	127
AT5G24750	160
AT5G04910	334
AT5G57120	2069
AT5G38390	0
AT5G20020	4164
AT5G12450	3
AT5G37190	684
AT5G42790	2839
AT5G44450	655
AT5G35980	2631
AT5G64905	14
AT5G13290	232
AT5G60890	773
AT5G11280	980
AT5G23580	375
AT5G12920	133
AT5G06670	382
AT5G63930	466
AT5G45770	22
AT5G16900	72
AT5G25630	2421
AT5G44973	1
AT5G06900	1
AT5G60020	224
AT5G43260	405
AT5G18404	6
AT5G40315	0
AT5G57070	704
AT5G48570	207
AT5G26090	3
AT5G16450	453
AT5G10435	0
AT5G67290	546
AT5G40310	0
AT5G11310	160
AT5G09740	394
AT5G65040	149
AT5G65220	17036
AT5G11060	1661
AT5G39880	11
AT5G39990	732
AT5G49890	1190
AT5G54215	0
AT5G25920	5
AT5G52545	44
AT5G63500	227
AT5G60700	499
AT5G65370	0
AT5G43350	1976
AT5G62998	4
AT5G55050	181
AT5G41400	324
AT5G35067	0
AT5G05110	370
AT5G24870	218
AT5G24370	0
AT5G11680	756
AT5G56570	0
AT5G02470	308
AT5G16920	3
AT5G55500	670
AT5G11160	135
AT5G55400	477
AT5G10890	43
AT5G17140	0
AT5G11180	2
AT5G43200	1
AT5G28040	552
AT5G38660	3302
AT5G46640	141
AT5G61412	68
AT5G55610	1150
AT5G65410	1027
AT5G23520	411
AT5G12290	773
AT5G40720	151
AT5G42504	0
AT5G58920	513
AT5G65110	1687
AT5G52330	42
AT5G22540	4
AT5G03580	0
AT5G17180	0
AT5G62200	695
AT5G39530	1652
AT5G45050	588
AT5G66090	1162
AT5G38690	692
AT5G05770	5
AT5G15240	80
AT5G42720	1657
AT5G01250	76
AT5G10490	1454
AT5G38396	0
AT5G50020	756
AT5G11920	94
AT5G67280	955
AT5G25940	602
AT5G02150	203
AT5G44640	0
AT5G43980	57
AT5G16290	1526
AT5G49800	120
AT5G11100	116
AT5G10090	4
AT5G24165	3484
AT5G40500	514
AT5G27710	253
AT5G24600	26
AT5G40990	1
AT5G43930	442
AT5G52882	1681
AT5G01940	64
AT5G08505	0
AT5G55630	508
AT5G26742	19259
AT5G46340	645
AT5G01630	315
AT5G42060	566
AT5G13500	692
AT5G48350	1
AT5G50940	26
AT5G52810	484
AT5G60120	1281
AT5G44340	10965
AT5G48920	281
AT5G04420	1230
AT5G60510	0
AT5G44200	1126
AT5G17580	91
AT5G60210	1155
AT5G43550	0
AT5G58080	1
AT5G52360	0
AT5G52920	5205
AT5G62030	487
AT5G45860	10
AT5G03350	636
AT5G46295	10
AT5G24690	6434
AT5G18900	745
AT5G43175	6
AT5G23200	524
AT5G64480	736
AT5G20280	5680
AT5G07140	217
AT5G08141	0
AT5G59890	1707
AT5G54550	7
AT5G02570	0
AT5G13770	757
AT5G65687	275
AT5G16210	1421
AT5G57520	2
AT5G24316	1
AT5G46700	652
AT5G06310	70
AT5G16320	196
AT5G41140	1299
AT5G04250	163
AT5G55430	0
AT5G52410	340
AT5G57569	0
AT5G18520	2691
AT5G08230	397
AT5G07790	178
AT5G60620	994
AT5G63595	68
AT5G24000	381
AT5G03910	1183
AT5G45560	336
AT5G50710	0
AT5G24660	1032
AT5G64300	2554
AT5G06440	793
AT5G10946	27
AT5G20630	28252
AT5G43525	0
AT5G12030	0
AT5G59220	54
AT5G66690	1559
AT5G02680	130
AT5G42900	2050
AT5G62690	7106
AT5G18880	0
AT5G06800	87
AT5G02850	443
AT5G57123	128
AT5G06130	1877
AT5G59140	1019
AT5G04895	447
AT5G56730	610
AT5G12130	1151
AT5G13720	885
AT5G17460	1226
AT5G62560	618
AT5G45890	1
AT5G06350	522
AT5G49680	309
AT5G14602	3
AT5G24070	38
AT5G22794	42
AT5G50840	468
AT5G39860	9
AT5G46250	1896
AT5G18060	23
AT5G12420	512
AT5G56368	0
AT5G41680	22
AT5G22355	11
AT5G01300	0
AT5G41370	1085
AT5G58060	1007
AT5G01600	5455
AT5G21920	1700
AT5G11640	431
AT5G11840	842
AT5G37680	306
AT5G37540	150
AT5G52490	0
AT5G05260	6
AT5G25995	25
AT5G35220	2416
AT5G28919	0
AT5G39710	257
AT5G09820	638
AT5G66100	600
AT5G03160	1039
AT5G42840	64
AT5G66360	288
AT5G12930	240
AT5G21100	820
AT5G14100	363
AT5G36722	0
AT5G18350	7
AT5G67010	0
AT5G46670	2
AT5G21105	2254
AT5G26000	42782
AT5G20690	0
AT5G44530	449
AT5G41950	2008
AT5G15685	0
AT5G24770	940
AT5G07480	0
AT5G50470	0
AT5G38330	0
AT5G45690	0
AT5G48590	520
AT5G14720	1897
AT5G38197	0
AT5G08650	4545
AT5G56460	199
AT5G42740	2562
AT5G18650	1227
AT5G55110	45
AT5G65530	230
AT5G22420	0
AT5G25360	945
AT5G22060	2851
AT5G17000	638
AT5G53520	0
AT5G39480	0
AT5G57820	10
AT5G02090	146
AT5G65260	1501
AT5G35913	0
AT5G65490	678
AT5G23575	3573
AT5G26320	17
AT5G14850	302
AT5G66530	4550
AT5G62490	4
AT5G53045	330
AT5G13340	286
AT5G14690	186
AT5G54940	2790
AT5G14430	1482
AT5G22070	680
AT5G50220	0
AT5G39030	167
AT5G11470	166
AT5G62360	1325
AT5G58820	0
AT5G25070	806
AT5G23830	302
AT5G02780	73
AT5G01160	495
AT5G19050	510
AT5G44410	400
AT5G26150	0
AT5G38700	68
AT5G36150	1
AT5G55180	2279
AT5G12440	1034
AT5G57200	10
AT5G44480	327
AT5G27247	5
AT5G66860	1784
AT5G42890	1646
AT5G17970	0
AT5G56070	0
AT5G62190	7867
AT5G48520	538
AT5G51420	1
AT5G63030	796
AT5G23330	383
AT5G13210	65
AT5G28220	471
AT5G43880	1002
AT5G50361	1
AT5G41340	621
AT5G39390	0
AT5G16020	0
AT5G48850	288
AT5G13570	583
AT5G46490	254
AT5G12100	288
AT5G40570	55
AT5G57410	519
AT5G20700	9985
AT5G09445	0
AT5G17830	11
AT5G56600	840
AT5G10350	1726
AT5G35750	773
AT5G35620	3366
AT5G51700	335
AT5G61997	0
AT5G11720	1427
AT5G63560	483
AT5G22900	0
AT5G04010	0
AT5G60945	0
AT5G17680	22
AT5G05220	4
AT5G42150	889
AT5G48515	0
AT5G36440	0
AT5G53490	3952
AT5G64120	7502
AT5G60290	30
AT5G41380	31
AT5G56430	0
AT5G40120	0
AT5G15140	11
AT5G43570	10
AT5G40480	1739
AT5G07620	113
AT5G61970	1488
AT5G55280	3577
AT5G41040	852
AT5G39300	0
AT5G36810	0
AT5G42680	178
AT5G20045	28
AT5G45090	4
AT5G06070	5
AT5G25390	13
AT5G17920	67344
AT5G66480	74
AT5G18390	253
AT5G11490	1673
AT5G02770	3023
AT5G01100	68
AT5G06400	68
AT5G39950	2273
AT5G13880	46
AT5G63740	0
AT5G35810	0
AT5G22480	785
AT5G59920	166
AT5G10120	0
AT5G36470	0
AT5G63140	567
AT5G60150	321
AT5G56350	2780
AT5G16730	2072
AT5G43400	509
AT5G51130	142
AT5G10510	317
AT5G65290	418
AT5G46915	17
AT5G23860	1467
AT5G37650	0
AT5G04937	0
AT5G25620	217
AT5G17520	654
AT5G41470	19
AT5G43490	0
AT5G22470	0
AT5G13490	829
AT5G42070	703
AT5G40155	0
AT5G27560	1623
AT5G28740	1896
AT5G67400	550
AT5G52220	133
AT5G22140	240
AT5G63790	1953
AT5G25910	39
AT5G49420	1
AT5G38940	758
AT5G01460	1199
AT5G23700	25
AT5G19470	8
AT5G16660	2228
AT5G08250	26
AT5G64630	289
AT5G04980	136
AT5G19330	2073
AT5G11416	0
AT5G22010	1183
AT5G17360	32
AT5G26240	887
AT5G38110	502
AT5G23800	82
AT5G66052	469
AT5G18440	396
AT5G11860	598
AT5G63630	318
AT5G09240	218
AT5G51870	0
AT5G16820	398
AT5G20590	748
AT5G03170	248
AT5G24630	251
AT5G59960	675
AT5G52230	241
AT5G56010	13482
AT5G46940	1
AT5G57020	1962
AT5G41960	358
AT5G61560	155
AT5G07080	231
AT5G65990	917
AT5G17610	489
AT5G04240	734
AT5G02500	63652
AT5G05180	566
AT5G44565	101
AT5G13780	3063
AT5G16110	1457
AT5G53260	0
AT5G45310	19
AT5G51750	2451
AT5G02560	342
AT5G42965	1
AT5G05310	225
AT5G43100	872
AT5G67610	407
AT5G51970	3946
AT5G16260	857
AT5G55480	1174
AT5G50230	487
AT5G54870	900
AT5G48050	20
AT5G28370	0
AT5G08380	1049
AT5G39550	681
AT5G17890	1194
AT5G49215	271
AT5G43630	1023
AT5G66990	1
AT5G51940	893
AT5G08340	303
AT5G64610	892
AT5G45160	661
AT5G46000	0
AT5G62140	534
AT5G03820	0
AT5G54850	132
AT5G37900	0
AT5G52180	0
AT5G03730	2250
AT5G01010	2293
AT5G03060	19
AT5G17523	0
AT5G15740	955
AT5G62165	34
AT5G55290	723
AT5G23660	1164
AT5G49450	177
AT5G28960	5
AT5G10650	245
AT5G05390	11
AT5G55130	621
AT5G51300	1894
AT5G40250	455
AT5G41763	17
AT5G22490	12
AT5G36670	0
AT5G04730	1
AT5G46370	9
AT5G39230	0
AT5G41870	216
AT5G46410	421
AT5G58310	274
AT5G24640	2
AT5G23070	726
AT5G36500	0
AT5G19400	2820
AT5G06140	1562
AT5G50443	12
AT5G18340	19
AT5G02250	1128
AT5G60790	5853
AT5G55190	4407
AT5G50270	0
AT5G19920	413
AT5G09310	575
AT5G41020	663
AT5G16720	395
AT5G59560	307
AT5G45800	876
AT5G17600	149
AT5G03500	197
AT5G02995	0
AT5G63900	0
AT5G36170	1985
AT5G06600	3502
AT5G02650	179
AT5G64667	39
AT5G19820	4171
AT5G60805	0
AT5G40880	199
AT5G06530	200
AT5G50030	1
AT5G07572	3
AT5G53150	766
AT5G20440	1
AT5G43000	0
AT5G15920	471
AT5G23570	656
AT5G53050	564
AT5G33290	564
AT5G23100	277
AT5G03520	1484
AT5G11360	5
AT5G50290	42
AT5G44785	757
AT5G57280	659
AT5G17340	11
AT5G45550	1003
AT5G16270	1886
AT5G22030	916
AT5G45400	376
AT5G19175	0
AT5G04770	272
AT5G66980	0
AT5G46680	83
AT5G50345	0
AT5G53770	613
AT5G24280	205
AT5G64310	1384
AT5G19875	142
AT5G58090	1485
AT5G06950	390
AT5G52240	2223
AT5G35970	3606
AT5G64170	834
AT5G51470	23
AT5G25770	398
AT5G45573	0
AT5G38360	344
AT5G50210	1203
AT5G35840	1199
AT5G42980	27496
AT5G22145	0
AT5G20140	992
AT5G03435	11
AT5G15300	86
AT5G47930	8083
AT5G30490	641
AT5G22670	0
AT5G50150	833
AT5G14980	0
AT5G36190	0
AT5G54035	0
AT5G60860	84
AT5G09650	8033
AT5G46030	1569
AT5G36490	0
AT5G47670	7
AT5G04070	152
AT5G36240	0
AT5G49310	5
AT5G08370	573
AT5G02720	0
AT5G40830	770
AT5G02280	300
AT5G23060	6788
AT5G65560	316
AT5G38743	4
AT5G40410	72
AT5G45700	541
AT5G57660	1387
AT5G66940	84
AT5G40630	52
AT5G16380	187
AT5G13900	143
AT5G32670	0
AT5G02710	983
AT5G07170	1
AT5G30360	0
AT5G03455	861
AT5G54520	100
AT5G55820	659
AT5G44950	0
AT5G60820	231
AT5G56480	0
AT5G09480	628
AT5G23535	1061
AT5G65200	95
AT5G27410	759
AT5G08580	761
AT5G39490	2
AT5G24420	134
AT5G61800	44
AT5G01445	74
AT5G02940	1999
AT5G12080	1033
AT5G07010	117
AT5G01530	120611
AT5G53810	15
AT5G28820	0
AT5G19160	124
AT5G11430	782
AT5G49170	81
AT5G09225	338
AT5G08765	0
AT5G07805	0
AT5G03485	6
AT5G03525	0
AT5G07115	10
AT5G02425	7
AT5G02485	1
AT5G06455	0
AT5G09825	0
AT5G06635	1
AT5G00790	10
AT5G03515	1
AT5G07865	0
AT5G06875	0
AT5G07995	28
AT5G01045	8
AT5G08585	0
AT5G05235	0
AT5G05445	7
AT5G08165	0
AT5G03935	0
AT5G07445	0
AT5G02015	0
AT5G08975	0
AT5G05875	0
AT5G04715	0
AT5G00985	15
AT5G04205	9
AT5G00795	0
AT5G04865	0
AT5G08945	0
AT5G08665	0
AT5G05415	1
AT5G06735	0
AT5G00975	1
AT5G06495	0
AT5G06065	0
AT5G03215	0
AT5G09835	0
AT5G08485	0
AT5G08895	0
AT5G00940	0
AT5G04785	0
AT5G08265	1
AT5G05135	0
AT5G07555	2
AT5G06285	0
AT5G01575	0
AT5G02205	0
AT5G03615	3
AT5G07935	0
AT5G01855	0
AT5G06925	0
AT5G06785	0
AT5G00835	0
AT5G08455	0
AT5G01705	0
AT5G08955	0
AT5G04575	1
AT5G03915	0
AT5G08465	0
AT5G02765	0
AT5G03785	0
AT5G03275	0
AT5G04025	0
AT5G04595	0
AT5G07795	0
AT5G07845	0
AT5G09695	0
AT5G04325	0
AT5G06715	0
AT5G03645	0
AT5G06035	0
AT5G03565	0
AT5G07635	0
AT5G06345	0
AT5G03405	0
AT5G05625	0
AT5G03335	0
AT5G01395	0
AT5G07715	0
AT5G09190	4
AT5G01605	0
AT5G05605	0
AT5G01655	0
AT5G05065	0
AT5G06945	0
AT5G05835	0
AT5G09965	2
AT5G02075	1
AT5G04245	0
AT5G09205	0
AT5G04725	1
AT5G08385	0
AT5G05045	2
AT5G09465	1
AT5G04165	0
AT5G04815	0
AT5G00970	0
AT5G03465	0
AT5G09955	1
AT5G06405	0
AT5G01065	0
AT5G05545	2
AT5G01275	0
AT5G03395	4
AT5G01285	0
AT5G07905	0
AT5G03815	1
AT5G06545	2
AT5G07605	0
AT5G05925	0
AT5G04385	0
AT5G05335	0
AT5G07035	4
AT5G02865	2
AT5G08935	0
AT5G08065	0
AT5G01475	0
AT5G09455	0
AT5G06045	0
AT5G01155	0
AT5G09415	0
AT5G09425	0
AT5G00810	0
AT5G04855	0
AT5G05905	0
AT5G02835	0
AT5G07395	0
AT5G00845	0
AT5G08815	0
AT5G08735	0
AT5G05015	0
AT5G09675	5
AT5G06475	8
AT5G03075	0
AT5G05825	0
AT5G05855	0
AT5G04635	0
AT5G03325	0
AT5G07465	0
AT5G05805	0
AT5G04435	0
AT5G03095	0
AT5G05935	0
AT5G09895	0
AT5G07695	0
AT5G06595	0
AT5G07565	0
AT5G10965	34
AT5G02965	0
AT5G08645	0
AT5G05425	1
AT5G06855	0
AT5G01405	0
AT5G08445	0
AT5G05195	0
AT5G03845	0
AT5G03035	0
AT5G08855	4
AT5G07925	0
AT5G04225	0
AT5G08195	0
AT5G07195	0
AT5G04825	2
AT5G07705	0
AT5G06015	0
AT5G07495	0
AT5G02885	6
AT5G03055	0
AT5G02045	0
AT5G05555	0
AT5G06325	0
AT5G03595	0
AT5G08775	0
AT5G05755	0
AT5G04695	1
AT5G05275	0
AT5G01885	0
AT5G09775	0
AT5G01995	0
AT5G08655	0
AT5G09025	0
AT5G08970	0
AT5G03715	0
AT5G08755	0
AT5G02925	0
AT5G02805	0
AT5G02185	0
AT5G03625	0
AT5G04125	0
AT5G06885	0
AT5G05125	0
AT5G07295	2
AT5G06335	0
AT5G04615	0
AT5G03945	0
AT5G01665	0
AT5G05395	2
AT5G03685	0
AT5G01775	59
AT5G09605	0
AT5G01795	0
AT5G09235	0
AT5G00995	0
AT5G09215	0
AT5G09070	0
AT5G01385	0
AT5G05215	0
AT5G01245	3
AT5G03955	0
AT5G07915	0
AT5G00960	0
AT5G07185	0
AT5G05535	0
AT5G06795	0
AT5G07155	0
AT5G02795	0
AT5G08705	0
AT5G05325	0
AT5G09015	0
AT5G01685	0
AT5G06775	0
AT5G01485	0
AT5G09035	0
AT5G04585	0
AT5G07435	0
AT5G04445	0
AT5G06145	0
AT5G03115	0
AT5G04705	0
AT5G06425	0
AT5G08205	0
AT5G04035	0
AT5G09335	1
AT5G02345	0
AT5G04515	0
AT5G08375	0
AT5G06965	0
AT5G07615	0
AT5G05815	0
AT5G06415	0
AT5G08910	0
AT5G04675	0
AT5G08685	0
AT5G05585	0
AT5G04755	0
AT5G09875	0
AT5G04215	0
AT5G07535	0
AT5G05205	0
AT5G07485	0
AT5G09050	0
AT5G07945	0
AT5G04765	0
AT5G09110	0
AT5G08435	0
AT5G09145	0
AT5G01725	0
AT5G00955	0
AT5G02365	0
AT5G06575	0
AT5G03135	0
AT5G03695	0
AT5G09090	0
AT5G03605	0
AT5G08940	0
AT5G05455	0
AT5G06985	0
AT5G00740	0
AT5G08225	0
AT5G02775	0
AT5G07745	0
AT5G04365	0
AT5G01345	1
AT5G03765	0
AT5G00745	0
AT5G09105	0
AT5G04925	0
AT5G07835	0
AT5G08930	0
AT5G07955	0
AT5G06005	0
AT5G06025	0
AT5G07005	0
AT5G09715	0
AT5G02275	0
AT5G01105	0
AT5G09545	0
AT5G05565	0
AT5G03105	0
AT5G03925	0
AT5G07145	0
AT5G07425	0
AT5G08900	0
AT5G03155	0
AT5G06435	0
AT5G08105	0
AT5G07855	0
AT5G04775	0
AT5G09645	0
AT5G09705	0
AT5G00910	0
AT5G03025	1
AT5G06915	0
AT5G02945	1
AT5G01965	0
AT5G08015	0
AT5G09555	0
AT5G02495	0
AT5G06255	0
AT5G01415	0
AT5G09295	52
AT5G07325	2
AT5G01925	0
AT5G05255	0
AT5G04075	0
AT5G09165	0
AT5G00805	0
AT5G02935	0
AT5G08725	0
AT5G02335	0
AT5G02215	0
AT5G02645	2
AT5G05485	0
AT5G02465	0
AT5G03735	0
AT5G05105	0
AT5G08635	0
AT5G08715	0
AT5G08215	0
AT5G01825	0
AT5G08745	0
AT5G09375	0
AT5G07665	0
AT5G05895	0
AT5G02715	0
AT5G06745	1
AT5G06975	0
AT5G05155	0
AT5G07815	0
AT5G03005	0
AT5G05465	0
AT5G05845	0
AT5G03205	0
AT5G08675	0
AT5G02405	0
AT5G06085	0
AT5G04345	0
AT5G03295	0
AT5G00825	0
AT5G04135	0
AT5G09325	1
AT5G05695	0
AT5G06465	0
AT5G09100	0
AT5G02145	0
AT5G00950	0
AT5G03045	0
AT5G09635	0
AT5G05745	0
AT5G00840	0
AT5G06525	0
AT5G05495	0
AT5G04405	0
AT5G01425	0
AT5G02635	1
AT5G09045	0
AT5G06205	0
AT5G07385	0
AT5G07355	0
AT5G07205	0
AT5G08890	0
AT5G05525	0
AT5G05885	0
AT5G08915	0
AT5G03535	0
AT5G05265	1
AT5G06515	0
AT5G02395	0
AT5G05955	0
AT5G04115	0
AT5G09265	0
AT5G02265	0
AT5G07785	0
AT5G09065	6
AT5G07125	2
AT5G06880	0
AT5G04665	0
AT5G05475	0
AT5G07575	0
AT5G08605	0
AT5G05175	0
AT5G04195	0
AT5G09735	17
AT5G05705	0
AT5G01805	0
AT5G04795	0
AT5G08395	0
AT5G09915	2
AT5G05055	0
AT5G09255	0
AT5G06075	0
AT5G06995	0
AT5G00930	0
AT5G06185	0
AT5G09125	21
AT5G01565	0
AT5G09085	0
AT5G02685	0
AT5G08595	0
AT5G06585	18
AT5G09200	0
AT5G09095	0
AT5G03125	0
AT5G00935	0
AT5G09040	0
AT5G05075	0
AT5G02175	0
AT5G00855	0
AT5G03385	0
AT5G02855	0
AT5G02085	0
AT5G05515	0
AT5G01055	1
AT5G05725	0
AT5G02955	0
AT5G09885	0
AT5G02785	0
AT5G00730	0
AT5G09245	0
AT5G07255	0
AT5G01975	0
AT5G06275	2
AT5G09475	1
AT5G06935	0
AT5G01325	0
AT5G09765	6
AT5G09435	0
AT5G06365	0
AT5G00850	0
AT5G09365	0
AT5G08965	0
AT5G06705	0
AT5G00980	44
AT5G08035	0
AT5G04845	0
AT5G03015	0
AT5G02055	1
AT5G09815	0
AT5G03575	0
AT5G00735	0
AT5G08095	0
AT5G09615	0
AT5G06655	1
AT5G04685	0
AT5G05765	2
AT5G01585	0
AT5G09305	2
AT5G01115	0
AT5G00770	0
AT5G04055	0
AT5G03065	2
AT5G00775	0
AT5G01865	0
AT5G04355	10
AT5G03085	15
AT5G01465	0
AT5G05665	0
AT5G07585	0
AT5G09060	2
AT5G09055	0
AT5G02745	0
AT5G01535	0
AT5G06615	0
AT5G08905	0
AT5G02735	0
AT5G04625	0
AT5G07595	0
AT5G05685	0
AT5G05645	0
AT5G04605	0
AT5G03755	0
AT5G08045	0
AT5G06445	0
AT5G06535	0
AT5G02375	2
AT5G01455	0
AT5G01235	1
AT5G07455	1
AT5G08985	0
AT5G05095	0
AT5G02985	0
AT5G09665	0
AT5G04065	7
AT5G01985	0
AT5G08995	0
AT5G00800	0
AT5G04505	0
AT5G09505	2
AT5G02355	1
AT5G01955	0
AT5G08785	0
AT5G08085	0
AT5G06845	21
AT5G09195	5
AT5G01695	0
AT5G01875	0
AT5G01635	0
AT5G07365	0
AT5G06675	0
AT5G07825	0
AT5G04525	0
AT5G06765	0
AT5G08475	0
AT5G04495	0
AT5G08845	0
AT5G09170	0
AT5G04745	1
AT5G08615	0
AT5G00925	0
AT5G01265	0
AT5G03965	0
AT5G08875	0
AT5G04175	0
AT5G05865	0
AT5G09865	0
AT5G02445	0
AT5G02535	2
AT5G02115	0
AT5G03315	1
AT5G06245	0
AT5G06395	0
AT5G03835	0
AT5G09185	0
AT5G48775	10
AT5G04005	0
AT5G65575	99
AT5G03975	0
AT5G00880	0
AT5G63195	0
AT5G09535	0
AT5G00820	0
AT5G64572	0
AT5G08820	0
AT5G09395	0
AT5G02455	0
AT5G00780	2
AT5G41612	0
AT5G01945	0
AT5G03668	1
AT5G49152	0
AT5G08175	0
AT5G03875	4
AT5G38212	14
AT5G01545	15
AT5G03255	0
AT5G09385	22
AT5G03825	1
AT5G02875	13
AT5G01675	0
AT5G05435	90
AT5G44562	0
AT5G07015	1
AT5G09030	0
AT5G08920	0
AT5G04375	0
AT5G01005	0
AT5G00905	0
AT5G00865	12
AT5G03175	10
AT5G09155	0
AT5G00990	0
AT5G09565	0
AT5G00815	0
AT5G01295	0
AT5G36002	0
AT5G00920	0
AT5G04015	0
AT5G09285	0
AT5G08235	2
AT5G07265	0
AT5G09855	0
AT5G01645	0
AT5G09405	0
AT5G01595	21
AT5G09845	0
AT5G09120	0
AT5G02905	0
AT5G08885	0
AT5G02195	0
AT5G08275	0
AT5G15022	21
AT5G03195	0
AT5G19221	0
AT5G06865	2
AT5G09785	15
AT5G01815	0
AT5G08825	0
AT5G07025	0
AT5G03165	9
AT5G03585	1
AT5G08880	0
AT5G06695	0
AT5G02705	7
AT5G08960	0
AT5G09925	0
AT5G08835	0
AT5G07525	2
AT5G00870	0
AT5G01175	62
AT5G07885	0
AT5G09685	0
AT5G01215	0
AT5G01095	0
AT5G09160	0
AT5G01255	0
AT5G07515	0
AT5G08830	0
AT5G01375	0
AT5G08870	0
AT5G45472	0
AT5G06295	2
AT5G02225	9
AT5G04185	0
AT5G67488	0
AT5G02525	4
AT5G40348	0
AT5G66558	3
AT5G07975	0
AT5G07985	0
AT5G01732	0
AT5G01555	0
AT5G02125	0
AT5G06665	0
AT5G01542	0
AT5G59732	0
AT5G09275	0
AT5G02515	47
AT5G09135	0
AT5G07152	0
AT5G06505	0
AT5G08840	0
AT5G09175	0
AT5G02095	0
AT5G00785	0
AT5G08135	10
AT5G00900	0
AT5G01435	0
AT5G09443	9
AT5G02695	0
AT5G18245	41
AT5G02605	6
AT5G03635	0
AT5G18255	85
AT5G42092	0
AT5G01315	0
AT5G07895	1
AT5G01205	0
AT5G08980	0
AT5G03235	0
AT5G03245	0
AT5G01125	0
AT5G03805	0
AT5G54569	7
AT5G53048	35
AT5G03985	9
AT5G01935	1
AT5G02755	0
AT5G04905	0
AT5G06155	0
AT5G15845	10
AT5G06385	0
AT5G00895	0
AT5G02595	1
AT5G05995	0
AT5G08990	3
AT5G07285	55
AT5G06235	1
AT5G03185	0
AT5G08285	0
AT5G16235	1
AT5G01615	0
AT5G02415	11
AT5G09150	0
AT5G26146	0
AT5G49138	0
AT5G00875	10
AT5G07275	0
AT5G00860	0
AT5G60022	2
AT5G00965	2
AT5G03375	0
AT5G01835	0
AT5G02105	0
AT5G08950	0
AT5G02155	2
AT5G59662	3
AT5G04335	0
AT5G08425	0
AT5G01765	3
AT5G02895	0
AT5G20225	0
AT5G09595	0
AT5G05975	0
AT5G02555	0
AT5G04935	0
AT5G41905	4
AT5G04995	0
AT5G41663	6
AT5G04975	0
AT5G59505	0
AT5G24825	0
AT5G04275	6
AT5G06105	0
AT5G04955	0
AT5G02035	0
AT5G03305	0
AT5G06175	0
AT5G10945	0
AT5G07055	0
AT5G01915	0
AT5G01735	0
AT5G04915	0
AT5G14565	19
AT5G14545	0
AT5G04965	0
AT5G07655	0
AT5G55835	0
AT5G26147	0
AT5G07965	0
AT5G39635	0
AT5G40384	0
AT5G11977	0
AT5G03145	0
AT5G07075	0
AT5G39693	0
AT5G26038	0
AT5G08255	0
AT5G62848	0
AT5G52797	0
AT5G05505	0
AT5G08210	5
AT5G66045	9
AT5G62162	4
AT5G08800	0
AT5G46845	5
AT5G04415	0
AT5G01747	5
AT5G45307	0
AT5G23065	0
AT5G15833	0
AT5G05005	0
AT5G05185	0
AT5G03425	0
AT5G50717	0
AT5G03475	0
AT5G01755	0
AT5G03225	0
AT5G35407	3
AT5G08185	37
AT5G08925	0
AT5G03265	0
AT5G13887	1
AT5G58465	1
AT5G60408	0
AT5G06605	0
AT5G04255	0
AT5G27807	5
AT5G07065	0
AT5G05035	0
AT5G43603	2
AT5G05315	0
AT5G63715	0
AT5G08717	0
AT5G03552	90
AT5G08712	1
AT5G04145	4
AT5G05915	0
AT5G04985	0
AT5G07875	0
AT5G01745	0
AT5G01785	0
AT5G06565	4
AT5G08865	0
AT5G05375	0
AT5G01495	0
AT5G51174	12
AT5G09130	0
AT5G44286	2
AT5G02675	0
AT5G52471	27
AT5G02315	0
AT5G08805	7
AT5G58595	25
AT5G06305	2
AT5G06835	7
AT5G02325	0
AT5G08850	2
AT5G09020	2
AT5G08860	0
AT5G02295	0
AT5G09000	0
AT5G53902	0
AT5G09515	0
AT5G07725	26
AT5G66564	1
AT5G00755	14
AT5G08515	9
AT5G04945	0
AT5G07105	13
AT5G66567	0
AT5G09005	0
AT5G54075	0
AT5G13225	0
AT5G02305	0
AT5G07095	11
AT5G02665	0
AT5G10572	1
AT5G02915	0
AT5G01515	6
AT5G01195	0
AT5G05385	1
AT5G41471	4
AT5G00760	5
AT5G01505	10
AT5G00765	12
AT5G04425	8
AT5G02575	250
AT5G00750	9
AT5G09495	0
AT5G01165	0
AT5G01145	2
AT5G06825	14
AT5G04545	0
AT5G08525	3
AT5G07735	7
AT5G08495	19
AT5G02565	173
AT5G66562	10
AT5G06115	2
AT5G02655	0
AT5G01135	2
AT5G09945	0
AT5G08810	0
AT5G02255	0
AT5G04085	0
AT5G07345	0
AT5G09010	0
AT5G04465	3
AT5G02245	0
AT5G04105	2
AT5G04315	0
AT5G04455	0
AT5G09585	9
AT5G06815	0
AT5G46315	3
AT5G40395	1
AT5G09140	0
AT5G61455	4
AT5G08025	0
AT5G07775	0
AT5G07335	0
AT5G08115	0
AT5G07415	0
AT5G06055	0
AT5G04305	3
AT5G01845	0
AT5G09080	0
AT5G07405	0
AT5G40545	0
AT5G46105	0
AT5G02815	0
AT5G02025	0
AT5G55505	0
AT5G07315	0
AT5G51055	0
AT5G41265	0
AT5G65305	0
AT5G44375	0
AT5G65615	0
AT5G10525	0
AT5G05985	0
AT5G41675	0
AT5G61345	0
AT5G25625	0
AT5G54365	0
AT5G18005	0
AT5G65015	0
AT5G40945	0
AT5G11325	0
AT5G65445	0
AT5G15175	0
AT5G02435	0
AT5G55045	0
AT5G13845	0
AT5G48465	0
AT5G59385	1
AT5G67455	0
AT5G14035	0
AT5G18085	0
AT5G03775	0
AT5G38905	0
AT5G60285	1
AT5G20854	0
AT5G09975	0
AT5G10455	0
AT5G18015	0
AT5G11225	0
AT5G56975	0
AT5G07135	0
AT5G45745	0
AT5G46595	0
AT5G45715	0
AT5G02725	0
AT5G60966	0
AT5G52355	0
AT5G43455	0
AT5G59055	0
AT5G20858	0
AT5G02615	0
AT5G37795	0
AT5G01365	0
AT5G44705	0
AT5G38155	0
AT5G16375	0
AT5G52495	0
AT5G61445	0
AT5G06125	0
AT5G50995	0
AT5G61835	0
AT5G07675	0
AT5G19095	0
AT5G20852	0
AT5G25585	0
AT5G03745	0
AT5G66817	0
AT5G22315	0
AT5G54375	0
AT5G64735	0
AT5G05945	0
AT5G09655	0
AT5G15805	0
AT5G57885	0
AT5G10235	0
AT5G03705	0
AT5G64855	0
AT5G48835	0
AT5G06685	0
AT5G44283	0
AT5G18755	0
AT5G55055	0
AT5G64505	0
AT5G32017	0
AT5G54865	0
AT5G48675	0
AT5G21378	0
AT5G60963	0
AT5G03452	0
AT5G52815	0
AT5G39895	0
AT5G65535	0
AT5G08075	0
AT5G50805	0
AT5G09755	0
AT5G05795	0
AT5G20856	0
AT5G56365	0
AT5G46325	0
AT5G03445	0
AT5G59395	0
AT5G66755	0
AT5G39535	0
AT5G41605	0
AT5G66535	0
AT5G02385	0
AT5G53487	0
AT5G23665	0
AT5G11475	0
AT5G63145	0
AT5G15815	0
AT5G59945	0
AT5G56745	0
AT5G07625	0
AT5G66568	0
AT5G14495	0
AT5G35605	0
AT5G27715	0
AT5G43535	0
AT5G09345	0
AT5G49435	0
AT5G58495	0
AT5G02505	0
AT5G50190	0
AT5G57735	5
AT5G02825	0
AT5G07322	272
AT5G06165	10
AT5G48412	679
AT5G44569	39
AT5G00885	0
AT5G45475	0
AT5G40316	2
AT5G33399	2
AT5G06955	0
AT5G08125	0
AT5G49615	8
AT5G08575	0
AT5G28824	0
AT5G37485	13
AT5G43403	98
AT5G38005	41
AT5G02135	0
AT5G34871	0
AT5G28262	26
AT5G43725	48
AT5G23410	136
AT5G05295	0
AT5G22788	35
AT5G33439	0
AT5G06095	0
AT5G05785	0
AT5G24205	19
AT5G03285	132
AT5G24206	11
AT5G23155	9
AT5G02975	0
AT5G40275	0
AT5G10278	19
AT5G24735	694
AT3G18710	362
AT3G07950	890
AT3G51870	856
AT3G18310	176
AT3G25717	827
AT3G48330	472
AT3G46440	1771
AT3G53910	0
AT3G16830	1574
AT3G03305	416
AT3G03272	5
AT3G28960	32
AT3G10210	287
AT3G09680	69
AT3G63470	102
AT3G46920	261
AT3G57080	556
AT3G13820	1
AT3G49770	2
AT3G56070	2718
AT3G15251	2
AT3G02780	3187
AT3G52460	81
AT3G55380	1161
AT3G44560	2
AT3G56520	0
AT3G27970	7
AT3G17420	510
AT3G08780	424
AT3G55660	650
AT3G48480	52
AT3G02740	712
AT3G63400	1754
AT3G06130	1171
AT3G05660	95
AT3G17140	0
AT3G24110	89
AT3G20920	1235
AT3G54830	522
AT3G09190	116
AT3G05545	2037
AT3G26470	254
AT3G51100	710
AT3G29580	6
AT3G28370	297
AT3G26840	214
AT3G29010	103
AT3G10450	183
AT3G14510	47
AT3G28930	850
AT3G52950	845
AT3G57620	0
AT3G50670	2250
AT3G44080	0
AT3G50370	3791
AT3G09550	112
AT3G07568	509
AT3G48670	1222
AT3G11270	531
AT3G08530	7741
AT3G22380	6519
AT3G05140	37
AT3G29750	0
AT3G54500	545
AT3G52760	334
AT3G27460	173
AT3G62780	41
AT3G28210	67
AT3G47675	129
AT3G25060	38
AT3G26240	280
AT3G04860	160
AT3G55990	277
AT3G43940	0
AT3G09920	667
AT3G54900	2155
AT3G16500	1172
AT3G12910	2
AT3G18510	259
AT3G25730	334
AT3G48680	1409
AT3G63360	2
AT3G18010	80
AT3G01250	1
AT3G46070	0
AT3G19120	659
AT3G21305	0
AT3G01840	4
AT3G14290	1493
AT3G23090	493
AT3G08690	603
AT3G48540	98
AT3G48343	1
AT3G54300	691
AT3G36659	1
AT3G58970	768
AT3G13010	1
AT3G01820	737
AT3G54630	0
AT3G45720	0
AT3G15548	0
AT3G54530	1
AT3G62900	1310
AT3G54410	0
AT3G22320	1374
AT3G57440	2
AT3G09700	271
AT3G50390	10
AT3G23070	1883
AT3G14360	107
AT3G01550	304
AT3G58010	580
AT3G03740	938
AT3G53900	1475
AT3G08970	205
AT3G62620	212
AT3G51780	759
AT3G14880	3
AT3G45600	938
AT3G25573	0
AT3G59110	694
AT3G04570	551
AT3G10320	70
AT3G02640	1161
AT3G03110	502
AT3G28917	1
AT3G19960	2108
AT3G14820	1
AT3G45630	1236
AT3G18905	0
AT3G20560	501
AT3G12050	1956
AT3G03341	15
AT3G50120	35
AT3G15970	933
AT3G01970	125
AT3G47670	305
AT3G26810	1234
AT3G27190	847
AT3G26512	0
AT3G10130	767
AT3G54826	710
AT3G08040	252
AT3G10680	115
AT3G52590	14172
AT3G54920	1310
AT3G22040	0
AT3G47836	1204
AT3G44570	5
AT3G02590	8
AT3G18430	636
AT3G44735	227
AT3G57570	423
AT3G28300	0
AT3G23830	1975
AT3G32980	9985
AT3G25030	206
AT3G62200	477
AT3G54060	23
AT3G19830	734
AT3G43810	4573
AT3G03780	12115
AT3G01030	0
AT3G54110	2202
AT3G44230	0
AT3G24780	14
AT3G06150	592
AT3G52750	1776
AT3G13600	65
AT3G15380	648
AT3G45390	27
AT3G13222	619
AT3G56660	13
AT3G28680	0
AT3G51880	2036
AT3G18035	2790
AT3G14400	1595
AT3G18840	24
AT3G16590	0
AT3G10845	3
AT3G12010	1024
AT3G56390	0
AT3G19660	247
AT3G04990	0
AT3G46840	0
AT3G58710	170
AT3G29100	96
AT3G58810	184
AT3G05640	315
AT3G28330	0
AT3G24440	747
AT3G27500	17
AT3G01185	0
AT3G61190	30
AT3G15010	1622
AT3G50840	269
AT3G51171	0
AT3G60100	0
AT3G17440	911
AT3G10350	1385
AT3G46086	0
AT3G17030	185
AT3G12145	540
AT3G01080	11
AT3G60190	1854
AT3G49990	1632
AT3G55580	67
AT3G03180	92
AT3G42786	0
AT3G25655	3
AT3G44718	0
AT3G04010	155
AT3G02270	0
AT3G42770	0
AT3G08650	2148
AT3G48231	0
AT3G61150	911
AT3G12970	166
AT3G61980	155
AT3G15115	122
AT3G33530	1721
AT3G18210	813
AT3G01410	426
AT3G05720	12
AT3G05320	66
AT3G47110	23
AT3G31350	0
AT3G11430	136
AT3G56210	808
AT3G04290	3096
AT3G11150	11
AT3G03540	0
AT3G09940	451
AT3G51860	440
AT3G27700	723
AT3G60120	3
AT3G23260	30
AT3G43860	9
AT3G43880	0
AT3G09020	97
AT3G48195	372
AT3G51960	65
AT3G09520	54
AT3G25540	911
AT3G23590	973
AT3G42180	96
AT3G27720	0
AT3G21510	1021
AT3G13710	0
AT3G01880	0
AT3G50050	175
AT3G08960	1008
AT3G54700	3
AT3G24310	20
AT3G20898	74
AT3G24516	0
AT3G26934	0
AT3G59980	1805
AT3G22430	281
AT3G17060	2
AT3G15530	825
AT3G55750	7283
AT3G60860	1646
AT3G05020	1364
AT3G02920	387
AT3G14550	134
AT3G33293	0
AT3G03080	0
AT3G51150	696
AT3G46620	800
AT3G49570	263
AT3G62770	710
AT3G05270	718
AT3G57760	47
AT3G10330	760
AT3G23810	12561
AT3G49190	59
AT3G44300	653
AT3G26290	1430
AT3G12080	2633
AT3G19490	2421
AT3G04420	78
AT3G18170	268
AT3G02470	31498
AT3G18050	1678
AT3G26616	1
AT3G51370	2745
AT3G63052	3
AT3G29633	1
AT3G11470	176
AT3G53990	3701
AT3G13210	30
AT3G24890	89
AT3G61090	4
AT3G24070	431
AT3G13610	918
AT3G10120	0
AT3G20580	1
AT3G54680	410
AT3G50960	208
AT3G45190	1812
AT3G44340	2384
AT3G60570	0
AT3G60790	0
AT3G06540	549
AT3G43340	0
AT3G27210	364
AT3G16670	6834
AT3G29050	0
AT3G19070	0
AT3G52350	0
AT3G53030	579
AT3G17380	125
AT3G23380	2
AT3G20810	1953
AT3G07440	352
AT3G27425	0
AT3G47580	14
AT3G23640	1538
AT3G54730	3
AT3G08870	60
AT3G53120	445
AT3G52930	24225
AT3G01085	2
AT3G19780	332
AT3G14330	861
AT3G43890	13
AT3G06740	341
AT3G17450	537
AT3G03050	1642
AT3G12587	550
AT3G07170	1269
AT3G04970	257
AT3G14470	141
AT3G12240	24
AT3G54260	989
AT3G27360	453
AT3G55810	0
AT3G27480	0
AT3G13130	17
AT3G19030	1058
AT3G46650	11
AT3G04720	4317
AT3G18900	257
AT3G23770	0
AT3G43540	1388
AT3G43270	431
AT3G11170	6167
AT3G15578	0
AT3G23190	207
AT3G23130	2
AT3G10340	391
AT3G01690	2177
AT3G01460	895
AT3G44280	291
AT3G58430	73
AT3G60220	107
AT3G62220	283
AT3G48410	332
AT3G28850	113
AT3G17150	0
AT3G58290	2
AT3G62180	0
AT3G14480	0
AT3G18620	230
AT3G03560	795
AT3G15358	90
AT3G09310	63
AT3G10110	264
AT3G26500	151
AT3G13760	49
AT3G62690	223
AT3G50620	216
AT3G46860	0
AT3G04200	3
AT3G11680	0
AT3G29230	868
AT3G52610	232
AT3G48720	488
AT3G18660	79
AT3G62499	12
AT3G58100	260
AT3G22060	515
AT3G10915	608
AT3G62360	3194
AT3G29570	0
AT3G62980	2140
AT3G49100	346
AT3G28770	17
AT3G17320	0
AT3G61280	102
AT3G01750	261
AT3G44115	0
AT3G10460	2
AT3G26710	3393
AT3G29360	3657
AT3G18070	61
AT3G45577	0
AT3G24800	515
AT3G22810	214
AT3G59330	83
AT3G18960	143
AT3G29636	0
AT3G12810	1145
AT3G27080	1012
AT3G02100	0
AT3G25585	899
AT3G57260	318
AT3G28920	982
AT3G22590	647
AT3G14930	8047
AT3G26250	0
AT3G45690	1
AT3G42473	0
AT3G06778	129
AT3G50480	919
AT3G29791	3
AT3G51240	0
AT3G51330	526
AT3G53830	122
AT3G09630	15447
AT3G50830	781
AT3G15770	119
AT3G25220	1536
AT3G17655	0
AT3G21490	0
AT3G57370	0
AT3G25493	0
AT3G30845	0
AT3G23690	1020
AT3G16260	1273
AT3G03800	1
AT3G55610	2395
AT3G20190	6
AT3G58460	804
AT3G03170	153
AT3G47750	63
AT3G13435	99
AT3G12850	0
AT3G32260	0
AT3G12977	68
AT3G23470	229
AT3G10390	778
AT3G26820	14
AT3G19550	4
AT3G50460	22
AT3G44590	2084
AT3G07220	888
AT3G21840	0
AT3G27840	0
AT3G30385	0
AT3G17230	0
AT3G14860	843
AT3G43572	0
AT3G59950	784
AT3G13120	10027
AT3G55005	474
AT3G47250	1273
AT3G59750	10
AT3G04870	3477
AT3G53430	10088
AT3G01720	1247
AT3G42723	0
AT3G07850	10
AT3G11420	485
AT3G13030	459
AT3G14410	490
AT3G21880	1
AT3G04470	2020
AT3G60810	493
AT3G63420	331
AT3G16800	232
AT3G63160	37038
AT3G17410	1278
AT3G58930	213
AT3G21350	359
AT3G11825	0
AT3G17690	31
AT3G49780	421
AT3G14950	0
AT3G23250	20
AT3G56730	30
AT3G06690	26
AT3G03060	740
AT3G16525	0
AT3G31900	0
AT3G21920	0
AT3G10950	0
AT3G27590	1
AT3G14810	378
AT3G22190	1003
AT3G48760	1150
AT3G30180	779
AT3G49170	378
AT3G10720	943
AT3G29430	13
AT3G27416	0
AT3G15930	0
AT3G26930	1
AT3G21210	47
AT3G16100	833
AT3G10370	1025
AT3G50660	749
AT3G28070	594
AT3G23780	951
AT3G53611	0
AT3G43148	0
AT3G60310	159
AT3G02400	0
AT3G53610	1340
AT3G50940	5
AT3G61172	0
AT3G60160	128
AT3G54100	443
AT3G09270	1633
AT3G01980	683
AT3G45780	4797
AT3G16840	1531
AT3G23560	410
AT3G27680	0
AT3G19710	4026
AT3G53920	1427
AT3G50860	230
AT3G03490	364
AT3G30320	0
AT3G06610	1268
AT3G04110	364
AT3G57800	758
AT3G20480	53
AT3G52190	1148
AT3G47090	39
AT3G26395	322
AT3G62230	2
AT3G49910	18942
AT3G25011	2
AT3G45760	3
AT3G17227	0
AT3G62000	358
AT3G05630	469
AT3G27060	2489
AT3G12570	1128
AT3G06240	472
AT3G02820	250
AT3G06930	1065
AT3G62540	19
AT3G22460	71
AT3G13229	0
AT3G57640	47
AT3G06190	1120
AT3G14430	512
AT3G22050	0
AT3G45200	0
AT3G49240	0
AT3G49680	3908
AT3G27310	666
AT3G44763	0
AT3G51850	1717
AT3G13780	179
AT3G50510	0
AT3G19160	0
AT3G18291	0
AT3G56060	438
AT3G23510	52
AT3G30222	0
AT3G27030	314
AT3G09470	662
AT3G47590	468
AT3G46355	0
AT3G04240	1889
AT3G21890	13
AT3G49070	79
AT3G62420	1731
AT3G13000	641
AT3G48208	0
AT3G15950	5226
AT3G02160	128
AT3G24500	129
AT3G32960	0
AT3G05710	437
AT3G59010	174
AT3G57460	12
AT3G29060	1
AT3G54310	6
AT3G14310	16275
AT3G25420	4
AT3G12480	768
AT3G58720	158
AT3G01070	53
AT3G57450	615
AT3G03700	0
AT3G57110	3
AT3G18570	3
AT3G63460	5388
AT3G21330	34
AT3G27331	0
AT3G58020	287
AT3G29173	8
AT3G04735	0
AT3G58540	0
AT3G14595	660
AT3G33528	9
AT3G08810	3
AT3G23460	0
AT3G51140	2842
AT3G24090	205
AT3G44670	848
AT3G60800	501
AT3G52330	0
AT3G12220	6
AT3G04750	233
AT3G13682	131
AT3G56230	46
AT3G52850	3644
AT3G25230	4025
AT3G09820	9678
AT3G56170	559
AT3G10730	706
AT3G20940	75
AT3G17310	609
AT3G04160	139
AT3G18235	0
AT3G15210	993
AT3G28610	2
AT3G11860	1
AT3G10200	143
AT3G54640	2262
AT3G52630	332
AT3G03550	406
AT3G16510	106
AT3G23910	358
AT3G16710	65
AT3G63140	11387
AT3G18910	247
AT3G18915	0
AT3G16970	0
AT3G58875	88
AT3G53620	972
AT3G53380	796
AT3G06483	2810
AT3G61370	384
AT3G56110	617
AT3G13630	1
AT3G44265	0
AT3G06390	131
AT3G19390	538
AT3G42880	0
AT3G15460	475
AT3G63200	2140
AT3G11110	84
AT3G59090	524
AT3G15355	466
AT3G53190	1932
AT3G11397	640
AT3G02530	2570
AT3G51030	211
AT3G25790	243
AT3G26445	0
AT3G45900	328
AT3G47890	1126
AT3G14030	0
AT3G47060	702
AT3G56590	1322
AT3G43170	0
AT3G01450	182
AT3G58910	0
AT3G48460	337
AT3G17880	724
AT3G26610	69
AT3G20790	1207
AT3G07273	90
AT3G63500	1481
AT3G49750	127
AT3G47510	191
AT3G03826	0
AT3G15020	1406
AT3G61530	233
AT3G10116	0
AT3G21240	710
AT3G31925	0
AT3G48425	295
AT3G27355	0
AT3G20270	306
AT3G55900	3
AT3G21310	20
AT3G49480	1
AT3G55980	775
AT3G63030	424
AT3G59295	0
AT3G30220	0
AT3G54990	146
AT3G20820	1724
AT3G19500	56
AT3G16020	5
AT3G22890	10961
AT3G46970	20571
AT3G01950	0
AT3G51550	5297
AT3G59340	17
AT3G11040	141
AT3G20310	1030
AT3G22640	1
AT3G45450	1
AT3G44260	279
AT3G01370	2422
AT3G15150	117
AT3G49380	29
AT3G14190	379
AT3G28820	0
AT3G15060	406
AT3G47130	1
AT3G02430	5
AT3G05470	471
AT3G27170	226
AT3G20280	261
AT3G60870	16
AT3G57010	802
AT3G22090	1
AT3G50310	28
AT3G28007	63
AT3G07400	650
AT3G15860	1
AT3G26980	324
AT3G20900	0
AT3G58380	3
AT3G20590	33
AT3G61826	0
AT3G56740	232
AT3G09120	0
AT3G17400	0
AT3G18282	0
AT3G55060	289
AT3G52830	0
AT3G56790	1
AT3G51920	634
AT3G43990	1
AT3G04400	19971
AT3G19320	37
AT3G11660	958
AT3G18030	264
AT3G58250	2
AT3G53450	23
AT3G15720	154
AT3G09750	1
AT3G57930	808
AT3G44090	0
AT3G53510	348
AT3G06590	875
AT3G11080	47
AT3G29450	0
AT3G43580	104
AT3G17650	914
AT3G60620	751
AT3G16660	3559
AT3G45245	0
AT3G02480	96
AT3G24170	4110
AT3G05210	339
AT3G12680	498
AT3G01160	1157
AT3G13880	146
AT3G05110	0
AT3G48520	44
AT3G07420	552
AT3G13460	11475
AT3G10150	11
AT3G62050	65
AT3G15290	533
AT3G28480	648
AT3G05910	1583
AT3G52230	2190
AT3G07710	0
AT3G66656	1
AT3G51690	0
AT3G52000	0
AT3G02540	1743
AT3G25840	1524
AT3G52910	554
AT3G27999	0
AT3G05690	261
AT3G05170	168
AT3G12660	0
AT3G32380	0
AT3G57780	433
AT3G22680	202
AT3G02280	396
AT3G19230	59
AT3G15590	1195
AT3G45410	127
AT3G11380	0
AT3G47140	0
AT3G05000	850
AT3G24150	370
AT3G20530	4
AT3G59250	75
AT3G25610	472
AT3G63170	1600
AT3G60600	2367
AT3G50750	207
AT3G12720	49
AT3G53170	152
AT3G06145	181
AT3G26090	407
AT3G49860	105
AT3G27880	273
AT3G08750	0
AT3G63010	386
AT3G07110	8108
AT3G20170	261
AT3G05700	287
AT3G42660	842
AT3G47300	211
AT3G04945	0
AT3G45020	126
AT3G18740	6514
AT3G19880	0
AT3G13857	0
AT3G61060	183
AT3G53280	458
AT3G21530	224
AT3G28785	0
AT3G42790	1919
AT3G53340	476
AT3G43583	0
AT3G21760	0
AT3G48570	333
AT3G21690	2133
AT3G29370	14
AT3G62430	16
AT3G30540	0
AT3G17626	65
AT3G44440	0
AT3G23550	148
AT3G50690	1428
AT3G11520	376
AT3G25250	125
AT3G53970	920
AT3G09560	667
AT3G01140	28
AT3G01430	155
AT3G01475	0
AT3G63070	994
AT3G18630	86
AT3G61120	1
AT3G10530	1015
AT3G26450	0
AT3G24508	0
AT3G56460	1681
AT3G48630	4
AT3G55370	244
AT3G09160	72
AT3G03460	94
AT3G22530	0
AT3G13490	2173
AT3G05130	933
AT3G51680	17
AT3G14770	122
AT3G31550	0
AT3G21520	4
AT3G14450	112
AT3G43550	0
AT3G05230	434
AT3G49650	261
AT3G02560	5432
AT3G53065	0
AT3G22450	62
AT3G28200	935
AT3G52270	15
AT3G15990	221
AT3G27220	664
AT3G19570	478
AT3G27930	408
AT3G27440	10
AT3G14067	5311
AT3G12955	42
AT3G61730	3
AT3G24465	0
AT3G60960	256
AT3G23140	0
AT3G57970	0
AT3G01860	774
AT3G49400	122
AT3G24580	0
AT3G15550	560
AT3G56630	709
AT3G29140	28
AT3G24605	4
AT3G46300	0
AT3G47840	59
AT3G52250	1290
AT3G46390	0
AT3G01170	303
AT3G46770	1
AT3G57060	606
AT3G49620	68
AT3G24280	0
AT3G27010	201
AT3G55646	36
AT3G17930	2272
AT3G07130	407
AT3G51510	2358
AT3G48180	101
AT3G10470	19
AT3G23840	510
AT3G45580	0
AT3G61410	79
AT3G59020	2889
AT3G24810	92
AT3G53250	20
AT3G23000	1766
AT3G27670	695
AT3G01328	0
AT3G27630	18
AT3G08500	27
AT3G48190	548
AT3G21160	763
AT3G04830	1561
AT3G18690	125
AT3G21130	0
AT3G48560	12502
AT3G24120	658
AT3G10880	114
AT3G21405	0
AT3G54970	319
AT3G57310	0
AT3G54890	126621
AT3G15395	495
AT3G54430	0
AT3G07430	4459
AT3G22250	3
AT3G13445	471
AT3G53050	0
AT3G10840	855
AT3G28580	73
AT3G02380	78
AT3G12370	839
AT3G13175	225
AT3G57587	0
AT3G08590	4311
AT3G20997	0
AT3G26680	221
AT3G22820	17
AT3G16470	2270
AT3G01220	171
AT3G13540	0
AT3G62695	0
AT3G43720	1433
AT3G09100	1329
AT3G04500	610
AT3G56260	108
AT3G48320	207
AT3G59650	634
AT3G59140	771
AT3G15500	23
AT3G03940	3086
AT3G29310	692
AT3G22970	2185
AT3G05120	1052
AT3G23175	257
AT3G30290	0
AT3G05550	27
AT3G47950	131
AT3G44770	28
AT3G52120	941
AT3G13420	73
AT3G15190	9751
AT3G50090	0
AT3G32050	0
AT3G47760	14
AT3G01050	605
AT3G05530	3644
AT3G55600	178
AT3G45490	3
AT3G59530	57
AT3G43291	0
AT3G18810	1
AT3G05280	849
AT3G03650	24
AT3G18530	4
AT3G62710	3
AT3G59960	0
AT3G26870	0
AT3G58240	0
AT3G24480	3255
AT3G50710	7
AT3G51570	8
AT3G59780	5182
AT3G28410	0
AT3G62570	86
AT3G49040	0
AT3G26700	318
AT3G06035	730
AT3G01380	780
AT3G03410	0
AT3G22183	0
AT3G16290	3788
AT3G20390	6764
AT3G63410	12570
AT3G52730	2934
AT3G22240	1200
AT3G62615	0
AT3G25890	599
AT3G58200	44
AT3G01520	1360
AT3G24542	0
AT3G53240	366
AT3G62740	189
AT3G32150	0
AT3G42830	0
AT3G54363	63
AT3G19800	914
AT3G02660	1153
AT3G24315	333
AT3G16110	751
AT3G28280	0
AT3G59670	827
AT3G02120	773
AT3G54400	3008
AT3G10040	500
AT3G22030	0
AT3G57340	523
AT3G26742	7
AT3G50760	120
AT3G58620	486
AT3G51710	80
AT3G25650	0
AT3G58210	1
AT3G06470	573
AT3G61830	330
AT3G25400	213
AT3G16550	1
AT3G24982	5
AT3G62810	1976
AT3G06560	0
AT3G05760	528
AT3G56570	123
AT3G04220	37
AT3G22790	1601
AT3G10270	1771
AT3G25720	0
AT3G27025	11
AT3G27473	20
AT3G61640	794
AT3G08010	1475
AT3G15740	2
AT3G62250	14847
AT3G47650	6370
AT3G01760	3
AT3G28970	493
AT3G54800	6
AT3G45280	5
AT3G08770	3287
AT3G32280	0
AT3G16175	32
AT3G29380	0
AT3G28880	60
AT3G13225	875
AT3G52800	930
AT3G55490	180
AT3G43210	380
AT3G28430	560
AT3G61340	0
AT3G09220	777
AT3G57920	0
AT3G42148	0
AT3G28715	2051
AT3G05345	171
AT3G26539	39
AT3G03500	73
AT3G11490	600
AT3G06500	1305
AT3G02620	39
AT3G56500	7
AT3G51290	475
AT3G31910	0
AT3G48050	2068
AT3G48835	14
AT3G13480	443
AT3G10815	12
AT3G16200	544
AT3G20555	0
AT3G51250	1006
AT3G06550	1270
AT3G18940	686
AT3G03140	392
AT3G59920	4951
AT3G42160	0
AT3G60390	529
AT3G57550	1517
AT3G03600	1001
AT3G52105	54
AT3G19220	521
AT3G18490	3590
AT3G44235	0
AT3G15650	458
AT3G44050	743
AT3G57740	14
AT3G57220	734
AT3G48187	126
AT3G21500	8
AT3G08600	424
AT3G30200	0
AT3G61970	98
AT3G07760	625
AT3G17020	7787
AT3G59890	643
AT3G51520	752
AT3G07005	0
AT3G46000	2163
AT3G52430	507
AT3G11670	876
AT3G58000	18
AT3G57330	1976
AT3G63540	9088
AT3G19720	1914
AT3G05410	761
AT3G17190	0
AT3G26085	471
AT3G60820	3388
AT3G51540	46
AT3G32200	0
AT3G53075	0
AT3G55480	953
AT3G58585	0
AT3G07340	294
AT3G18700	0
AT3G46140	0
AT3G30430	0
AT3G02250	1542
AT3G12030	0
AT3G11990	0
AT3G62720	441
AT3G46900	274
AT3G50580	0
AT3G01810	1091
AT3G53740	9556
AT3G04280	0
AT3G57600	119
AT3G25940	225
AT3G20993	0
AT3G50220	63
AT3G27050	726
AT3G29200	1129
AT3G10740	1500
AT3G20230	1453
AT3G60250	885
AT3G09000	780
AT3G06480	1005
AT3G61940	0
AT3G55800	19945
AT3G33494	0
AT3G24710	0
AT3G16460	7421
AT3G07550	221
AT3G24690	0
AT3G48660	96
AT3G26100	1223
AT3G49870	1006
AT3G50880	367
AT3G57900	0
AT3G02240	66
AT3G63350	5
AT3G63180	695
AT3G07580	179
AT3G59120	19
AT3G47410	0
AT3G50920	376
AT3G02750	1544
AT3G61350	118
AT3G59940	5
AT3G15490	0
AT3G13160	766
AT3G51480	370
AT3G61760	183
AT3G49115	0
AT3G52500	2938
AT3G48870	7817
AT3G60420	0
AT3G18090	276
AT3G09330	28
AT3G53840	12
AT3G09950	30
AT3G04940	1308
AT3G43800	1541
AT3G25830	0
AT3G27960	551
AT3G53110	2496
AT3G45500	0
AT3G59830	10
AT3G58180	428
AT3G11030	426
AT3G27870	257
AT3G46670	0
AT3G12410	2
AT3G24450	80
AT3G26235	36
AT3G11230	429
AT3G05937	124
AT3G61570	320
AT3G27490	5
AT3G10610	2138
AT3G08680	1802
AT3G44210	0
AT3G55950	139
AT3G54980	385
AT3G18730	254
AT3G56670	0
AT3G03520	514
AT3G04650	1312
AT3G14730	194
AT3G58990	2330
AT3G23980	866
AT3G03230	2
AT3G58470	574
AT3G47540	185
AT3G55450	1004
AT3G09670	379
AT3G49900	230
AT3G61962	0
AT3G29785	0
AT3G13672	53
AT3G42990	0
AT3G62460	490
AT3G23240	9
AT3G26620	2
AT3G18400	91
AT3G45460	0
AT3G15351	152
AT3G58640	1279
AT3G12640	837
AT3G03710	3188
AT3G16820	0
AT3G17830	406
AT3G28345	1340
AT3G14840	3110
AT3G55740	427
AT3G46830	1194
AT3G23390	7130
AT3G09380	0
AT3G08860	199
AT3G05900	0
AT3G54880	525
AT3G16620	666
AT3G45930	1336
AT3G27350	357
AT3G63130	1153
AT3G49730	257
AT3G23715	0
AT3G17820	2871
AT3G61300	0
AT3G59740	2
AT3G14790	1083
AT3G16230	977
AT3G22410	78
AT3G52550	59
AT3G30350	40
AT3G18850	282
AT3G03820	59
AT3G12190	0
AT3G51470	261
AT3G47720	38
AT3G23145	0
AT3G51280	865
AT3G29110	2
AT3G13890	0
AT3G47680	358
AT3G25980	872
AT3G63220	242
AT3G49550	185
AT3G22160	128
AT3G49430	1852
AT3G14380	13
AT3G25910	1268
AT3G50560	27
AT3G50630	297
AT3G46470	0
AT3G09260	48013
AT3G04740	956
AT3G45851	0
AT3G51320	227
AT3G14750	165
AT3G58480	8
AT3G52150	8947
AT3G22337	0
AT3G07940	556
AT3G48040	285
AT3G42800	43
AT3G61510	0
AT3G06660	367
AT3G24290	1
AT3G62830	2140
AT3G07880	1723
AT3G21120	0
AT3G14570	327
AT3G26310	191
AT3G20040	149
AT3G05890	846
AT3G51460	1427
AT3G27390	884
AT3G07510	54
AT3G11590	1074
AT3G14900	1205
AT3G23600	5838
AT3G10780	10
AT3G46060	2292
AT3G45970	124
AT3G14940	5968
AT3G26200	96
AT3G11773	1
AT3G56100	267
AT3G47120	491
AT3G17090	2117
AT3G56250	66
AT3G01329	0
AT3G10030	620
AT3G04854	41
AT3G14520	5
AT3G03570	513
AT3G03640	876
AT3G42170	1740
AT3G28620	10
AT3G15120	771
AT3G15880	1993
AT3G08950	453
AT3G07190	279
AT3G62170	3
AT3G54580	4132
AT3G62950	34
AT3G58270	111
AT3G26570	2900
AT3G51642	40
AT3G54020	217
AT3G54840	1054
AT3G07090	1351
AT3G62680	736
AT3G12800	2852
AT3G25870	204
AT3G17980	3
AT3G44766	0
AT3G45050	1008
AT3G50020	0
AT3G12620	1062
AT3G05850	664
AT3G14560	232
AT3G09860	4894
AT3G59280	865
AT3G28150	34
AT3G10540	482
AT3G28050	1674
AT3G15240	326
AT3G11400	4816
AT3G53460	56690
AT3G48980	182
AT3G01324	0
AT3G43505	0
AT3G59680	148
AT3G43083	0
AT3G53210	149
AT3G19610	1
AT3G10290	53
AT3G28810	1
AT3G03960	4720
AT3G47940	239
AT3G50430	197
AT3G05770	7
AT3G17180	1
AT3G02210	246
AT3G48250	338
AT3G57700	0
AT3G46580	306
AT3G01910	4125
AT3G15760	76
AT3G61898	71
AT3G25480	1266
AT3G59970	8860
AT3G50500	3152
AT3G58400	0
AT3G44290	12
AT3G17712	93
AT3G52640	1066
AT3G25850	0
AT3G21990	0
AT3G04080	915
AT3G18370	1439
AT3G46230	0
AT3G09180	473
AT3G50700	457
AT3G47340	297
AT3G23685	0
AT3G15170	33
AT3G08580	42233
AT3G44620	1266
AT3G51310	1672
AT3G18720	1
AT3G13790	1873
AT3G53420	6605
AT3G50060	312
AT3G04060	115
AT3G01311	10
AT3G23430	1937
AT3G48230	1
AT3G59540	6185
AT3G13650	392
AT3G54850	398
AT3G45170	0
AT3G04550	6354
AT3G50440	628
AT3G61290	0
AT3G48360	1792
AT3G48310	387
AT3G32410	0
AT3G16750	184
AT3G02180	2180
AT3G63093	0
AT3G14395	21
AT3G63530	303
AT3G11310	0
AT3G19615	3
AT3G53140	0
AT3G46590	1586
AT3G05730	11673
AT3G62870	10698
AT3G48100	194
AT3G07350	158
AT3G11510	8050
AT3G27040	1
AT3G18715	9
AT3G05180	417
AT3G15040	481
AT3G51830	610
AT3G22770	0
AT3G06320	493
AT3G57850	0
AT3G20015	581
AT3G24160	4586
AT3G61710	588
AT3G52510	2
AT3G13380	567
AT3G61140	1690
AT3G09830	398
AT3G13040	675
AT3G09430	33
AT3G14650	3008
AT3G03847	0
AT3G14270	1688
AT3G06250	730
AT3G29033	0
AT3G23800	180
AT3G44006	0
AT3G15410	1057
AT3G56480	923
AT3G10195	0
AT3G09720	484
AT3G49530	638
AT3G21060	538
AT3G57140	184
AT3G10380	2344
AT3G15130	111
AT3G24670	480
AT3G13845	362
AT3G59320	128
AT3G61740	286
AT3G57830	302
AT3G29160	881
AT3G42950	603
AT3G11940	12158
AT3G49440	0
AT3G44700	9
AT3G54240	4
AT3G28570	22
AT3G15220	543
AT3G47170	0
AT3G50530	1374
AT3G47930	1249
AT3G50340	400
AT3G49540	5
AT3G54010	1471
AT3G04000	31
AT3G02810	0
AT3G02730	6623
AT3G27230	1189
AT3G43590	675
AT3G23320	0
AT3G12580	565
AT3G57670	49
AT3G16240	4232
AT3G55720	50
AT3G49820	12
AT3G18240	974
AT3G04630	1350
AT3G12470	0
AT3G26120	6
AT3G14890	917
AT3G09770	941
AT3G07720	1211
AT3G29645	0
AT3G17910	492
AT3G52260	211
AT3G06400	2648
AT3G45275	0
AT3G46700	197
AT3G18250	109
AT3G01500	64461
AT3G16930	0
AT3G27320	520
AT3G52900	415
AT3G54740	219
AT3G17225	11
AT3G29670	59
AT3G28170	4
AT3G49140	3002
AT3G26110	1
AT3G20000	3357
AT3G50950	1737
AT3G10560	3
AT3G19180	598
AT3G15356	639
AT3G27180	927
AT3G23605	202
AT3G50770	59
AT3G49330	59
AT3G01390	3565
AT3G60350	718
AT3G23900	1346
AT3G15750	249
AT3G23970	0
AT3G50590	2476
AT3G44580	4
AT3G01020	0
AT3G15420	62
AT3G57590	138
AT3G03773	290
AT3G49130	2
AT3G48120	268
AT3G16350	394
AT3G20110	216
AT3G55280	3453
AT3G66652	355
AT3G17890	96
AT3G14680	607
AT3G26060	11975
AT3G06760	383
AT3G53540	946
AT3G49950	77
AT3G21260	215
AT3G55590	1
AT3G19430	314
AT3G09200	24252
AT3G04360	17
AT3G12920	505
AT3G57950	38
AT3G58420	0
AT3G49360	350
AT3G15840	6894
AT3G25670	55
AT3G50000	1780
AT3G01660	280
AT3G59150	113
AT3G20910	217
AT3G07980	450
AT3G30842	9
AT3G55140	664
AT3G18130	3503
AT3G21680	64
AT3G06730	1398
AT3G47620	1557
AT3G57980	320
AT3G58390	0
AT3G20970	754
AT3G58440	0
AT3G25190	781
AT3G29830	0
AT3G54910	171
AT3G48580	12
AT3G32180	0
AT3G18770	165
AT3G21400	242
AT3G24880	504
AT3G51644	0
AT3G21465	467
AT3G52520	59
AT3G06530	1775
AT3G49250	392
AT3G07770	3109
AT3G23110	85
AT3G56410	0
AT3G60410	732
AT3G12430	0
AT3G61630	195
AT3G20930	541
AT3G12340	390
AT3G19840	718
AT3G49055	7
AT3G28700	459
AT3G02990	136
AT3G26550	54
AT3G52050	514
AT3G51450	202
AT3G49180	462
AT3G55550	1
AT3G47610	580
AT3G23100	328
AT3G19050	771
AT3G07060	360
AT3G09320	502
AT3G24520	0
AT3G51350	69
AT3G29080	0
AT3G57390	202
AT3G17390	14364
AT3G63255	0
AT3G27160	9306
AT3G14120	870
AT3G23920	1392
AT3G01480	7707
AT3G11130	6837
AT3G19100	1428
AT3G45030	3692
AT3G61160	172
AT3G43980	1373
AT3G43410	0
AT3G25120	381
AT3G45610	137
AT3G13290	832
AT3G44490	1
AT3G10140	505
AT3G51660	824
AT3G61440	11028
AT3G58030	1302
AT3G43220	749
AT3G50240	857
AT3G09960	26
AT3G57300	1336
AT3G46210	410
AT3G55515	10
AT3G62330	690
AT3G26640	357
AT3G26147	0
AT3G22370	1195
AT3G18750	430
AT3G62990	2
AT3G53890	5960
AT3G05680	1432
AT3G52880	12137
AT3G01260	549
AT3G59550	168
AT3G26370	948
AT3G44960	102
AT3G45740	333
AT3G48280	90
AT3G05350	1773
AT3G18550	0
AT3G11650	205
AT3G22942	265
AT3G03950	1075
AT3G23290	385
AT3G44680	682
AT3G03890	1045
AT3G29410	67
AT3G58050	1118
AT3G25590	159
AT3G13740	1187
AT3G19410	0
AT3G58170	700
AT3G12060	24
AT3G28600	7
AT3G50850	44
AT3G44540	165
AT3G43833	0
AT3G45300	877
AT3G61550	326
AT3G11220	307
AT3G50180	0
AT3G07480	4415
AT3G47660	7
AT3G14130	215
AT3G12260	3128
AT3G16785	835
AT3G21940	0
AT3G17700	257
AT3G48780	986
AT3G57630	514
AT3G30387	0
AT3G50808	0
AT3G09870	1
AT3G06170	962
AT3G07540	608
AT3G61600	1763
AT3G25597	115
AT3G54340	0
AT3G04520	783
AT3G59220	475
AT3G14170	92
AT3G15080	358
AT3G16730	300
AT3G54650	890
AT3G42960	0
AT3G27000	231
AT3G06860	3120
AT3G24870	487
AT3G55180	2
AT3G19970	235
AT3G18518	0
AT3G11700	2021
AT3G62300	951
AT3G03480	9
AT3G48131	0
AT3G47600	196
AT3G14060	192
AT3G61680	221
AT3G10590	8
AT3G58130	188
AT3G20240	796
AT3G02890	494
AT3G10572	293
AT3G13228	0
AT3G44990	4246
AT3G13800	410
AT3G19340	1149
AT3G52060	1074
AT3G53700	939
AT3G43645	0
AT3G15920	809
AT3G22345	0
AT3G19890	0
AT3G16080	6097
AT3G13310	900
AT3G49000	490
AT3G48940	17
AT3G41762	3
AT3G56720	1424
AT3G20120	389
AT3G19370	1475
AT3G53750	1074
AT3G10050	1802
AT3G13640	36
AT3G12500	1144
AT3G21910	0
AT3G61540	572
AT3G52920	1303
AT3G30770	2
AT3G20520	5
AT3G63110	669
AT3G12120	15674
AT3G10860	8669
AT3G30725	11
AT3G23530	2480
AT3G17730	51
AT3G23122	0
AT3G16432	0
AT3G42565	0
AT3G12550	372
AT3G08660	42
AT3G17350	242
AT3G54210	11935
AT3G55050	520
AT3G10430	0
AT3G06430	1519
AT3G12530	195
AT3G11920	1
AT3G59900	127
AT3G24010	359
AT3G14280	178
AT3G11890	309
AT3G04130	211
AT3G11580	185
AT3G19200	50
AT3G21290	622
AT3G28155	10
AT3G27415	0
AT3G12230	0
AT3G56050	1967
AT3G21420	180
AT3G14390	1898
AT3G24929	61
AT3G12250	185
AT3G29740	0
AT3G23680	0
AT3G45470	0
AT3G21825	0
AT3G04540	0
AT3G62510	7
AT3G23633	0
AT3G62640	0
AT3G23150	620
AT3G59380	1083
AT3G06880	1257
AT3G55700	41
AT3G02010	0
AT3G47350	4256
AT3G53310	50
AT3G26080	386
AT3G17261	0
AT3G26350	20
AT3G56120	541
AT3G22720	0
AT3G60150	77
AT3G57240	171
AT3G19035	0
AT3G03130	882
AT3G49740	0
AT3G14230	2555
AT3G60970	0
AT3G12690	214
AT3G47220	45
AT3G26010	2
AT3G19530	0
AT3G12890	16
AT3G45870	22
AT3G52380	7102
AT3G16150	109
AT3G52480	68
AT3G25740	322
AT3G22180	350
AT3G25265	0
AT3G05390	74
AT3G54720	595
AT3G15000	7114
AT3G05860	4
AT3G16250	2029
AT3G20130	151
AT3G20490	323
AT3G01640	582
AT3G13390	5
AT3G01327	0
AT3G13850	7
AT3G03030	172
AT3G62060	397
AT3G22845	1672
AT3G24513	0
AT3G02340	442
AT3G57130	58
AT3G59580	36
AT3G24750	40
AT3G45180	3
AT3G45880	60
AT3G05310	0
AT3G43110	91
AT3G43430	125
AT3G06280	2
AT3G01330	182
AT3G47295	190
AT3G48600	107
AT3G26920	265
AT3G57690	8
AT3G15780	158
AT3G63080	751
AT3G22310	2500
AT3G28690	1259
AT3G60500	957
AT3G19553	682
AT3G15390	200
AT3G58160	192
AT3G60260	362
AT3G45750	249
AT3G24000	238
AT3G01400	310
AT3G46260	0
AT3G29250	286
AT3G52470	1670
AT3G62260	138
AT3G47850	627
AT3G56770	43
AT3G09570	1037
AT3G30280	0
AT3G25780	260
AT3G53130	1224
AT3G24715	134
AT3G53010	37
AT3G21000	2
AT3G42995	0
AT3G25810	0
AT3G61890	106
AT3G16890	122
AT3G26220	78
AT3G60020	1
AT3G13020	64
AT3G49080	1438
AT3G48070	886
AT3G15690	1056
AT3G55790	0
AT3G21300	987
AT3G59100	770
AT3G04380	176
AT3G62110	1254
AT3G06340	532
AT3G26600	495
AT3G59450	12
AT3G17860	325
AT3G19508	282
AT3G19270	43
AT3G61720	0
AT3G07140	945
AT3G60490	47
AT3G56750	557
AT3G25110	644
AT3G24210	121
AT3G14300	1
AT3G04430	0
AT3G07560	1984
AT3G27280	1651
AT3G46370	137
AT3G48390	24
AT3G19010	1361
AT3G59840	1373
AT3G53680	204
AT3G02520	2091
AT3G55360	2136
AT3G61080	711
AT3G45850	1220
AT3G23740	240
AT3G49725	452
AT3G25820	0
AT3G48170	2961
AT3G16690	93
AT3G61620	489
AT3G44703	0
AT3G14910	322
AT3G11390	6
AT3G14460	32
AT3G18773	31
AT3G04020	213
AT3G07640	1031
AT3G18280	1171
AT3G56950	907
AT3G06545	1
AT3G58900	215
AT3G14075	572
AT3G48475	0
AT3G07120	15
AT3G55040	1611
AT3G62590	88
AT3G19820	11699
AT3G22230	8694
AT3G24080	3213
AT3G57040	488
AT3G18380	554
AT3G05810	673
AT3G22350	0
AT3G05620	53
AT3G03150	1371
AT3G21280	350
AT3G27185	0
AT3G15800	102
AT3G02090	10065
AT3G26115	202
AT3G26890	1062
AT3G42140	0
AT3G62350	0
AT3G20800	890
AT3G18440	1006
AT3G60650	21
AT3G50980	2
AT3G48344	0
AT3G20557	8
AT3G13170	21
AT3G55080	441
AT3G48640	15
AT3G28840	44
AT3G22990	562
AT3G45310	1003
AT3G23480	50
AT3G28830	16
AT3G01960	99
AT3G09370	251
AT3G18990	810
AT3G23420	0
AT3G56880	914
AT3G59660	1100
AT3G59820	2099
AT3G03720	926
AT3G49880	481
AT3G27980	0
AT3G12520	331
AT3G48210	461
AT3G61850	370
AT3G15580	1077
AT3G19580	34
AT3G04260	3891
AT3G01650	433
AT3G22260	197
AT3G25970	73
AT3G08610	4428
AT3G26460	162
AT3G07180	1265
AT3G24590	1485
AT3G43180	0
AT3G46616	1
AT3G14350	1390
AT3G16010	206
AT3G55650	9
AT3G13784	204
AT3G56370	2074
AT3G27520	176
AT3G10240	0
AT3G47460	387
AT3G28130	390
AT3G59690	15
AT3G15670	2
AT3G02060	1556
AT3G04690	124
AT3G03930	1
AT3G01600	90
AT3G18650	0
AT3G47550	782
AT3G03320	497
AT3G07670	1373
AT3G46510	1615
AT3G11530	502
AT3G21351	156
AT3G13150	353
AT3G58060	38
AT3G19560	0
AT3G55000	709
AT3G28875	13
AT3G10020	1601
AT3G55840	16
AT3G07610	657
AT3G55780	3
AT3G11370	15
AT3G42550	0
AT3G14710	5
AT3G29240	1538
AT3G01890	228
AT3G45130	21
AT3G26650	52087
AT3G55880	195
AT3G54150	44
AT3G30775	3717
AT3G13062	633
AT3G25530	4446
AT3G25014	0
AT3G47450	1639
AT3G21640	491
AT3G01900	8
AT3G15520	1561
AT3G10900	0
AT3G13070	1938
AT3G07930	148
AT3G11800	1476
AT3G19540	1003
AT3G16720	447
AT3G15300	156
AT3G19650	669
AT3G20080	452
AT3G29400	469
AT3G62880	286
AT3G56610	0
AT3G24575	4
AT3G47960	1101
AT3G60370	1221
AT3G01830	12
AT3G22490	0
AT3G04545	2
AT3G29630	82
AT3G07000	67
AT3G47500	737
AT3G02840	4
AT3G29637	0
AT3G02030	167
AT3G01513	59
AT3G08520	5833
AT3G25550	0
AT3G21600	294
AT3G52710	472
AT3G47200	52
AT3G20395	53
AT3G15518	15
AT3G45240	813
AT3G49760	59
AT3G02510	449
AT3G15870	0
AT3G24600	0
AT3G62600	2733
AT3G17280	30
AT3G07750	546
AT3G05970	2268
AT3G53550	1
AT3G04460	537
AT3G55566	1
AT3G16040	0
AT3G13050	242
AT3G16910	1572
AT3G28040	1507
AT3G26800	0
AT3G16360	144
AT3G03760	0
AT3G28470	0
AT3G61182	0
AT3G60440	727
AT3G02360	5454
AT3G45680	62
AT3G43870	0
AT3G43700	240
AT3G52280	382
AT3G04310	176
AT3G06870	0
AT3G50685	2455
AT3G57180	947
AT3G62970	352
AT3G12590	934
AT3G63240	272
AT3G05520	893
AT3G63340	866
AT3G52210	275
AT3G56490	1821
AT3G28230	1
AT3G15352	211
AT3G25930	426
AT3G16120	50
AT3G54780	159
AT3G48730	8895
AT3G43790	166
AT3G62190	458
AT3G11290	435
AT3G48060	845
AT3G54620	1315
AT3G51730	1636
AT3G51620	800
AT3G23080	724
AT3G09930	0
AT3G54490	3
AT3G28455	146
AT3G23540	803
AT3G48080	127
AT3G55920	462
AT3G52080	0
AT3G13770	42
AT3G53720	487
AT3G48990	8394
AT3G19290	661
AT3G57500	138
AT3G17080	0
AT3G61829	0
AT3G48790	4
AT3G20650	416
AT3G25290	587
AT3G22150	1387
AT3G24020	21
AT3G19690	0
AT3G08790	1
AT3G07860	235
AT3G44690	152
AT3G21700	281
AT3G17155	0
AT3G50420	96
AT3G01015	25
AT3G28120	0
AT3G30260	3
AT3G26720	1416
AT3G01100	519
AT3G10585	0
AT3G12740	1236
AT3G11260	83
AT3G09540	680
AT3G20350	602
AT3G04210	655
AT3G49720	2678
AT3G25710	341
AT3G59910	1476
AT3G47520	3823
AT3G13075	0
AT3G13320	830
AT3G23700	3227
AT3G47770	40
AT3G14540	113
AT3G16565	353
AT3G29255	0
AT3G13950	44
AT3G42060	0
AT3G16880	1
AT3G09035	481
AT3G15070	299
AT3G07010	887
AT3G45710	288
AT3G61660	8
AT3G17580	19
AT3G14090	292
AT3G49940	1615
AT3G27890	1220
AT3G19510	520
AT3G11710	5406
AT3G24220	0
AT3G20740	634
AT3G54660	5570
AT3G15400	107
AT3G06010	1066
AT3G22020	0
AT3G63430	223
AT3G14140	6
AT3G55960	539
AT3G21295	311
AT3G57610	3641
AT3G19085	0
AT3G03790	1552
AT3G10000	23
AT3G13590	66
AT3G23870	111
AT3G28660	103
AT3G25900	388
AT3G50845	100
AT3G44405	4
AT3G50300	169
AT3G29260	0
AT3G20960	146
AT3G45830	832
AT3G23120	19
AT3G60050	349
AT3G18160	530
AT3G16160	9
AT3G06260	6
AT3G27710	6
AT3G08920	1499
AT3G47050	22
AT3G55400	2750
AT3G61028	0
AT3G11770	372
AT3G20420	56
AT3G46980	800
AT3G28650	149
AT3G22830	104
AT3G09710	241
AT3G44730	530
AT3G17205	1241
AT3G50780	495
AT3G23360	1
AT3G10527	0
AT3G25140	2560
AT3G14440	90
AT3G04443	0
AT3G44261	0
AT3G13230	1116
AT3G60180	190
AT3G12545	0
AT3G51040	421
AT3G62550	5082
AT3G27690	8221
AT3G58530	375
AT3G58780	19
AT3G24060	0
AT3G47190	3
AT3G19565	0
AT3G02630	2669
AT3G52290	326
AT3G04930	1107
AT3G15095	2504
AT3G22333	0
AT3G28180	1283
AT3G06120	90
AT3G57910	197
AT3G47020	0
AT3G61111	1
AT3G55850	396
AT3G25577	5
AT3G54380	268
AT3G61860	1145
AT3G52320	0
AT3G23860	1
AT3G53950	467
AT3G16780	5340
AT3G27290	69
AT3G55260	960
AT3G15510	95
AT3G19670	869
AT3G01290	2110
AT3G02140	222
AT3G49510	29
AT3G50130	33
AT3G11980	4
AT3G11500	779
AT3G13990	1252
AT3G05290	623
AT3G01323	0
AT3G57650	1930
AT3G28925	0
AT3G19090	12
AT3G44800	21
AT3G47830	90
AT3G14100	2704
AT3G04900	0
AT3G55410	5992
AT3G56780	5
AT3G60660	124
AT3G43300	3696
AT3G01620	1
AT3G57210	7
AT3G09210	2603
AT3G56830	129
AT3G48860	663
AT3G13700	0
AT3G46270	233
AT3G09980	1684
AT3G01510	908
AT3G18460	0
AT3G22540	98
AT3G15604	0
AT3G12760	1206
AT3G18120	0
AT3G10940	1257
AT3G55940	57
AT3G53600	2
AT3G05741	0
AT3G13224	426
AT3G19900	1087
AT3G22070	0
AT3G63020	0
AT3G61177	0
AT3G19595	0
AT3G46130	326
AT3G09490	105
AT3G49460	0
AT3G12870	426
AT3G53810	185
AT3G23167	0
AT3G52010	7
AT3G02255	0
AT3G05980	139
AT3G20020	389
AT3G60690	269
AT3G52530	10
AT3G08850	2135
AT3G49845	102
AT3G23340	361
AT3G28740	570
AT3G51130	1007
AT3G06650	4536
AT3G26900	1807
AT3G06780	124
AT3G59000	115
AT3G05260	4
AT3G43950	0
AT3G12400	652
AT3G09250	785
AT3G30823	0
AT3G54520	1
AT3G45443	241
AT3G29590	348
AT3G01700	2
AT3G10300	888
AT3G59850	31
AT3G51640	945
AT3G26430	11
AT3G03240	0
AT3G28940	4234
AT3G16450	2424
AT3G27110	613
AT3G19380	306
AT3G45980	2862
AT3G63490	17925
AT3G61950	174
AT3G44870	0
AT3G43500	0
AT3G52941	0
AT3G22760	463
AT3G53630	973
AT3G18420	1457
AT3G06850	666
AT3G46660	0
AT3G62700	3846
AT3G47570	264
AT3G57720	108
AT3G26420	3
AT3G54480	868
AT3G58510	2986
AT3G28140	178
AT3G01420	2243
AT3G44480	1206
AT3G08760	749
AT3G07195	180
AT3G14220	1405
AT3G20410	1138
AT3G62340	0
AT3G20730	29
AT3G49305	0
AT3G04300	7
AT3G47820	310
AT3G06110	432
AT3G48800	248
AT3G19130	2027
AT3G48400	0
AT3G25460	0
AT3G11070	1411
AT3G23230	8
AT3G05920	137
AT3G29560	0
AT3G03010	417
AT3G57890	2313
AT3G55680	0
AT3G27730	50
AT3G54280	1476
AT3G29763	0
AT3G14660	3717
AT3G06620	919
AT3G06840	270
AT3G03510	0
AT3G14370	58
AT3G50520	696
AT3G25580	540
AT3G51380	49
AT3G05570	253
AT3G59640	308
AT3G27660	63
AT3G27835	0
AT3G26730	2051
AT3G24225	7
AT3G12200	964
AT3G62280	125
AT3G45510	0
AT3G58980	112
AT3G23955	1
AT3G56300	94
AT3G05740	166
AT3G29350	851
AT3G09760	369
AT3G45430	97
AT3G50720	0
AT3G09030	391
AT3G62310	1502
AT3G60590	409
AT3G53070	0
AT3G22110	3820
AT3G08800	175
AT3G14420	17896
AT3G62840	2572
AT3G13970	93
AT3G50790	962
AT3G09510	0
AT3G58740	0
AT3G51500	295
AT3G15359	0
AT3G10670	2325
AT3G62760	101
AT3G46870	339
AT3G55250	2446
AT3G14960	383
AT3G24740	529
AT3G46690	106
AT3G49340	10
AT3G21410	0
AT3G61590	259
AT3G62790	1567
AT3G04140	350
AT3G23172	0
AT3G10986	10
AT3G55910	7
AT3G03100	3660
AT3G52420	466
AT3G20360	7
AT3G10113	0
AT3G49160	68
AT3G21650	407
AT3G18980	464
AT3G46640	3204
AT3G21430	748
AT3G57840	0
AT3G17668	199
AT3G16340	1199
AT3G62290	9130
AT3G03330	510
AT3G51080	211
AT3G54420	116
AT3G63215	0
AT3G04950	219
AT3G25240	128
AT3G17480	0
AT3G56150	8782
AT3G53260	3339
AT3G13450	577
AT3G13570	1530
AT3G43840	15
AT3G54610	427
AT3G09080	45
AT3G59260	0
AT3G03590	162
AT3G26380	635
AT3G30300	1164
AT3G11020	48
AT3G26960	118
AT3G04660	3
AT3G06790	660
AT3G20780	482
AT3G11820	739
AT3G60966	9
AT3G05580	335
AT3G56560	0
AT3G02440	0
AT3G50010	153
AT3G58877	0
AT3G05440	0
AT3G59710	29
AT3G19590	607
AT3G12350	513
AT3G20630	1487
AT3G17250	218
AT3G12820	60
AT3G53200	36
AT3G56980	169
AT3G59455	0
AT3G27820	4074
AT3G53390	755
AT3G08880	267
AT3G25620	69
AT3G59440	0
AT3G24420	126
AT3G47290	1240
AT3G03420	626
AT3G11930	4269
AT3G54470	3293
AT3G55935	0
AT3G56930	310
AT3G26050	186
AT3G61610	440
AT3G51770	974
AT3G16050	304
AT3G44120	25
AT3G47380	89
AT3G05975	0
AT3G54860	683
AT3G16770	3015
AT3G46540	939
AT3G61270	185
AT3G05800	1105
AT3G25560	613
AT3G44880	1654
AT3G24900	7
AT3G17210	3464
AT3G15260	688
AT3G18295	158
AT3G60080	365
AT3G55320	629
AT3G55310	2
AT3G52440	6
AT3G58690	264
AT3G07200	341
AT3G02190	716
AT3G27910	0
AT3G62020	341
AT3G51720	1235
AT3G44020	506
AT3G21660	0
AT3G56440	156
AT3G48209	0
AT3G57465	3
AT3G32930	2243
AT3G59350	1167
AT3G21140	729
AT3G05510	250
AT3G30165	0
AT3G44860	73
AT3G56580	900
AT3G57785	253
AT3G01150	684
AT3G47390	645
AT3G56240	9294
AT3G60740	777
AT3G13720	526
AT3G45840	40
AT3G17220	2
AT3G10630	267
AT3G27550	350
AT3G48200	1928
AT3G08840	541
AT3G52780	12
AT3G22080	0
AT3G07370	356
AT3G28460	1083
AT3G46310	0
AT3G56430	725
AT3G48970	84
AT3G56700	0
AT3G53350	190
AT3G21730	0
AT3G08947	318
AT3G44769	2
AT3G55630	1141
AT3G24517	0
AT3G19910	1188
AT3G12770	13
AT3G52600	3
AT3G45093	0
AT3G49830	15
AT3G22710	0
AT3G15480	1162
AT3G04960	31
AT3G13980	157
AT3G19020	245
AT3G55200	408
AT3G12420	0
AT3G52160	1
AT3G59070	0
AT3G49370	124
AT3G10800	770
AT3G06460	94
AT3G44070	0
AT3G10420	1724
AT3G57280	814
AT3G06510	2724
AT3G46710	12
AT3G50250	0
AT3G02245	4
AT3G44370	384
AT3G55670	0
AT3G26780	1705
AT3G24065	17
AT3G10790	0
AT3G57730	0
AT3G12160	2
AT3G08640	2429
AT3G63250	1172
AT3G07520	138
AT3G56130	2456
AT3G44940	158
AT3G31560	0
AT3G17970	1089
AT3G43920	291
AT3G16440	383
AT3G18100	213
AT3G12540	36
AT3G58300	0
AT3G44010	6359
AT3G16990	280
AT3G10750	3
AT3G05725	0
AT3G50540	0
AT3G47040	19
AT3G03910	13
AT3G12630	2259
AT3G25920	19447
AT3G52075	0
AT3G13240	41
AT3G50100	178
AT3G21590	0
AT3G04450	165
AT3G12560	840
AT3G02870	1516
AT3G01780	1915
AT3G61030	0
AT3G12950	1154
AT3G60280	87
AT3G30247	0
AT3G51560	0
AT3G25150	1812
AT3G57090	1132
AT3G51060	77
AT3G48850	16
AT3G01920	530
AT3G58500	3255
AT3G23440	34
AT3G24630	133
AT3G01200	92
AT3G59790	5
AT3G18360	1
AT3G07590	385
AT3G57870	3816
AT3G25760	580
AT3G46550	975
AT3G09880	560
AT3G11910	2819
AT3G25020	138
AT3G21570	1
AT3G16900	6
AT3G52560	2608
AT3G21790	625
AT3G44435	0
AT3G62080	294
AT3G27495	0
AT3G13662	0
AT3G03870	272
AT3G59050	675
AT3G17270	0
AT3G44330	2860
AT3G25080	0
AT3G56530	0
AT3G48150	317
AT3G08490	24
AT3G21950	218
AT3G52390	309
AT3G13520	2127
AT3G62650	1628
AT3G44310	14773
AT3G56810	480
AT3G20860	244
AT3G22057	0
AT3G48110	2380
AT3G27470	518
AT3G60140	5
AT3G29320	12656
AT3G04810	634
AT3G57420	716
AT3G54550	0
AT3G44635	0
AT3G55150	88
AT3G47430	447
AT3G16090	443
AT3G52525	57
AT3G06990	60
AT3G13430	278
AT3G06350	2294
AT3G48950	0
AT3G09600	19
AT3G18500	750
AT3G12860	601
AT3G04030	191
AT3G17500	0
AT3G49410	160
AT3G24330	0
AT3G50550	686
AT3G31950	0
AT3G45140	12261
AT3G49551	9
AT3G29796	0
AT3G18020	157
AT3G27920	30
AT3G45640	1711
AT3G20150	852
AT3G52020	0
AT3G49060	560
AT3G23330	141
AT3G48340	697
AT3G07690	360
AT3G05590	18263
AT3G21150	8
AT3G17170	3312
AT3G10970	2070
AT3G57230	623
AT3G50400	92
AT3G10180	272
AT3G56310	1880
AT3G15830	4
AT3G04820	654
AT3G15280	1
AT3G24770	988
AT3G56710	268
AT3G18870	87
AT3G03270	2992
AT3G21540	977
AT3G54590	1939
AT3G48298	0
AT3G27100	363
AT3G29070	0
AT3G44704	0
AT3G57710	318
AT3G04610	1369
AT3G57070	347
AT3G01610	825
AT3G22690	131
AT3G21370	5
AT3G57190	444
AT3G15250	7
AT3G24700	0
AT3G05540	0
AT3G32130	0
AT3G28750	45
AT3G44110	7904
AT3G12880	0
AT3G46790	696
AT3G03350	103
AT3G50870	71
AT3G08510	6433
AT3G49150	4
AT3G59590	0
AT3G13437	32
AT3G43970	1
AT3G61050	2811
AT3G28780	1
AT3G58590	85
AT3G48020	20
AT3G51910	87
AT3G06890	88
AT3G26020	764
AT3G09990	0
AT3G28950	580
AT3G05960	0
AT3G27090	2788
AT3G57510	5
AT3G59570	297
AT3G02230	6748
AT3G61170	73
AT3G20760	0
AT3G61870	4661
AT3G06040	1673
AT3G62450	789
AT3G07970	127
AT3G08700	13
AT3G59870	701
AT3G16430	675
AT3G20950	0
AT3G54870	78
AT3G32330	0
AT3G23310	904
AT3G28320	1
AT3G03850	16
AT3G09150	901
AT3G15360	12232
AT3G14990	8862
AT3G51400	110
AT3G19920	1
AT3G53860	76
AT3G15910	0
AT3G51010	1336
AT3G04184	22
AT3G55100	0
AT3G42725	96
AT3G10010	364
AT3G62890	102
AT3G28670	589
AT3G03000	142
AT3G47210	73
AT3G17670	156
AT3G05450	0
AT3G55420	396
AT3G05010	244
AT3G46220	594
AT3G50810	90
AT3G23940	4878
AT3G28420	67
AT3G45920	0
AT3G02910	0
AT3G22420	323
AT3G05880	4437
AT3G61920	39
AT3G44970	712
AT3G02242	5
AT3G23270	2
AT3G07680	1614
AT3G57400	617
AT3G09660	136
AT3G20670	1931
AT3G23630	34
AT3G22100	8
AT3G52090	1596
AT3G25700	378
AT3G21055	31176
AT3G22235	824
AT3G28922	0
AT3G23060	4
AT3G21620	18
AT3G03280	13
AT3G29638	2
AT3G61780	1186
AT3G29760	467
AT3G01680	1185
AT3G62140	423
AT3G49470	2531
AT3G60990	0
AT3G29720	0
AT3G08030	3563
AT3G48810	180
AT3G59845	0
AT3G44430	685
AT3G03860	715
AT3G45252	0
AT3G13065	53
AT3G02050	1448
AT3G56470	19
AT3G24340	49
AT3G20030	0
AT3G48220	0
AT3G18200	196
AT3G62630	869
AT3G52980	0
AT3G58840	988
AT3G10985	888
AT3G18780	14458
AT3G59030	0
AT3G48550	61
AT3G54030	566
AT3G22425	570
AT3G47480	78
AT3G44220	101
AT3G07030	941
AT3G28910	584
AT3G42860	131
AT3G26782	234
AT3G24270	0
AT3G13227	0
AT3G09405	29
AT3G05050	1069
AT3G62010	1757
AT3G22900	57
AT3G46150	14
AT3G10760	532
AT3G27540	126
AT3G23580	787
AT3G55677	0
AT3G14970	0
AT3G52960	11972
AT3G52070	0
AT3G16650	139
AT3G03120	250
AT3G13870	3662
AT3G60030	1759
AT3G14010	1158
AT3G16117	0
AT3G29810	86
AT3G46613	1
AT3G29690	0
AT3G25545	383
AT3G23255	101
AT3G06370	171
AT3G30805	0
AT3G26932	247
AT3G54460	797
AT3G24510	1
AT3G59990	2769
AT3G47400	100
AT3G61500	0
AT3G19330	133
AT3G24240	549
AT3G06290	771
AT3G19600	0
AT3G50740	3101
AT3G58310	0
AT3G13410	4995
AT3G42570	1
AT3G32030	38
AT3G52360	392
AT3G48900	108
AT3G17040	1227
AT3G17010	0
AT3G59160	0
AT3G57560	1307
AT3G51190	0
AT3G19400	411
AT3G53770	0
AT3G01331	0
AT3G11720	407
AT3G26130	14
AT3G02885	639
AT3G45940	5
AT3G16530	1270
AT3G22565	18
AT3G21980	0
AT3G13340	1484
AT3G20620	341
AT3G07570	507
AT3G15370	3
AT3G55605	408
AT3G08636	0
AT3G54140	603
AT3G02720	1433
AT3G43153	0
AT3G23010	24
AT3G62390	322
AT3G45560	0
AT3G53640	0
AT3G46720	235
AT3G27640	127
AT3G01240	4
AT3G26180	999
AT3G07565	540
AT3G10360	981
AT3G21610	422
AT3G56320	159
AT3G12610	1613
AT3G22800	232
AT3G18680	3384
AT3G13830	0
AT3G57540	136
AT3G27770	1348
AT3G17640	454
AT3G53960	187
AT3G61770	915
AT3G02460	378
AT3G55240	303
AT3G06200	745
AT3G22935	0
AT3G46360	0
AT3G49200	0
AT3G45590	97
AT3G60940	6
AT3G20870	846
AT3G03580	198
AT3G63088	19
AT3G57990	1530
AT3G25520	20486
AT3G46020	131
AT3G23490	1733
AT3G09400	5
AT3G22960	8498
AT3G10690	2573
AT3G30305	1
AT3G48590	634
AT3G60760	0
AT3G19240	800
AT3G18390	6977
AT3G54050	23068
AT3G54450	6
AT3G29770	212
AT3G61230	0
AT3G10650	1682
AT3G06640	16
AT3G04070	250
AT3G23220	0
AT3G13200	1986
AT3G07870	277
AT3G13920	14155
AT3G59600	1220
AT3G10930	35
AT3G28450	428
AT3G08900	0
AT3G61900	16
AT3G61470	97707
AT3G12380	534
AT3G46050	0
AT3G51325	22
AT3G49600	918
AT3G18485	5
AT3G10500	454
AT3G18230	844
AT3G10080	402
AT3G45330	14
AT3G60850	420
AT3G25040	1276
AT3G45620	904
AT3G17550	0
AT3G46320	1282
AT3G49645	211
AT3G22125	2
AT3G54350	1198
AT3G43574	0
AT3G13470	7533
AT3G51820	4943
AT3G03440	173
AT3G32160	0
AT3G15140	480
AT3G12320	22
AT3G30530	5
AT3G58680	5807
AT3G52660	717
AT3G46480	0
AT3G52740	449
AT3G49601	2041
AT3G60130	723
AT3G29680	68
AT3G46200	165
AT3G24180	1910
AT3G04670	1023
AT3G02690	1429
AT3G17750	1118
AT3G15534	1
AT3G42390	0
AT3G24840	385
AT3G45790	0
AT3G44740	180
AT3G02490	354
AT3G14340	0
AT3G44980	1
AT3G46400	6
AT3G63230	0
AT3G15790	475
AT3G15357	274
AT3G25270	0
AT3G13674	145
AT3G23350	0
AT3G63450	415
AT3G48420	3792
AT3G05727	3051
AT3G09530	4
AT3G51950	3452
AT3G19300	140
AT3G07160	3423
AT3G19620	231
AT3G06020	69
AT3G62930	82
AT3G01710	361
AT3G49350	509
AT3G01800	497
AT3G57000	1378
AT3G58220	445
AT3G52570	305
AT3G09055	2
AT3G60110	254
AT3G51740	1434
AT3G51390	319
AT3G14452	1
AT3G61380	404
AT3G58940	185
AT3G02170	555
AT3G05500	1059
AT3G58570	2171
AT3G58790	259
AT3G60900	339
AT3G44240	0
AT3G52620	0
AT3G05870	147
AT3G18670	65
AT3G04770	538
AT3G03776	11
AT3G26855	4
AT3G47730	942
AT3G44630	500
AT3G27580	280
AT3G43260	0
AT3G06270	334
AT3G17120	579
AT3G18957	0
AT3G21770	1858
AT3G24050	1373
AT3G04903	0
AT3G43960	429
AT3G25960	0
AT3G53400	365
AT3G45110	0
AT3G59700	146
AT3G26830	355
AT3G50570	32
AT3G23930	76
AT3G52790	88
AT3G56890	26
AT3G60328	0
AT3G53020	16056
AT3G55530	338
AT3G02070	393
AT3G29152	0
AT3G23300	2082
AT3G17717	109
AT3G22300	784
AT3G55640	245
AT3G18060	3035
AT3G54170	473
AT3G20450	57
AT3G53060	0
AT3G49320	221
AT3G51650	704
AT3G54130	297
AT3G47910	1907
AT3G22700	1
AT3G53305	0
AT3G08670	678
AT3G19310	4
AT3G26410	503
AT3G04170	0
AT3G09810	1134
AT3G53980	755
AT3G08910	462
AT3G53870	11900
AT3G01560	823
AT3G43503	0
AT3G62320	6
AT3G60460	0
AT3G04880	735
AT3G51895	116
AT3G10510	3
AT3G60360	614
AT3G56340	7376
AT3G60720	115
AT3G46100	1692
AT3G54230	1091
AT3G57270	0
AT3G29020	0
AT3G48930	11399
AT3G07290	142
AT3G04190	0
AT3G24535	30
AT3G07600	10
AT3G27510	35
AT3G60700	5
AT3G48750	1106
AT3G07500	94
AT3G25165	2
AT3G09800	390
AT3G23960	0
AT3G29455	0
AT3G49980	0
AT3G45570	1
AT3G21320	2
AT3G62070	133
AT3G17590	468
AT3G60270	0
AT3G20050	6140
AT3G20610	0
AT3G58580	1131
AT3G17465	1473
AT3G09850	1807
AT3G25090	0
AT3G42940	0
AT3G20720	857
AT3G04320	138
AT3G14590	194
AT3G20880	3
AT3G25800	1690
AT3G06030	606
AT3G49840	168
AT3G16680	1
AT3G26860	0
AT3G63290	174
AT3G20070	326
AT3G30230	0
AT3G51980	755
AT3G01310	3743
AT3G14362	7
AT3G55170	1636
AT3G27430	3185
AT3G23727	0
AT3G18180	0
AT3G53232	9
AT3G04910	2964
AT3G61800	348
AT3G20370	2190
AT3G27400	432
AT3G19630	586
AT3G58280	0
AT3G44485	1
AT3G22730	0
AT3G03970	225
AT3G62380	0
AT3G52940	778
AT3G53500	2550
AT3G06868	74
AT3G25860	4517
AT3G53760	474
AT3G60090	0
AT3G05330	477
AT3G26510	255
AT3G58650	549
AT3G63095	0
AT3G01326	0
AT3G11460	92
AT3G19860	790
AT3G24560	164
AT3G16380	0
AT3G16610	50
AT3G28380	0
AT3G20160	64
AT3G20770	2767
AT3G17620	0
AT3G03360	160
AT3G58730	3375
AT3G28193	1
AT3G20210	4
AT3G14760	216
AT3G56080	148
AT3G45230	276
AT3G53342	0
AT3G28900	2693
AT3G55690	103
AT3G22980	579
AT3G01319	0
AT3G14610	512
AT3G10060	2218
AT3G49020	0
AT3G12600	1342
AT3G26740	22836
AT3G21270	319
AT3G50890	177
AT3G20100	631
AT3G12940	286
AT3G47700	342
AT3G27785	0
AT3G07800	477
AT3G19000	604
AT3G14780	65
AT3G46930	166
AT3G21220	766
AT3G22480	857
AT3G46340	1
AT3G59180	0
AT3G01530	2
AT3G19740	1454
AT3G05420	2473
AT3G13580	2755
AT3G52300	9488
AT3G27906	379
AT3G23370	156
AT3G43670	1040
AT3G52450	178
AT3G59230	0
AT3G12990	337
AT3G61310	896
AT3G25130	301
AT3G48160	130
AT3G10850	3200
AT3G12710	328
AT3G05935	0
AT3G51790	348
AT3G27070	19
AT3G60000	1
AT3G47710	18
AT3G47341	0
AT3G55540	0
AT3G50190	30
AT3G49800	899
AT3G29970	7
AT3G15890	209
AT3G24730	154
AT3G10770	1211
AT3G55110	268
AT3G44950	7
AT3G11300	0
AT3G11000	32
AT3G44150	489
AT3G61790	454
AT3G59930	44
AT3G46160	0
AT3G24514	0
AT3G23805	430
AT3G06960	628
AT3G29340	0
AT3G48030	755
AT3G47360	100
AT3G14981	0
AT3G13960	254
AT3G44530	464
AT3G25660	4559
AT3G13280	0
AT3G02080	8732
AT3G57860	259
AT3G46520	0
AT3G26270	0
AT3G63270	395
AT3G53300	0
AT3G15111	0
AT3G48960	0
AT3G60040	74
AT3G51600	12219
AT3G12345	2721
AT3G29034	480
AT3G02550	742
AT3G07020	1027
AT3G28990	0
AT3G56870	236
AT3G27831	0
AT3G18215	499
AT3G58090	199
AT3G01940	48
AT3G59360	877
AT3G56860	2969
AT3G53530	197
AT3G21390	289
AT3G61480	934
AT3G23570	1203
AT3G44790	12
AT3G17630	65
AT3G27600	0
AT3G05300	0
AT3G05380	683
AT3G10990	0
AT3G26125	0
AT3G56550	51
AT3G23123	0
AT3G28490	0
AT3G59730	4
AT3G23760	529
AT3G17950	207
AT3G58190	6
AT3G27809	0
AT3G10600	10
AT3G59245	0
AT3G19680	658
AT3G16810	1414
AT3G55254	0
AT3G10280	0
AT3G46410	0
AT3G42050	8229
AT3G52220	1559
AT3G10890	0
AT3G29090	675
AT3G47000	996
AT3G17152	1
AT3G60200	284
AT3G11405	0
AT3G04050	11
AT3G51670	1758
AT3G07360	784
AT3G46080	21
AT3G47070	8472
AT3G29631	0
AT3G26320	116
AT3G12490	4123
AT3G59435	4
AT3G17800	925
AT3G28550	5031
AT3G01790	1413
AT3G28560	6
AT3G47560	572
AT3G59210	439
AT3G54510	3
AT3G28630	9
AT3G52810	0
AT3G07700	1262
AT3G32920	2
AT3G07100	3238
AT3G58830	696
AT3G02770	559
AT3G15820	571
AT3G19055	0
AT3G44200	923
AT3G62470	206
AT3G14530	68
AT3G45530	27
AT3G48500	3566
AT3G29300	13
AT3G44820	270
AT3G27900	8
AT3G16895	0
AT3G02370	63
AT3G20250	875
AT3G25855	51
AT3G24030	406
AT3G52680	174
AT3G10490	909
AT3G09390	22064
AT3G25510	58
AT3G43150	0
AT3G13100	166
AT3G62730	17
AT3G05370	154
AT3G47470	138548
AT3G22620	669
AT3G04780	743
AT3G44160	584
AT3G10250	272
AT3G55340	918
AT3G53330	0
AT3G04370	59
AT3G54220	771
AT3G43570	0
AT3G02310	5
AT3G28520	0
AT3G56690	442
AT3G23710	363
AT3G30383	0
AT3G43280	0
AT3G18950	63
AT3G27940	7
AT3G60286	12
AT3G21945	0
AT3G21090	87
AT3G54090	1889
AT3G07530	85
AT3G09970	784
AT3G52905	200
AT3G53294	0
AT3G58610	20499
AT3G01961	0
AT3G61810	0
AT3G48830	131
AT3G52340	770
AT3G08020	678
AT3G08990	72
AT3G28250	0
AT3G13930	4898
AT3G50080	380
AT3G24790	1
AT3G17360	570
AT3G02410	14
AT3G58330	0
AT3G02000	0
AT3G05190	168
AT3G19850	397
AT3G53270	388
AT3G13690	1845
AT3G11050	102
AT3G30460	43
AT3G22910	54
AT3G47690	298
AT3G24610	0
AT3G50230	31
AT3G28190	0
AT3G58860	0
AT3G25470	2234
AT3G59420	346
AT3G60330	386
AT3G46910	0
AT3G13350	596
AT3G44660	1
AT3G57072	0
AT3G52840	1567
AT3G30739	0
AT3G25805	736
AT3G17920	398
AT3G26950	1068
AT3G24620	0
AT3G48740	2778
AT3G62530	8860
AT3G50373	0
AT3G21340	33
AT3G20180	3
AT3G15980	2728
AT3G63280	251
AT3G09280	7
AT3G10405	825
AT3G55190	0
AT3G59060	872
AT3G09040	134
AT3G20460	55
AT3G16370	4522
AT3G07390	3064
AT3G45910	0
AT3G01210	190
AT3G46960	923
AT3G48260	69
AT3G46565	0
AT3G18880	63
AT3G17520	2
AT3G01130	1966
AT3G01850	467
AT3G61650	545
AT3G46280	1284
AT3G43682	0
AT3G56180	0
AT3G46040	3032
AT3G59500	570
AT3G45673	0
AT3G11325	3
AT3G53800	1376
AT3G25500	1159
AT3G03726	0
AT3G27325	926
AT3G15620	140
AT3G29385	0
AT3G22231	307
AT3G24530	683
AT3G22275	2
AT3G25727	0
AT3G06000	0
AT3G06820	453
AT3G44460	101
AT3G43420	0
AT3G09925	262
AT3G45150	0
AT3G17130	40
AT3G06950	365
AT3G60890	20
AT3G12180	314
AT3G24570	444
AT3G11550	201
AT3G11570	7
AT3G45890	299
AT3G48510	34
AT3G52561	12
AT3G59370	151
AT3G19360	282
AT3G45060	32
AT3G26910	404
AT3G17770	1012
AT3G22520	1061
AT3G62160	102
AT3G19440	248
AT3G10440	210
AT3G18260	84
AT3G13433	1
AT3G46730	16
AT3G45770	1215
AT3G48346	0
AT3G06450	1043
AT3G05625	855
AT3G01360	300
AT3G14200	511
AT3G27503	0
AT3G02220	1301
AT3G51270	1600
AT3G12840	1
AT3G51590	0
AT3G18970	124
AT3G05155	24
AT3G29635	3
AT3G47780	651
AT3G54085	2
AT3G09590	0
AT3G48610	940
AT3G49710	153
AT3G02390	0
AT3G01090	1739
AT3G55890	26
AT3G32190	0
AT3G59390	136
AT3G58340	0
AT3G10230	1542
AT3G11200	1897
AT3G55010	1850
AT3G22436	0
AT3G55330	3324
AT3G09690	408
AT3G55500	67
AT3G05220	6279
AT3G59040	1847
AT3G46740	7273
AT3G02110	695
AT3G52040	44
AT3G26630	423
AT3G14040	11
AT3G06680	1642
AT3G43600	1982
AT3G51440	93
AT3G17710	112
AT3G43160	0
AT3G50123	0
AT3G15440	3
AT3G62580	1513
AT3G56940	23751
AT3G15680	1096
AT3G17330	499
AT3G50350	234
AT3G44850	496
AT3G56040	2515
AT3G12670	2295
AT3G20660	126
AT3G13404	26
AT3G60830	709
AT3G02790	0
AT3G16960	0
AT3G22470	116
AT3G50030	9
AT3G45320	0
AT3G01570	28
AT3G58140	3301
AT3G51180	65
AT3G52490	194
AT3G44805	7
AT3G17760	3
AT3G56090	2922
AT3G13670	3491
AT3G42153	0
AT3G06985	3
AT3G01990	55
AT3G06490	25
AT3G26690	291
AT3G53590	0
AT3G01300	540
AT3G20840	104
AT3G55390	165
AT3G45100	450
AT3G43837	0
AT3G04350	660
AT3G08943	2025
AT3G13110	2265
AT3G18000	2725
AT3G08000	106
AT3G07310	1174
AT3G07410	762
AT3G22170	1443
AT3G23245	0
AT3G44710	8
AT3G56650	1360
AT3G28635	12
AT3G15353	10733
AT3G04480	837
AT3G03880	319
AT3G15354	650
AT3G06230	0
AT3G01590	720
AT3G60540	82
AT3G60320	2349
AT3G20540	1166
AT3G03370	41
AT3G55220	336
AT3G08505	176
AT3G61040	0
AT3G22670	0
AT3G25430	288
AT3G43490	0
AT3G44610	157
AT3G21230	305
AT3G24140	553
AT3G16870	457
AT3G12980	967
AT3G30340	78
AT3G22085	0
AT3G16520	2644
AT3G01322	0
AT3G12835	0
AT3G16320	135
AT3G29780	74
AT3G05670	1041
AT3G23180	168
AT3G06435	76
AT3G53790	0
AT3G23820	6252
AT3G17840	1786
AT3G28291	0
AT3G18580	276
AT3G29075	933
AT3G16330	167
AT3G19940	0
AT3G22860	3
AT3G48205	0
AT3G06720	2374
AT3G09910	28
AT3G05150	66
AT3G22010	0
AT3G53710	1810
AT3G13090	119
AT3G19552	0
AT3G46490	367
AT3G56840	413
AT3G22270	915
AT3G15900	473
AT3G01670	1312
AT3G44665	0
AT3G48880	545
AT3G54690	584
AT3G61690	1684
AT3G14490	0
AT3G05490	940
AT3G05365	7
AT3G20155	0
AT3G03990	1630
AT3G18320	139
AT3G11780	861
AT3G11690	259
AT3G43230	966
AT3G10974	0
AT3G25260	9
AT3G53180	1698
AT3G53520	1507
AT3G15430	791
AT3G61490	342
AT3G42560	0
AT3G14150	578
AT3G11330	1018
AT3G24640	1
AT3G57680	85
AT3G12000	1
AT3G04100	0
AT3G05070	825
AT3G44760	0
AT3G26040	19
AT3G53940	264
AT3G13680	5
AT3G46850	0
AT3G32090	0
AT3G02200	2237
AT3G13782	54
AT3G06300	809
AT3G01280	5470
AT3G45160	1784
AT3G06970	0
AT3G14720	1154
AT3G43630	0
AT3G12090	324
AT3G23990	5894
AT3G29375	593
AT3G11840	72
AT3G22104	415
AT3G51970	29
AT3G61390	2
AT3G05100	489
AT3G58560	2293
AT3G23620	1648
AT3G63320	1
AT3G42155	0
AT3G06210	259
AT3G48490	151
AT3G60730	9
AT3G09450	5
AT3G07210	276
AT3G03405	0
AT3G53650	411
AT3G27150	281
AT3G09340	0
AT3G49300	3
AT3G11880	515
AT3G46500	18
AT3G53080	0
AT3G51410	9
AT3G11320	559
AT3G09735	802
AT3G17680	493
AT3G25880	44
AT3G58950	0
AT3G11810	830
AT3G02650	979
AT3G02130	747
AT3G24190	1895
AT3G29290	835
AT3G48770	22
AT3G27250	27
AT3G61320	413
AT3G07820	12
AT3G21630	578
AT3G16410	558
AT3G27270	54
AT3G50360	913
AT3G53235	75
AT3G44180	0
AT3G46530	1244
AT3G04120	28356
AT3G45010	993
AT3G10550	369
AT3G24430	4191
AT3G29130	206
AT3G04340	4092
AT3G26330	172
AT3G28100	161
AT3G26744	1762
AT3G17530	0
AT3G19080	261
AT3G46845	327
AT3G52540	81
AT3G54710	341
AT3G04270	0
AT3G15909	0
AT3G48710	744
AT3G50210	775
AT3G56360	3279
AT3G19790	414
AT3G09840	16642
AT3G16630	2236
AT3G11560	2762
AT3G11830	4814
AT3G28918	0
AT3G50970	1385
AT3G05840	2314
AT3G50170	4
AT3G56990	1224
AT3G04440	0
AT3G52526	6
AT3G23650	0
AT3G04620	115
AT3G05990	557
AT3G21850	0
AT3G03750	0
AT3G57410	1976
AT3G25505	10
AT3G22560	14
AT3G49220	2079
AT3G28870	0
AT3G58490	326
AT3G01010	0
AT3G48090	680
AT3G05160	843
AT3G43190	2055
AT3G17810	1923
AT3G22220	627
AT3G26480	47
AT3G58410	0
AT3G12830	83
AT3G45243	0
AT3G57750	299
AT3G50800	88
AT3G13882	1573
AT3G03810	441
AT3G01175	5
AT3G26490	168
AT3G50140	34
AT3G14205	1035
AT3G12780	42574
AT3G46780	27026
AT3G04840	17824
AT3G04181	12
AT3G05040	700
AT3G26935	1551
AT3G04760	1771
AT3G11850	355
AT3G01120	11646
AT3G46666	0
AT3G06080	509
AT3G10870	306
AT3G20680	541
AT3G28980	1
AT3G14640	9
AT3G09500	17313
AT3G57200	79
AT3G13330	1986
AT3G27020	1195
AT3G29390	910
AT3G44555	0
AT3G54540	2436
AT3G13500	4
AT3G06980	4278
AT3G20510	800
AT3G21580	431
AT3G53480	1390
AT3G49960	486
AT3G58520	285
AT3G07380	0
AT3G49500	1019
AT3G44930	0
AT3G61930	25
AT3G21175	623
AT3G53850	417
AT3G22580	0
AT3G04510	10
AT3G04800	27
AT3G55570	0
AT3G51430	449
AT3G55520	861
AT3G06570	274
AT3G11160	0
AT3G44320	891
AT3G06220	19
AT3G25882	119
AT3G54190	1254
AT3G58960	0
AT3G42075	0
AT3G13400	25
AT3G28530	0
AT3G56380	0
AT3G62120	5053
AT3G07522	0
AT3G15610	715
AT3G21180	110
AT3G50730	0
AT3G60340	967
AT3G10160	1542
AT3G14670	0
AT3G63000	919
AT3G62090	4
AT3G19260	360
AT3G11950	231
AT3G07900	48
AT3G16555	1
AT3G30210	3
AT3G55020	1813
AT3G55120	1672
AT3G22415	31
AT3G14210	18122
AT3G02980	54
AT3G23400	4235
AT3G03200	53
AT3G01630	8
AT3G51070	0
AT3G15450	1714
AT3G20830	229
AT3G18330	4
AT3G28390	0
AT3G44428	0
AT3G29575	300
AT3G44510	103
AT3G59080	160
AT3G17430	749
AT3G22510	0
AT3G04790	6215
AT3G11060	0
AT3G16400	6929
AT3G50280	29
AT3G55350	344
AT3G47440	0
AT3G18610	27
AT3G23880	182
AT3G02450	2583
AT3G58260	0
AT3G12960	1
AT3G11120	3617
AT3G49420	171
AT3G49010	14001
AT3G03770	830
AT3G56920	4
AT3G62920	103
AT3G21800	1
AT3G25990	35
AT3G58230	0
AT3G01516	87
AT3G16760	1092
AT3G44785	0
AT3G51090	150
AT3G03020	154
AT3G61450	13
AT3G24260	0
AT3G03920	4597
AT3G44716	57
AT3G02493	6
AT3G47920	0
AT3G28890	6
AT3G54180	393
AT3G22650	0
AT3G23050	2217
AT3G49110	1522
AT3G26237	0
AT3G11480	0
AT3G16140	12090
AT3G19930	1899
AT3G18760	873
AT3G16480	1547
AT3G33393	0
AT3G26580	4989
AT3G18480	945
AT3G11640	14
AT3G02700	669
AT3G01770	873
AT3G11165	0
AT3G56160	1353
AT3G57790	379
AT3G60630	1152
AT3G19870	954
AT3G19190	928
AT3G11945	1658
AT3G12020	886
AT3G09230	224
AT3G56400	391
AT3G17660	49
AT3G07790	1102
AT3G25716	0
AT3G03470	124
AT3G60550	57
AT3G46810	37
AT3G22142	0
AT3G02555	180
AT3G02600	1305
AT3G56820	170
AT3G26390	1
AT3G57880	672
AT3G57580	111
AT3G15730	14744
AT3G19770	573
AT3G58700	2640
AT3G15660	1348
AT3G27475	3
AT3G52170	763
AT3G62410	9495
AT3G03840	21
AT3G53560	2542
AT3G30390	5200
AT3G24093	0
AT3G22053	0
AT3G22421	0
AT3G03900	172
AT3G62040	709
AT3G20890	410
AT3G23200	80
AT3G22930	174
AT3G17765	0
AT3G14000	512
AT3G18590	1
AT3G27027	65
AT3G30840	0
AT3G49790	191
AT3G48140	7603
AT3G51630	1152
AT3G57100	3
AT3G57360	120
AT3G29800	0
AT3G42630	270
AT3G45950	0
AT3G12040	73
AT3G63440	3
AT3G27420	242
AT3G47030	14
AT3G56010	1730
AT3G56000	28
AT3G60980	289
AT3G09050	574
AT3G54200	220
AT3G49640	267
AT3G07425	27
AT3G55830	617
AT3G47160	1321
AT3G62660	1165
AT3G10190	347
AT3G20140	5
AT3G21670	205
AT3G23730	685
AT3G01730	19
AT3G49590	454
AT3G12650	221
AT3G48920	148
AT3G59300	997
AT3G19640	961
AT3G47833	1165
AT3G46240	0
AT3G22550	677
AT3G19350	26
AT3G01540	5980
AT3G05360	134
AT3G11745	89
AT3G48010	5
AT3G10439	0
AT3G19990	569
AT3G21780	0
AT3G16210	8
AT3G52720	575
AT3G61960	775
AT3G53220	127
AT3G49690	46
AT3G56600	3
AT3G46760	13
AT3G53370	231
AT3G24068	0
AT3G12210	502
AT3G52310	20
AT3G09900	862
AT3G57380	64
AT3G02950	690
AT3G12915	259
AT3G20200	150
AT3G20980	0
AT3G50410	148
AT3G45210	252
AT3G60480	339
AT3G52100	502
AT3G45090	1077
AT3G44755	0
AT3G49520	0
AT3G02300	1020
AT3G26990	331
AT3G27610	229
AT3G27560	376
AT3G19210	235
AT3G50070	572
AT3G05165	1324
AT3G19980	720
AT3G57470	978
AT3G60950	0
AT3G43250	1
AT3G10185	37
AT3G54820	628
AT3G22840	954
AT3G28080	317
AT3G60975	0
AT3G13080	1830
AT3G18470	0
AT3G63120	601
AT3G24495	467
AT3G32400	0
AT3G47080	479
AT3G24660	613
AT3G55470	377
AT3G16000	6149
AT3G25905	50
AT3G44400	155
AT3G06410	955
AT3G54160	27
AT3G05200	440
AT3G49700	0
AT3G28790	7
AT3G28020	0
AT3G22000	0
AT3G27329	0
AT3G18640	1048
AT3G18350	368
AT3G13620	355
AT3G21360	218
AT3G47180	35
AT3G54390	210
AT3G21473	0
AT3G16220	335
AT3G15090	1032
AT3G61990	687
AT3G20500	761
AT3G57250	0
AT3G02930	380
AT3G60920	2
AT3G10710	206
AT3G22660	1716
AT3G11964	2442
AT3G58350	79
AT3G54290	437
AT3G53580	2514
AT3G12300	263
AT3G03290	5
AT3G07960	93
AT3G24230	25
AT3G12360	1077
AT3G07740	332
AT3G18150	0
AT3G33520	538
AT3G44910	0
AT3G12150	387
AT3G27380	2913
AT3G57960	0
AT3G05080	0
AT3G52030	419
AT3G54940	0
AT3G50200	9
AT3G56680	2279
AT3G06770	375
AT3G24250	0
AT3G04855	0
AT3G23660	1431
AT3G63210	659
AT3G57490	1103
AT3G49890	251
AT3G61750	235
AT3G30370	0
AT3G46190	3
AT3G47800	2396
AT3G55860	4
AT3G62130	1278
AT3G19760	4667
AT3G18290	3393
AT3G10820	182
AT3G02150	179
AT3G42780	0
AT3G48450	56
AT3G07040	257
AT3G18140	1347
AT3G49580	387
AT3G04230	540
AT3G16700	117
AT3G04090	2158
AT3G26340	818
AT3G42150	336
AT3G20470	1561
AT3G32047	1
AT3G19520	719
AT3G25750	0
AT3G11402	60
AT3G46600	1017
AT3G10310	492
AT3G29639	4
AT3G62500	87
AT3G14463	0
AT3G48890	1637
AT3G43740	431
AT3G46010	3781
AT3G12203	0
AT3G43610	1179
AT3G21070	766
AT3G01320	893
AT3G61400	46
AT3G62440	0
AT3G26790	2
AT3G05750	398
AT3G21165	0
AT3G12070	56
AT3G44900	18
AT3G10700	473
AT3G48700	76
AT3G55070	710
AT3G09090	1596
AT3G01270	17
AT3G44830	0
AT3G25690	5360
AT3G53690	24
AT3G21960	0
AT3G44380	318
AT3G06310	1113
AT3G61910	0
AT3G47640	384
AT3G61360	143
AT3G12510	0
AT3G51200	0
AT3G20865	50
AT3G60910	368
AT3G04850	196
AT3G16490	96
AT3G16920	356
AT3G02500	47
AT3G14415	11809
AT3G17611	177
AT3G16070	38
AT3G52140	4590
AT3G22780	1078
AT3G45960	29
AT3G63310	1020
AT3G23950	0
AT3G45290	107
AT3G51930	234
AT3G14740	389
AT3G62240	938
AT3G44130	0
AT3G26150	0
AT3G16560	844
AT3G55870	2
AT3G23170	261
AT3G16570	1291
AT3G52970	3
AT3G03690	276
AT3G18110	1510
AT3G20690	0
AT3G02040	986
AT3G53490	112
AT3G09650	1099
AT3G58820	121
AT3G19420	1928
AT3G28270	67
AT3G25440	157
AT3G10410	5096
AT3G59810	662
AT3G27410	6
AT3G20700	0
AT3G26880	0
AT3G55460	2204
AT3G60010	0
AT3G02800	41
AT3G60380	1168
AT3G02975	0
AT3G14240	2634
AT3G26360	532
AT3G28590	1
AT3G17720	0
AT3G45285	0
AT3G46560	1804
AT3G54070	0
AT3G03310	385
AT3G60400	174
AT3G51700	0
AT3G21371	0
AT3G60450	911
AT3G17790	1192
AT3G63480	83
AT3G56020	3300
AT3G30380	383
AT3G63300	603
AT3G20320	1327
AT3G49230	0
AT3G58750	1908
AT3G20600	157
AT3G19450	3565
AT3G11540	1023
AT3G14080	564
AT3G11760	358
AT3G28220	268
AT3G17780	1247
AT3G20400	0
AT3G14020	148
AT3G47630	208
AT3G19274	0
AT3G05930	1
AT3G62940	1062
AT3G56760	705
AT3G52370	567
AT3G32896	0
AT3G48300	13
AT3G32904	0
AT3G59190	23
AT3G08930	1590
AT3G15180	607
AT3G60840	457
AT3G44350	21
AT3G02860	445
AT3G54760	2230
AT3G27240	4463
AT3G58550	650
AT3G45400	245
AT3G42628	0
AT3G11210	361
AT3G21820	441
AT3G07620	0
AT3G63260	870
AT3G07070	76
AT3G27925	2916
AT3G44170	0
AT3G44100	1010
AT3G05790	30
AT3G06455	93
AT3G06830	0
AT3G49155	2
AT3G15050	14
AT3G15570	610
AT3G58360	0
AT3G02125	3
AT3G28958	0
AT3G46570	0
AT3G06436	0
AT3G07730	81
AT3G61571	7
AT3G60060	0
AT3G56970	66
AT3G21710	219
AT3G61100	276
AT3G18790	1154
AT3G24503	4948
AT3G29797	0
AT3G23410	875
AT3G08720	450
AT3G25170	0
AT3G20550	668
AT3G13275	111
AT3G19470	112
AT3G05775	0
AT3G20380	277
AT3G04250	0
AT3G66654	641
AT3G46110	113
AT3G48440	333
AT3G47530	185
AT3G50260	216
AT3G46735	0
AT3G54320	285
AT3G61010	663
AT3G07050	3280
AT3G25012	0
AT3G12900	12
AT3G16130	0
AT3G61117	2
AT3G42310	0
AT3G04920	7826
AT3G30720	260
AT3G10220	570
AT3G59170	0
AT3G48000	6143
AT3G28243	0
AT3G26210	476
AT3G61035	0
AT3G11440	68
AT3G08820	98
AT3G22330	2011
AT3G15940	1016
AT3G25010	66
AT3G52115	147
AT3G44920	0
AT3G55130	746
AT3G24360	40
AT3G08620	229
AT3G26000	787
AT3G28540	238
AT3G24515	249
AT3G17470	655
AT3G03340	786
AT3G04390	0
AT3G08560	0
AT3G54560	1658
AT3G14600	6140
AT3G12460	16
AT3G52820	47
AT3G60245	23178
AT3G30520	0
AT3G51230	170
AT3G26660	2
AT3G03160	1106
AT3G53290	0
AT3G50290	3
AT3G46330	55
AT3G17365	256
AT3G45670	0
AT3G21110	850
AT3G19170	10706
AT3G19150	265
AT3G24350	897
AT3G53730	3505
AT3G45645	0
AT3G57170	454
AT3G05340	127
AT3G60415	190
AT3G28720	1049
AT3G18820	2808
AT3G13750	8822
AT3G50160	0
AT3G47010	172
AT3G11250	1816
AT3G44810	0
AT3G01930	528
AT3G23030	972
AT3G50910	733
AT3G51800	6173
AT3G24506	991
AT3G21250	1402
AT3G55513	0
AT3G47870	0
AT3G15630	593
AT3G45440	28
AT3G24860	156
AT3G02677	16
AT3G02320	500
AT3G24040	732
AT3G54670	1377
AT3G61580	4555
AT3G22022	0
AT3G12130	852
AT3G28710	3309
AT3G57660	1447
AT3G13530	894
AT3G22200	5506
AT3G15700	35
AT3G06330	303
AT3G01470	1503
AT3G27300	3157
AT3G13300	3092
AT3G58630	254
AT3G28415	1
AT3G21200	2747
AT3G50470	23
AT3G16980	16
AT3G51940	175
AT3G09863	1
AT3G13730	405
AT3G02065	547
AT3G05746	1
AT3G61180	774
AT3G04040	38
AT3G60070	132
AT3G11750	112
AT3G61200	718
AT3G07150	5
AT3G21450	0
AT3G19950	589
AT3G19250	62
AT3G61220	1063
AT3G03730	0
AT3G26770	310
AT3G29185	2207
AT3G01180	1100
AT3G43440	365
AT3G11900	440
AT3G49670	1827
AT3G28290	0
AT3G63520	5841
AT3G14980	658
AT3G04330	33
AT3G52860	272
AT3G24550	2054
AT3G55210	0
AT3G48380	780
AT3G58660	2894
AT3G04410	0
AT3G49045	0
AT3G07840	0
AT3G43660	0
AT3G25640	213
AT3G53230	482
AT3G43750	0
AT3G58770	42
AT3G54360	2543
AT3G09480	103
AT3G03620	0
AT3G05610	11
AT3G27330	295
AT3G15160	908
AT3G62960	55
AT3G16940	825
AT3G15110	1651
AT3G26160	0
AT3G27620	19
AT3G44753	6
AT3G06090	0
AT3G09070	841
AT3G02580	907
AT3G22400	252
AT3G14160	313
AT3G14172	1515
AT3G07450	0
AT3G03670	0
AT3G26190	0
AT3G04943	0
AT3G12775	1
AT3G21100	427
AT3G22961	2
AT3G55430	1589
AT3G10640	471
AT3G09640	4
AT3G55160	591
AT3G16857	1245
AT3G27860	24
AT3G24540	5
AT3G54080	351
AT3G56190	2941
AT3G53820	0
AT3G09730	172
AT3G60290	75
AT3G09890	659
AT3G11180	10
AT3G22870	0
AT3G18520	1105
AT3G06630	82
AT3G22920	0
AT3G52580	3242
AT3G66658	952
AT3G04560	333
AT3G07920	2
AT3G59760	2520
AT3G48185	80
AT3G19613	0
AT3G29035	245
AT3G62150	590
AT3G58070	156
AT3G13403	18
AT3G58800	155
AT3G46880	25
AT3G50150	2
AT3G53090	435
AT3G53360	116
AT3G57810	317
AT3G43470	0
AT3G03090	477
AT3G26618	939
AT3G26520	21705
AT3G44780	0
AT3G11740	2
AT3G53320	346
AT3G08550	1011
AT3G13677	231
AT3G29190	0
AT3G05060	3825
AT3G24463	33
AT3G49810	490
AT3G07660	2130
AT3G20330	1441
AT3G09162	103
AT3G47980	340
AT3G11100	469
AT3G45260	685
AT3G44190	1363
AT3G07630	948
AT3G07810	2601
AT3G51580	660
AT3G56290	301
AT3G18775	0
AT3G21865	1219
AT3G49210	256
AT3G60670	18
AT3G01230	1
AT3G49930	56
AT3G62610	17
AT3G46630	1218
AT3G60510	306
AT3G58415	0
AT3G19700	0
AT3G12290	3740
AT3G52890	876
AT3G06700	7172
AT3G17070	183
AT3G29330	68
AT3G31402	0
AT3G61110	5810
AT3G07320	1860
AT3G19184	29
AT3G30820	0
AT3G44840	2
AT3G51110	304
AT3G02960	0
AT3G02673	0
AT3G24760	481
AT3G45810	0
AT3G16850	1332
AT3G54770	344
AT3G59410	471
AT3G28730	1982
AT3G05240	0
AT3G26760	257
AT3G02020	3023
AT3G07890	1252
AT3G17940	1693
AT3G50930	203
AT3G06085	0
AT3G02680	154
AT3G56960	193
AT3G04710	494
AT3G54440	2543
AT3G01415	0
AT3G15200	30
AT3G44326	34
AT3G43910	0
AT3G17340	869
AT3G24650	0
AT3G56891	19
AT3G61175	0
AT3G14467	0
AT3G10090	861
AT3G46290	790
AT3G02570	2511
AT3G06050	3432
AT3G47100	6
AT3G54040	1414
AT3G18600	1850
AT3G28310	12
AT3G49920	75
AT3G53780	354
AT3G44935	0
AT3G05090	1189
AT3G57030	552
AT3G51220	82
AT3G03190	0
AT3G43415	0
AT3G20010	485
AT3G21740	287
AT3G17300	635
AT3G50650	303
AT3G60520	260
AT3G16540	11
AT3G57050	1875
AT3G26070	3488
AT3G59130	5
AT3G01740	1019
AT3G53000	361
AT3G06060	684
AT3G07250	0
AT3G51300	22
AT3G21750	1418
AT3G54270	141
AT3G23210	293
AT3G16600	0
AT3G58450	0
AT3G58370	0
AT3G58920	0
AT3G16390	101
AT3G23750	1692
AT3G24100	672
AT3G15540	109
AT3G10455	0
AT3G03530	101
AT3G49260	1187
AT3G53930	475
AT3G28335	0
AT3G49490	1378
AT3G04600	1532
AT3G55270	1385
AT3G20640	180
AT3G09790	20
AT3G29790	0
AT3G61415	403
AT3G21560	2098
AT3G25221	1
AT3G03430	5
AT3G13510	1056
AT3G25100	317
AT3G07460	2260
AT3G24320	320
AT3G43480	0
AT3G02260	3575
AT3G48820	521
AT3G55440	24617
AT3G27950	37
AT3G27200	206
AT3G12390	3607
AT3G17510	568
AT3G61260	2058
AT3G09130	0
AT3G05460	0
AT3G55730	213
AT3G09455	233
AT3G46450	503
AT3G13860	1549
AT3G21870	79
AT3G04890	416
AT3G61460	921
AT3G62210	37
AT3G49310	649
AT3G09360	332
AT3G18535	576
AT3G09440	15330
AT3G11600	184
AT3G03220	610
AT3G18300	19
AT3G13840	14
AT3G60710	6
AT3G10570	144
AT3G23890	2491
AT3G18560	183
AT3G09140	0
AT3G01490	896
AT3G02290	285
AT3G42670	654
AT3G12685	362
AT3G61840	23
AT3G07990	342
AT3G43930	10
AT3G28640	120
AT3G42130	0
AT3G55230	635
AT3G25160	0
AT3G56800	3634
AT3G26750	184
AT3G53150	11
AT3G26300	718
AT3G13900	14
AT3G44250	0
AT3G20290	1323
AT3G10620	638
AT3G16950	1675
AT3G05820	31
AT3G21170	0
AT3G01440	1593
AT3G18450	2
AT3G09032	108
AT3G29170	272
AT3G59510	16
AT3G03400	0
AT3G45820	0
AT3G53410	268
AT3G01325	0
AT3G51000	689
AT3G16170	428
AT3G02670	3
AT3G26850	305
AT3G58600	664
AT3G16640	24517
AT3G56200	291
AT3G21930	0
AT3G21190	966
AT3G18890	4244
AT3G48290	26
AT3G01350	56
AT3G55930	0
AT3G59880	45
AT3G59610	0
AT3G12700	1201
AT3G12833	13
AT3G23635	11
AT3G09580	900
AT3G14225	2
AT3G23325	441
AT3G61700	873
AT3G50610	21
AT3G58850	114
AT3G03040	523
AT3G20260	709
AT3G14050	675
AT3G59270	21
AT3G08980	158
AT3G11591	4
AT3G53440	180
AT3G05030	643
AT3G59290	473
AT3G10980	688
AT3G56620	136
AT3G16300	25
AT3G11630	19260
AT3G28360	1
AT3G48530	1463
AT3G22120	1
AT3G44695	3
AT3G60680	163
AT3G02850	100
AT3G51420	1579
AT3G19140	0
AT3G51490	30
AT3G04730	2922
AT3G50820	25933
AT3G60560	0
AT3G11870	0
AT3G13560	905
AT3G31430	0
AT3G02970	3
AT3G45525	0
AT3G29280	236
AT3G55770	2988
AT3G07650	2239
AT3G56030	119
AT3G54120	93
AT3G05950	2
AT3G29030	769
AT3G27260	1376
AT3G26135	12
AT3G21080	41
AT3G28510	35
AT3G20935	23
AT3G63390	407
AT3G22360	2
AT3G59800	328
AT3G14690	2224
AT3G49050	482
AT3G61820	3675
AT3G28340	69
AT3G21830	0
AT3G62528	0
AT3G03380	2607
AT3G13898	12
AT3G57350	665
AT3G16712	17
AT3G03300	609
AT3G54065	0
AT3G11340	428
AT3G52990	7234
AT3G07270	1625
AT3G46380	0
AT3G53470	605
AT3G21970	0
AT3G03660	24
AT3G17560	0
AT3G61420	338
AT3G57320	313
AT3G45480	0
AT3G45080	17
AT3G32940	423
AT3G03828	0
AT3G13940	655
AT3G11010	201
AT3G57770	75
AT3G62370	609
AT3G58670	432
AT3G13190	369
AT3G55252	0
AT3G60240	4747
AT3G60640	256
AT3G23020	185
AT3G62910	1747
AT3G12170	129
AT3G02330	89
AT3G56510	709
AT3G07490	24
AT3G24255	125
AT3G57160	98
AT3G51610	808
AT3G46940	837
AT3G56850	501
AT3G60780	1
AT3G08940	37861
AT3G10810	891
AT3G10520	3626
AT3G13360	1114
AT3G46820	764
AT3G05675	248
AT3G11960	949
AT3G44600	1363
AT3G29270	410
AT3G43520	1930
AT3G42850	14
AT3G63510	686
AT3G46800	9
AT3G09300	1836
AT3G06180	159
AT3G25600	291
AT3G08630	763
AT3G27830	13784
AT3G56540	0
AT3G58040	688
AT3G62100	55
AT3G10910	156
AT3G45700	69
AT3G59630	429
AT3G54570	2
AT3G43290	0
AT3G15030	2593
AT3G59470	257
AT3G20475	50
AT3G21470	65
AT3G51340	102
AT3G11090	372
AT3G51360	24
AT3G61560	361
AT3G27650	142
AT3G45555	0
AT3G43120	0
AT3G18220	1
AT3G23610	74
AT3G59770	1437
AT3G05940	268
AT3G48270	0
AT3G53040	9
AT3G26540	235
AT3G05600	454
AT3G46430	2495
AT3G22850	3131
AT3G56330	538
AT3G48675	0
AT3G22210	143
AT3G09085	72
AT3G15605	0
AT3G05400	185
AT3G30525	0
AT3G46420	3
AT3G16580	0
AT3G42870	0
AT3G46460	541
AT3G50900	294
AT3G45000	4
AT3G46170	11
AT3G63060	20
AT3G04680	586
AT3G43850	2
AT3G27340	443
AT3G02645	5
AT3G06440	447
AT3G59460	1
AT3G46750	0
AT3G06160	71
AT3G12140	845
AT3G57520	4800
AT3G13060	991
AT3G45800	0
AT3G13140	7
AT3G50925	0
AT3G60210	1371
AT3G42640	146
AT3G05650	77
AT3G24820	276
AT3G18040	853
AT3G27530	1523
AT3G20090	168
AT3G05430	120
AT3G16280	65
AT3G23160	191
AT3G19460	440
AT3G49290	299
AT3G55510	765
AT3G11620	314
AT3G46990	69
AT3G60470	2
AT3G61240	2159
AT3G01190	1167
AT3G24300	954
AT3G30730	6
AT3G15810	1243
AT3G06140	241
AT3G57150	8597
AT3G47740	22
AT3G25013	47
AT3G07300	983
AT3G47420	812
AT3G02875	293
AT3G45420	75
AT3G08570	97
AT3G21900	0
AT3G01572	10
AT3G59400	5
AT3G28674	0
AT3G51020	0
AT3G46090	21
AT3G46610	676
AT3G04980	172
AT3G01060	1428
AT3G48430	919
AT3G13810	350
AT3G05250	186
AT3G10480	740
AT3G28857	1
AT3G28500	14
AT3G29765	0
AT3G09060	106
AT3G63050	21
AT3G62670	0
AT3G55760	2006
AT3G09240	37
AT3G50110	258
AT3G04640	213
AT3G16860	71
AT3G22630	1309
AT3G52240	595
AT3G55672	0
AT3G17600	22
AT3G19480	1105
AT3G25410	1155
AT3G23450	1150
AT3G17609	230
AT3G16030	160
AT3G55820	38
AT3G17675	2
AT3G60300	926
AT3G02710	1109
AT3G20440	1325
AT3G48690	2272
AT3G49270	0
AT3G46617	0
AT3G50640	163
AT3G56270	210
AT3G15850	2918
AT3G06420	390
AT3G25180	5
AT3G52770	35
AT3G26030	1284
AT3G61430	4384
AT3G56910	5528
AT3G28956	113
AT3G28060	6
AT3G59490	214
AT3G62400	2218
AT3G43400	0
AT3G09780	138
AT3G57120	184
AT3G17100	887
AT3G09740	1694
AT3G51840	2811
AT3G20340	97
AT3G26230	153
AT3G04490	728
AT3G11410	1018
AT3G26590	668
AT3G54600	3924
AT3G57787	0
AT3G47490	697
AT3G14630	2
AT3G27570	2015
AT3G47150	0
AT3G48620	0
AT3G02880	1269
AT3G58150	10
AT3G52110	562
AT3G18860	1576
AT3G17490	0
AT3G12730	158
AT3G04580	584
AT3G07910	1300
AT3G27120	133
AT3G17570	0
AT3G04180	0
AT3G30160	0
AT3G20570	561
AT3G13660	1
AT3G58120	735
AT3G19280	157
AT3G06895	0
AT3G44720	777
AT3G21810	239
AT3G14620	788
AT3G09922	339
AT3G12100	240
AT3G30580	5
AT3G09620	0
AT3G61210	565
AT3G44450	548
AT3G56350	2
AT3G15635	0
AT3G30235	0
AT3G49970	13
AT3G05936	69
AT3G19040	23
AT3G13432	13
AT3G15710	558
AT3G22880	471
AT3G63150	1192
AT3G49120	6325
AT3G07525	211
AT3G26440	562
AT3G07470	1632
AT3G20362	0
AT3G22950	652
AT3G17540	0
AT3G44550	365
AT3G23280	2209
AT3G62030	26542
AT3G60961	0
AT3G12280	1353
AT3G52130	0
AT3G07080	348
AT3G09290	23
AT3G28760	594
AT3G49850	429
AT3G29794	0
AT3G29305	0
AT3G49660	217
AT3G47990	562
AT3G06070	246
AT3G50270	678
AT3G07780	1663
AT3G15640	2275
AT3G63370	361
AT3G17000	772
AT3G03450	116
AT3G11280	951
AT3G26560	2303
AT3G59620	0
AT3G06750	386
AT3G52400	586
AT3G02830	1246
AT3G18524	483
AT3G57062	381
AT3G03250	5552
AT3G14110	4140
AT3G54960	2109
AT3G14250	1
AT3G27850	13263
AT3G20430	408
AT3G20750	0
AT3G59240	0
AT3G13220	0
AT3G27810	0
AT3G15340	76
AT3G63190	5105
AT3G16420	14345
AT3G56450	125
AT3G62850	0
AT3G44713	81
AT3G20060	1401
AT3G54930	127
AT3G10525	175
AT3G21380	1
AT3G03260	63
AT3G08710	645
AT3G62860	206
AT3G25770	4171
AT3G16060	1718
AT3G55030	483
AT3G02350	2164
AT3G01435	295
AT3G17240	4217
AT3G53160	42
AT3G45650	354
AT3G48350	417
AT3G51760	119
AT3G48470	97
AT3G13910	303
AT3G57940	757
AT3G52700	0
AT3G60580	59
AT3G04530	124
AT3G21460	57
AT3G25280	0
AT3G55290	166
AT3G10595	0
AT3G46030	4321
AT3G50990	0
AT3G08890	351
AT3G10580	0
AT3G28223	0
AT3G22750	314
AT3G26670	669
AT3G28853	0
AT3G01580	74
AT3G53880	386
AT3G46950	134
AT3G01870	14
AT3G14320	2
AT3G12270	1130
AT3G28899	0
AT3G06910	254
AT3G52690	0
AT3G03210	225
AT3G57290	4967
AT3G06100	16
AT3G53670	1244
AT3G54750	846
AT3G45860	29
AT3G07330	1181
AT3G05035	2
AT3G61723	0
AT3G49142	98
AT3G04150	0
AT3G14580	105
AT3G16180	566
AT3G55970	6
AT3G08740	5405
AT3G44890	8113
AT3G10070	493
AT3G25490	0
AT3G57530	827
AT3G14260	47
AT3G16310	1280
AT3G61520	418
AT3G28030	370
AT3G51990	188
AT3G05685	38
AT3G57480	128
AT3G10605	11
AT3G51120	905
AT3G13772	1408
AT3G11450	2320
AT3G14850	112
AT3G22570	0
AT3G62820	272
AT3G13370	0
AT3G26400	1131
AT3G22740	225
AT3G07255	1
AT3G02760	2705
AT3G05425	0
AT3G52180	2799
AT3G25210	233
AT3G27740	2665
AT3G24490	729
AT3G54810	1113
AT3G51530	177
AT3G46180	310
AT3G47370	4837
AT3G59480	83
AT3G18930	240
AT3G10960	259
AT3G30705	0
AT3G13235	1502
AT3G12750	245
AT3G18190	4336
AT3G25050	0
AT3G25680	538
AT3G55665	0
AT3G47860	3420
AT3G26140	0
AT3G17900	1230
AT3G21860	2
AT3G13180	1395
AT3G23670	1018
AT3G53100	406
AT3G14070	96
AT3G18340	0
AT3G45540	0
AT3G06600	35
AT3G18800	264
AT3G56640	374
AT3G09350	427
AT3G45730	89
AT3G26170	118
AT3G29180	1199
AT3G49796	0
AT3G57430	532
AT3G33187	0
AT3G51810	0
AT3G45248	0
AT3G58880	0
AT3G09010	122
AT3G12440	5
AT3G19515	993
AT3G54000	166
AT3G17265	0
AT3G63090	283
AT3G46890	16
AT3G22440	7507
AT3G53570	460
AT3G04700	1
AT3G47790	73
AT3G29040	0
AT3G05480	85
AT3G14870	287
AT3G61250	84
AT3G61670	657
AT3G45040	338
AT3G23637	0
AT3G62560	644
AT3G26280	443
AT3G15350	524
AT3G59310	131
AT3G17850	1794
AT3G50040	71
AT3G51160	2010
AT3G52155	733
AT3G14180	943
AT3G29000	39
AT3G22290	783
AT3G54950	468
AT3G21215	1118
AT3G22500	0
AT3G16740	605
AT3G25570	454
AT3G08730	1348
AT3G54790	660
AT3G11730	939
AT3G63380	287
AT3G58320	0
AT3G18410	4020
AT3G15270	13
AT3G16190	832
AT3G62750	2067
AT3G03980	538
AT3G55090	61
AT3G25070	597
AT3G57020	921
AT3G61070	882
AT3G06670	1700
AT3G01040	495
AT3G61130	3027
AT3G11350	0
AT3G52200	2356
AT3G23165	0
AT3G16270	1353
AT3G15960	0
AT3G32420	0
AT3G50320	0
AT3G05327	15
AT3G06810	1523
AT3G48240	20
AT3G15470	729
AT3G22940	0
AT3G02940	27
AT3G60770	7797
AT3G13226	543
AT3G01340	1709
AT3G10260	839
AT3G18080	15313
AT3G54250	652
AT3G09410	530
AT3G03610	391
AT3G60750	71520
AT3G58890	0
AT3G21720	320
AT3G20710	9
AT3G10660	309
AT3G55620	2352
AT3G06019	0
AT3G20850	5
AT3G47810	2083
AT3G19663	4
AT3G01345	8
AT3G24130	3
AT3G55560	447
AT3G17370	0
AT3G17460	87
AT3G60880	821
AT3G10400	0
AT3G45660	27
AT3G51260	3715
AT3G12110	588
AT3G50330	2
AT3G10920	6355
AT3G03830	7
AT3G55710	163
AT3G22600	1001
AT3G46120	0
AT3G61113	41
AT3G49450	0
AT3G61880	107
AT3G44060	1
AT3G03070	2200
AT3G43710	0
AT3G28216	0
AT3G03680	689
AT3G19895	364
AT3G14700	21
AT3G45220	0
AT3G28860	3559
AT3G12930	1983
AT3G06380	754
AT3G04590	986
AT3G07830	1
AT3G49610	0
AT3G24830	18265
AT3G51210	0
AT3G14830	513
AT3G18165	1664
AT3G32040	72
AT3G59430	188
AT3G20220	1
AT3G21550	419
AT3G56140	1064
AT3G27140	0
AT3G13550	439
AT3G27750	414
AT3G49390	1353
AT3G59520	232
AT3G20300	289
AT3G03630	954
AT3G11240	216
AT3G59200	62
AT3G22723	0
AT3G06920	293
AT3G17740	359
AT3G43432	0
AT3G56420	0
AT3G50380	1006
AT3G24460	83
AT3G19810	1161
AT3G47965	135
AT3G49630	11
AT3G24200	764
AT3G18270	680
AT3G02610	48
AT3G21352	25
AT3G25719	0
AT3G07230	4087
AT3G06360	30
AT3G25200	0
AT3G49307	0
AT3G56900	412
AT3G06710	22
AT3G62270	1945
AT3G24850	0
AT3G46350	0
AT3G45990	0
AT3G25950	22
AT3G51890	154
AT3G18830	1825
AT3G02420	1164
AT3G49030	0
AT3G45070	172
AT3G23790	311
AT3G05858	25
AT3G49560	3214
AT3G43240	932
AT3G30841	283
AT3G44750	3081
AT3G13440	1005
AT3G58110	1194
AT3G54925	0
AT3G58760	565
AT3G21480	415
AT3G44140	0
AT3G51050	1644
AT3G26940	0
AT3G14920	621
AT3G06580	1891
AT3G09110	1
AT3G06520	34
AT3G52870	1728
AT3G02900	886
AT3G26355	0
AT3G56220	69
AT3G17160	1599
AT3G26922	125
AT3G50450	0
AT3G60530	650
AT3G48840	5
AT3G05560	9506
AT3G63040	0
AT3G11385	8
AT3G62800	275
AT3G49744	0
AT3G07260	8
AT3G05830	236
AT3G51750	104
AT3G46680	2
AT3G13276	5
AT3G05780	2
AT3G08360	3
AT3G06725	0
AT3G04265	0
AT3G02625	0
AT3G05965	0
AT3G07965	0
AT3G07765	0
AT3G05735	0
AT3G06525	0
AT3G04365	0
AT3G03165	10
AT3G04335	0
AT3G08345	0
AT3G03655	0
AT3G03285	0
AT3G02155	0
AT3G08875	0
AT3G05275	0
AT3G09525	0
AT3G07495	0
AT3G08310	0
AT3G04385	0
AT3G03035	0
AT3G01285	0
AT3G06285	0
AT3G06055	0
AT3G04245	0
AT3G05605	0
AT3G09605	0
AT3G01655	0
AT3G01105	0
AT3G04565	0
AT3G06855	0
AT3G04325	0
AT3G06185	0
AT3G03835	0
AT3G05705	0
AT3G06605	1
AT3G07675	37
AT3G08175	0
AT3G08050	0
AT3G05555	0
AT3G05485	0
AT3G06405	0
AT3G07665	0
AT3G06685	1
AT3G08745	0
AT3G07745	0
AT3G08315	0
AT3G04205	0
AT3G05995	1
AT3G02135	0
AT3G08450	0
AT3G01445	0
AT3G05025	0
AT3G06765	0
AT3G05315	0
AT3G01195	0
AT3G08755	0
AT3G04675	0
AT3G02685	0
AT3G01885	1
AT3G03605	16
AT3G03805	2
AT3G05645	0
AT3G01565	0
AT3G06555	0
AT3G01295	96
AT3G03915	0
AT3G06395	0
AT3G08355	0
AT3G08140	0
AT3G01585	2
AT3G02325	0
AT3G06155	0
AT3G09025	0
AT3G02415	0
AT3G02235	0
AT3G06575	0
AT3G07775	0
AT3G05205	0
AT3G06955	12
AT3G07645	2
AT3G06165	0
AT3G08455	0
AT3G04665	0
AT3G05305	0
AT3G08465	0
AT3G01075	0
AT3G02985	0
AT3G03705	0
AT3G03005	0
AT3G05085	0
AT3G02665	0
AT3G07295	0
AT3G09095	1
AT3G04625	1
AT3G07325	0
AT3G01965	0
AT3G01625	0
AT3G08775	0
AT3G02995	0
AT3G03985	0
AT3G04345	0
AT3G03825	1
AT3G03465	0
AT3G03715	0
AT3G03505	0
AT3G01125	0
AT3G07985	0
AT3G08925	0
AT3G06275	0
AT3G08325	0
AT3G01855	0
AT3G02145	0
AT3G05945	215
AT3G08190	0
AT3G09695	0
AT3G05455	0
AT3G01315	0
AT3G03875	0
AT3G08200	0
AT3G08855	0
AT3G04925	0
AT3G08330	0
AT3G08155	0
AT3G06535	0
AT3G01275	0
AT3G09415	116
AT3G08420	0
AT3G06385	0
AT3G06625	0
AT3G04145	0
AT3G08035	0
AT3G08380	0
AT3G08845	0
AT3G01975	0
AT3G06475	0
AT3G09075	0
AT3G07075	0
AT3G00995	0
AT3G09935	0
AT3G02745	0
AT3G05495	0
AT3G05385	0
AT3G05925	0
AT3G07225	0
AT3G04775	3
AT3G05795	0
AT3G04425	1
AT3G08185	3
AT3G04725	0
AT3G02735	0
AT3G07165	0
AT3G01535	0
AT3G03345	0
AT3G05635	1
AT3G01865	0
AT3G09675	0
AT3G05825	0
AT3G02815	0
AT3G04395	0
AT3G04475	2
AT3G05785	0
AT3G01365	0
AT3G08255	0
AT3G05105	2
AT3G08295	0
AT3G08100	0
AT3G02655	0
AT3G05595	0
AT3G01575	0
AT3G09185	2
AT3G02405	0
AT3G07815	0
AT3G04875	0
AT3G03075	0
AT3G09835	0
AT3G05475	0
AT3G02695	0
AT3G01395	0
AT3G08105	0
AT3G03085	0
AT3G09445	1
AT3G05535	0
AT3G06905	0
AT3G08130	0
AT3G03195	0
AT3G01845	2
AT3G02595	0
AT3G04005	0
AT3G02945	0
AT3G01595	0
AT3G04745	0
AT3G06585	0
AT3G05195	0
AT3G04085	7
AT3G06695	0
AT3G01305	0
AT3G09265	0
AT3G05375	0
AT3G07945	0
AT3G05695	0
AT3G00970	7
AT3G03755	0
AT3G09335	0
AT3G07555	0
AT3G06415	0
AT3G04595	0
AT3G08265	0
AT3G02705	1
AT3G09125	0
AT3G06115	0
AT3G06095	0
AT3G01805	0
AT3G04645	0
AT3G03665	0
AT3G06745	2
AT3G04235	0
AT3G05665	0
AT3G04805	0
AT3G08825	0
AT3G05005	0
AT3G04955	0
AT3G03945	0
AT3G08135	0
AT3G09345	8
AT3G08965	0
AT3G06245	0
AT3G06045	1
AT3G08065	89
AT3G07475	0
AT3G08390	0
AT3G08250	0
AT3G08935	0
AT3G08725	0
AT3G06925	0
AT3G04045	0
AT3G01385	0
AT3G07435	0
AT3G07275	2
AT3G08110	0
AT3G03555	0
AT3G01425	23
AT3G06835	2
AT3G04895	0
AT3G04415	0
AT3G09705	0
AT3G02895	1
AT3G01735	0
AT3G06375	0
AT3G03735	0
AT3G03455	0
AT3G02805	0
AT3G01665	0
AT3G06975	0
AT3G05915	0
AT3G06075	0
AT3G03355	0
AT3G06315	0
AT3G04845	0
AT3G05895	0
AT3G09555	6
AT3G07585	0
AT3G08005	1
AT3G09315	0
AT3G06755	12
AT3G05395	0
AT3G02835	0
AT3G04125	0
AT3G01835	3
AT3G04975	7
AT3G04225	0
AT3G02055	0
AT3G01225	0
AT3G02825	0
AT3G05465	0
AT3G03205	0
AT3G06735	0
AT3G09065	0
AT3G01765	0
AT3G03635	0
AT3G07955	0
AT3G05235	0
AT3G01985	0
AT3G07465	5
AT3G09765	0
AT3G08430	0
AT3G01255	0
AT3G07085	0
AT3G06635	0
AT3G08915	2
AT3G06795	0
AT3G05045	0
AT3G09195	0
AT3G03045	0
AT3G04585	0
AT3G06715	0
AT3G08765	0
AT3G01095	0
AT3G03365	0
AT3G08460	0
AT3G04495	0
AT3G09825	0
AT3G08395	0
AT3G01785	0
AT3G06675	0
AT3G06515	0
AT3G05505	0
AT3G08415	0
AT3G04575	0
AT3G04505	0
AT3G08815	0
AT3G08025	0
AT3G06845	0
AT3G09665	0
AT3G07975	0
AT3G06465	2
AT3G05855	0
AT3G02775	0
AT3G03775	0
AT3G03495	1
AT3G08090	0
AT3G07395	0
AT3G03115	0
AT3G02425	1
AT3G06205	0
AT3G02905	0
AT3G02635	0
AT3G08905	1
AT3G09545	0
AT3G04795	0
AT3G04555	0
AT3G05745	0
AT3G08985	0
AT3G02615	0
AT3G06255	0
AT3G01235	12
AT3G06295	0
AT3G03995	0
AT3G04515	0
AT3G08080	0
AT3G09015	0
AT3G06485	0
AT3G03795	0
AT3G05815	0
AT3G07865	0
AT3G08435	0
AT3G06355	310
AT3G04455	0
AT3G05845	0
AT3G03685	0
AT3G09045	0
AT3G05135	0
AT3G08335	0
AT3G02785	0
AT3G09785	0
AT3G06495	5
AT3G06025	0
AT3G09205	0
AT3G06265	0
AT3G07405	0
AT3G05125	0
AT3G07335	3
AT3G01025	0
AT3G04115	12
AT3G08535	0
AT3G09105	0
AT3G03435	1
AT3G04295	0
AT3G07845	0
AT3G07245	0
AT3G06785	0
AT3G07855	0
AT3G04935	0
AT3G08125	0
AT3G07905	0
AT3G02195	0
AT3G08160	0
AT3G09435	0
AT3G05885	0
AT3G09565	0
AT3G06425	3
AT3G04065	3
AT3G06015	0
AT3G01675	0
AT3G05265	0
AT3G05225	0
AT3G04375	0
AT3G09365	0
AT3G04995	0
AT3G07505	2
AT3G09465	1
AT3G06225	0
AT3G06065	0
AT3G01555	0
AT3G05805	0
AT3G06935	0
AT3G07415	0
AT3G09945	0
AT3G08835	0
AT3G09855	6
AT3G07125	0
AT3G05445	5
AT3G09115	0
AT3G07345	0
AT3G07235	0
AT3G01115	0
AT3G03325	16
AT3G07995	0
AT3G06215	0
AT3G03525	0
AT3G06615	0
AT3G09775	8
AT3G03375	0
AT3G08545	0
AT3G03645	0
AT3G07135	0
AT3G05245	0
AT3G08715	0
AT3G04305	0
AT3G09245	0
AT3G06815	0
AT3G03615	0
AT3G02265	0
AT3G03935	0
AT3G04095	0
AT3G08290	0
AT3G07915	0
AT3G02605	0
AT3G02395	0
AT3G03335	0
AT3G08205	0
AT3G04705	0
AT3G05765	1
AT3G06805	0
AT3G07155	0
AT3G07895	2
AT3G08585	2
AT3G08120	0
AT3G08370	0
AT3G03925	0
AT3G09355	0
AT3G09485	0
AT3G01815	0
AT3G09685	0
AT3G05055	4
AT3G05095	0
AT3G09255	0
AT3G06775	0
AT3G04435	0
AT3G06565	0
AT3G07045	2
AT3G03055	0
AT3G08280	0
AT3G09395	0
AT3G02345	0
AT3G04405	0
AT3G07655	0
AT3G06235	0
AT3G08595	1
AT3G04315	0
AT3G05655	21
AT3G03295	0
AT3G04815	3
AT3G03595	0
AT3G08260	0
AT3G09755	0
AT3G08495	0
AT3G09425	0
AT3G08270	0
AT3G05295	1
AT3G06135	0
AT3G01645	0
AT3G03515	0
AT3G03725	0
AT3G09325	0
AT3G09845	0
AT3G08340	0
AT3G01775	0
AT3G05175	0
AT3G03905	0
AT3G07935	0
AT3G05955	3
AT3G03675	0
AT3G05585	2
AT3G06645	1
AT3G00975	0
AT3G08115	2
AT3G04215	0
AT3G07545	0
AT3G06655	1
AT3G03765	0
AT3G08055	0
AT3G06915	0
AT3G02955	0
AT3G09475	0
AT3G08085	0
AT3G04355	4
AT3G02585	0
AT3G02475	0
AT3G04195	0
AT3G02115	0
AT3G08170	0
AT3G08895	0
AT3G04685	0
AT3G01615	0
AT3G08975	0
AT3G03155	0
AT3G01005	0
AT3G08785	0
AT3G01605	0
AT3G01135	0
AT3G01525	0
AT3G02075	0
AT3G03745	0
AT3G08705	0
AT3G01925	0
AT3G01905	0
AT3G02565	0
AT3G09645	0
AT3G52072	29
AT3G07835	0
AT3G09625	0
AT3G07925	0
AT3G08635	9
AT3G08405	0
AT3G09155	0
AT3G03702	4
AT3G46668	48
AT3G09815	0
AT3G01895	0
AT3G13061	0
AT3G09305	1
AT3G03895	0
AT3G07355	0
AT3G03385	0
AT3G08235	0
AT3G07885	0
AT3G27990	203
AT3G04135	0
AT3G01202	2
AT3G02485	0
AT3G03975	0
AT3G02845	0
AT3G09635	0
AT3G02275	0
AT3G51238	0
AT3G02575	0
AT3G04695	0
AT3G04785	1
AT3G02095	0
AT3G06325	0
AT3G56408	4
AT3G07825	8
AT3G08240	15
AT3G02855	0
AT3G01142	0
AT3G02755	0
AT3G09875	0
AT3G09745	0
AT3G07105	0
AT3G01795	54
AT3G01755	0
AT3G52535	54
AT3G08215	0
AT3G02105	0
AT3G08795	1
AT3G52605	1
AT3G09965	0
AT3G02035	2
AT3G04285	6
AT3G03955	0
AT3G03135	2
AT3G20978	30
AT3G03145	0
AT3G04965	5
AT3G03475	5
AT3G08470	0
AT3G63445	107
AT3G09275	0
AT3G01165	0
AT3G07795	0
AT3G08225	0
AT3G51075	25
AT3G09575	0
AT3G04755	3
AT3G01485	0
AT3G03865	1
AT3G04035	0
AT3G09895	0
AT3G08245	0
AT3G04255	0
AT3G09655	0
AT3G09905	0
AT3G09795	0
AT3G04015	0
AT3G02465	0
AT3G09145	9
AT3G08515	0
AT3G19002	0
AT3G03815	7
AT3G08480	0
AT3G04615	0
AT3G03025	30
AT3G04635	0
AT3G02765	0
AT3G08665	0
AT3G08805	0
AT3G08645	0
AT3G08220	18
AT3G21755	52
AT3G01045	0
AT3G21781	0
AT3G12502	0
AT3G09985	1
AT3G02935	0
AT3G49668	0
AT3G05905	6
AT3G07625	0
AT3G58795	2
AT3G02225	2
AT3G08300	3
AT3G08230	0
AT3G46658	1
AT3G07315	0
AT3G05285	0
AT3G07785	0
AT3G02545	3
AT3G01945	1
AT3G03125	0
AT3G59695	0
AT3G22121	0
AT3G01515	0
AT3G07205	10
AT3G03095	0
AT3G08475	0
AT3G01035	19
AT3G01215	0
AT3G04055	1
AT3G01375	10
AT3G09135	0
AT3G02535	0
AT3G04185	0
AT3G01065	0
AT3G07365	0
AT3G08350	0
AT3G07705	0
AT3G03785	0
AT3G09295	0
AT3G08070	0
AT3G01495	0
AT3G04275	0
AT3G01935	0
AT3G01915	0
AT3G04025	0
AT3G08655	0
AT3G07875	17
AT3G04825	0
AT3G02085	0
AT3G02305	0
AT3G04915	0
AT3G01505	0
AT3G08685	4
AT3G02365	0
AT3G08045	0
AT3G05932	1
AT3G08525	4
AT3G03965	87
AT3G01995	0
AT3G02505	0
AT3G08400	0
AT3G03105	14
AT3G01745	0
AT3G22072	0
AT3G04835	0
AT3G57965	113
AT3G02015	5
AT3G09725	9
AT3G07305	0
AT3G07175	0
AT3G29644	127
AT3G24332	0
AT3G09175	0
AT3G07375	0
AT3G02165	0
AT3G02295	0
AT3G08425	1
AT3G54625	3
AT3G02455	1
AT3G05575	0
AT3G08675	0
AT3G02925	0
AT3G02025	0
AT3G01635	0
AT3G07805	0
AT3G59068	19
AT3G07385	0
AT3G24518	3
AT3G02525	0
AT3G08365	0
AT3G07615	0
AT3G05015	0
AT3G02495	4
AT3G02285	0
AT3G01545	0
AT3G02915	0
AT3G05145	0
AT3G09495	0
AT3G09955	10
AT3G03215	0
AT3G01055	0
AT3G01205	4
AT3G05075	0
AT3G03225	7
AT3G08075	4
AT3G02215	0
AT3G03265	22
AT3G03275	4
AT3G09995	0
AT3G03535	0
AT3G07605	0
AT3G55734	0
AT3G07065	0
AT3G26812	1
AT3G09515	0
AT3G63375	23
AT3G04655	0
AT3G06595	0
AT3G48057	0
AT3G18895	0
AT3G23326	0
AT3G51375	5
AT3G26813	0
AT3G08150	0
AT3G23125	0
AT3G06445	0
AT3G26816	0
AT3G04765	0
AT3G55512	0
AT3G03235	0
AT3G03255	0
AT3G26819	0
AT3G53016	1
AT3G07515	0
AT3G18217	24
AT3G48201	0
AT3G07095	0
AT3G03245	0
AT3G44444	5
AT3G11435	0
AT3G05515	0
AT3G10745	9
AT3G26815	19
AT3G13405	12
AT3G13724	5
AT3G53015	0
AT3G09285	0
AT3G07695	0
AT3G61897	8
AT3G26818	1
AT3G03625	15
AT3G09615	0
AT3G07685	0
AT3G06345	422
AT3G05985	0
AT3G59884	2
AT3G22886	9
AT3G08285	0
AT3G14385	1
AT3G18827	0
AT3G07755	0
AT3G47347	6
AT3G02795	0
AT3G03415	1
AT3G24615	0
AT3G02725	2
AT3G08275	43
AT3G05335	4
AT3G50825	59
AT3G08165	56
AT3G02205	0
AT3G07725	13
AT3G24614	0
AT3G05355	60
AT3G09865	0
AT3G05715	17
AT3G02045	0
AT3G01155	0
AT3G02385	0
AT3G13525	1
AT3G27865	14
AT3G04165	3
AT3G03445	0
AT3G21805	6
AT3G01313	0
AT3G14475	0
AT3G24612	0
AT3G01145	0
AT3G08485	0
AT3G03425	0
AT3G02435	19
AT3G05325	6
AT3G02445	6
AT3G00985	0
AT3G09225	0
AT3G01316	0
AT3G58193	2
AT3G04985	0
AT3G58196	0
AT3G03175	0
AT3G08210	0
AT3G04175	20
AT3G07735	12
AT3G04155	8
AT3G47342	5
AT3G03585	0
AT3G47348	252
AT3G07715	18
AT3G08735	0
AT3G56825	15
AT3G57645	1
AT3G57765	0
AT3G05115	0
AT3G08945	0
AT3G56705	6
AT3G04905	0
AT3G08615	0
AT3G01715	0
AT3G08695	0
AT3G01695	0
AT3G06900	0
AT3G08575	0
AT3G13855	0
AT3G14735	0
AT3G07265	0
AT3G08605	0
AT3G09005	7
AT3G60805	0
AT3G10415	0
AT3G52345	0
AT3G27555	0
AT3G62285	0
AT3G55795	0
AT3G28695	0
AT3G05525	0
AT3G11505	0
AT3G05755	0
AT3G62735	0
AT3G18952	0
AT3G09505	0
AT3G06105	0
AT3G62245	0
AT3G13335	0
AT3G07185	0
AT3G06335	0
AT3G45955	0
AT3G01705	0
AT3G19235	0
AT3G60075	0
AT3G44955	0
AT3G03845	0
AT3G26747	0
AT3G28685	0
AT3G59415	0
AT3G59923	0
AT3G20655	0
AT3G27845	0
AT3G52955	0
AT3G61715	0
AT3G07055	0
AT3G20885	0
AT3G11395	0
AT3G50895	0
AT3G48275	0
AT3G02335	0
AT3G27825	0
AT3G56085	0
AT3G59926	0
AT3G15055	0
AT3G04525	0
AT3G14855	0
AT3G03852	0
AT3G52565	0
AT3G07115	0
AT3G21475	0
AT3G48745	0
AT3G09595	0
AT3G45965	0
AT3G50835	0
AT3G50665	0
AT3G52765	0
AT3G09585	0
AT3G45935	0
AT3G46875	0
AT3G53965	0
AT3G61825	0
AT3G55735	0
AT3G61105	0
AT3G49925	0
AT3G29095	0
AT3G02715	0
AT3G13223	0
AT3G53775	0
AT3G06665	0
AT3G58165	0
AT3G10015	0
AT3G58035	0
AT3G11285	0
AT3G50505	0
AT3G10035	0
AT3G63006	0
AT3G48515	0
AT3G61755	0
AT3G61545	0
AT3G51135	0
AT3G12385	0
AT3G07025	0
AT3G25715	0
AT3G15585	0
AT3G18815	0
AT3G12585	2
AT3G52285	0
AT3G30345	0
AT3G02315	0
AT3G16552	0
AT3G51265	0
AT3G05835	0
AT3G46585	0
AT3G63003	0
AT3G41979	0
AT3G41768	26376
AT3G54366	438
AT3G18362	0
AT3G60972	2
AT3G55485	0
AT3G61118	14
AT3G53365	26
AT3G06125	357
AT3G27884	10
AT3G26612	115
AT3G12965	2567
AT3G44765	13
AT3G15536	10
AT3G06962	15
AT3G05152	16
AT3G41761	0
AT3G07215	167
AT3G46614	1
AT3G14185	0
AT3G13277	22
AT3G17185	283
AT3G03695	0
AT3G07635	1
AT3G59765	254
AT3G05185	0
AT3G60238	0
AT3G57157	223
AT3G08410	0
AT3G04485	69
AT3G61198	15
AT3G05215	0
AT3G03065	0
AT3G07485	0
AT3G44798	136
AT3G04535	0
AT3G60176	0
AT3G52748	45
AT3G52742	0
AT3G00980	0
AT3G25795	14
AT3G45638	20
AT3G02832	14
AT3G48115	347
AT3G11415	2
AT2G43120	304
AT2G21390	5328
AT2G21930	0
AT2G18870	0
AT2G38310	1979
AT2G26900	7315
AT2G32710	426
AT2G16970	41
AT2G46620	382
AT2G43750	5602
AT2G24490	484
AT2G15080	142
AT2G37678	344
AT2G46225	574
AT2G27700	0
AT2G16953	0
AT2G22320	0
AT2G37260	154
AT2G04031	0
AT2G16130	0
AT2G47560	94
AT2G37390	373
AT2G06050	1260
AT2G35250	0
AT2G38390	894
AT2G25250	487
AT2G15710	0
AT2G33520	0
AT2G26330	1824
AT2G39280	820
AT2G47730	7862
AT2G02310	2
AT2G07719	0
AT2G23160	0
AT2G40900	558
AT2G39140	1269
AT2G46440	153
AT2G17630	931
AT2G21105	0
AT2G15470	0
AT2G47790	886
AT2G19190	507
AT2G41835	157
AT2G45130	124
AT2G39110	209
AT2G38910	0
AT2G44360	467
AT2G36060	1455
AT2G07684	0
AT2G32950	959
AT2G24420	1692
AT2G40950	818
AT2G40750	150
AT2G05100	35979
AT2G28960	166
AT2G04842	3293
AT2G20690	1868
AT2G45580	4
AT2G31360	9772
AT2G01830	1006
AT2G31865	62
AT2G16710	521
AT2G29080	3478
AT2G46280	3205
AT2G19870	1843
AT2G14210	11
AT2G28520	1192
AT2G22345	0
AT2G44440	279
AT2G16580	71
AT2G30730	0
AT2G23690	58
AT2G40710	5
AT2G30925	0
AT2G31265	0
AT2G02930	10
AT2G32040	1083
AT2G13275	0
AT2G34940	36
AT2G18720	10
AT2G20320	491
AT2G16190	0
AT2G27300	26
AT2G31800	1531
AT2G46420	608
AT2G37805	1
AT2G36420	508
AT2G33580	106
AT2G38010	615
AT2G20625	0
AT2G19490	384
AT2G35320	592
AT2G47400	24341
AT2G40360	4082
AT2G42240	225
AT2G35270	115
AT2G46330	2112
AT2G27035	62
AT2G03300	0
AT2G35610	1512
AT2G30460	237
AT2G19560	423
AT2G31740	951
AT2G14880	1793
AT2G39725	117
AT2G38660	500
AT2G16505	0
AT2G07785	0
AT2G41082	27
AT2G25330	0
AT2G28560	24
AT2G21140	1748
AT2G01300	21
AT2G35240	1242
AT2G35960	857
AT2G33400	660
AT2G02180	945
AT2G42690	1521
AT2G39570	1259
AT2G23060	18
AT2G22120	471
AT2G47470	5317
AT2G45110	0
AT2G03955	0
AT2G46890	544
AT2G39770	3789
AT2G24180	1278
AT2G29970	1085
AT2G40340	340
AT2G03620	244
AT2G27930	57
AT2G25055	3
AT2G03230	0
AT2G34770	755
AT2G01540	375
AT2G16880	445
AT2G43790	1003
AT2G33793	192
AT2G44030	0
AT2G45650	2
AT2G28350	494
AT2G44080	350
AT2G18400	781
AT2G39210	697
AT2G47040	15
AT2G28630	362
AT2G03290	4
AT2G39320	4
AT2G36200	871
AT2G21090	388
AT2G34140	90
AT2G05642	0
AT2G45450	233
AT2G26695	187
AT2G34325	16
AT2G16005	31
AT2G29790	0
AT2G07734	0
AT2G03880	55
AT2G20784	0
AT2G37790	685
AT2G45760	7
AT2G03932	0
AT2G32910	1082
AT2G34160	685
AT2G29040	1
AT2G05810	18
AT2G30750	218
AT2G37010	0
AT2G26820	143
AT2G24340	0
AT2G14395	0
AT2G28880	368
AT2G21490	0
AT2G24700	147
AT2G21280	2393
AT2G01290	607
AT2G12935	0
AT2G03500	191
AT2G03937	0
AT2G15760	54
AT2G07701	0
AT2G37660	12889
AT2G36160	8576
AT2G24800	16
AT2G20450	5684
AT2G35780	1450
AT2G31020	211
AT2G27775	368
AT2G24410	0
AT2G36740	519
AT2G38130	483
AT2G34650	140
AT2G27570	0
AT2G35020	967
AT2G16535	0
AT2G31670	2170
AT2G18880	1
AT2G16400	1289
AT2G43880	51
AT2G19260	250
AT2G02220	688
AT2G14820	130
AT2G14945	0
AT2G28725	0
AT2G42130	1670
AT2G22941	0
AT2G23130	317
AT2G16940	2228
AT2G21030	16
AT2G22310	147
AT2G32300	235
AT2G02630	27
AT2G14000	0
AT2G31082	10
AT2G42475	0
AT2G03830	20
AT2G04622	0
AT2G01990	302
AT2G36750	141
AT2G40720	91
AT2G39010	5079
AT2G27380	0
AT2G33000	9
AT2G27535	3
AT2G24030	34
AT2G21890	3
AT2G34870	0
AT2G37370	11
AT2G06908	0
AT2G15580	748
AT2G13430	0
AT2G01320	1679
AT2G07621	0
AT2G37610	21
AT2G42350	116
AT2G28710	41
AT2G24740	2
AT2G17350	458
AT2G43795	0
AT2G33260	25
AT2G40070	1021
AT2G07674	3
AT2G40380	872
AT2G46110	229
AT2G46660	126
AT2G39720	943
AT2G44195	1
AT2G47844	4
AT2G25830	1698
AT2G39435	84
AT2G03240	630
AT2G04378	538
AT2G31210	2
AT2G47880	47
AT2G07560	0
AT2G28140	138
AT2G07631	0
AT2G18320	0
AT2G02080	572
AT2G39910	203
AT2G39090	474
AT2G35620	1373
AT2G23670	0
AT2G17190	2193
AT2G15400	46
AT2G43330	339
AT2G11623	0
AT2G43370	188
AT2G04230	249
AT2G37650	185
AT2G31141	183
AT2G18970	0
AT2G20208	0
AT2G30380	15
AT2G34440	0
AT2G04870	0
AT2G01905	35
AT2G46430	284
AT2G14288	0
AT2G41460	325
AT2G42500	2639
AT2G32240	3737
AT2G47650	2258
AT2G46308	0
AT2G36970	345
AT2G37630	2503
AT2G27790	65
AT2G17420	5074
AT2G02250	10
AT2G45590	1235
AT2G03180	0
AT2G29410	35
AT2G33570	430
AT2G41590	4
AT2G34320	2
AT2G39930	1125
AT2G18500	110
AT2G19530	150
AT2G33160	1
AT2G21470	1176
AT2G24710	3
AT2G16890	393
AT2G26790	124
AT2G25600	9
AT2G23090	4654
AT2G46520	1594
AT2G44581	1
AT2G19180	534
AT2G26690	673
AT2G24530	188
AT2G34340	85
AT2G02290	0
AT2G33460	19
AT2G24020	3751
AT2G44730	747
AT2G36960	461
AT2G11626	0
AT2G19760	3002
AT2G24200	7909
AT2G05790	2266
AT2G41231	0
AT2G13960	15
AT2G01880	87
AT2G34700	12
AT2G31470	1
AT2G31820	980
AT2G42530	5409
AT2G20310	237
AT2G11773	0
AT2G42410	0
AT2G34180	47
AT2G05400	0
AT2G42975	158
AT2G38750	462
AT2G37570	971
AT2G20400	235
AT2G28180	4
AT2G44890	0
AT2G18490	1
AT2G46940	50
AT2G30820	103
AT2G36560	0
AT2G30290	1
AT2G26520	51
AT2G43745	5
AT2G13440	1280
AT2G44525	521
AT2G33150	6548
AT2G24480	0
AT2G17740	217
AT2G31425	0
AT2G01850	1482
AT2G15010	2
AT2G44925	0
AT2G42600	11123
AT2G39590	0
AT2G13985	0
AT2G25990	0
AT2G07690	1181
AT2G07640	0
AT2G38960	585
AT2G43570	126
AT2G40760	655
AT2G18150	999
AT2G29260	98
AT2G47580	745
AT2G26580	387
AT2G32415	385
AT2G25565	0
AT2G05752	0
AT2G30150	442
AT2G36710	12
AT2G32380	550
AT2G07360	2418
AT2G40080	4825
AT2G04790	146
AT2G25482	0
AT2G19350	166
AT2G07695	2
AT2G42960	219
AT2G29870	2
AT2G46600	1368
AT2G15260	1
AT2G21080	181
AT2G35615	0
AT2G35770	143
AT2G02390	1437
AT2G01780	0
AT2G25735	86
AT2G25409	0
AT2G07777	0
AT2G29320	419
AT2G46470	931
AT2G35080	0
AT2G47930	89
AT2G36630	178
AT2G27860	6880
AT2G32850	937
AT2G18530	21
AT2G01008	6
AT2G39060	0
AT2G34670	151
AT2G35310	69
AT2G32150	355
AT2G17010	4
AT2G34030	0
AT2G22155	0
AT2G40670	104
AT2G36440	0
AT2G18700	391
AT2G20463	0
AT2G01021	0
AT2G13422	0
AT2G23260	0
AT2G42040	254
AT2G25180	757
AT2G37520	1000
AT2G23370	510
AT2G07721	1
AT2G39220	771
AT2G22920	221
AT2G34655	20
AT2G34300	2019
AT2G41820	1208
AT2G29065	96
AT2G36695	9
AT2G41280	0
AT2G08986	0
AT2G33240	36
AT2G10455	0
AT2G26360	119
AT2G42120	344
AT2G02240	14
AT2G44690	68
AT2G07120	0
AT2G22990	3463
AT2G17290	962
AT2G19960	0
AT2G11015	0
AT2G32788	0
AT2G15630	76
AT2G44390	10
AT2G22125	4175
AT2G39550	360
AT2G40830	755
AT2G22140	79
AT2G24850	147
AT2G31320	391
AT2G18730	1250
AT2G16230	45
AT2G24120	1717
AT2G24510	0
AT2G42885	3
AT2G38690	0
AT2G36895	609
AT2G39870	1103
AT2G23150	317
AT2G40630	328
AT2G39670	2946
AT2G24692	22
AT2G01090	314
AT2G35736	122
AT2G45000	402
AT2G38700	1902
AT2G27389	5
AT2G20260	13536
AT2G16380	287
AT2G01520	673
AT2G22850	1
AT2G45360	19
AT2G46020	2810
AT2G04040	221
AT2G38050	401
AT2G16405	462
AT2G23770	151
AT2G20930	638
AT2G44175	0
AT2G31430	0
AT2G34010	59
AT2G22760	1
AT2G04050	53
AT2G07798	1
AT2G35510	1226
AT2G03070	675
AT2G27190	1417
AT2G32200	3
AT2G33670	0
AT2G45610	1
AT2G14080	565
AT2G24090	9097
AT2G40370	134
AT2G05760	241
AT2G15900	641
AT2G35550	12
AT2G26160	0
AT2G03560	2
AT2G35585	82
AT2G19520	2652
AT2G38320	200
AT2G40260	170
AT2G17830	78
AT2G33410	3346
AT2G35820	361
AT2G26400	55
AT2G02320	0
AT2G41310	690
AT2G33835	253
AT2G20635	270
AT2G42710	1244
AT2G10615	0
AT2G12280	0
AT2G23910	715
AT2G20880	29
AT2G28230	291
AT2G33250	566
AT2G28440	93
AT2G01400	146
AT2G26260	446
AT2G13290	426
AT2G37580	160
AT2G47450	7841
AT2G37320	58
AT2G23780	520
AT2G36550	0
AT2G45050	311
AT2G16910	3
AT2G17430	10
AT2G03730	437
AT2G27320	0
AT2G20921	1
AT2G43950	1339
AT2G40113	130
AT2G45550	4
AT2G43810	801
AT2G33990	327
AT2G28240	260
AT2G17250	899
AT2G46370	1532
AT2G35630	2185
AT2G31760	0
AT2G38610	496
AT2G02070	2126
AT2G22426	0
AT2G18420	0
AT2G17650	132
AT2G42550	0
AT2G31710	280
AT2G41475	488
AT2G47280	0
AT2G18060	56
AT2G05160	160
AT2G43410	1221
AT2G23290	253
AT2G17900	131
AT2G19620	360
AT2G18290	470
AT2G32750	7
AT2G46580	348
AT2G47680	261
AT2G44370	267
AT2G37190	8445
AT2G19720	357
AT2G16500	4303
AT2G36305	215
AT2G21180	109
AT2G04850	182
AT2G19060	9
AT2G19045	0
AT2G32560	750
AT2G29350	59
AT2G36340	260
AT2G07830	0
AT2G20613	0
AT2G35200	4
AT2G25355	287
AT2G07774	19
AT2G29420	257
AT2G33560	390
AT2G24765	1735
AT2G30810	0
AT2G07180	985
AT2G27950	1681
AT2G04920	0
AT2G04890	359
AT2G17036	9
AT2G48060	1480
AT2G41770	502
AT2G29480	4
AT2G20815	57
AT2G25685	0
AT2G30500	941
AT2G34185	19
AT2G38440	1375
AT2G03850	1
AT2G25300	222
AT2G16440	955
AT2G40980	546
AT2G22830	297
AT2G35760	246
AT2G36360	574
AT2G03110	26
AT2G32830	17
AT2G18020	21384
AT2G39420	338
AT2G46590	411
AT2G43490	650
AT2G35460	0
AT2G05105	0
AT2G28940	235
AT2G31490	4938
AT2G07725	0
AT2G25360	0
AT2G20520	35
AT2G40840	8900
AT2G40510	4633
AT2G04830	0
AT2G38270	2354
AT2G16950	2064
AT2G15820	1011
AT2G19940	1746
AT2G28840	5300
AT2G21500	217
AT2G28225	0
AT2G36320	1770
AT2G32070	647
AT2G25890	0
AT2G05335	0
AT2G41750	0
AT2G35215	0
AT2G36010	320
AT2G44470	0
AT2G05850	0
AT2G01890	368
AT2G41650	1639
AT2G42000	0
AT2G42900	166
AT2G33170	651
AT2G25790	664
AT2G22860	21
AT2G42640	132
AT2G44930	61
AT2G40150	236
AT2G37280	303
AT2G40316	521
AT2G45530	32
AT2G07698	23
AT2G03040	0
AT2G15290	3115
AT2G35160	155
AT2G16640	3012
AT2G35600	46
AT2G47320	1707
AT2G34780	822
AT2G43090	4757
AT2G47760	530
AT2G47900	1174
AT2G47010	623
AT2G35580	0
AT2G30350	269
AT2G42800	121
AT2G39200	383
AT2G28780	988
AT2G38970	636
AT2G07440	0
AT2G35210	21
AT2G05990	5454
AT2G34840	223
AT2G16980	84
AT2G34570	308
AT2G28085	19
AT2G30410	1164
AT2G15730	92
AT2G17680	0
AT2G35980	23
AT2G25200	131
AT2G45740	3161
AT2G37050	1374
AT2G47950	14
AT2G11778	0
AT2G25580	357
AT2G29180	1324
AT2G37620	726
AT2G46760	62
AT2G41250	279
AT2G35120	2699
AT2G22640	360
AT2G45405	0
AT2G06166	0
AT2G01500	1
AT2G21750	0
AT2G44410	744
AT2G03520	0
AT2G41630	1435
AT2G28040	16
AT2G45180	19580
AT2G23445	1
AT2G26120	3
AT2G01120	342
AT2G26550	1022
AT2G43200	278
AT2G15090	2257
AT2G27505	0
AT2G04360	1351
AT2G26940	9
AT2G41225	0
AT2G26250	4640
AT2G30080	166
AT2G45340	980
AT2G34640	3339
AT2G32520	1521
AT2G26150	22
AT2G15970	8593
AT2G35765	1
AT2G01900	194
AT2G28755	14
AT2G37450	891
AT2G29670	1501
AT2G18980	955
AT2G47110	9623
AT2G31190	469
AT2G18120	107
AT2G34500	39
AT2G41920	1
AT2G04621	0
AT2G07672	0
AT2G30570	56041
AT2G20780	721
AT2G31160	135
AT2G11000	582
AT2G26040	157
AT2G35030	193
AT2G06990	1347
AT2G05120	704
AT2G29710	30
AT2G43235	323
AT2G04650	277
AT2G44750	117
AT2G40450	6
AT2G18040	3654
AT2G03220	472
AT2G23820	986
AT2G12905	0
AT2G19220	0
AT2G39705	202
AT2G18740	1282
AT2G44550	0
AT2G47590	6397
AT2G15690	319
AT2G43220	4
AT2G20725	1034
AT2G41370	278
AT2G37940	1428
AT2G38890	3
AT2G25760	1458
AT2G10955	0
AT2G07708	0
AT2G46494	0
AT2G43800	1283
AT2G37070	40
AT2G36355	39
AT2G48120	1189
AT2G15780	1
AT2G14920	24
AT2G19660	62
AT2G48140	396
AT2G35520	422
AT2G23990	0
AT2G20060	1363
AT2G01045	0
AT2G16595	106
AT2G20510	8
AT2G04020	2
AT2G15240	663
AT2G19910	111
AT2G40390	87
AT2G28110	109
AT2G36640	1
AT2G45770	2275
AT2G30790	43
AT2G40060	2430
AT2G25110	1770
AT2G20100	176
AT2G31725	337
AT2G46450	496
AT2G18710	2828
AT2G40490	8358
AT2G42465	0
AT2G24350	86
AT2G32230	4288
AT2G19790	1691
AT2G03610	0
AT2G04045	0
AT2G30400	25
AT2G29760	398
AT2G45120	47
AT2G22795	3180
AT2G14700	0
AT2G01200	17
AT2G45490	106
AT2G28671	2
AT2G41140	1198
AT2G23580	0
AT2G04235	249
AT2G28100	381
AT2G26850	0
AT2G06000	454
AT2G36885	1473
AT2G29600	0
AT2G17785	0
AT2G31270	519
AT2G25460	39
AT2G33810	0
AT2G42370	0
AT2G34310	881
AT2G36300	552
AT2G44040	1878
AT2G36780	24
AT2G29628	0
AT2G24080	0
AT2G19930	181
AT2G02750	35
AT2G16520	0
AT2G03150	1654
AT2G28605	759
AT2G26960	1
AT2G24195	0
AT2G38620	177
AT2G40530	43
AT2G02690	19
AT2G37435	1
AT2G42140	5
AT2G33080	0
AT2G04046	0
AT2G33655	0
AT2G33610	699
AT2G40165	0
AT2G07661	0
AT2G44540	1
AT2G05270	2
AT2G34120	0
AT2G43770	1288
AT2G34730	484
AT2G38600	14
AT2G07170	582
AT2G10025	0
AT2G18000	67
AT2G34990	4
AT2G38580	540
AT2G06520	33563
AT2G47485	174
AT2G07806	4
AT2G17890	14
AT2G30800	820
AT2G44180	776
AT2G40940	2047
AT2G14100	64
AT2G11520	537
AT2G03450	293
AT2G07724	0
AT2G31970	743
AT2G39450	874
AT2G33233	0
AT2G47360	173
AT2G39975	0
AT2G36590	50
AT2G21800	90
AT2G23590	71
AT2G32170	769
AT2G41350	418
AT2G01800	0
AT2G45330	512
AT2G19860	1204
AT2G27060	692
AT2G35800	1679
AT2G35658	18
AT2G25420	262
AT2G33220	2757
AT2G01390	154
AT2G41960	1383
AT2G32220	561
AT2G18840	676
AT2G23800	0
AT2G31460	0
AT2G34330	0
AT2G21150	952
AT2G44480	73
AT2G23510	0
AT2G22890	133
AT2G23321	0
AT2G21850	216
AT2G18810	0
AT2G39490	1
AT2G46910	1043
AT2G47070	2424
AT2G45520	1119
AT2G01980	431
AT2G43920	304
AT2G26510	1205
AT2G30300	0
AT2G19150	17
AT2G44990	3
AT2G32760	391
AT2G13542	1
AT2G14255	571
AT2G14720	2363
AT2G30110	5531
AT2G26270	254
AT2G40540	1579
AT2G18193	270
AT2G32060	5815
AT2G24010	28
AT2G22490	723
AT2G04675	0
AT2G27130	278
AT2G26730	2031
AT2G05410	0
AT2G12200	0
AT2G46540	1821
AT2G26650	1172
AT2G04930	0
AT2G16460	517
AT2G46040	259
AT2G43910	5528
AT2G42340	5
AT2G14290	4
AT2G43050	66
AT2G25770	9
AT2G01960	0
AT2G25270	438
AT2G45630	236
AT2G33175	13
AT2G02960	706
AT2G46320	442
AT2G07636	0
AT2G28210	70
AT2G01667	0
AT2G25010	292
AT2G44820	692
AT2G25740	412
AT2G22241	0
AT2G18721	0
AT2G31690	0
AT2G38250	42
AT2G07681	0
AT2G19400	198
AT2G18360	265
AT2G17265	1362
AT2G32275	0
AT2G05070	34689
AT2G25570	293
AT2G46060	424
AT2G36830	9951
AT2G41300	134
AT2G04160	1855
AT2G02370	218
AT2G33850	1798
AT2G46250	211
AT2G17560	3377
AT2G04340	349
AT2G01970	2715
AT2G14170	2533
AT2G01720	2475
AT2G19240	41
AT2G09970	1
AT2G18620	63
AT2G03820	2061
AT2G30760	4
AT2G16650	360
AT2G07750	0
AT2G24617	0
AT2G46650	1547
AT2G31050	1
AT2G47000	1644
AT2G33385	20
AT2G33310	810
AT2G34600	3
AT2G42955	18
AT2G38150	0
AT2G25190	418
AT2G04515	12
AT2G44870	2028
AT2G13905	0
AT2G44100	4036
AT2G36100	790
AT2G07827	1
AT2G38450	562
AT2G39310	2386
AT2G03567	0
AT2G04062	0
AT2G36720	986
AT2G07715	34
AT2G18600	45
AT2G17700	666
AT2G42320	812
AT2G46050	14
AT2G47940	6121
AT2G05320	393
AT2G29860	0
AT2G15490	650
AT2G19470	897
AT2G44980	270
AT2G20362	48
AT2G01060	1307
AT2G22475	760
AT2G44400	7
AT2G45290	1244
AT2G34250	10769
AT2G28920	0
AT2G28580	40
AT2G18250	368
AT2G44420	290
AT2G23660	0
AT2G27390	0
AT2G20110	109
AT2G29200	1299
AT2G28190	874
AT2G44330	1
AT2G38240	14
AT2G35810	403
AT2G15220	119
AT2G24762	629
AT2G25880	492
AT2G21370	992
AT2G46735	153
AT2G11010	0
AT2G44020	286
AT2G03810	282
AT2G41500	590
AT2G40930	785
AT2G15910	694
AT2G01379	0
AT2G46765	0
AT2G32660	48
AT2G18640	11
AT2G40435	169
AT2G31240	614
AT2G29730	354
AT2G27960	819
AT2G25530	356
AT2G21640	136
AT2G38230	4621
AT2G05180	18
AT2G23430	425
AT2G41220	4369
AT2G35920	1050
AT2G19690	108
AT2G45240	1133
AT2G32350	0
AT2G05520	17599
AT2G41420	780
AT2G34430	51750
AT2G04220	0
AT2G07702	0
AT2G11851	0
AT2G18170	678
AT2G43620	2250
AT2G06960	0
AT2G03840	0
AT2G37025	60
AT2G43945	1813
AT2G16930	905
AT2G43465	98
AT2G31230	336
AT2G38290	956
AT2G27330	321
AT2G22600	68
AT2G03530	234
AT2G18350	256
AT2G14120	1452
AT2G28250	613
AT2G30933	30
AT2G20300	854
AT2G05786	0
AT2G19310	693
AT2G18685	0
AT2G38410	592
AT2G27980	902
AT2G05117	0
AT2G40890	2483
AT2G32780	1
AT2G02660	0
AT2G41520	697
AT2G34390	154
AT2G07667	1
AT2G24280	1012
AT2G17170	0
AT2G11225	1953
AT2G41060	653
AT2G39940	967
AT2G45910	659
AT2G12480	4
AT2G37330	192
AT2G17470	56
AT2G31980	28
AT2G18750	1959
AT2G03170	0
AT2G38905	2
AT2G15670	0
AT2G40520	254
AT2G02790	931
AT2G25210	5104
AT2G22530	284
AT2G15590	6
AT2G18080	0
AT2G05970	0
AT2G07739	8
AT2G23360	468
AT2G22050	0
AT2G26640	789
AT2G46700	469
AT2G35330	1159
AT2G35410	2391
AT2G42450	238
AT2G05510	1379
AT2G26380	2
AT2G21810	0
AT2G33730	2492
AT2G37810	0
AT2G31440	672
AT2G16620	0
AT2G40400	1871
AT2G30440	3281
AT2G13790	520
AT2G26280	1921
AT2G11005	0
AT2G17480	739
AT2G20618	0
AT2G13800	221
AT2G21960	2190
AT2G02050	2955
AT2G02970	673
AT2G40030	524
AT2G43230	27
AT2G30840	139
AT2G15610	0
AT2G30020	440
AT2G43510	302
AT2G09990	3353
AT2G36854	0
AT2G02795	0
AT2G05330	4
AT2G41950	792
AT2G43640	562
AT2G21010	0
AT2G15025	1
AT2G04900	952
AT2G38760	127
AT2G02700	3
AT2G47520	91
AT2G19365	0
AT2G35170	179
AT2G04350	1627
AT2G28305	454
AT2G39700	3864
AT2G33550	473
AT2G04425	0
AT2G03590	41
AT2G25450	15004
AT2G28050	101
AT2G47440	702
AT2G32280	373
AT2G22170	4128
AT2G20550	91
AT2G02455	1
AT2G04495	17
AT2G17860	1
AT2G35670	0
AT2G43030	12667
AT2G14910	2141
AT2G04030	10856
AT2G03020	12
AT2G29690	1168
AT2G13100	808
AT2G44745	32
AT2G38100	5
AT2G07673	0
AT2G34110	0
AT2G37160	777
AT2G42380	259
AT2G39030	22
AT2G34790	281
AT2G26670	2985
AT2G05915	0
AT2G33500	332
AT2G33760	45
AT2G41730	134
AT2G41830	350
AT2G28610	3
AT2G14500	0
AT2G46850	37
AT2G31081	7
AT2G13680	40
AT2G47690	3215
AT2G47230	280
AT2G34170	476
AT2G28426	3
AT2G29640	65
AT2G43270	0
AT2G18300	1239
AT2G38020	1058
AT2G45980	1297
AT2G20130	304
AT2G32550	26
AT2G31680	370
AT2G20030	21
AT2G33705	0
AT2G47090	327
AT2G29263	0
AT2G28220	0
AT2G17510	1076
AT2G40110	373
AT2G22650	296
AT2G26660	534
AT2G17820	943
AT2G34210	48
AT2G28010	0
AT2G16070	401
AT2G15450	0
AT2G35935	0
AT2G18969	0
AT2G12550	221
AT2G45960	13128
AT2G22690	145
AT2G03640	1192
AT2G16810	0
AT2G19830	2001
AT2G27150	574
AT2G42080	329
AT2G18130	0
AT2G24450	0
AT2G33880	0
AT2G10550	0
AT2G44760	1505
AT2G04039	805
AT2G16770	186
AT2G27410	2
AT2G33620	1220
AT2G23960	45
AT2G41180	0
AT2G14289	0
AT2G36110	9
AT2G38060	65
AT2G20840	460
AT2G31005	0
AT2G26130	1
AT2G44620	2189
AT2G21550	131
AT2G18690	308
AT2G47890	1162
AT2G37240	835
AT2G14050	113
AT2G40600	552
AT2G21300	1785
AT2G20140	2072
AT2G37910	0
AT2G03780	674
AT2G20920	1714
AT2G16030	0
AT2G42460	0
AT2G20850	626
AT2G23070	2826
AT2G01130	571
AT2G44210	1620
AT2G31410	2490
AT2G03310	566
AT2G35910	123
AT2G36430	354
AT2G28620	1018
AT2G20430	0
AT2G26800	803
AT2G26310	80
AT2G05840	2233
AT2G04420	4
AT2G42510	58
AT2G30310	7
AT2G04810	0
AT2G03931	0
AT2G27420	47
AT2G07644	4
AT2G34740	0
AT2G19950	925
AT2G29679	0
AT2G21630	242
AT2G14560	885
AT2G18340	2
AT2G12875	0
AT2G22400	3291
AT2G44810	0
AT2G47970	1615
AT2G48080	199
AT2G24690	365
AT2G41930	4
AT2G41400	0
AT2G36840	130
AT2G41550	110
AT2G46140	560
AT2G04840	0
AT2G02990	130
AT2G19130	251
AT2G10535	0
AT2G22880	0
AT2G34080	55
AT2G14110	220
AT2G32860	1019
AT2G39340	982
AT2G41170	154
AT2G18990	573
AT2G20660	0
AT2G43320	288
AT2G41640	85
AT2G26340	1357
AT2G19630	0
AT2G40920	666
AT2G25150	20
AT2G42865	68
AT2G21100	210
AT2G22440	1
AT2G45280	220
AT2G21120	646
AT2G37020	592
AT2G29700	1581
AT2G31420	0
AT2G21060	2113
AT2G27313	1
AT2G18780	112
AT2G47850	1006
AT2G31955	612
AT2G46495	34
AT2G25000	214
AT2G01735	253
AT2G45200	729
AT2G04740	356
AT2G36930	1409
AT2G39270	428
AT2G33330	901
AT2G01180	421
AT2G33770	3753
AT2G07696	0
AT2G23985	10
AT2G26170	459
AT2G29950	1
AT2G47990	843
AT2G17033	1200
AT2G17920	1
AT2G05632	144
AT2G32180	0
AT2G42210	3374
AT2G18090	1031
AT2G12945	0
AT2G25905	0
AT2G38460	330
AT2G36000	1237
AT2G12290	0
AT2G27402	1035
AT2G36760	0
AT2G15620	14226
AT2G36920	0
AT2G13547	1
AT2G26230	953
AT2G32370	0
AT2G13540	1657
AT2G25090	38
AT2G40010	209
AT2G07728	1
AT2G27370	94
AT2G37950	101
AT2G15370	48
AT2G32020	35
AT2G46130	21
AT2G28570	83
AT2G30695	1123
AT2G16290	0
AT2G34100	3
AT2G40410	679
AT2G39355	0
AT2G22942	0
AT2G25080	4369
AT2G34490	348
AT2G36610	8
AT2G37080	2148
AT2G33210	3101
AT2G24940	4005
AT2G35350	456
AT2G32770	43
AT2G37980	206
AT2G22250	1006
AT2G31510	1466
AT2G07505	0
AT2G16120	0
AT2G32010	323
AT2G35660	253
AT2G30140	524
AT2G25215	0
AT2G05060	0
AT2G18190	3
AT2G24270	6081
AT2G13295	0
AT2G36770	13
AT2G42930	0
AT2G01580	22
AT2G06555	0
AT2G43460	9719
AT2G41355	0
AT2G38365	0
AT2G01913	140
AT2G02570	1670
AT2G07613	0
AT2G03800	454
AT2G26890	2132
AT2G37530	61
AT2G46740	268
AT2G17260	73
AT2G26020	21
AT2G03120	2481
AT2G28400	43
AT2G38080	675
AT2G42590	5358
AT2G38695	185
AT2G16510	2814
AT2G17990	1529
AT2G03870	949
AT2G47500	1040
AT2G21420	0
AT2G22807	0
AT2G30220	10
AT2G47210	1144
AT2G36985	2
AT2G47120	0
AT2G41490	394
AT2G42620	545
AT2G19020	0
AT2G01918	223
AT2G19980	21
AT2G21040	1
AT2G40660	1709
AT2G19610	0
AT2G10260	0
AT2G32530	254
AT2G14285	384
AT2G46340	1931
AT2G22370	194
AT2G44140	691
AT2G21240	922
AT2G42660	45
AT2G21830	164
AT2G17070	20
AT2G17580	536
AT2G20810	463
AT2G15740	0
AT2G16800	1057
AT2G44060	6373
AT2G12880	0
AT2G02170	595
AT2G02810	530
AT2G04700	4609
AT2G05900	0
AT2G18070	1
AT2G01740	79
AT2G20515	277
AT2G31090	310
AT2G46610	164
AT2G38740	635
AT2G47630	533
AT2G33280	5
AT2G07779	1
AT2G26680	682
AT2G35110	1499
AT2G29810	0
AT2G39520	0
AT2G44150	524
AT2G11522	0
AT2G25297	16
AT2G16370	977
AT2G24100	275
AT2G28680	0
AT2G19230	0
AT2G39970	1516
AT2G21170	13046
AT2G02147	0
AT2G43445	92
AT2G42540	4041
AT2G40500	0
AT2G34720	380
AT2G39000	750
AT2G26860	160
AT2G31070	512
AT2G14870	0
AT2G13690	428
AT2G33590	556
AT2G44580	205
AT2G03410	0
AT2G39190	2460
AT2G23100	45
AT2G45990	1249
AT2G19770	3
AT2G47270	87
AT2G10602	0
AT2G14282	0
AT2G24870	17
AT2G39620	52
AT2G39990	2674
AT2G44920	1345
AT2G19080	623
AT2G27180	14
AT2G17055	5
AT2G31990	42
AT2G35343	7
AT2G16365	1816
AT2G21710	242
AT2G46190	0
AT2G17620	110
AT2G31570	2551
AT2G23950	809
AT2G27280	3
AT2G45500	270
AT2G15660	0
AT2G43760	878
AT2G29605	0
AT2G22750	3
AT2G26240	737
AT2G36620	7749
AT2G21950	52
AT2G17540	380
AT2G01590	848
AT2G01370	0
AT2G33780	0
AT2G28020	0
AT2G40700	683
AT2G16900	536
AT2G02760	2388
AT2G04305	448
AT2G06645	0
AT2G40230	239
AT2G18245	397
AT2G33090	0
AT2G38570	222
AT2G27540	0
AT2G30700	745
AT2G12461	119
AT2G14660	394
AT2G15980	180
AT2G28650	33
AT2G42180	0
AT2G28160	148
AT2G39370	69
AT2G36580	3667
AT2G27010	70
AT2G43261	0
AT2G42430	44
AT2G07628	0
AT2G27810	1215
AT2G43720	65
AT2G07629	6
AT2G30340	201
AT2G26070	239
AT2G20670	390
AT2G37500	1304
AT2G39855	3
AT2G23140	581
AT2G28200	161
AT2G07638	5
AT2G22180	0
AT2G29290	1206
AT2G39440	249
AT2G39820	7
AT2G14890	5647
AT2G41360	0
AT2G46390	2105
AT2G07680	474
AT2G38870	2878
AT2G38800	2059
AT2G33420	2
AT2G16090	326
AT2G24680	65
AT2G26560	409
AT2G23148	0
AT2G07771	0
AT2G34315	1
AT2G25312	0
AT2G47540	231
AT2G17130	1311
AT2G25050	447
AT2G19030	0
AT2G44880	76
AT2G15640	0
AT2G33070	3
AT2G05910	85
AT2G21430	33
AT2G14160	0
AT2G41415	0
AT2G33720	1
AT2G21350	19
AT2G41800	304
AT2G25480	853
AT2G35970	1
AT2G18370	579
AT2G30740	874
AT2G43980	491
AT2G01175	3
AT2G24640	538
AT2G17440	459
AT2G03965	0
AT2G04550	494
AT2G31880	558
AT2G16960	0
AT2G27680	6475
AT2G46930	851
AT2G46550	1356
AT2G27580	518
AT2G45660	401
AT2G07652	0
AT2G33530	588
AT2G27480	56
AT2G17300	240
AT2G31770	1
AT2G02150	239
AT2G29170	221
AT2G40200	27
AT2G40820	791
AT2G07215	0
AT2G35360	194
AT2G23440	0
AT2G45406	0
AT2G32160	18
AT2G20000	703
AT2G29500	150
AT2G44630	34
AT2G44230	549
AT2G46800	1491
AT2G33450	3913
AT2G07981	0
AT2G28700	30
AT2G35530	524
AT2G19893	0
AT2G40280	550
AT2G17845	9
AT2G31085	41
AT2G32740	0
AT2G21070	288
AT2G04620	290
AT2G41670	273
AT2G02640	0
AT2G33680	181
AT2G04940	652
AT2G39782	0
AT2G24600	240
AT2G24320	0
AT2G01150	389
AT2G39890	768
AT2G42770	2171
AT2G31870	185
AT2G47170	6575
AT2G38720	157
AT2G44340	5
AT2G25120	0
AT2G40220	0
AT2G22570	227
AT2G30615	0
AT2G07738	0
AT2G17870	1591
AT2G34910	59
AT2G28290	2569
AT2G27100	2070
AT2G25730	2232
AT2G17210	40
AT2G18510	1422
AT2G25170	2777
AT2G27690	34
AT2G39080	1864
AT2G13360	29919
AT2G32905	0
AT2G28310	1106
AT2G39580	1129
AT2G43140	197
AT2G38170	7061
AT2G07705	0
AT2G23834	0
AT2G39640	0
AT2G16450	1
AT2G32260	1427
AT2G44910	68
AT2G44280	118
AT2G06210	1237
AT2G42100	2
AT2G33750	31
AT2G18790	2213
AT2G20420	5426
AT2G43255	0
AT2G17972	7
AT2G06906	0
AT2G02380	21
AT2G35965	0
AT2G07671	0
AT2G32900	502
AT2G46670	4
AT2G33390	211
AT2G42220	12317
AT2G21780	9
AT2G21580	5130
AT2G39240	25
AT2G10553	1
AT2G42470	0
AT2G44490	5356
AT2G20250	61
AT2G13125	0
AT2G26970	319
AT2G31130	177
AT2G26440	973
AT2G06845	0
AT2G38510	2
AT2G46150	103
AT2G39170	502
AT2G39790	0
AT2G33640	86
AT2G31380	107
AT2G33020	6
AT2G22425	1386
AT2G22330	1047
AT2G05590	291
AT2G29000	6
AT2G15790	672
AT2G47020	362
AT2G17230	832
AT2G46400	49
AT2G31862	0
AT2G25140	611
AT2G41660	1047
AT2G29820	0
AT2G05440	12911
AT2G44770	690
AT2G46950	34
AT2G34920	173
AT2G40320	138
AT2G20010	693
AT2G20970	0
AT2G27220	1
AT2G17695	1083
AT2G32990	824
AT2G28340	6
AT2G15830	282
AT2G22000	127
AT2G01560	0
AT2G24130	2
AT2G36230	811
AT2G17723	0
AT2G19570	0
AT2G06265	0
AT2G46270	269
AT2G28320	802
AT2G27770	200
AT2G37800	0
AT2G32100	305
AT2G42820	91
AT2G14510	35
AT2G43670	37
AT2G28030	0
AT2G42560	0
AT2G32190	74
AT2G39300	238
AT2G28480	369
AT2G23680	133
AT2G31790	2117
AT2G09388	0
AT2G23118	0
AT2G29485	0
AT2G21720	0
AT2G28090	0
AT2G02230	432
AT2G11215	96
AT2G41880	390
AT2G39960	1054
AT2G33010	0
AT2G29830	0
AT2G37930	152
AT2G26810	245
AT2G17530	600
AT2G41905	56
AT2G21270	1209
AT2G47390	7132
AT2G42520	1658
AT2G04750	0
AT2G38590	0
AT2G19390	587
AT2G14935	0
AT2G20170	0
AT2G27590	322
AT2G20580	4657
AT2G38670	2424
AT2G23180	132
AT2G40970	195
AT2G07760	0
AT2G35100	360
AT2G42065	3
AT2G46000	294
AT2G37380	154
AT2G18260	25
AT2G07599	0
AT2G28930	635
AT2G24970	65
AT2G04034	0
AT2G24240	139
AT2G27290	1857
AT2G24330	468
AT2G35450	825
AT2G04395	9
AT2G38025	1009
AT2G41780	186
AT2G10560	0
AT2G30990	840
AT2G45300	2529
AT2G45135	23
AT2G28510	750
AT2G39795	531
AT2G38500	49
AT2G20570	3521
AT2G24860	518
AT2G21510	41
AT2G42680	4845
AT2G27160	0
AT2G43940	391
AT2G41620	1266
AT2G19920	101
AT2G20620	0
AT2G28625	0
AT2G37975	315
AT2G22460	1
AT2G38650	1844
AT2G23340	524
AT2G18680	7
AT2G01420	2270
AT2G45920	277
AT2G13640	3
AT2G14265	0
AT2G02955	262
AT2G35150	108
AT2G38430	81
AT2G05310	1935
AT2G03936	0
AT2G47300	194
AT2G46510	585
AT2G07000	0
AT2G32610	68
AT2G20360	5606
AT2G04090	60
AT2G43680	4094
AT2G06025	1042
AT2G07768	0
AT2G30860	42091
AT2G29100	2
AT2G23190	0
AT2G38810	468
AT2G33255	725
AT2G40100	1809
AT2G16860	1653
AT2G19170	744
AT2G44670	2176
AT2G17880	120
AT2G47750	123
AT2G47250	1912
AT2G24696	0
AT2G29780	0
AT2G23380	804
AT2G46030	554
AT2G35700	70
AT2G41790	2197
AT2G40740	6
AT2G28390	1129
AT2G25230	0
AT2G19460	198
AT2G11270	1
AT2G24840	0
AT2G43710	4328
AT2G44220	0
AT2G18160	2567
AT2G35730	14
AT2G18140	0
AT2G29510	1361
AT2G06570	0
AT2G04530	770
AT2G39750	894
AT2G07820	0
AT2G42260	175
AT2G43900	501
AT2G28380	1114
AT2G47800	889
AT2G47190	2
AT2G36980	83
AT2G27385	2756
AT2G20940	355
AT2G30970	3515
AT2G20710	61
AT2G42300	544
AT2G01190	849
AT2G22950	0
AT2G45570	13
AT2G20240	200
AT2G23970	4
AT2G25720	426
AT2G30580	182
AT2G35390	1516
AT2G41480	100
AT2G43690	88
AT2G30880	736
AT2G37400	934
AT2G46560	1616
AT2G21455	0
AT2G31215	0
AT2G07689	0
AT2G27500	354
AT2G20630	2581
AT2G43160	4099
AT2G14740	1262
AT2G26740	983
AT2G02860	558
AT2G13950	0
AT2G29630	17785
AT2G26110	630
AT2G27710	6911
AT2G46840	4
AT2G07617	0
AT2G42280	169
AT2G48121	3
AT2G27940	0
AT2G15390	261
AT2G31100	1
AT2G40440	0
AT2G09838	0
AT2G45690	330
AT2G03050	205
AT2G17080	49
AT2G17790	1111
AT2G02490	0
AT2G21725	0
AT2G37730	0
AT2G20480	146
AT2G27310	306
AT2G15430	878
AT2G01490	1478
AT2G19740	2806
AT2G16835	0
AT2G21230	633
AT2G04540	362
AT2G19320	0
AT2G40090	325
AT2G16850	963
AT2G27040	1527
AT2G47380	2053
AT2G07020	0
AT2G17940	9
AT2G31590	1
AT2G21340	1336
AT2G38880	489
AT2G26140	3729
AT2G16340	0
AT2G46690	497
AT2G20410	165
AT2G39840	692
AT2G24150	1054
AT2G26470	239
AT2G34690	1525
AT2G35070	2
AT2G42200	346
AT2G26700	82
AT2G48070	2175
AT2G38350	0
AT2G29560	1016
AT2G40780	243
AT2G26750	6
AT2G15535	0
AT2G42090	0
AT2G45880	492
AT2G45243	0
AT2G33775	6
AT2G35930	205
AT2G07676	4
AT2G36450	0
AT2G44710	1233
AT2G19010	0
AT2G43350	871
AT2G26710	275
AT2G29620	47
AT2G24693	0
AT2G36250	3317
AT2G15350	5
AT2G34860	3905
AT2G30040	130
AT2G14690	1
AT2G18330	1199
AT2G29680	206
AT2G28830	158
AT2G23600	2495
AT2G29770	0
AT2G40560	0
AT2G41980	593
AT2G37310	246
AT2G20873	0
AT2G04380	0
AT2G35380	242
AT2G22070	93
AT2G22720	1282
AT2G25169	3
AT2G21560	304
AT2G41890	434
AT2G41330	55
AT2G21400	8
AT2G04080	280
AT2G17240	2499
AT2G02590	269
AT2G39290	710
AT2G06420	0
AT2G44090	1381
AT2G03360	9
AT2G36180	0
AT2G40020	366
AT2G41342	0
AT2G30210	1125
AT2G38780	638
AT2G22121	0
AT2G21410	1970
AT2G16592	0
AT2G02160	3280
AT2G34220	10
AT2G33230	11
AT2G35490	4210
AT2G43740	0
AT2G07825	0
AT2G23890	472
AT2G47240	4195
AT2G43550	1891
AT2G06255	32
AT2G23810	807
AT2G33585	196
AT2G07662	18
AT2G07795	0
AT2G41900	2120
AT2G32130	0
AT2G07625	0
AT2G38540	23082
AT2G44270	488
AT2G41451	1
AT2G27140	227
AT2G07200	0
AT2G32645	0
AT2G23390	1720
AT2G22090	131
AT2G14960	31
AT2G13150	0
AT2G01260	531
AT2G36070	1391
AT2G12940	0
AT2G38420	154
AT2G01860	118
AT2G18660	115
AT2G31305	205
AT2G21870	10861
AT2G32235	46
AT2G05430	6
AT2G24560	6
AT2G32980	588
AT2G37290	74
AT2G44700	45
AT2G18220	1306
AT2G13450	0
AT2G02560	2013
AT2G32810	1797
AT2G37590	91
AT2G41610	2
AT2G35900	531
AT2G22910	644
AT2G34280	0
AT2G26180	338
AT2G20562	91
AT2G45010	590
AT2G02100	13356
AT2G47245	1
AT2G03330	161
AT2G29190	1946
AT2G41000	212
AT2G32620	68
AT2G38300	153
AT2G38070	136
AT2G24430	112
AT2G23320	694
AT2G26490	1
AT2G42170	154
AT2G23550	22
AT2G07280	0
AT2G21480	0
AT2G15050	1130
AT2G02400	481
AT2G33820	347
AT2G41150	138
AT2G24310	0
AT2G25980	1548
AT2G06500	0
AT2G02040	1296
AT2G31840	1362
AT2G20950	802
AT2G45620	1373
AT2G20230	1925
AT2G17840	2573
AT2G07646	0
AT2G01650	569
AT2G43590	3100
AT2G21520	3160
AT2G35075	38
AT2G25630	0
AT2G35480	144
AT2G17600	0
AT2G29300	48
AT2G37550	1191
AT2G20380	0
AT2G22960	0
AT2G19580	53
AT2G19820	0
AT2G45695	336
AT2G33130	4
AT2G27920	617
AT2G15280	454
AT2G31920	26
AT2G39100	157
AT2G36540	8
AT2G40210	0
AT2G42780	619
AT2G35155	633
AT2G01640	220
AT2G18910	790
AT2G02300	3
AT2G35635	2796
AT2G28405	0
AT2G37195	109
AT2G42010	672
AT2G38860	2287
AT2G37230	1441
AT2G26990	1397
AT2G19440	34
AT2G07623	0
AT2G02820	314
AT2G38380	4287
AT2G38940	2309
AT2G19330	3
AT2G18950	988
AT2G40160	51
AT2G22470	769
AT2G01940	122
AT2G41810	9
AT2G43400	547
AT2G33540	658
AT2G28355	0
AT2G24960	157
AT2G25610	1200
AT2G32210	43
AT2G17320	635
AT2G39415	0
AT2G15300	140
AT2G21237	0
AT2G25130	33
AT2G36325	2
AT2G22680	286
AT2G40330	534
AT2G02540	94
AT2G03720	127
AT2G48100	949
AT2G38480	83
AT2G33435	820
AT2G02450	353
AT2G02440	0
AT2G02148	225
AT2G20835	52
AT2G27430	75
AT2G01330	185
AT2G32360	0
AT2G20350	0
AT2G35555	1
AT2G26530	280
AT2G41860	0
AT2G39760	777
AT2G42980	10
AT2G27145	0
AT2G29900	231
AT2G21220	23
AT2G32290	117
AT2G40116	1
AT2G03550	950
AT2G39850	822
AT2G17750	0
AT2G30470	891
AT2G18900	1258
AT2G01554	0
AT2G26320	0
AT2G44110	157
AT2G06200	46
AT2G07641	0
AT2G42750	1902
AT2G05050	0
AT2G20750	236
AT2G33270	0
AT2G39445	94
AT2G12462	432
AT2G28760	374
AT2G02520	0
AT2G36400	794
AT2G24880	0
AT2G02060	183
AT2G30130	51
AT2G24980	1083
AT2G24630	288
AT2G27200	417
AT2G02710	707
AT2G14270	0
AT2G46200	187
AT2G40290	3053
AT2G04660	381
AT2G16575	2
AT2G22410	120
AT2G14390	0
AT2G32680	69
AT2G19890	1
AT2G45400	530
AT2G26480	43
AT2G19800	744
AT2G47960	1140
AT2G02580	6
AT2G25820	11
AT2G21465	0
AT2G28740	2654
AT2G03980	367
AT2G36890	184
AT2G33740	804
AT2G32540	206
AT2G46720	115
AT2G28970	70
AT2G45830	194
AT2G03250	0
AT2G39390	6858
AT2G01023	0
AT2G04410	2601
AT2G23900	1
AT2G02120	1297
AT2G32000	531
AT2G47220	242
AT2G30920	332
AT2G20080	15
AT2G16225	0
AT2G39130	687
AT2G45060	729
AT2G30940	0
AT2G41705	362
AT2G41440	226
AT2G34290	0
AT2G35420	6
AT2G29720	345
AT2G28260	154
AT2G03340	1182
AT2G41840	22915
AT2G19640	543
AT2G01340	139
AT2G44993	0
AT2G30770	20
AT2G07741	0
AT2G38090	122
AT2G01950	757
AT2G26050	0
AT2G17150	540
AT2G42760	195
AT2G44560	4
AT2G36190	4
AT2G03630	0
AT2G13560	5440
AT2G25940	86
AT2G06667	0
AT2G15230	297
AT2G15110	0
AT2G16586	0
AT2G37140	0
AT2G41040	277
AT2G31910	2
AT2G34610	38
AT2G33205	52
AT2G46640	165
AT2G27670	0
AT2G41945	472
AT2G13555	0
AT2G30710	802
AT2G39530	99
AT2G19420	0
AT2G12475	0
AT2G29060	87
AT2G25160	144
AT2G32630	69
AT2G03821	0
AT2G24550	681
AT2G47260	261
AT2G24170	464
AT2G41410	2375
AT2G41700	1172
AT2G17590	3
AT2G31110	232
AT2G32250	372
AT2G34925	42
AT2G20590	215
AT2G26590	1031
AT2G19880	1182
AT2G07340	1081
AT2G38195	0
AT2G43060	381
AT2G16430	2525
AT2G44660	311
AT2G37430	25
AT2G34580	14
AT2G23400	8
AT2G47770	4
AT2G07050	2681
AT2G14095	38
AT2G44510	239
AT2G02340	0
AT2G23270	1
AT2G24300	275
AT2G43080	430
AT2G32890	0
AT2G07634	0
AT2G25640	541
AT2G15042	83
AT2G34880	3
AT2G24615	0
AT2G22480	1512
AT2G02650	0
AT2G38530	2519
AT2G31560	394
AT2G37130	2687
AT2G10931	170
AT2G17310	0
AT2G01140	8998
AT2G43360	2369
AT2G46230	1072
AT2G23700	399
AT2G04115	0
AT2G40910	4
AT2G42650	270
AT2G44520	1024
AT2G46070	204
AT2G16740	936
AT2G30010	1102
AT2G37585	272
AT2G14460	418
AT2G32470	0
AT2G40580	0
AT2G31810	2128
AT2G17960	0
AT2G39460	8443
AT2G24400	13
AT2G29070	261
AT2G23520	613
AT2G45350	58
AT2G27285	476
AT2G03750	575
AT2G36480	751
AT2G25590	193
AT2G40420	241
AT2G32650	346
AT2G28470	2074
AT2G14695	0
AT2G01690	1030
AT2G33040	9866
AT2G25950	621
AT2G43150	9030
AT2G25910	1543
AT2G32720	1249
AT2G39950	562
AT2G46710	817
AT2G22360	1607
AT2G07713	0
AT2G01280	0
AT2G14670	0
AT2G06040	323
AT2G34200	199
AT2G22810	24
AT2G46820	22120
AT2G25350	249
AT2G20280	1791
AT2G46360	1
AT2G23420	629
AT2G18410	215
AT2G17380	1056
AT2G29050	345
AT2G19500	11
AT2G01220	924
AT2G02020	322
AT2G36030	0
AT2G37760	484
AT2G47420	898
AT2G30105	594
AT2G26080	9818
AT2G31432	0
AT2G41515	0
AT2G04480	10
AT2G25605	377
AT2G01275	63
AT2G46220	1288
AT2G17705	126
AT2G44610	2364
AT2G23470	151
AT2G02635	0
AT2G04038	2
AT2G42570	931
AT2G39380	1
AT2G14860	204
AT2G19700	0
AT2G37740	10
AT2G18590	1
AT2G23010	227
AT2G28850	3
AT2G48010	261
AT2G17060	46
AT2G44850	75
AT2G19000	0
AT2G30230	216
AT2G39020	1450
AT2G21840	181
AT2G19810	426
AT2G32670	13
AT2G36810	802
AT2G43500	262
AT2G39660	674
AT2G26870	372
AT2G31945	10
AT2G02280	0
AT2G35890	18
AT2G22930	64
AT2G13760	0
AT2G28315	151
AT2G41870	281
AT2G18876	518
AT2G30060	2262
AT2G10556	0
AT2G24950	0
AT2G01080	414
AT2G37180	779
AT2G42030	842
AT2G15029	2
AT2G38840	693
AT2G27720	8950
AT2G35140	64
AT2G34710	1279
AT2G39980	357
AT2G43580	3
AT2G37090	112
AT2G26865	0
AT2G31040	4194
AT2G40650	1007
AT2G35612	15
AT2G35470	376
AT2G06005	97
AT2G28590	65
AT2G37000	10
AT2G15000	567
AT2G42290	223
AT2G14835	1059
AT2G14765	0
AT2G25680	108
AT2G40480	829
AT2G23840	697
AT2G17030	288
AT2G39518	125
AT2G18960	18731
AT2G44590	3
AT2G47610	10438
AT2G24520	401
AT2G27840	1763
AT2G36870	777
AT2G02730	330
AT2G19340	2
AT2G13105	0
AT2G29490	675
AT2G48130	812
AT2G23230	1
AT2G26210	581
AT2G23050	224
AT2G40850	75
AT2G33370	4863
AT2G42920	244
AT2G19360	0
AT2G35340	199
AT2G20870	26
AT2G13810	14
AT2G33190	0
AT2G13370	1692
AT2G47160	925
AT2G17905	0
AT2G42840	7234
AT2G46240	424
AT2G34540	33
AT2G47410	962
AT2G45190	621
AT2G46880	169
AT2G05830	1507
AT2G27470	589
AT2G43070	1319
AT2G46375	7
AT2G47550	223
AT2G05635	1
AT2G31450	229
AT2G37540	458
AT2G30430	0
AT2G42880	2800
AT2G43530	1018
AT2G34360	13
AT2G02880	285
AT2G03010	75
AT2G18850	303
AT2G32310	0
AT2G17390	3988
AT2G03680	5177
AT2G48110	796
AT2G07190	0
AT2G20585	673
AT2G42580	1030
AT2G18390	530
AT2G37750	205
AT2G23220	2
AT2G35190	917
AT2G47830	387
AT2G41100	931
AT2G41200	231
AT2G31750	0
AT2G14775	34
AT2G05250	14
AT2G45040	25
AT2G01440	955
AT2G18010	8
AT2G07707	0
AT2G45270	778
AT2G02500	831
AT2G20720	0
AT2G40610	1192
AT2G20050	1520
AT2G34238	6
AT2G05720	0
AT2G17975	135
AT2G37870	44
AT2G45380	571
AT2G20597	0
AT2G23560	132
AT2G38470	588
AT2G43240	282
AT2G37680	441
AT2G42190	1052
AT2G01870	252
AT2G36460	5133
AT2G31180	24
AT2G02030	0
AT2G18860	456
AT2G16990	134
AT2G17660	11
AT2G34380	212
AT2G01730	70
AT2G01035	0
AT2G36500	58
AT2G40590	2935
AT2G43420	611
AT2G03430	352
AT2G29980	4601
AT2G10965	0
AT2G16630	498
AT2G45810	2179
AT2G07658	0
AT2G20760	3132
AT2G40570	275
AT2G42670	394
AT2G18480	65
AT2G43290	460
AT2G47330	1059
AT2G38550	2206
AT2G41690	5
AT2G05294	0
AT2G31035	0
AT2G17090	0
AT2G45440	1726
AT2G27070	0
AT2G24650	406
AT2G39120	76
AT2G04780	1643
AT2G07732	0
AT2G30270	350
AT2G34850	34
AT2G41505	23
AT2G48075	17
AT2G19670	535
AT2G05350	0
AT2G25660	1279
AT2G32690	6588
AT2G10020	0
AT2G19680	1743
AT2G37300	209
AT2G17340	1647
AT2G23120	6493
AT2G45250	838
AT2G14680	467
AT2G42230	1004
AT2G10450	0
AT2G28460	41
AT2G45320	104
AT2G28890	932
AT2G16280	1535
AT2G34470	1247
AT2G41600	561
AT2G27020	3838
AT2G42870	215
AT2G39470	3027
AT2G41530	3076
AT2G02765	153
AT2G01680	1100
AT2G33845	396
AT2G19450	1024
AT2G36210	32
AT2G30620	4689
AT2G29740	126
AT2G36220	83
AT2G37710	1465
AT2G41560	4024
AT2G36120	10862
AT2G13840	306
AT2G41910	0
AT2G18670	203
AT2G37150	227
AT2G01660	358
AT2G14760	2
AT2G24830	337
AT2G26720	0
AT2G31700	0
AT2G29370	61
AT2G44070	2
AT2G16780	1313
AT2G26420	73
AT2G04170	579
AT2G31310	8
AT2G01510	145
AT2G18230	902
AT2G41375	0
AT2G29530	854
AT2G02910	207
AT2G32270	144
AT2G39630	645
AT2G21650	167
AT2G06090	0
AT2G01070	636
AT2G32940	99
AT2G47885	0
AT2G20070	0
AT2G38110	514
AT2G23142	0
AT2G15270	567
AT2G36295	36
AT2G07800	0
AT2G29654	0
AT2G13895	0
AT2G24535	2
AT2G29220	0
AT2G46970	14
AT2G34190	511
AT2G04450	142
AT2G17360	9596
AT2G40955	2
AT2G22730	73
AT2G07655	4
AT2G32800	312
AT2G34820	0
AT2G41090	3266
AT2G04070	15
AT2G39260	1463
AT2G13570	16
AT2G25295	0
AT2G45070	3884
AT2G29550	5008
AT2G03190	0
AT2G05530	1
AT2G26880	0
AT2G26450	0
AT2G13900	1
AT2G44450	472
AT2G42730	62
AT2G24440	220
AT2G37110	2490
AT2G40690	423
AT2G03823	0
AT2G38180	323
AT2G42400	435
AT2G12900	0
AT2G31953	1
AT2G34890	0
AT2G41105	0
AT2G34230	5
AT2G45790	3152
AT2G24500	1562
AT2G30680	1
AT2G04680	29
AT2G21195	380
AT2G03380	81
AT2G18630	718
AT2G38340	4
AT2G16720	239
AT2G24780	0
AT2G18030	390
AT2G48160	2335
AT2G38330	977
AT2G40460	503
AT2G20330	1448
AT2G16016	0
AT2G31340	273
AT2G41020	318
AT2G32640	934
AT2G34317	0
AT2G37860	1876
AT2G38185	72
AT2G27900	1333
AT2G34240	24
AT2G40880	898
AT2G34460	1653
AT2G13770	0
AT2G14610	255
AT2G01410	10
AT2G20142	58
AT2G30090	0
AT2G03470	1029
AT2G36090	272
AT2G12205	0
AT2G14710	0
AT2G17220	452
AT2G29120	222
AT2G22510	415
AT2G11462	0
AT2G43730	0
AT2G19090	312
AT2G01430	36
AT2G28900	12104
AT2G03460	1
AT2G38280	1608
AT2G46170	1735
AT2G42910	1588
AT2G33870	0
AT2G45430	461
AT2G38730	493
AT2G36670	303
AT2G05230	14
AT2G15185	0
AT2G45940	3
AT2G21185	0
AT2G27315	5
AT2G16300	0
AT2G43130	506
AT2G29525	62
AT2G18550	8
AT2G30490	5828
AT2G11620	0
AT2G24230	329
AT2G22970	387
AT2G16570	195
AT2G46160	154
AT2G46915	976
AT2G02770	0
AT2G18380	100
AT2G23000	354
AT2G29140	1331
AT2G14045	454
AT2G28000	23669
AT2G22230	1430
AT2G29210	2032
AT2G25060	1588
AT2G17270	171
AT2G01790	1
AT2G18570	426
AT2G47180	160
AT2G04063	0
AT2G16700	1134
AT2G21385	1566
AT2G45720	323
AT2G39410	32
AT2G39900	1654
AT2G47700	1340
AT2G13965	195
AT2G24250	73
AT2G04795	78
AT2G39250	304
AT2G41473	0
AT2G30575	328
AT2G40640	171
AT2G44065	955
AT2G34357	2186
AT2G46210	0
AT2G28600	1052
AT2G27610	105
AT2G16200	0
AT2G31650	394
AT2G41080	251
AT2G42330	277
AT2G18460	1
AT2G13600	149
AT2G03260	46
AT2G16530	286
AT2G42270	712
AT2G26010	82
AT2G37600	1463
AT2G07290	0
AT2G28640	0
AT2G43450	1
AT2G32340	56
AT2G41340	216
AT2G24255	3
AT2G25840	1592
AT2G25240	28
AT2G34224	0
AT2G32880	450
AT2G47640	1056
AT2G31335	0
AT2G06983	0
AT2G07110	0
AT2G34930	163
AT2G40960	203
AT2G26540	908
AT2G22190	604
AT2G07727	6
AT2G36310	1509
AT2G03280	248
AT2G41445	8
AT2G45410	4
AT2G20190	2029
AT2G29250	1
AT2G37920	987
AT2G46460	0
AT2G19146	2
AT2G31960	2537
AT2G07691	0
AT2G32140	17
AT2G40730	1726
AT2G29380	5
AT2G37420	559
AT2G25340	0
AT2G22805	0
AT2G46100	1065
AT2G06530	1700
AT2G20150	1
AT2G20800	37
AT2G07787	1
AT2G45510	349
AT2G40790	5
AT2G02023	0
AT2G05645	0
AT2G20020	1699
AT2G03913	0
AT2G38160	170
AT2G28910	5047
AT2G26500	19730
AT2G06095	0
AT2G12405	0
AT2G46870	384
AT2G42150	9
AT2G29130	19
AT2G28540	1046
AT2G26460	668
AT2G01818	61
AT2G25700	0
AT2G15360	0
AT2G37460	1079
AT2G20290	471
AT2G41260	12
AT2G15327	0
AT2G16490	0
AT2G25185	0
AT2G30630	5
AT2G38400	457
AT2G30250	296
AT2G04570	543
AT2G45970	1227
AT2G27110	729
AT2G38920	17
AT2G44260	0
AT2G47350	344
AT2G24720	0
AT2G15320	318
AT2G16019	0
AT2G15460	0
AT2G21770	60
AT2G25290	261
AT2G46920	745
AT2G15325	0
AT2G34020	192
AT2G25900	579
AT2G24620	0
AT2G42720	34
AT2G22940	0
AT2G33800	13940
AT2G24610	165
AT2G23530	192
AT2G46300	10
AT2G31350	734
AT2G25810	768
AT2G03600	3
AT2G33300	0
AT2G31400	12492
AT2G29430	0
AT2G03160	0
AT2G22055	9
AT2G04270	1061
AT2G23987	0
AT2G04060	0
AT2G20465	0
AT2G39830	177
AT2G14620	88
AT2G26350	381
AT2G11205	0
AT2G35950	15
AT2G31150	317
AT2G42455	0
AT2G30280	316
AT2G02498	0
AT2G33340	2830
AT2G33790	646
AT2G16600	22713
AT2G31850	0
AT2G30930	639
AT2G45670	1296
AT2G19160	479
AT2G19270	588
AT2G32885	0
AT2G36020	5
AT2G21590	298
AT2G42890	563
AT2G40310	0
AT2G20820	3680
AT2G33980	88
AT2G25070	1024
AT2G32840	207
AT2G02620	7
AT2G26515	36
AT2G23350	8697
AT2G47870	16
AT2G23540	781
AT2G13620	0
AT2G43430	379
AT2G32090	467
AT2G01460	409
AT2G07675	0
AT2G46080	578
AT2G30720	358
AT2G26840	337
AT2G27800	103
AT2G29310	1014
AT2G27360	357
AT2G31900	46
AT2G30830	1
AT2G02840	0
AT2G12170	34
AT2G41997	0
AT2G40130	404
AT2G24681	1
AT2G22122	427
AT2G31890	850
AT2G27000	237
AT2G37270	5060
AT2G05380	15067
AT2G31345	0
AT2G45403	0
AT2G04880	978
AT2G27650	1
AT2G42740	716
AT2G22770	327
AT2G03420	0
AT2G01770	0
AT2G16390	391
AT2G12465	2
AT2G37470	1870
AT2G11890	2066
AT2G29590	236
AT2G21200	8
AT2G15880	313
AT2G36050	106
AT2G22420	143
AT2G37250	2211
AT2G30432	24
AT2G15770	0
AT2G23740	641
AT2G44650	4516
AT2G28860	1
AT2G23030	456
AT2G02000	20
AT2G43865	0
AT2G25620	786
AT2G31600	91
AT2G43870	64
AT2G45870	100
AT2G47150	4
AT2G41540	1124
AT2G02780	369
AT2G38710	1142
AT2G05540	190
AT2G43930	13
AT2G44430	485
AT2G32970	515
AT2G39480	904
AT2G34480	17263
AT2G43780	702
AT2G04800	156
AT2G21250	3962
AT2G37200	539
AT2G04240	280
AT2G28950	2474
AT2G18100	75
AT2G31730	155
AT2G30424	298
AT2G01600	1272
AT2G25650	132
AT2G29995	189
AT2G29110	7
AT2G15890	4882
AT2G31940	49
AT2G28870	56
AT2G43386	0
AT2G20990	6044
AT2G45560	2429
AT2G23830	4
AT2G21820	3
AT2G42610	461
AT2G37925	21
AT2G05185	31
AT2G07626	0
AT2G27507	0
AT2G45260	672
AT2G45420	17
AT2G36815	0
AT2G38640	220
AT2G27050	2365
AT2G47460	336
AT2G21990	6
AT2G15170	0
AT2G22340	1
AT2G14060	2
AT2G36910	2946
AT2G07654	0
AT2G31030	1
AT2G27350	1128
AT2G26975	508
AT2G15860	1048
AT2G36570	1789
AT2G42395	47
AT2G40120	226
AT2G28660	324
AT2G25490	2523
AT2G20370	949
AT2G28170	0
AT2G20270	1484
AT2G13350	0
AT2G43020	1880
AT2G43970	8252
AT2G30505	61
AT2G01270	1006
AT2G35880	1450
AT2G34750	2189
AT2G22088	5
AT2G20805	0
AT2G44578	7
AT2G02800	1291
AT2G20495	187
AT2G42070	1091
AT2G41940	678
AT2G35050	3758
AT2G21600	903
AT2G03440	3610
AT2G40350	37
AT2G33840	1268
AT2G33490	398
AT2G01930	387
AT2G14755	0
AT2G38255	4
AT2G03480	729
AT2G41510	52
AT2G25800	1274
AT2G01100	1164
AT2G02470	660
AT2G34450	144
AT2G21680	0
AT2G05755	263
AT2G29660	450
AT2G22870	552
AT2G44250	6
AT2G33120	1398
AT2G19780	126
AT2G10625	0
AT2G25690	199
AT2G30260	946
AT2G01505	148
AT2G41417	0
AT2G23080	524
AT2G28105	45
AT2G05710	10031
AT2G35230	415
AT2G36170	3979
AT2G25540	1
AT2G17720	1768
AT2G40550	591
AT2G37780	0
AT2G17570	136
AT2G37990	2270
AT2G30960	143
AT2G31250	38
AT2G38900	0
AT2G18830	0
AT2G16485	1658
AT2G43520	188
AT2G47780	12
AT2G03000	0
AT2G27990	45
AT2G03200	194
AT2G35000	126
AT2G15310	88
AT2G13610	595
AT2G21655	0
AT2G16020	0
AT2G47200	0
AT2G25710	636
AT2G05580	5
AT2G18890	245
AT2G35710	64
AT2G46535	530
AT2G44000	17
AT2G28080	799
AT2G14520	99
AT2G43190	145
AT2G17120	482
AT2G25280	789
AT2G31010	649
AT2G20490	1323
AT2G40770	502
AT2G43280	248
AT2G35280	0
AT2G43480	95
AT2G44300	433
AT2G23980	947
AT2G27450	1524
AT2G41430	14913
AT2G25920	262
AT2G32580	1058
AT2G31170	1062
AT2G39510	524
AT2G23570	5
AT2G27260	390
AT2G22465	0
AT2G47050	9
AT2G29880	0
AT2G23945	0
AT2G43630	1567
AT2G21540	332
AT2G47140	224
AT2G07706	0
AT2G01760	240
AT2G18560	206
AT2G33360	298
AT2G11271	0
AT2G40050	7
AT2G43250	193
AT2G11810	685
AT2G23760	680
AT2G33050	0
AT2G24625	0
AT2G31720	0
AT2G19040	0
AT2G45840	0
AT2G26030	203
AT2G31540	10
AT2G27030	3051
AT2G31660	2419
AT2G45900	206
AT2G18920	0
AT2G36700	0
AT2G22290	16
AT2G48030	496
AT2G33855	1224
AT2G42830	0
AT2G07775	0
AT2G46995	0
AT2G22900	698
AT2G30942	54
AT2G21900	6
AT2G38220	12
AT2G46567	0
AT2G44600	104
AT2G34620	681
AT2G18760	437
AT2G39690	113
AT2G22780	2857
AT2G46830	41
AT2G23210	1
AT2G35740	0
AT2G31370	748
AT2G15530	905
AT2G02680	146
AT2G43600	33
AT2G28410	296
AT2G07714	0
AT2G06105	0
AT2G39710	300
AT2G02510	2201
AT2G17980	1716
AT2G04100	119
AT2G20790	716
AT2G18328	679
AT2G42700	656
AT2G31780	0
AT2G42060	26
AT2G41380	631
AT2G45950	332
AT2G21380	1997
AT2G11405	0
AT2G38465	325
AT2G19210	0
AT2G36130	999
AT2G21210	744
AT2G42110	229
AT2G17305	0
AT2G17160	0
AT2G24260	404
AT2G06541	0
AT2G21910	0
AT2G37480	1982
AT2G42990	19
AT2G26370	17
AT2G22145	0
AT2G19650	52
AT2G24590	1490
AT2G01480	508
AT2G35830	803
AT2G28420	22
AT2G04520	2906
AT2G20980	232
AT2G27750	0
AT2G43610	1165
AT2G45310	0
AT2G06425	0
AT2G35680	1763
AT2G46860	56
AT2G44240	0
AT2G39920	487
AT2G07722	0
AT2G19990	235
AT2G35720	652
AT2G47810	17
AT2G24390	283
AT2G16270	498
AT2G42440	8
AT2G37510	180
AT2G34520	1134
AT2G44120	7260
AT2G20680	253
AT2G28810	535
AT2G22060	0
AT2G21690	0
AT2G27780	0
AT2G18915	485
AT2G42725	0
AT2G07632	0
AT2G34530	58
AT2G19050	1
AT2G12400	791
AT2G30000	329
AT2G46455	14
AT2G37100	202
AT2G15440	138
AT2G29890	535
AT2G30870	13566
AT2G43960	1
AT2G03565	0
AT2G24190	220
AT2G01170	1650
AT2G43820	686
AT2G22560	256
AT2G39800	2363
AT2G03030	0
AT2G43010	1287
AT2G27970	794
AT2G41760	242
AT2G46490	1158
AT2G25260	193
AT2G02140	0
AT2G17050	51
AT2G13650	314
AT2G31957	0
AT2G35500	2154
AT2G47910	1788
AT2G14846	2
AT2G23640	0
AT2G11025	0
AT2G01210	177
AT2G46493	3
AT2G25520	2692
AT2G38360	515
AT2G34630	1097
AT2G35733	1
AT2G29910	199
AT2G19900	15
AT2G18050	30
AT2G43990	125
AT2G07749	0
AT2G05940	660
AT2G03760	372
AT2G27460	637
AT2G01470	1689
AT2G34960	87
AT2G39375	0
AT2G11200	0
AT2G42950	189
AT2G47130	459
AT2G16790	167
AT2G40990	0
AT2G14750	2667
AT2G18025	1
AT2G43210	730
AT2G45470	4596
AT2G24645	176
AT2G14540	0
AT2G27510	3877
AT2G21610	6
AT2G26830	390
AT2G41450	87
AT2G22660	2560
AT2G39050	256
AT2G33690	0
AT2G24683	3
AT2G22800	102
AT2G37770	82
AT2G02720	3
AT2G24050	2128
AT2G35540	227
AT2G41970	95
AT2G07656	0
AT2G13463	0
AT2G36530	26198
AT2G16750	441
AT2G43040	285
AT2G45750	544
AT2G43560	3423
AT2G09840	0
AT2G44010	97
AT2G44860	2664
AT2G23170	361
AT2G39180	197
AT2G19550	8
AT2G14580	233
AT2G28070	613
AT2G04500	10
AT2G02061	16
AT2G45100	222
AT2G21530	2746
AT2G17525	190
AT2G29125	40
AT2G24290	567
AT2G35345	13
AT2G05170	1401
AT2G03670	251
AT2G20770	93
AT2G21050	1040
AT2G36330	276
AT2G23200	273
AT2G31300	170
AT2G47620	495
AT2G19280	222
AT2G19590	1382
AT2G15180	0
AT2G27170	1263
AT2G32930	226
AT2G33710	81
AT2G04925	0
AT2G23240	1
AT2G47720	0
AT2G21260	2
AT2G07310	0
AT2G41070	81
AT2G22820	0
AT2G05600	0
AT2G30530	435
AT2G21920	0
AT2G45220	411
AT2G17850	96
AT2G20540	59
AT2G19120	179
AT2G34400	142
AT2G46410	72
AT2G25780	5
AT2G31480	5
AT2G37880	21
AT2G02103	0
AT2G17640	277
AT2G35060	605
AT2G30160	480
AT2G19070	0
AT2G02026	0
AT2G33100	14
AT2G20530	1788
AT2G41720	1364
AT2G01570	1704
AT2G17280	599
AT2G25220	76
AT2G44800	0
AT2G28330	75
AT2G28550	2630
AT2G15560	780
AT2G17690	0
AT2G27120	6
AT2G17800	1077
AT2G33700	436
AT2G30560	1
AT2G16060	2241
AT2G24810	1
AT2G30170	742
AT2G05753	0
AT2G25964	121
AT2G46980	267
AT2G34040	1571
AT2G46505	1838
AT2G18196	152
AT2G16660	2293
AT2G20605	0
AT2G40935	162
AT2G39865	0
AT2G32730	4712
AT2G20560	157
AT2G13660	0
AT2G42005	15
AT2G04137	0
AT2G12646	186
AT2G16220	0
AT2G04630	1102
AT2G27660	580
AT2G22610	617
AT2G18240	230
AT2G44970	925
AT2G32440	764
AT2G17770	29
AT2G45460	290
AT2G16050	112
AT2G01360	0
AT2G01620	576
AT2G46810	192
AT2G05360	0
AT2G36680	425
AT2G14850	217
AT2G03580	0
AT2G27520	2
AT2G25560	365
AT2G02010	302
AT2G22590	207
AT2G28370	765
AT2G29400	1478
AT2G24540	0
AT2G37410	3241
AT2G40765	1880
AT2G11815	7
AT2G38120	2160
AT2G43100	5071
AT2G34060	262
AT2G23096	0
AT2G32410	241
AT2G36900	452
AT2G30370	57
AT2G13510	0
AT2G31550	3
AT2G37170	4722
AT2G29570	679
AT2G46290	217
AT2G05920	5738
AT2G26430	900
AT2G39730	134266
AT2G26200	978
AT2G29940	82
AT2G28120	114
AT2G38140	6641
AT2G14692	0
AT2G23410	80
AT2G27080	129
AT2G41240	229
AT2G10920	0
AT2G40095	120
AT2G37690	868
AT2G02835	1
AT2G34260	359
AT2G25370	0
AT2G20900	929
AT2G26770	1112
AT2G34000	2
AT2G14900	349
AT2G18938	11
AT2G31985	4
AT2G41210	87
AT2G37340	1715
AT2G42850	62
AT2G07665	0
AT2G17442	110
AT2G37640	1470
AT2G40000	502
AT2G46570	15
AT2G47980	2151
AT2G47115	0
AT2G43890	0
AT2G18470	73
AT2G03890	2163
AT2G19385	475
AT2G24210	0
AT2G07565	0
AT2G19510	0
AT2G27600	2862
AT2G44050	2414
AT2G25670	3556
AT2G45640	1770
AT2G36880	17235
AT2G35690	399
AT2G27250	0
AT2G04300	0
AT2G37440	47
AT2G30766	534
AT2G20700	6
AT2G30660	37
AT2G35650	608
AT2G34050	380
AT2G03822	1
AT2G32460	0
AT2G22520	0
AT2G36790	0
AT2G17140	183
AT2G39230	73
AT2G25850	776
AT2G22905	12
AT2G39740	352
AT2G28270	5
AT2G47310	276
AT2G02493	0
AT2G36390	4712
AT2G23620	79
AT2G21190	898
AT2G27880	1
AT2G40800	1073
AT2G46990	10
AT2G17020	498
AT2G06010	604
AT2G19750	3071
AT2G03350	640
AT2G37210	53
AT2G47530	26
AT2G26100	492
AT2G32790	3
AT2G20830	799
AT2G41050	194
AT2G02090	958
AT2G44198	0
AT2G04041	0
AT2G30050	2012
AT2G36290	1876
AT2G23300	250
AT2G25320	1143
AT2G03930	0
AT2G32590	388
AT2G20390	542
AT2G35040	3391
AT2G20160	0
AT2G03140	1235
AT2G31620	1
AT2G13550	127
AT2G13820	968
AT2G46090	716
AT2G06510	413
AT2G33350	9
AT2G36800	397
AT2G11045	0
AT2G43540	323
AT2G13980	0
AT2G34270	0
AT2G01630	665
AT2G17180	0
AT2G14530	332
AT2G04560	85
AT2G28060	218
AT2G34350	3
AT2G33480	236
AT2G34900	872
AT2G34830	64
AT2G01750	470
AT2G13126	0
AT2G14810	0
AT2G31830	33
AT2G05655	2
AT2G03505	105
AT2G45680	0
AT2G36690	485
AT2G34555	4
AT2G41740	2445
AT2G37840	547
AT2G11035	91
AT2G30780	453
AT2G46530	262
AT2G13500	0
AT2G34680	2523
AT2G39330	34
AT2G20616	0
AT2G16676	0
AT2G41130	245
AT2G07637	0
AT2G22260	106
AT2G43110	649
AT2G31140	825
AT2G25870	2641
AT2G22450	1404
AT2G20650	279
AT2G38790	0
AT2G22010	942
AT2G41850	14
AT2G20860	4567
AT2G43310	26
AT2G41680	5800
AT2G27090	576
AT2G35605	642
AT2G23610	1322
AT2G29450	2597
AT2G28990	77
AT2G47060	544
AT2G33180	994
AT2G43180	358
AT2G27270	0
AT2G10970	0
AT2G30890	82
AT2G01610	254
AT2G29800	0
AT2G38630	363
AT2G02890	0
AT2G41110	376
AT2G05260	274
AT2G36724	0
AT2G25470	64
AT2G45700	697
AT2G06020	0
AT2G36660	43
AT2G17000	0
AT2G23460	981
AT2G31530	552
AT2G04865	1001
AT2G44640	1514
AT2G23940	643
AT2G19290	0
AT2G30520	1207
AT2G33685	0
AT2G24040	169
AT2G38770	1715
AT2G01250	17120
AT2G20340	395
AT2G21110	0
AT2G38560	782
AT2G20180	330
AT2G46310	145
AT2G48090	145
AT2G32960	329
AT2G03710	116
AT2G17710	281
AT2G14365	0
AT2G07772	0
AT2G20210	105
AT2G36026	82
AT2G48000	383
AT2G30480	119
AT2G33735	119
AT2G29440	155
AT2G04845	299
AT2G21790	2978
AT2G02950	434
AT2G02870	1281
AT2G18540	3
AT2G10557	0
AT2G10440	1
AT2G33290	450
AT2G32765	173
AT2G19300	0
AT2G04390	3986
AT2G04860	88
AT2G47370	98
AT2G29580	411
AT2G38646	2
AT2G29750	283
AT2G33110	76
AT2G43440	32
AT2G10975	0
AT2G07040	1
AT2G21860	1965
AT2G39160	0
AT2G48150	6
AT2G45150	282
AT2G03060	163
AT2G30420	81
AT2G02610	26
AT2G21727	0
AT2G47570	0
AT2G47670	33
AT2G01710	533
AT2G18280	1417
AT2G46680	708
AT2G29960	1652
AT2G30900	4
AT2G28720	2461
AT2G35260	3637
AT2G28430	643
AT2G41230	32
AT2G46750	271
AT2G28500	32
AT2G43390	26
AT2G45600	178
AT2G39360	400
AT2G23110	3
AT2G29360	1180
AT2G44350	4362
AT2G04037	0
AT2G30590	724
AT2G36380	2560
AT2G25625	272
AT2G24945	111
AT2G21160	5408
AT2G40925	2
AT2G21290	2061
AT2G20825	6
AT2G26620	0
AT2G34510	978
AT2G26390	3
AT2G18520	303
AT2G38820	272
AT2G27760	246
AT2G23930	2248
AT2G02525	0
AT2G01920	0
AT2G29990	354
AT2G05140	0
AT2G32820	0
AT2G18110	2282
AT2G28815	16
AT2G19480	5804
AT2G47430	1
AT2G17760	696
AT2G28450	946
AT2G35035	85
AT2G33510	330
AT2G29045	0
AT2G37960	92
AT2G43340	391
AT2G33630	1005
AT2G30395	43
AT2G27240	0
AT2G24570	577
AT2G14825	79
AT2G32050	0
AT2G07642	1
AT2G40715	5
AT2G30070	665
AT2G30650	0
AT2G31930	1
AT2G38950	990
AT2G36650	70
AT2G32500	781
AT2G37220	46086
AT2G29930	0
AT2G39350	520
AT2G36370	133
AT2G40300	897
AT2G45820	3073
AT2G43650	1970
AT2G45480	124
AT2G26300	1228
AT2G40995	0
AT2G24060	2774
AT2G19730	10495
AT2G43860	0
AT2G21440	1904
AT2G31060	2262
AT2G25970	3987
AT2G06565	0
AT2G28790	2221
AT2G10940	31924
AT2G07692	0
AT2G25100	406
AT2G05220	5280
AT2G30550	279
AT2G47510	5146
AT2G40810	145
AT2G19380	89
AT2G24470	0
AT2G43840	52
AT2G44530	1188
AT2G29840	0
AT2G35430	144
AT2G33796	0
AT2G01350	1878
AT2G14440	0
AT2G29925	0
AT2G14070	2
AT2G39430	321
AT2G35940	851
AT2G44940	426
AT2G22790	50
AT2G01910	1057
AT2G03690	316
AT2G25344	0
AT2G01110	2901
AT2G18465	243
AT2G19430	651
AT2G14830	0
AT2G45170	552
AT2G45710	628
AT2G17670	460
AT2G45850	816
AT2G01810	3
AT2G26930	1329
AT2G36410	1417
AT2G03090	2510
AT2G38995	105
AT2G47030	12
AT2G22430	4985
AT2G16385	80
AT2G41120	62
AT2G45030	1314
AT2G31290	159
AT2G03933	0
AT2G29330	163
AT2G33320	321
AT2G44740	110
AT2G32295	344
AT2G07718	0
AT2G33470	1756
AT2G02695	0
AT2G26190	646
AT2G15130	13
AT2G41390	0
AT2G25440	4
AT2G26600	503
AT2G17950	0
AT2G14800	20
AT2G02350	36
AT2G44735	74
AT2G28130	238
AT2G44900	528
AT2G07659	0
AT2G40475	437
AT2G33380	45
AT2G22980	268
AT2G29470	4
AT2G20890	9132
AT2G17110	421
AT2G40205	13
AT2G17450	706
AT2G37060	213
AT2G29735	0
AT2G37040	8186
AT2G16015	0
AT2G36835	1421
AT2G42940	0
AT2G34585	1397
AT2G02410	391
AT2G02850	136
AT2G07240	0
AT2G32785	0
AT2G11910	4250
AT2G30950	20010
AT2G36270	156
AT2G30985	0
AT2G36850	2707
AT2G33860	1205
AT2G37720	31
AT2G31220	11
AT2G32480	1767
AT2G06675	0
AT2G24670	0
AT2G42490	3068
AT2G37125	0
AT2G45800	2
AT2G40815	222
AT2G39805	376
AT2G29850	0
AT2G04910	0
AT2G16360	8
AT2G18210	62
AT2G25737	392
AT2G45160	1046
AT2G32030	28
AT2G19850	1
AT2G22040	0
AT2G22620	130
AT2G10930	18
AT2G03510	1096
AT2G26060	855
AT2G05630	501
AT2G33200	0
AT2G15500	0
AT2G20440	356
AT2G18450	136
AT2G37560	125
AT2G45930	4
AT2G30330	334
AT2G22200	49
AT2G01450	1937
AT2G38000	444
AT2G39560	112
AT2G48020	802
AT2G27340	151
AT2G16018	0
AT2G26950	0
AT2G37700	40
AT2G35010	812
AT2G47920	147
AT2G29390	777
AT2G31610	9702
AT2G16250	288
AT2G31260	607
AT2G36470	349
AT2G47860	341
AT2G43700	124
AT2G16040	0
AT2G24140	28
AT2G47340	3
AT2G24285	2
AT2G10545	0
AT2G22540	1293
AT2G18180	19
AT2G34070	413
AT2G05620	1579
AT2G37035	497
AT2G11891	5
AT2G40085	117
AT2G32920	2240
AT2G19110	1403
AT2G33830	4817
AT2G15680	0
AT2G16594	0
AT2G17787	187
AT2G17780	282
AT2G34980	26
AT2G38370	524
AT2G14260	1370
AT2G34370	3
AT2G43535	1044
AT2G44200	669
AT2G16730	9
AT2G07648	0
AT2G18940	1769
AT2G35370	17017
AT2G30600	1817
AT2G13630	0
AT2G37890	151
AT2G15340	1
AT2G07678	0
AT2G30200	2349
AT2G30120	284
AT2G40860	302
AT2G14247	303
AT2G02360	520
AT2G15480	520
AT2G40270	307
AT2G39650	139
AT2G33847	67
AT2G28150	583
AT2G24360	2322
AT2G06925	2117
AT2G47490	372
AT2G29452	0
AT2G01240	0
AT2G30980	2138
AT2G26135	0
AT2G46960	0
AT2G46630	1005
AT2G41470	1
AT2G36490	935
AT2G42790	1262
AT2G27820	1257
AT2G30320	649
AT2G43260	373
AT2G27830	412
AT2G18800	152
AT2G35850	0
AT2G42860	19
AT2G23348	19
AT2G33030	0
AT2G34186	0
AT2G22670	4617
AT2G26910	2831
AT2G42360	0
AT2G20875	85
AT2G47600	959
AT2G31580	211
AT2G12190	117
AT2G38830	50
AT2G27740	96
AT2G34590	3009
AT2G01670	1409
AT2G06850	3744
AT2G25310	982
AT2G07773	3
AT2G40250	2
AT2G30540	140
AT2G30100	357
AT2G44460	109
AT2G17520	832
AT2G39810	986
AT2G17410	1609
AT2G05370	0
AT2G21940	326
AT2G45140	1040
AT2G44190	153
AT2G40620	447
AT2G35090	0
AT2G30385	0
AT2G01820	2411
AT2G45730	1025
AT2G35860	173
AT2G22740	275
AT2G45890	119
AT2G07627	0
AT2G32870	545
AT2G21730	2
AT2G34355	152
AT2G19802	1
AT2G47480	7
AT2G26760	519
AT2G34420	0
AT2G16870	80
AT2G14378	0
AT2G16920	939
AT2G18770	351
AT2G23630	254
AT2G02980	186
AT2G21970	1199
AT2G11570	0
AT2G26780	1192
AT2G38680	258
AT2G05210	425
AT2G21235	0
AT2G35840	2740
AT2G44290	203
AT2G36145	2457
AT2G02550	0
AT2G13720	0
AT2G31018	0
AT2G42250	0
AT2G36255	0
AT2G24990	884
AT2G40180	13
AT2G22840	893
AT2G44840	31
AT2G46380	182
AT2G21130	2082
AT2G32390	526
AT2G39540	0
AT2G20960	1425
AT2G41990	197
AT2G45860	833
AT2G17040	128
AT2G37360	3
AT2G33600	574
AT2G44130	0
AT2G34970	1213
AT2G22630	14
AT2G19710	333
AT2G47820	102
AT2G22240	496
AT2G18270	0
AT2G35640	0
AT2G15960	1217
AT2G22300	1262
AT2G17550	251
AT2G17200	2659
AT2G44790	2012
AT2G17970	253
AT2G22160	0
AT2G04025	41
AT2G42390	399
AT2G35290	20
AT2G02515	1
AT2G44380	235
AT2G26290	86
AT2G45080	51
AT2G16760	87
AT2G34150	154
AT2G37120	813
AT2G10608	0
AT2G30910	315
AT2G42160	343
AT2G47840	1989
AT2G22080	1535
AT2G36730	163
AT2G26610	1
AT2G27530	9222
AT2G32120	71
AT2G22030	0
AT2G40470	61
AT2G27550	542
AT2G04440	1
AT2G27230	2020
AT2G45540	2429
AT2G21980	0
AT2G21740	0
AT2G38152	14
AT2G32700	2627
AT2G41190	160
AT2G37670	32
AT2G35750	10
AT2G07669	0
AT2G17930	1707
AT2G03740	0
AT2G31500	4
AT2G24205	0
AT2G36260	1
AT2G40745	0
AT2G39040	93
AT2G13845	0
AT2G36990	3101
AT2G24370	1
AT2G29540	408
AT2G36350	724
AT2G34660	2769
AT2G32430	339
AT2G31280	564
AT2G22500	814
AT2G31981	0
AT2G04690	423
AT2G02740	908
AT2G06904	0
AT2G17730	372
AT2G40430	2561
AT2G24395	476
AT2G21620	3226
AT2G42480	0
AT2G39500	421
AT2G02497	0
AT2G03130	3
AT2G07633	2
AT2G44950	705
AT2G20500	0
AT2G46770	1
AT2G23450	657
AT2G46260	962
AT2G41710	483
AT2G32510	82
AT2G43470	16
AT2G40140	1527
AT2G03370	8
AT2G05420	0
AT2G29090	246
AT2G07776	0
AT2G46790	66
AT2G44310	1821
AT2G15318	3
AT2G47935	5
AT2G22100	380
AT2G26980	995
AT2G35300	0
AT2G07140	1
AT2G46780	260
AT2G44500	376
AT2G10950	461
AT2G20470	1
AT2G39780	2146
AT2G27730	4222
AT2G01310	1
AT2G17500	667
AT2G24790	3485
AT2G32450	569
AT2G21320	74
AT2G17043	0
AT2G38490	3
AT2G30360	0
AT2G25930	1749
AT2G29650	2765
AT2G32487	83
AT2G21595	0
AT2G40004	0
AT2G41160	406
AT2G31083	32
AT2G20595	0
AT2G23310	892
AT2G27210	1021
AT2G24070	35
AT2G24220	74
AT2G29920	0
AT2G34560	1833
AT2G21450	4
AT2G18650	78
AT2G23067	0
AT2G38210	359
AT2G34825	0
AT2G46480	4
AT2G41290	125
AT2G36240	655
AT2G44570	48
AT2G26410	17
AT2G07810	0
AT2G38823	31
AT2G46500	1540
AT2G34123	3
AT2G25430	2316
AT2G15570	452
AT2G28670	20
AT2G44830	722
AT2G02480	600
AT2G39880	148
AT2G42310	2386
AT2G04280	1
AT2G35990	1
AT2G29020	868
AT2G30670	85
AT2G21880	81
AT2G30240	0
AT2G25510	2832
AT2G21330	16804
AT2G15695	727
AT2G28800	10797
AT2G01530	968
AT2G07815	0
AT2G27229	0
AT2G04430	171
AT2G44680	677
AT2G37820	12
AT2G07643	1
AT2G15345	0
AT2G16210	0
AT2G03320	1
AT2G23790	736
AT2G19410	4
AT2G15420	0
AT2G21045	635
AT2G40170	3
AT2G23755	43
AT2G47710	1897
AT2G30390	3232
AT2G18200	0
AT2G34410	495
AT2G04190	3
AT2G32320	337
AT2G39851	0
AT2G42810	1554
AT2G35130	893
AT2G25500	0
AT2G24000	6
AT2G25410	0
AT2G32080	2260
AT2G19600	617
AT2G36950	932
AT2G07835	4
AT2G35795	598
AT2G37030	9
AT2G32400	599
AT2G29340	574
AT2G03270	311
AT2G40711	41
AT2G35790	1258
AT2G29460	93
AT2G31200	807
AT2G24580	635
AT2G38040	8305
AT2G25305	0
AT2G34810	275
AT2G44160	3795
AT2G03770	4
AT2G07687	1
AT2G24460	0
AT2G04066	0
AT2G26920	776
AT2G28490	0
AT2G32835	0
AT2G19540	2240
AT2G40190	333
AT2G33060	97
AT2G37900	10
AT2G29150	0
AT2G04400	1725
AT2G23250	0
AT2G14635	0
AT2G31390	3977
AT2G27630	7
AT2G03210	0
AT2G01755	0
AT2G45210	132
AT2G21660	137276
AT2G25125	0
AT2G03570	0
AT2G02130	5133
AT2G37970	428
AT2G15020	16
AT2G43000	24
AT2G43850	398
AT2G30690	7
AT2G20120	364
AT2G24820	2000
AT2G03667	299
AT2G46900	894
AT2G36080	308
AT2G23093	123
AT2G03390	1583
AT2G26000	218
AT2G20740	550
AT2G32600	938
AT2G41010	152
AT2G04032	65
AT2G19970	1220
AT2G28360	697
AT2G22270	390
AT2G43660	7
AT2G46180	505
AT2G39400	255
AT2G20610	3237
AT2G26570	1628
AT2G28690	119
AT2G20619	0
AT2G40240	100
AT2G07751	0
AT2G01050	0
AT2G34090	504
AT2G17370	382
AT2G27490	259
AT2G04195	0
AT2G08990	0
AT2G07595	0
AT2G09135	0
AT2G06395	1
AT2G09755	0
AT2G04835	0
AT2G05005	0
AT2G08365	0
AT2G09180	0
AT2G05495	0
AT2G07885	0
AT2G09170	1
AT2G03885	0
AT2G08465	3
AT2G08355	0
AT2G09955	0
AT2G08075	0
AT2G04085	0
AT2G08545	1
AT2G09265	0
AT2G08220	55
AT2G09270	0
AT2G05875	0
AT2G06365	0
AT2G08175	0
AT2G05865	0
AT2G09005	0
AT2G07645	1
AT2G09285	0
AT2G08450	0
AT2G09185	0
AT2G07285	0
AT2G09250	0
AT2G08675	0
AT2G04785	0
AT2G23040	146
AT2G05215	11
AT2G08160	0
AT2G09765	0
AT2G04745	0
AT2G08010	0
AT2G09770	0
AT2G04635	0
AT2G05885	0
AT2G08955	0
AT2G08880	0
AT2G08535	0
AT2G04685	0
AT2G08560	0
AT2G08645	0
AT2G08210	0
AT2G06655	0
AT2G09590	0
AT2G05575	0
AT2G04325	0
AT2G08835	0
AT2G07585	14
AT2G06175	0
AT2G08570	0
AT2G03945	0
AT2G08735	44
AT2G06725	0
AT2G05965	0
AT2G08890	0
AT2G07840	0
AT2G08385	0
AT2G06315	0
AT2G08945	1
AT2G08925	0
AT2G07940	0
AT2G08250	1
AT2G04175	0
AT2G06955	0
AT2G09750	0
AT2G06995	4
AT2G08165	0
AT2G05555	0
AT2G08830	0
AT2G05975	0
AT2G04665	0
AT2G08305	0
AT2G05395	0
AT2G09725	0
AT2G04345	0
AT2G04465	0
AT2G06415	0
AT2G09195	1
AT2G04005	0
AT2G09385	0
AT2G08895	0
AT2G08495	0
AT2G03985	0
AT2G06705	0
AT2G06575	0
AT2G09015	0
AT2G06035	0
AT2G04365	0
AT2G05945	0
AT2G07545	0
AT2G08950	6
AT2G04815	0
AT2G09255	0
AT2G05695	8
AT2G08415	0
AT2G09060	0
AT2G07960	1
AT2G06975	2
AT2G06495	0
AT2G05425	0
AT2G04505	0
AT2G24592	226
AT2G05905	0
AT2G04605	0
AT2G08200	0
AT2G09280	0
AT2G09550	0
AT2G04405	0
AT2G09835	1
AT2G08455	1
AT2G08310	0
AT2G09330	0
AT2G08155	0
AT2G08115	0
AT2G06585	0
AT2G05545	0
AT2G09555	0
AT2G09040	0
AT2G04225	1
AT2G06185	1
AT2G08095	0
AT2G05515	0
AT2G08705	0
AT2G08315	3
AT2G07555	0
AT2G07865	0
AT2G09620	0
AT2G08620	0
AT2G08995	0
AT2G08045	0
AT2G09625	0
AT2G09535	0
AT2G06435	1
AT2G08270	0
AT2G05785	0
AT2G09075	0
AT2G05405	0
AT2G04185	0
AT2G07085	0
AT2G07025	0
AT2G07225	0
AT2G05705	2
AT2G04205	10
AT2G07935	0
AT2G04215	0
AT2G09085	3
AT2G07445	0
AT2G09745	8
AT2G05665	10
AT2G07415	0
AT2G05925	0
AT2G08690	0
AT2G07995	0
AT2G08625	0
AT2G06505	0
AT2G07045	0
AT2G09050	0
AT2G09290	0
AT2G04655	0
AT2G06445	0
AT2G04895	0
AT2G08005	0
AT2G08265	0
AT2G07890	0
AT2G08985	0
AT2G08940	0
AT2G09295	0
AT2G06145	0
AT2G06905	3
AT2G09415	0
AT2G05855	0
AT2G09100	0
AT2G08260	0
AT2G08790	0
AT2G03995	0
AT2G06535	0
AT2G04485	0
AT2G07535	0
AT2G08935	0
AT2G05205	0
AT2G08070	1
AT2G08920	0
AT2G09760	3
AT2G09055	0
AT2G07970	0
AT2G04715	1
AT2G08245	0
AT2G04855	0
AT2G06225	0
AT2G05045	8
AT2G08280	0
AT2G04265	0
AT2G09775	0
AT2G09525	4
AT2G08505	1
AT2G07435	10
AT2G09375	0
AT2G05625	0
AT2G09965	0
AT2G09445	0
AT2G07990	0
AT2G09635	0
AT2G07375	0
AT2G07055	0
AT2G08360	0
AT2G04805	30
AT2G08290	1
AT2G03905	0
AT2G06065	0
AT2G08980	0
AT2G09165	3
AT2G09730	0
AT2G08485	0
AT2G09490	9
AT2G08090	0
AT2G09105	0
AT2G07945	0
AT2G06755	0
AT2G05725	0
AT2G09545	0
AT2G09115	0
AT2G08850	0
AT2G08085	0
AT2G06345	3
AT2G09355	0
AT2G09655	0
AT2G08400	0
AT2G09540	1
AT2G09065	0
AT2G06075	0
AT2G04255	0
AT2G06515	0
AT2G08550	0
AT2G06635	1
AT2G07035	0
AT2G09140	0
AT2G09780	0
AT2G08255	0
AT2G04915	0
AT2G05535	0
AT2G08460	0
AT2G08030	0
AT2G06485	0
AT2G04695	0
AT2G04825	0
AT2G08215	0
AT2G05085	0
AT2G08055	0
AT2G09650	1
AT2G06405	0
AT2G04945	2
AT2G04975	0
AT2G09630	0
AT2G09450	0
AT2G06945	0
AT2G08050	0
AT2G09320	0
AT2G04355	0
AT2G08565	0
AT2G08975	0
AT2G04435	2
AT2G08515	0
AT2G08105	0
AT2G05365	1
AT2G04735	0
AT2G06305	0
AT2G09515	1
AT2G04565	0
AT2G06605	0
AT2G08720	0
AT2G05585	0
AT2G07855	0
AT2G07135	4
AT2G06135	0
AT2G04155	0
AT2G08800	0
AT2G08150	0
AT2G06625	0
AT2G09390	0
AT2G04595	0
AT2G09615	3
AT2G09585	0
AT2G09715	0
AT2G07255	0
AT2G08190	0
AT2G06835	0
AT2G08490	0
AT2G08630	0
AT2G07900	0
AT2G08380	0
AT2G08300	0
AT2G08845	0
AT2G04985	0
AT2G09240	0
AT2G06815	0
AT2G09420	0
AT2G08775	0
AT2G06355	7
AT2G08195	0
AT2G05675	0
AT2G06745	0
AT2G04765	0
AT2G04875	1
AT2G06375	0
AT2G09220	0
AT2G07425	1
AT2G07860	0
AT2G08230	0
AT2G05075	76
AT2G08295	0
AT2G08430	0
AT2G05445	0
AT2G04335	0
AT2G09575	1
AT2G06685	0
AT2G08510	0
AT2G09720	0
AT2G08885	0
AT2G09825	0
AT2G08040	0
AT2G09125	1
AT2G08180	0
AT2G09235	0
AT2G09360	0
AT2G05015	0
AT2G05095	0
AT2G08100	5
AT2G08110	0
AT2G08410	0
AT2G07235	0
AT2G09570	0
AT2G09915	0
AT2G04315	0
AT2G05895	34
AT2G06475	0
AT2G05065	2
AT2G08540	0
AT2G07095	0
AT2G08320	0
AT2G09095	1
AT2G08445	2
AT2G04645	0
AT2G09410	0
AT2G09020	0
AT2G08820	129
AT2G08500	0
AT2G07005	2
AT2G07165	0
AT2G05125	1
AT2G08715	0
AT2G04905	0
AT2G05465	0
AT2G06695	0
AT2G08805	0
AT2G09245	0
AT2G08670	0
AT2G08395	0
AT2G09315	0
AT2G04615	0
AT2G09130	0
AT2G08870	0
AT2G09405	0
AT2G09875	6
AT2G05835	0
AT2G06085	0
AT2G04775	0
AT2G07870	0
AT2G09110	0
AT2G07905	0
AT2G09010	0
AT2G06935	14
AT2G06785	0
AT2G08875	0
AT2G08240	0
AT2G04885	0
AT2G08930	0
AT2G09480	0
AT2G07525	0
AT2G05035	2
AT2G08710	0
AT2G07385	0
AT2G04075	0
AT2G09210	0
AT2G08125	0
AT2G06595	0
AT2G06765	7
AT2G06115	0
AT2G09070	0
AT2G07985	0
AT2G08285	0
AT2G06385	0
AT2G04995	0
AT2G08590	0
AT2G05155	0
AT2G07925	0
AT2G06275	0
AT2G04095	0
AT2G09530	0
AT2G08825	9
AT2G06805	0
AT2G05505	0
AT2G07115	0
AT2G05485	0
AT2G09260	0
AT2G04015	0
AT2G08970	0
AT2G05825	2
AT2G09845	0
AT2G04575	0
AT2G09380	0
AT2G09160	0
AT2G08915	0
AT2G08475	0
AT2G31902	1
AT2G09000	0
AT2G09675	0
AT2G09045	0
AT2G09400	0
AT2G08205	0
AT2G09785	0
AT2G08330	0
AT2G09395	0
AT2G08135	0
AT2G09735	0
AT2G08745	0
AT2G09035	0
AT2G05255	0
AT2G13665	0
AT2G24755	459
AT2G09895	0
AT2G04145	0
AT2G16245	0
AT2G09975	0
AT2G08405	0
AT2G08480	0
AT2G09905	0
AT2G09560	0
AT2G08730	0
AT2G07345	0
AT2G08750	0
AT2G45315	0
AT2G06615	0
AT2G07335	0
AT2G35637	3
AT2G07805	0
AT2G06525	0
AT2G04125	0
AT2G09430	0
AT2G08575	17
AT2G08815	0
AT2G08000	0
AT2G09805	0
AT2G09305	9
AT2G08060	0
AT2G07275	0
AT2G14115	66
AT2G09740	0
AT2G09565	0
AT2G08525	0
AT2G45685	2
AT2G07845	0
AT2G09605	0
AT2G07355	2
AT2G06465	0
AT2G44798	34
AT2G08865	19
AT2G40008	0
AT2G09945	0
AT2G37555	6
AT2G42247	5
AT2G09230	0
AT2G09640	0
AT2G08420	0
AT2G08340	0
AT2G30362	3
AT2G04065	5
AT2G08960	0
AT2G06795	0
AT2G07265	0
AT2G08335	0
AT2G08965	0
AT2G09175	0
AT2G33051	1
AT2G07213	0
AT2G22955	0
AT2G08780	0
AT2G05812	10
AT2G09505	0
AT2G30984	0
AT2G06215	3
AT2G09425	0
AT2G09610	0
AT2G08685	0
AT2G09710	16
AT2G08680	0
AT2G07015	0
AT2G18917	4
AT2G33815	0
AT2G04555	1
AT2G35859	0
AT2G08440	0
AT2G07325	0
AT2G07495	0
AT2G09925	0
AT2G07305	0
AT2G10921	0
AT2G03895	0
AT2G37362	3
AT2G08655	0
AT2G05245	0
AT2G09325	0
AT2G09370	0
AT2G08795	0
AT2G09190	25
AT2G09455	9
AT2G04285	0
AT2G08435	43
AT2G08640	0
AT2G08345	0
AT2G11852	0
AT2G09665	0
AT2G08020	0
AT2G09510	1
AT2G08530	7
AT2G08740	0
AT2G09495	10
AT2G09225	10
AT2G07875	8
AT2G44255	0
AT2G42365	38
AT2G26692	1
AT2G08695	0
AT2G08130	0
AT2G09435	0
AT2G09795	359
AT2G07245	0
AT2G08635	6
AT2G26355	289
AT2G09645	0
AT2G08595	0
AT2G47895	12
AT2G07965	0
AT2G08700	0
AT2G24545	4
AT2G19572	2
AT2G41178	3
AT2G04852	18
AT2G09885	0
AT2G09470	0
AT2G09200	4
AT2G08665	0
AT2G07485	1
AT2G09300	0
AT2G04545	0
AT2G23672	0
AT2G09310	0
AT2G08350	6
AT2G09335	0
AT2G07950	3
AT2G08470	0
AT2G22821	11
AT2G32315	0
AT2G46572	0
AT2G09935	0
AT2G36792	4
AT2G07175	0
AT2G04295	0
AT2G31751	19
AT2G03975	0
AT2G04755	0
AT2G26882	0
AT2G09500	1
AT2G32179	41
AT2G08425	0
AT2G07515	0
AT2G04525	0
AT2G09090	0
AT2G08660	0
AT2G42835	1
AT2G09350	0
AT2G19582	2
AT2G09440	3
AT2G09205	1
AT2G07475	0
AT2G09345	2
AT2G03925	0
AT2G08520	0
AT2G08025	1
AT2G08650	19
AT2G21187	10
AT2G09660	0
AT2G35738	20
AT2G05914	3
AT2G05145	0
AT2G35945	3
AT2G04725	0
AT2G04535	1
AT2G09025	7
AT2G07850	0
AT2G08120	1
AT2G08015	0
AT2G03445	0
AT2G05615	0
AT2G47275	8
AT2G04935	0
AT2G22496	8
AT2G07915	0
AT2G02741	0
AT2G22668	0
AT2G46685	15
AT2G09150	0
AT2G46255	0
AT2G40805	5
AT2G24103	0
AT2G38325	0
AT2G08235	0
AT2G09995	0
AT2G10606	5
AT2G39885	1
AT2G05415	0
AT2G06665	0
AT2G16145	0
AT2G39175	1
AT2G07910	0
AT2G08275	0
AT2G47585	0
AT2G34208	0
AT2G08555	3
AT2G07195	0
AT2G47015	0
AT2G34204	0
AT2G41616	0
AT2G28056	0
AT2G03855	0
AT2G07895	0
AT2G09340	0
AT2G25171	0
AT2G09670	0
AT2G19425	0
AT2G25011	0
AT2G07315	0
AT2G08855	0
AT2G23347	1
AT2G07205	0
AT2G09120	0
AT2G26211	18
AT2G09080	0
AT2G25095	5
AT2G08035	0
AT2G05815	1
AT2G32273	0
AT2G32698	0
AT2G05605	0
AT2G34202	7
AT2G05455	0
AT2G08390	0
AT2G06855	0
AT2G07615	2
AT2G35387	0
AT2G08760	13
AT2G20723	30
AT2G08585	2
AT2G43139	1
AT2G17295	3
AT2G43138	0
AT2G08725	1
AT2G35747	0
AT2G08580	2
AT2G09815	0
AT2G35384	0
AT2G20722	4
AT2G08755	11
AT2G05765	74
AT2G05565	0
AT2G35742	29
AT2G08905	2
AT2G09460	0
AT2G08770	0
AT2G43141	0
AT2G08375	0
AT2G09685	0
AT2G07605	10
AT2G08860	0
AT2G08370	0
AT2G08900	3
AT2G08910	0
AT2G43137	1
AT2G04955	110
AT2G35744	36
AT2G08765	92
AT2G09690	0
AT2G09695	0
AT2G09705	0
AT2G20721	23
AT2G06865	0
AT2G09700	0
AT2G35382	0
AT2G05525	0
AT2G09465	0
AT2G09680	0
AT2G04965	61
AT2G04455	0
AT2G04375	0
AT2G07295	0
AT2G06455	0
AT2G07752	0
AT2G26090	0
AT2G28770	0
AT2G21670	0
AT2G22380	0
AT2G07756	0
AT2G46120	0
AT2G22580	0
AT2G24380	0
AT2G23020	0
AT2G27850	0
AT2G07755	0
AT2G33920	0
AT2G33910	1
AT2G29520	0
AT2G02900	0
AT2G07761	0
AT2G21700	0
AT2G30450	0
AT2G33960	0
AT2G36280	0
AT2G07793	0
AT2G39860	0
AT2G47740	0
AT2G03790	0
AT2G28730	0
AT2G07758	0
AT2G42970	0
AT2G05315	0
AT2G42420	0
AT2G03490	0
AT2G23650	0
AT2G07745	0
AT2G07746	0
AT2G03660	0
AT2G01160	0
AT2G45390	0
AT2G07762	0
AT2G38030	0
AT2G07757	0
AT2G07763	0
AT2G34950	0
AT2G07743	0
AT2G05355	0
AT2G39600	0
AT2G22280	0
AT2G29030	0
AT2G32110	0
AT2G43300	0
AT2G21570	0
AT2G39610	0
AT2G07748	0
AT2G34985	0
AT2G44320	0
AT2G47100	0
AT2G07764	0
AT2G22110	0
AT2G07792	0
AT2G36150	1
AT2G21360	0
AT2G36140	0
AT2G36600	0
AT2G27560	0
AT2G33970	0
AT2G33890	0
AT2G07765	1
AT2G42020	0
AT2G18310	0
AT2G03700	0
AT2G07753	0
AT2G30180	0
AT2G33650	0
AT2G33950	0
AT2G33930	2
AT2G33940	2
AT2G33900	4
AT2G07759	0
AT2G36520	0
AT2G33140	0
AT2G07766	0
AT2G36860	0
AT2G30190	0
AT2G07794	0
AT2G07754	0
AT2G33660	0
AT2G02600	0
AT2G25400	0
AT2G36510	0
AT2G15950	0
AT2G35220	0
AT2G16240	0
AT2G30850	0
AT2G17810	0
AT2G22220	0
AT2G45020	0
AT2G01010	269
AT2G01020	220
AT2G05995	4
AT2G01422	0
AT2G31585	123
AT2G46192	15
AT2G30115	0
AT2G04705	0
AT2G41312	40
AT2G09365	0
AT2G39675	286
AT2G18440	2992
AT2G22482	0
AT2G07405	0
AT2G07042	35
AT2G05685	0
AT2G43375	48
AT2G09475	0
AT2G32795	43
AT2G21188	37
AT2G08610	183
AT2G27400	406
AT2G24735	0
AT2G06002	10
AT2G15292	591
AT2G06562	0
AT2G05518	34
AT2G30945	52
AT2G14878	476
AT2G44995	28
AT2G15555	0
AT2G18735	103
AT2G07575	1
AT2G07975	0
AT2G42388	5
AT2G39681	358
AT2G09155	0
AT2G36307	49
AT2G45023	72
AT2G45245	90
AT2G19796	0
AT2G09215	0
AT2G10537	0
AT2G42485	247
AT2G15128	106
AT2G45780	17
AT2G42425	0
AT4G32100	0
AT4G25880	1665
AT4G03450	19
AT4G29950	779
AT4G08535	9
AT4G26490	0
AT4G16955	0
AT4G32710	536
AT4G25090	288
AT4G13720	1107
AT4G08039	0
AT4G27340	854
AT4G27830	801
AT4G19380	324
AT4G29180	82
AT4G31660	0
AT4G23200	103
AT4G29810	981
AT4G26560	2
AT4G23670	13626
AT4G02725	1647
AT4G35440	570
AT4G26240	236
AT4G31950	5
AT4G10925	197
AT4G31690	1
AT4G34640	1909
AT4G03340	51
AT4G13550	706
AT4G15562	0
AT4G28600	1009
AT4G27400	108
AT4G27260	356
AT4G27370	174
AT4G21470	1078
AT4G05220	0
AT4G04730	0
AT4G12485	0
AT4G34800	44
AT4G28340	2
AT4G03820	222
AT4G11020	0
AT4G05110	38
AT4G29940	475
AT4G23640	1241
AT4G32470	4195
AT4G29330	647
AT4G23590	10
AT4G35620	353
AT4G32660	712
AT4G19470	0
AT4G04360	62
AT4G17490	229
AT4G25310	64
AT4G08876	0
AT4G18550	64
AT4G12000	89
AT4G37760	964
AT4G02510	12137
AT4G34750	415
AT4G28150	56
AT4G33040	98
AT4G19990	318
AT4G18380	421
AT4G27415	0
AT4G03635	67
AT4G34200	8092
AT4G12800	71320
AT4G30993	795
AT4G34350	5864
AT4G14368	1
AT4G38730	173
AT4G22320	318
AT4G11790	1003
AT4G05130	28
AT4G02730	136
AT4G11175	1502
AT4G21350	289
AT4G25670	647
AT4G30410	113
AT4G27140	0
AT4G16780	125
AT4G15830	970
AT4G09580	377
AT4G33905	20
AT4G02940	1846
AT4G02930	4771
AT4G38480	261
AT4G04555	0
AT4G04370	182
AT4G34970	63
AT4G33610	239
AT4G23882	1
AT4G33690	192
AT4G33490	1092
AT4G03495	0
AT4G27670	3
AT4G33220	1740
AT4G24660	713
AT4G08810	1395
AT4G29580	0
AT4G14226	0
AT4G21600	304
AT4G05360	1
AT4G03350	0
AT4G24026	26
AT4G25970	1982
AT4G20440	2546
AT4G02482	30
AT4G32050	336
AT4G00690	55
AT4G35640	73
AT4G17920	6
AT4G33360	1463
AT4G00883	0
AT4G24900	225
AT4G03190	722
AT4G33735	0
AT4G01995	505
AT4G21320	61
AT4G20575	0
AT4G28365	4
AT4G02300	0
AT4G03565	0
AT4G00530	206
AT4G15460	0
AT4G28170	10
AT4G31570	1260
AT4G01595	0
AT4G30280	339
AT4G10050	438
AT4G25160	49
AT4G15880	655
AT4G26620	732
AT4G02790	2230
AT4G19410	5272
AT4G20555	0
AT4G35520	45
AT4G10790	1734
AT4G37950	3
AT4G36250	2427
AT4G14680	1034
AT4G17895	216
AT4G35100	9392
AT4G09090	0
AT4G33380	1743
AT4G14465	660
AT4G22580	270
AT4G16180	1378
AT4G15396	57
AT4G02860	980
AT4G14230	1795
AT4G14810	1
AT4G38080	1015
AT4G08980	1408
AT4G08590	189
AT4G15910	3399
AT4G30930	1156
AT4G09110	0
AT4G03070	143
AT4G30500	198
AT4G10520	0
AT4G36490	0
AT4G20340	356
AT4G39340	8
AT4G33330	50
AT4G14250	0
AT4G17050	1046
AT4G09840	18
AT4G17190	872
AT4G34100	2652
AT4G03180	576
AT4G09490	67
AT4G08460	1387
AT4G35870	299
AT4G29440	348
AT4G26160	207
AT4G10630	214
AT4G33870	7
AT4G04640	27335
AT4G24230	609
AT4G34150	1066
AT4G16580	611
AT4G11393	2
AT4G18910	509
AT4G01320	1284
AT4G15310	7
AT4G09600	0
AT4G33250	3589
AT4G37040	2091
AT4G38060	375
AT4G05440	338
AT4G26950	45
AT4G16260	2048
AT4G38570	229
AT4G04490	41
AT4G20550	0
AT4G04601	1
AT4G26400	487
AT4G23510	208
AT4G27170	1
AT4G33120	41
AT4G19590	32
AT4G39390	639
AT4G26810	214
AT4G14455	449
AT4G18920	0
AT4G33280	23
AT4G13610	0
AT4G05380	3
AT4G28760	1119
AT4G24890	39
AT4G32070	797
AT4G26980	248
AT4G12500	872
AT4G30460	589
AT4G35165	1
AT4G24470	786
AT4G28560	34
AT4G21930	1
AT4G05180	54488
AT4G09770	25
AT4G02870	0
AT4G29770	3
AT4G29970	0
AT4G22110	10
AT4G20810	0
AT4G04955	544
AT4G20860	1074
AT4G09300	14
AT4G34870	15746
AT4G35480	205
AT4G31800	341
AT4G01516	0
AT4G24620	6110
AT4G06643	0
AT4G24090	1444
AT4G27650	687
AT4G38030	0
AT4G10850	1
AT4G27390	678
AT4G10140	256
AT4G01700	653
AT4G02120	1012
AT4G23150	32
AT4G40040	8584
AT4G17860	17
AT4G10040	660
AT4G19645	37
AT4G12005	10
AT4G04885	1109
AT4G23520	1
AT4G36090	386
AT4G30060	379
AT4G24500	250
AT4G31460	837
AT4G16970	275
AT4G01280	221
AT4G20590	0
AT4G23070	14
AT4G16070	347
AT4G14430	1583
AT4G37450	1142
AT4G37560	63
AT4G31780	2412
AT4G04985	0
AT4G39560	183
AT4G06598	156
AT4G32970	238
AT4G12050	237
AT4G16210	631
AT4G09930	0
AT4G33030	3584
AT4G16650	1009
AT4G13885	17
AT4G08685	898
AT4G10115	0
AT4G05020	750
AT4G01671	0
AT4G37370	114
AT4G26790	27
AT4G22400	0
AT4G01970	71
AT4G39140	542
AT4G28280	0
AT4G14050	137
AT4G30760	1177
AT4G18480	15693
AT4G17695	107
AT4G15415	729
AT4G11653	0
AT4G16360	1257
AT4G14750	197
AT4G31615	34
AT4G24810	491
AT4G20530	0
AT4G18197	290
AT4G08530	0
AT4G34330	0
AT4G36520	1018
AT4G04910	2244
AT4G32540	8
AT4G36210	1725
AT4G04030	0
AT4G36060	39
AT4G36080	942
AT4G33860	0
AT4G24000	4
AT4G25870	740
AT4G38760	1584
AT4G02390	211
AT4G31180	3758
AT4G20947	0
AT4G36920	685
AT4G12960	2
AT4G09060	179
AT4G18900	0
AT4G14010	0
AT4G30074	0
AT4G17370	710
AT4G37670	325
AT4G16160	1
AT4G01100	5237
AT4G34630	849
AT4G22650	0
AT4G27010	561
AT4G13100	745
AT4G09740	0
AT4G37510	4200
AT4G09730	2499
AT4G05030	2
AT4G01000	2087
AT4G29450	0
AT4G03460	48
AT4G11860	697
AT4G39680	3058
AT4G05100	60
AT4G01190	6
AT4G32880	937
AT4G22170	0
AT4G22530	419
AT4G39800	4572
AT4G37430	0
AT4G35519	0
AT4G23360	0
AT4G19040	730
AT4G13330	105
AT4G30440	2022
AT4G22310	3626
AT4G13760	0
AT4G00889	0
AT4G03440	68
AT4G38330	90
AT4G04800	587
AT4G32520	2733
AT4G15570	451
AT4G33420	333
AT4G35820	0
AT4G27420	0
AT4G38530	83
AT4G29910	250
AT4G38230	183
AT4G33900	0
AT4G28397	0
AT4G38710	2985
AT4G34210	15
AT4G01250	130
AT4G04080	0
AT4G27100	303
AT4G35940	308
AT4G36930	258
AT4G33520	2662
AT4G24220	6098
AT4G31350	632
AT4G40100	0
AT4G05475	0
AT4G36680	818
AT4G22490	3135
AT4G14500	805
AT4G40020	38
AT4G21850	836
AT4G10890	215
AT4G23493	31
AT4G15800	509
AT4G19260	0
AT4G10650	65
AT4G37770	3
AT4G35110	148
AT4G01830	6
AT4G19480	0
AT4G20735	1
AT4G37590	1344
AT4G18290	259
AT4G31630	1
AT4G17440	120
AT4G24130	649
AT4G01850	7502
AT4G14620	499
AT4G17270	994
AT4G36660	774
AT4G25590	0
AT4G38170	280
AT4G21895	0
AT4G34620	18575
AT4G02715	1176
AT4G10070	609
AT4G12470	8924
AT4G26170	21
AT4G31405	1
AT4G03110	620
AT4G09860	0
AT4G10640	31
AT4G29035	0
AT4G00700	183
AT4G28080	14018
AT4G35080	1113
AT4G19210	4427
AT4G00660	1186
AT4G22820	495
AT4G33660	508
AT4G36940	894
AT4G14070	1940
AT4G34700	6484
AT4G29750	1386
AT4G36900	212
AT4G26070	281
AT4G34135	1150
AT4G21323	21
AT4G14600	252
AT4G30120	15
AT4G16515	0
AT4G12920	0
AT4G00752	402
AT4G19060	260
AT4G15080	1361
AT4G36830	84
AT4G28720	66
AT4G12510	139
AT4G28800	2
AT4G00335	202
AT4G09970	200
AT4G16141	1056
AT4G21640	0
AT4G22980	91
AT4G02600	576
AT4G25620	677
AT4G25750	45
AT4G40042	232
AT4G16050	0
AT4G39060	0
AT4G04025	4
AT4G23240	51
AT4G38000	0
AT4G34690	0
AT4G36100	0
AT4G17410	491
AT4G14710	2363
AT4G03415	1140
AT4G31720	918
AT4G14905	420
AT4G32060	3929
AT4G21105	3648
AT4G31050	321
AT4G10613	0
AT4G17718	0
AT4G37780	20
AT4G03080	1931
AT4G29370	0
AT4G13640	743
AT4G24490	725
AT4G14520	244
AT4G13030	147
AT4G07445	0
AT4G10420	55
AT4G21310	37
AT4G25950	2
AT4G36280	70
AT4G12980	663
AT4G22540	1570
AT4G22745	402
AT4G30960	5400
AT4G20703	0
AT4G33865	7239
AT4G12731	0
AT4G29610	283
AT4G38670	221
AT4G22080	97
AT4G34050	8694
AT4G27110	0
AT4G28670	2
AT4G26055	60
AT4G16000	69
AT4G28556	1
AT4G04610	4851
AT4G01010	109
AT4G25550	1595
AT4G39620	1036
AT4G11810	4
AT4G20780	293
AT4G36400	589
AT4G30097	0
AT4G26500	0
AT4G10910	0
AT4G18375	83
AT4G11130	191
AT4G10780	2
AT4G04840	783
AT4G24715	0
AT4G37095	51
AT4G15180	1752
AT4G32620	1473
AT4G19185	381
AT4G14210	3268
AT4G08395	0
AT4G00550	415
AT4G17090	5707
AT4G17540	409
AT4G11890	413
AT4G00230	740
AT4G22030	0
AT4G28780	1231
AT4G14170	94
AT4G20280	593
AT4G19620	0
AT4G37340	55
AT4G19520	503
AT4G11547	27
AT4G19270	0
AT4G18640	445
AT4G00210	8
AT4G21210	4702
AT4G36510	0
AT4G13990	228
AT4G32000	131
AT4G31860	584
AT4G11640	111
AT4G04960	350
AT4G39120	704
AT4G13195	104
AT4G37810	102
AT4G00234	0
AT4G25580	2
AT4G17480	37
AT4G37320	767
AT4G17245	361
AT4G27595	637
AT4G11870	2
AT4G10100	488
AT4G26485	0
AT4G21040	0
AT4G27050	295
AT4G03630	0
AT4G13940	39075
AT4G37930	49035
AT4G37295	18
AT4G05450	271
AT4G33550	231
AT4G01910	77
AT4G11210	21
AT4G30660	580
AT4G29040	5083
AT4G20940	756
AT4G15400	48
AT4G11630	612
AT4G01395	1577
AT4G39550	132
AT4G25390	252
AT4G02290	2909
AT4G04970	1145
AT4G03120	602
AT4G26320	197
AT4G31115	351
AT4G32450	155
AT4G19030	574
AT4G36190	807
AT4G33790	33
AT4G16110	388
AT4G28775	1
AT4G17085	264
AT4G37060	1
AT4G27960	2695
AT4G30330	610
AT4G16200	0
AT4G34590	910
AT4G24190	15235
AT4G00190	0
AT4G37490	471
AT4G39770	156
AT4G39040	2484
AT4G14790	317
AT4G37630	152
AT4G25190	16
AT4G27700	3474
AT4G30200	1560
AT4G20545	0
AT4G26466	0
AT4G01080	94
AT4G27710	883
AT4G38900	764
AT4G03040	0
AT4G38050	204
AT4G23740	1548
AT4G10740	0
AT4G31010	210
AT4G01435	2
AT4G25220	106
AT4G16165	0
AT4G37910	6768
AT4G28290	0
AT4G21745	11
AT4G34881	136
AT4G03560	3252
AT4G01330	534
AT4G05260	0
AT4G17030	401
AT4G37870	8983
AT4G35010	10
AT4G10810	553
AT4G02990	2237
AT4G26020	12
AT4G13540	139
AT4G11550	74
AT4G32900	574
AT4G34230	1365
AT4G21450	1602
AT4G21330	0
AT4G02180	39
AT4G09650	20552
AT4G24170	9
AT4G39110	15
AT4G28190	442
AT4G24430	93
AT4G31810	933
AT4G24410	13
AT4G31590	1174
AT4G27970	98
AT4G26340	0
AT4G18596	4
AT4G12380	0
AT4G00280	0
AT4G18370	1183
AT4G25030	2675
AT4G23750	561
AT4G28950	182
AT4G18280	484
AT4G16850	139
AT4G22630	0
AT4G23760	333
AT4G34555	1207
AT4G26730	0
AT4G22210	0
AT4G35685	42
AT4G32960	439
AT4G31930	157
AT4G36515	281
AT4G35760	1676
AT4G37235	2
AT4G18470	59
AT4G17660	5
AT4G26470	102
AT4G37700	5
AT4G27290	23
AT4G38820	0
AT4G05340	0
AT4G28400	631
AT4G17810	298
AT4G14260	0
AT4G19730	0
AT4G12450	36
AT4G21220	126
AT4G15760	708
AT4G32090	0
AT4G39403	1
AT4G14140	17
AT4G17740	1161
AT4G37160	221
AT4G14720	330
AT4G00020	542
AT4G33430	1843
AT4G13880	43
AT4G38340	45
AT4G22860	315
AT4G12170	1
AT4G38200	1435
AT4G28630	500
AT4G31740	0
AT4G29420	163
AT4G17780	0
AT4G05095	1
AT4G31040	2726
AT4G17785	17
AT4G02030	834
AT4G30160	2196
AT4G00430	6299
AT4G01390	625
AT4G23300	739
AT4G24805	166
AT4G30740	1
AT4G00893	2
AT4G17140	3040
AT4G38980	241
AT4G26000	837
AT4G02980	344
AT4G18395	0
AT4G08868	3
AT4G22600	0
AT4G30360	651
AT4G32410	11131
AT4G09200	0
AT4G38240	706
AT4G23900	2
AT4G08740	0
AT4G25480	151
AT4G39250	92
AT4G01130	522
AT4G14850	204
AT4G31550	736
AT4G23580	0
AT4G13810	268
AT4G22260	1185
AT4G30850	462
AT4G14090	354
AT4G17610	591
AT4G16270	68
AT4G15755	0
AT4G05010	140
AT4G09720	1289
AT4G28540	1596
AT4G24700	73
AT4G12570	462
AT4G30150	845
AT4G22760	86
AT4G01510	145
AT4G01200	37
AT4G30935	623
AT4G20970	24
AT4G02130	1182
AT4G09320	14104
AT4G19450	631
AT4G36220	3586
AT4G13650	189
AT4G29100	1220
AT4G31680	8
AT4G35050	681
AT4G27550	3
AT4G18205	662
AT4G16015	15
AT4G22730	138
AT4G24750	2370
AT4G25820	950
AT4G35240	774
AT4G17180	184
AT4G32270	310
AT4G37050	7
AT4G23720	21
AT4G13590	2214
AT4G11100	933
AT4G00165	12
AT4G18253	135
AT4G17960	263
AT4G00800	1114
AT4G30520	404
AT4G37483	46
AT4G17800	358
AT4G04605	0
AT4G16430	1014
AT4G28090	0
AT4G21926	3
AT4G32890	251
AT4G11690	42
AT4G08910	31
AT4G33050	834
AT4G11060	351
AT4G31640	5
AT4G16660	3760
AT4G36120	187
AT4G08350	2974
AT4G10270	0
AT4G11310	1
AT4G31880	1956
AT4G39990	987
AT4G15520	381
AT4G00570	2950
AT4G14320	8003
AT4G05090	567
AT4G10860	4
AT4G22440	1
AT4G15000	20204
AT4G26440	1
AT4G16400	50
AT4G00650	188
AT4G09775	0
AT4G09460	163
AT4G09467	0
AT4G24440	915
AT4G15430	40
AT4G04614	388
AT4G21366	0
AT4G24820	4284
AT4G24690	7126
AT4G09560	286
AT4G29270	423
AT4G38600	4534
AT4G33700	1149
AT4G02235	0
AT4G32285	1859
AT4G38880	1
AT4G23800	3902
AT4G37220	4
AT4G23290	994
AT4G15240	269
AT4G20700	1
AT4G09784	0
AT4G20707	0
AT4G26080	2019
AT4G34340	130
AT4G11911	2
AT4G22990	354
AT4G03550	2026
AT4G29210	1057
AT4G20310	159
AT4G12810	0
AT4G17340	1793
AT4G09260	0
AT4G35380	265
AT4G35740	246
AT4G20380	503
AT4G13075	2
AT4G01940	1409
AT4G21960	67263
AT4G01930	9
AT4G28370	434
AT4G10895	0
AT4G23496	162
AT4G23410	103
AT4G19880	3457
AT4G03600	43
AT4G03570	0
AT4G37150	106
AT4G36850	146
AT4G28706	1261
AT4G32590	2316
AT4G23160	3
AT4G38440	722
AT4G18310	0
AT4G00560	581
AT4G39710	2195
AT4G14103	99
AT4G11000	56
AT4G01750	321
AT4G24460	824
AT4G32080	3
AT4G23680	914
AT4G27940	225
AT4G21240	0
AT4G24880	247
AT4G17010	374
AT4G31940	376
AT4G17585	0
AT4G18800	443
AT4G40010	108
AT4G17990	0
AT4G21620	2062
AT4G01350	100
AT4G01660	912
AT4G16940	46
AT4G32910	969
AT4G15236	27
AT4G27654	2
AT4G13095	0
AT4G08930	331
AT4G22380	554
AT4G01710	276
AT4G27380	722
AT4G36780	1084
AT4G35320	300
AT4G01160	1
AT4G11940	0
AT4G39210	765
AT4G15953	6
AT4G11120	1241
AT4G28620	0
AT4G23470	1979
AT4G23820	2045
AT4G30100	2005
AT4G18740	273
AT4G03490	37
AT4G16560	0
AT4G10470	316
AT4G31270	119
AT4G14940	104
AT4G13570	29
AT4G02040	0
AT4G05210	54
AT4G05410	1151
AT4G12090	168
AT4G21970	11
AT4G39760	0
AT4G26550	239
AT4G32730	633
AT4G24380	155
AT4G35140	310
AT4G23620	794
AT4G16983	0
AT4G35987	192
AT4G23810	141
AT4G22330	1298
AT4G09690	1
AT4G02710	617
AT4G17690	0
AT4G00355	1157
AT4G09435	0
AT4G11510	0
AT4G11290	680
AT4G38400	96
AT4G39730	4010
AT4G20220	0
AT4G35510	335
AT4G13400	86
AT4G08510	340
AT4G32690	571
AT4G39870	488
AT4G24520	3026
AT4G32020	4601
AT4G31620	84
AT4G23950	156
AT4G12100	0
AT4G27220	3
AT4G33170	98
AT4G17250	166
AT4G36790	379
AT4G21710	2137
AT4G25280	535
AT4G26970	6189
AT4G01340	1
AT4G01895	26
AT4G24630	358
AT4G16840	125
AT4G11430	0
AT4G13670	2328
AT4G30370	57
AT4G23130	139
AT4G00695	8
AT4G18970	1515
AT4G27560	2337
AT4G22755	245
AT4G24350	1084
AT4G36560	0
AT4G38860	507
AT4G26380	2
AT4G39200	11000
AT4G30030	0
AT4G00960	6
AT4G01720	613
AT4G27490	326
AT4G23550	218
AT4G22214	33
AT4G24550	1759
AT4G20190	6
AT4G22250	194
AT4G37790	498
AT4G22790	117
AT4G34960	645
AT4G05553	0
AT4G39917	0
AT4G38580	958
AT4G21830	67
AT4G23180	617
AT4G20270	1606
AT4G33410	505
AT4G17230	968
AT4G28860	877
AT4G13430	12880
AT4G14650	114
AT4G24710	175
AT4G08430	0
AT4G39580	37
AT4G15165	61
AT4G07932	0
AT4G37260	1387
AT4G36195	1741
AT4G11402	0
AT4G11180	0
AT4G36730	650
AT4G15955	236
AT4G11250	0
AT4G17650	798
AT4G36040	2341
AT4G26450	1447
AT4G40090	508
AT4G26540	389
AT4G19950	58
AT4G28200	1458
AT4G02680	1820
AT4G29240	185
AT4G34560	295
AT4G04200	401
AT4G08500	556
AT4G32700	295
AT4G37020	256
AT4G10300	2956
AT4G03090	582
AT4G20470	1
AT4G28420	21
AT4G08150	390
AT4G34240	1809
AT4G20325	245
AT4G32260	17854
AT4G10700	0
AT4G36460	0
AT4G09647	0
AT4G08470	633
AT4G00970	104
AT4G14400	1418
AT4G24420	7
AT4G38280	405
AT4G31200	442
AT4G03960	274
AT4G22930	1341
AT4G20390	276
AT4G35260	3018
AT4G19080	28
AT4G25010	40
AT4G13270	603
AT4G00630	2729
AT4G02210	170
AT4G33585	0
AT4G19740	1
AT4G29070	645
AT4G37380	191
AT4G26720	667
AT4G19970	24
AT4G13870	102
AT4G31520	24
AT4G34670	9877
AT4G34490	2168
AT4G22750	867
AT4G19360	0
AT4G09120	0
AT4G12740	67
AT4G09250	0
AT4G08300	498
AT4G37800	3358
AT4G30670	505
AT4G30110	330
AT4G24770	24312
AT4G31250	28
AT4G29670	2013
AT4G39980	5271
AT4G03298	8
AT4G01883	718
AT4G34160	807
AT4G19910	0
AT4G21630	0
AT4G29660	404
AT4G14910	661
AT4G26090	0
AT4G24790	369
AT4G17170	1621
AT4G39795	110
AT4G15640	694
AT4G28490	304
AT4G05310	0
AT4G19006	1096
AT4G19420	364
AT4G16024	0
AT4G34940	0
AT4G28300	1399
AT4G38930	524
AT4G02425	167
AT4G05080	0
AT4G22350	355
AT4G40000	236
AT4G26710	1724
AT4G33580	1564
AT4G11370	35
AT4G01140	47
AT4G18430	119
AT4G23340	14
AT4G09355	0
AT4G35900	89
AT4G19230	176
AT4G04770	3636
AT4G20060	121
AT4G25630	4319
AT4G21590	38
AT4G09830	1031
AT4G21860	4095
AT4G16265	273
AT4G29680	1558
AT4G12300	402
AT4G15885	0
AT4G30020	2236
AT4G31410	417
AT4G37480	266
AT4G17220	74
AT4G05140	0
AT4G35030	218
AT4G13450	8
AT4G27540	228
AT4G21865	40
AT4G33010	29136
AT4G36530	2039
AT4G36150	175
AT4G30480	752
AT4G39780	311
AT4G03360	0
AT4G18220	88
AT4G28660	4924
AT4G31500	5862
AT4G28270	281
AT4G11170	17
AT4G22700	0
AT4G35570	1288
AT4G17980	10
AT4G36640	476
AT4G14615	816
AT4G11820	2046
AT4G16060	634
AT4G12610	1171
AT4G39000	1
AT4G29103	0
AT4G18890	324
AT4G01535	0
AT4G03175	4
AT4G01580	349
AT4G37240	163
AT4G31875	0
AT4G23190	250
AT4G11280	427
AT4G05091	0
AT4G13960	0
AT4G06655	0
AT4G37500	0
AT4G36580	264
AT4G30580	1504
AT4G21780	46
AT4G23920	376
AT4G16330	655
AT4G38825	0
AT4G34710	9582
AT4G09020	3167
AT4G33590	4
AT4G36600	5
AT4G11420	7400
AT4G38120	611
AT4G19600	914
AT4G11260	2852
AT4G01060	80
AT4G26290	0
AT4G20990	0
AT4G21430	518
AT4G14105	0
AT4G20760	1039
AT4G28160	0
AT4G33980	1177
AT4G09100	24
AT4G20160	12
AT4G05230	0
AT4G30270	830
AT4G34540	315
AT4G36950	6
AT4G18260	77
AT4G21380	317
AT4G19670	850
AT4G10960	132
AT4G10450	2532
AT4G33950	510
AT4G00830	1577
AT4G37200	1211
AT4G35770	40
AT4G21000	0
AT4G06599	578
AT4G18230	383
AT4G20610	0
AT4G34419	22
AT4G02280	371
AT4G09990	149
AT4G38405	0
AT4G35610	0
AT4G18050	209
AT4G03443	21
AT4G22640	10
AT4G21500	38
AT4G14272	0
AT4G40045	557
AT4G11680	516
AT4G14390	18
AT4G18570	1055
AT4G32210	592
AT4G22160	228
AT4G11745	0
AT4G38940	127
AT4G36440	917
AT4G12950	0
AT4G39130	0
AT4G25500	2271
AT4G00925	0
AT4G24680	2082
AT4G25070	209
AT4G26820	1
AT4G17550	522
AT4G15510	1075
AT4G11960	598
AT4G28060	1466
AT4G38090	396
AT4G12190	0
AT4G14760	1014
AT4G01170	1
AT4G13210	82
AT4G38320	325
AT4G23600	1930
AT4G21060	234
AT4G14820	89
AT4G05555	0
AT4G23885	385
AT4G10160	2
AT4G35370	0
AT4G29120	930
AT4G09510	987
AT4G28020	138
AT4G14310	817
AT4G10465	2
AT4G21090	419
AT4G36140	464
AT4G16830	3278
AT4G38260	452
AT4G27020	504
AT4G37440	775
AT4G25830	268
AT4G31580	2445
AT4G29510	1998
AT4G05590	162
AT4G14360	1838
AT4G10570	572
AT4G23540	610
AT4G18823	0
AT4G35190	40
AT4G21770	872
AT4G23630	4697
AT4G23770	54
AT4G14530	0
AT4G26510	1564
AT4G20740	255
AT4G15870	0
AT4G30220	1969
AT4G09160	977
AT4G10955	322
AT4G01090	420
AT4G01740	92
AT4G05240	0
AT4G18620	0
AT4G24800	2538
AT4G26580	52
AT4G28050	519
AT4G17350	129
AT4G19170	1215
AT4G29990	47
AT4G19275	0
AT4G29960	565
AT4G03240	400
AT4G10710	2484
AT4G05060	296
AT4G14165	0
AT4G08250	12
AT4G11800	832
AT4G11950	28
AT4G14300	2053
AT4G37120	2444
AT4G15530	1067
AT4G35800	4413
AT4G25270	211
AT4G30040	0
AT4G27630	235
AT4G17240	498
AT4G24270	921
AT4G24310	67
AT4G14713	164
AT4G01690	6031
AT4G25420	22
AT4G19960	526
AT4G35785	1166
AT4G02090	116
AT4G19090	71
AT4G31390	1045
AT4G21700	222
AT4G01310	11856
AT4G33970	19
AT4G30690	1580
AT4G02380	3453
AT4G29010	4415
AT4G23910	314
AT4G17905	48
AT4G08400	242
AT4G33930	27
AT4G14780	56
AT4G16220	18
AT4G12590	1647
AT4G08540	505
AT4G33710	0
AT4G22620	8
AT4G17640	1321
AT4G10360	615
AT4G14730	1
AT4G21160	785
AT4G16760	3100
AT4G10600	46
AT4G25040	0
AT4G09350	275
AT4G02460	211
AT4G15245	0
AT4G15350	28
AT4G32350	340
AT4G34250	545
AT4G28755	2
AT4G23280	18
AT4G22720	543
AT4G33230	2
AT4G30470	597
AT4G21760	188
AT4G29548	0
AT4G02920	3411
AT4G20350	78
AT4G09190	0
AT4G00060	761
AT4G34760	367
AT4G15130	589
AT4G22467	1
AT4G15545	4085
AT4G14080	0
AT4G32110	0
AT4G04630	98
AT4G39230	383
AT4G27320	1595
AT4G17600	5561
AT4G27460	15
AT4G21990	5366
AT4G12490	1838
AT4G33880	37
AT4G10020	0
AT4G35485	0
AT4G30700	175
AT4G15710	6
AT4G13395	39
AT4G10760	918
AT4G38460	2818
AT4G35600	223
AT4G12545	47
AT4G22115	0
AT4G11030	0
AT4G00238	691
AT4G36010	647
AT4G21400	197
AT4G00920	0
AT4G22513	385
AT4G32340	4209
AT4G19985	618
AT4G15802	1761
AT4G39530	134
AT4G37230	3
AT4G26455	655
AT4G20835	0
AT4G25780	86
AT4G15100	1
AT4G24860	26
AT4G29080	963
AT4G10130	176
AT4G37390	311
AT4G22370	2
AT4G15810	468
AT4G11760	1
AT4G06688	0
AT4G25710	429
AT4G08267	0
AT4G26100	956
AT4G15980	4
AT4G08960	658
AT4G03010	155
AT4G18040	2366
AT4G34070	741
AT4G05420	2179
AT4G29760	4
AT4G17770	1458
AT4G00490	1388
AT4G33820	25
AT4G27330	0
AT4G08320	287
AT4G16144	426
AT4G14580	401
AT4G08580	583
AT4G04700	208
AT4G29470	4
AT4G16530	1
AT4G15650	1
AT4G17310	166
AT4G23500	1107
AT4G09430	10
AT4G38850	44
AT4G20170	263
AT4G27565	0
AT4G20620	0
AT4G35470	586
AT4G32510	21
AT4G00900	1227
AT4G12860	0
AT4G21080	1
AT4G02810	63
AT4G38590	7
AT4G25120	262
AT4G09450	0
AT4G26270	316
AT4G00250	17
AT4G07350	0
AT4G24830	3696
AT4G27730	252
AT4G14550	343
AT4G00600	0
AT4G01550	374
AT4G18340	331
AT4G08380	0
AT4G10530	0
AT4G13730	561
AT4G35890	2246
AT4G27745	202
AT4G06479	0
AT4G12030	1215
AT4G33840	0
AT4G12830	1063
AT4G15075	0
AT4G27790	3
AT4G15550	716
AT4G02220	528
AT4G01120	467
AT4G26590	0
AT4G27640	1646
AT4G26920	0
AT4G23000	270
AT4G24990	968
AT4G16045	0
AT4G29340	15
AT4G22470	10
AT4G01440	480
AT4G29400	544
AT4G21440	1
AT4G38905	0
AT4G37880	666
AT4G28990	611
AT4G24100	458
AT4G35310	2699
AT4G01040	799
AT4G32330	2858
AT4G00680	227
AT4G33810	127
AT4G31530	1765
AT4G28350	67
AT4G05400	837
AT4G00340	1613
AT4G12520	230
AT4G01570	489
AT4G27860	554
AT4G36910	695
AT4G22505	2
AT4G04423	1
AT4G04180	201
AT4G22870	5
AT4G26880	8
AT4G12370	2
AT4G32490	1
AT4G22570	609
AT4G05470	4
AT4G34900	1019
AT4G10950	7
AT4G13955	0
AT4G00480	394
AT4G19870	168
AT4G03260	2802
AT4G10490	0
AT4G12870	184
AT4G27610	494
AT4G28470	2142
AT4G01460	280
AT4G24530	355
AT4G04580	0
AT4G23940	2429
AT4G17390	11557
AT4G28180	162
AT4G39380	133
AT4G26460	8
AT4G26965	343
AT4G29130	2077
AT4G19975	44
AT4G10305	0
AT4G16610	46
AT4G27060	982
AT4G26310	455
AT4G15440	41
AT4G27240	284
AT4G20930	217
AT4G19540	229
AT4G02360	35
AT4G31100	140
AT4G08520	2028
AT4G21340	14
AT4G32420	1525
AT4G20410	823
AT4G18100	14871
AT4G24250	66
AT4G04402	0
AT4G03130	25
AT4G17870	1369
AT4G28830	395
AT4G23390	0
AT4G17970	313
AT4G29273	0
AT4G22217	15
AT4G04720	1473
AT4G09780	3
AT4G39890	74
AT4G28220	784
AT4G13950	210
AT4G38920	5625
AT4G30890	1433
AT4G11410	455
AT4G12430	135
AT4G36870	581
AT4G01840	183
AT4G23420	70
AT4G00895	2965
AT4G01920	95
AT4G34300	4
AT4G21650	520
AT4G14695	30
AT4G34660	641
AT4G26200	242
AT4G08900	671
AT4G03580	0
AT4G08290	670
AT4G12940	1
AT4G22340	191
AT4G17720	1024
AT4G00585	2016
AT4G11560	1275
AT4G00030	663
AT4G00580	3
AT4G23355	0
AT4G12750	801
AT4G04260	7
AT4G14840	82
AT4G19630	2
AT4G34910	615
AT4G11070	0
AT4G25210	1846
AT4G38290	30
AT4G32630	3
AT4G13520	3738
AT4G27410	184
AT4G37445	77
AT4G14145	237
AT4G17680	156
AT4G33460	627
AT4G16680	39
AT4G36750	1237
AT4G16450	3335
AT4G15290	31
AT4G04680	6
AT4G22285	997
AT4G18610	102
AT4G35450	8175
AT4G32295	105
AT4G08630	0
AT4G28330	63
AT4G16630	2022
AT4G36110	9
AT4G36270	93
AT4G05540	0
AT4G12460	629
AT4G02250	2
AT4G12790	1063
AT4G08700	242
AT4G32670	272
AT4G00740	1980
AT4G17730	772
AT4G04950	1409
AT4G03505	0
AT4G10210	0
AT4G39745	0
AT4G30610	507
AT4G11040	1
AT4G18080	0
AT4G36960	741
AT4G28740	1005
AT4G34920	1768
AT4G10000	505
AT4G12480	11814
AT4G25110	170
AT4G00150	472
AT4G37310	776
AT4G35790	3333
AT4G30825	905
AT4G36610	282
AT4G33500	1489
AT4G27300	575
AT4G13930	9736
AT4G09585	0
AT4G14630	52
AT4G33540	1128
AT4G36990	1508
AT4G14980	126
AT4G18210	64
AT4G32390	1982
AT4G08867	0
AT4G15330	42
AT4G22165	0
AT4G00905	0
AT4G34190	7917
AT4G03430	2063
AT4G18930	1193
AT4G08270	0
AT4G37990	17
AT4G22910	378
AT4G31730	240
AT4G14716	2692
AT4G32680	343
AT4G18500	0
AT4G10880	0
AT4G17590	0
AT4G12910	859
AT4G10120	2737
AT4G37000	1305
AT4G00295	0
AT4G19840	3281
AT4G33770	248
AT4G26670	3430
AT4G29800	152
AT4G24950	0
AT4G18250	130
AT4G23980	760
AT4G28610	1004
AT4G15010	673
AT4G00260	0
AT4G28210	1284
AT4G20010	880
AT4G32750	227
AT4G22670	4234
AT4G00400	1071
AT4G25690	445
AT4G05070	1510
AT4G15380	57
AT4G34740	1790
AT4G18750	304
AT4G34890	1749
AT4G18692	0
AT4G37360	0
AT4G01575	0
AT4G26660	965
AT4G16535	1
AT4G29283	0
AT4G02480	5184
AT4G30870	142
AT4G38250	0
AT4G14930	612
AT4G01220	338
AT4G35295	7
AT4G26180	117
AT4G32500	1
AT4G00850	104
AT4G00651	0
AT4G22770	162
AT4G34290	2262
AT4G32840	481
AT4G32170	0
AT4G17910	274
AT4G08455	131
AT4G11480	17
AT4G28260	1099
AT4G09920	12
AT4G04450	132
AT4G38430	2509
AT4G13770	10294
AT4G04110	0
AT4G29150	116
AT4G15730	158
AT4G39952	91
AT4G34410	0
AT4G01026	128
AT4G29380	752
AT4G03390	1113
AT4G15820	177
AT4G33090	5178
AT4G34400	27
AT4G23110	0
AT4G05460	325
AT4G07965	0
AT4G26260	12
AT4G30560	362
AT4G11140	162
AT4G20830	806
AT4G21920	10
AT4G32480	184
AT4G40063	0
AT4G04860	405
AT4G35130	129
AT4G26130	3062
AT4G24240	952
AT4G00110	447
AT4G02760	203
AT4G36760	1829
AT4G26850	2165
AT4G25050	9907
AT4G31480	4133
AT4G12240	155
AT4G33440	270
AT4G11150	7424
AT4G31070	54
AT4G26430	282
AT4G18110	0
AT4G29410	4673
AT4G17100	838
AT4G37682	29
AT4G35860	908
AT4G02690	4
AT4G00320	0
AT4G04710	9
AT4G02330	396
AT4G09035	0
AT4G17900	635
AT4G08040	19
AT4G18330	1
AT4G16750	146
AT4G34000	805
AT4G20130	2237
AT4G31920	732
AT4G16880	707
AT4G13420	81
AT4G19020	814
AT4G01800	5139
AT4G39650	0
AT4G31320	201
AT4G01735	2
AT4G19200	2355
AT4G18160	240
AT4G16470	142
AT4G12360	0
AT4G40011	0
AT4G16442	545
AT4G08560	0
AT4G21200	37
AT4G28690	105
AT4G23880	62
AT4G30950	11080
AT4G35905	319
AT4G17420	504
AT4G12130	511
AT4G30845	118
AT4G10550	220
AT4G18630	210
AT4G39260	27198
AT4G14350	1222
AT4G18975	685
AT4G21530	315
AT4G32530	2144
AT4G21940	76
AT4G20960	1313
AT4G00810	6231
AT4G09630	849
AT4G09010	10193
AT4G18590	424
AT4G28910	1366
AT4G12010	310
AT4G15780	1090
AT4G33130	108
AT4G05071	0
AT4G32460	943
AT4G23060	343
AT4G21063	35
AT4G08895	0
AT4G39740	175
AT4G11850	1256
AT4G19095	7
AT4G08691	0
AT4G01110	49
AT4G18501	34
AT4G13830	954
AT4G01990	215
AT4G25900	1305
AT4G18830	19
AT4G39470	484
AT4G03330	25
AT4G11650	2395
AT4G32200	210
AT4G29290	0
AT4G36720	178
AT4G33495	296
AT4G22305	136
AT4G07526	0
AT4G29630	0
AT4G16550	0
AT4G21515	0
AT4G23700	316
AT4G25490	8
AT4G29700	685
AT4G31770	261
AT4G26780	751
AT4G33780	658
AT4G21880	221
AT4G16080	3
AT4G03740	0
AT4G32600	830
AT4G03250	186
AT4G30630	283
AT4G36800	2010
AT4G32030	880
AT4G01670	238
AT4G32800	149
AT4G34270	1145
AT4G16100	244
AT4G02405	395
AT4G35280	0
AT4G12670	331
AT4G16340	2382
AT4G26870	2304
AT4G02190	1
AT4G28110	10
AT4G12970	425
AT4G24615	0
AT4G20770	54
AT4G30710	470
AT4G32360	269
AT4G23460	1495
AT4G09360	0
AT4G24640	2
AT4G35410	259
AT4G31985	4867
AT4G09530	0
AT4G14190	140
AT4G04830	2274
AT4G18510	93
AT4G31970	12
AT4G25800	37
AT4G36791	7
AT4G27910	403
AT4G08028	0
AT4G16240	54
AT4G31160	1466
AT4G15030	479
AT4G29090	0
AT4G10240	4
AT4G21902	1
AT4G19460	45
AT4G22120	864
AT4G15630	752
AT4G17510	670
AT4G20450	22
AT4G02750	187
AT4G11373	0
AT4G22410	0
AT4G04750	521
AT4G13790	1
AT4G01703	0
AT4G11380	2897
AT4G13480	2
AT4G17215	199
AT4G13780	3073
AT4G10170	232
AT4G36480	911
AT4G14342	877
AT4G19003	474
AT4G06639	0
AT4G21510	74
AT4G29110	256
AT4G28085	36
AT4G24975	0
AT4G20090	206
AT4G17000	477
AT4G15450	380
AT4G35000	4485
AT4G19430	1
AT4G25360	616
AT4G09545	0
AT4G13390	813
AT4G29060	20088
AT4G15490	1273
AT4G30450	298
AT4G13980	379
AT4G08240	354
AT4G03400	1130
AT4G14040	6675
AT4G18150	0
AT4G29033	0
AT4G38470	1882
AT4G12990	128
AT4G14970	216
AT4G03625	0
AT4G22758	37
AT4G02540	563
AT4G33800	22
AT4G20360	0
AT4G35550	368
AT4G02700	160
AT4G28650	68
AT4G16900	329
AT4G09750	522
AT4G35720	100
AT4G04620	192
AT4G19690	788
AT4G01770	71
AT4G09960	1
AT4G19180	551
AT4G35700	0
AT4G02840	955
AT4G13220	585
AT4G39790	51
AT4G09466	0
AT4G10620	576
AT4G39235	132
AT4G35840	332
AT4G38220	2512
AT4G24540	152
AT4G27520	7614
AT4G10410	5
AT4G30070	0
AT4G13680	11
AT4G38990	0
AT4G30910	473
AT4G13500	1967
AT4G32230	0
AT4G38005	0
AT4G09340	610
AT4G02640	966
AT4G37210	1115
AT4G17790	353
AT4G10970	580
AT4G29390	502
AT4G05630	0
AT4G00290	502
AT4G10560	22
AT4G24972	228
AT4G21192	204
AT4G27080	1637
AT4G14785	0
AT4G26630	7029
AT4G31430	890
AT4G26680	58
AT4G27880	595
AT4G00220	29
AT4G21950	0
AT4G04890	2427
AT4G23430	964
AT4G20645	0
AT4G15990	15
AT4G26150	115
AT4G13380	0
AT4G23960	0
AT4G37435	0
AT4G03292	22
AT4G14723	18
AT4G13261	0
AT4G22105	2
AT4G13235	305
AT4G00880	55
AT4G37540	920
AT4G31310	595
AT4G11360	531
AT4G31000	212
AT4G35490	2315
AT4G26910	2269
AT4G34500	514
AT4G10390	79
AT4G23080	0
AT4G23365	0
AT4G15040	0
AT4G36925	0
AT4G01950	505
AT4G12410	7
AT4G08990	10
AT4G25600	149
AT4G10510	22
AT4G00350	5
AT4G28703	41
AT4G03420	422
AT4G34380	8
AT4G14104	1
AT4G14440	1653
AT4G31420	804
AT4G25560	23
AT4G03220	0
AT4G27030	298
AT4G13840	2586
AT4G30067	0
AT4G20420	0
AT4G20080	0
AT4G08640	0
AT4G27435	182
AT4G13970	558
AT4G13266	0
AT4G04460	123
AT4G36105	0
AT4G02720	0
AT4G11740	907
AT4G01900	1803
AT4G37860	1
AT4G19350	560
AT4G24330	2352
AT4G33985	155
AT4G33945	752
AT4G28140	35
AT4G32940	3378
AT4G15340	196
AT4G03160	0
AT4G08263	2
AT4G10870	0
AT4G15960	160
AT4G00450	1433
AT4G39660	1496
AT4G26050	1
AT4G20150	4163
AT4G02310	0
AT4G08570	162
AT4G00520	357
AT4G12110	549
AT4G22130	1031
AT4G30540	2
AT4G09950	181
AT4G38270	576
AT4G16930	0
AT4G11530	136
AT4G00780	2310
AT4G00910	56
AT4G35810	126
AT4G32570	998
AT4G14560	168
AT4G00500	344
AT4G03113	0
AT4G33290	1
AT4G30840	438
AT4G34138	589
AT4G07950	225
AT4G25080	9917
AT4G35750	2783
AT4G27360	0
AT4G23100	8433
AT4G26230	4446
AT4G22710	31
AT4G16860	1781
AT4G06744	914
AT4G27440	30308
AT4G15610	592
AT4G02880	485
AT4G33160	130
AT4G17565	0
AT4G23450	33
AT4G28940	208
AT4G20540	0
AT4G39050	1549
AT4G31830	0
AT4G28680	95
AT4G00270	796
AT4G36240	302
AT4G00370	3426
AT4G02170	12
AT4G19130	153
AT4G02070	537
AT4G16566	227
AT4G34580	267
AT4G03728	0
AT4G34980	3356
AT4G18190	0
AT4G25980	16
AT4G02740	348
AT4G30770	0
AT4G26555	1000
AT4G19720	54
AT4G35920	1147
AT4G33210	1134
AT4G22235	0
AT4G23710	1360
AT4G27270	407
AT4G22970	345
AT4G20920	10
AT4G28570	726
AT4G20560	0
AT4G25730	3277
AT4G12540	111
AT4G26530	14027
AT4G38140	2
AT4G37180	887
AT4G11880	149
AT4G01230	8
AT4G39820	711
AT4G33600	0
AT4G22780	332
AT4G16162	0
AT4G27530	2
AT4G28130	0
AT4G37290	7
AT4G27800	4630
AT4G32830	524
AT4G15280	13
AT4G01925	46
AT4G27600	3835
AT4G34790	17
AT4G14965	632
AT4G15417	28
AT4G13560	77
AT4G35020	478
AT4G24930	1804
AT4G25510	0
AT4G16545	0
AT4G13090	0
AT4G23860	839
AT4G16230	33
AT4G25330	0
AT4G16420	740
AT4G18020	1097
AT4G39750	0
AT4G28510	1110
AT4G37690	7
AT4G30420	61
AT4G15020	759
AT4G33020	19
AT4G05150	2786
AT4G16720	18749
AT4G35025	0
AT4G27430	2225
AT4G32780	87
AT4G28640	327
AT4G35725	0
AT4G11220	1366
AT4G34840	298
AT4G16570	179
AT4G14301	0
AT4G10540	0
AT4G21030	0
AT4G39420	1468
AT4G32850	2568
AT4G25100	27466
AT4G15540	876
AT4G37580	125
AT4G30720	2322
AT4G25350	53
AT4G32320	798
AT4G35880	437
AT4G18060	819
AT4G01360	29
AT4G18940	24
AT4G13060	0
AT4G10265	42
AT4G26990	116
AT4G18270	401
AT4G29640	0
AT4G07410	2211
AT4G09030	20
AT4G11700	5
AT4G38500	981
AT4G16590	1
AT4G06676	278
AT4G14800	1767
AT4G16095	0
AT4G27510	52
AT4G20430	772
AT4G38010	96
AT4G25910	612
AT4G02110	526
AT4G23490	419
AT4G24970	268
AT4G10230	0
AT4G22090	1
AT4G27310	336
AT4G15320	77
AT4G08160	147
AT4G17890	872
AT4G30400	232
AT4G17670	363
AT4G19570	5
AT4G04980	0
AT4G00120	0
AT4G26220	255
AT4G14670	0
AT4G19050	60
AT4G08770	966
AT4G23840	195
AT4G35460	946
AT4G28550	258
AT4G11655	1
AT4G17486	777
AT4G31110	50
AT4G28395	0
AT4G03620	2
AT4G26570	996
AT4G27620	700
AT4G11190	105
AT4G09900	534
AT4G02020	1057
AT4G19810	1099
AT4G13345	259
AT4G33100	134
AT4G33560	664
AT4G24780	5999
AT4G27950	314
AT4G23370	0
AT4G24450	463
AT4G30880	2
AT4G21534	195
AT4G13240	1
AT4G12900	466
AT4G02820	574
AT4G16890	3181
AT4G25410	30
AT4G25640	3365
AT4G26280	0
AT4G17840	796
AT4G29790	779
AT4G03500	44
AT4G00180	1072
AT4G14110	968
AT4G16540	85
AT4G24300	0
AT4G18390	1095
AT4G22510	0
AT4G13750	438
AT4G39850	2002
AT4G34950	5697
AT4G15750	0
AT4G37920	896
AT4G23790	502
AT4G33260	520
AT4G38213	0
AT4G35733	0
AT4G01960	545
AT4G30080	685
AT4G38130	4424
AT4G13010	2190
AT4G29037	2
AT4G34030	1381
AT4G12640	834
AT4G09810	177
AT4G15890	272
AT4G21560	373
AT4G39010	129
AT4G26960	207
AT4G36590	7
AT4G08190	0
AT4G13290	128
AT4G17520	9381
AT4G24580	90
AT4G38560	34
AT4G25130	6357
AT4G21820	328
AT4G10770	891
AT4G03157	0
AT4G21840	12
AT4G31820	748
AT4G10090	206
AT4G39070	137
AT4G00980	79
AT4G08450	15
AT4G00342	0
AT4G34220	1078
AT4G05170	12
AT4G12890	14
AT4G33910	542
AT4G19700	311
AT4G35360	974
AT4G08410	409
AT4G34720	4719
AT4G00232	0
AT4G00390	47
AT4G21900	427
AT4G02270	444
AT4G34370	564
AT4G16143	3651
AT4G19510	555
AT4G01180	0
AT4G03200	1252
AT4G39160	500
AT4G01985	25
AT4G24940	721
AT4G30210	2949
AT4G29350	10274
AT4G00315	0
AT4G14340	773
AT4G30290	445
AT4G30350	866
AT4G12280	0
AT4G33885	1
AT4G39955	449
AT4G38401	0
AT4G32580	0
AT4G22517	1765
AT4G25290	688
AT4G00670	82
AT4G33320	0
AT4G23610	1
AT4G33465	0
AT4G12220	0
AT4G00890	13
AT4G05430	22
AT4G24030	1
AT4G34510	29
AT4G19800	1
AT4G28980	948
AT4G18465	593
AT4G13310	17
AT4G37470	1329
AT4G14490	143
AT4G06526	0
AT4G19190	689
AT4G19820	19
AT4G30000	295
AT4G38780	95
AT4G21110	1317
AT4G17300	2673
AT4G11490	0
AT4G17150	907
AT4G39270	678
AT4G37420	1
AT4G28590	445
AT4G00755	687
AT4G23990	359
AT4G19890	172
AT4G20230	83
AT4G00820	325
AT4G29480	3106
AT4G23250	252
AT4G22740	1111
AT4G31890	371
AT4G17940	1052
AT4G25340	2207
AT4G21660	3110
AT4G35150	0
AT4G18770	0
AT4G28750	14428
AT4G16130	1040
AT4G03170	0
AT4G11050	57
AT4G18870	0
AT4G35660	9
AT4G16990	2986
AT4G38100	1310
AT4G12930	0
AT4G28100	509
AT4G27000	3395
AT4G20290	0
AT4G17570	799
AT4G14860	26
AT4G02733	0
AT4G31130	918
AT4G39675	319
AT4G32920	890
AT4G00170	483
AT4G15360	12
AT4G36050	111
AT4G35540	132
AT4G22050	2
AT4G24231	0
AT4G05050	11281
AT4G31280	0
AT4G17880	423
AT4G28890	95
AT4G24010	63
AT4G01240	91
AT4G23220	131
AT4G18905	1016
AT4G10480	7731
AT4G13850	4558
AT4G14030	4194
AT4G36700	26
AT4G31470	119
AT4G03050	1
AT4G24740	1443
AT4G11110	1114
AT4G08140	0
AT4G10440	3
AT4G31210	1721
AT4G33390	1
AT4G08360	0
AT4G32208	4
AT4G16370	5829
AT4G39220	821
AT4G35420	135
AT4G37140	9
AT4G21190	758
AT4G04350	2019
AT4G01050	14134
AT4G34260	1929
AT4G12620	352
AT4G15560	6565
AT4G18720	0
AT4G25990	558
AT4G02900	165
AT4G36070	0
AT4G12330	93
AT4G26010	1129
AT4G03610	62
AT4G27870	2487
AT4G04745	322
AT4G30140	2664
AT4G31020	69
AT4G19925	1
AT4G40060	1610
AT4G25660	564
AT4G01520	0
AT4G01730	590
AT4G19250	0
AT4G37830	5134
AT4G01030	151
AT4G33400	1072
AT4G24370	197
AT4G18990	3
AT4G38380	274
AT4G01023	3
AT4G32535	21
AT4G30620	1210
AT4G13360	1520
AT4G12850	54
AT4G14358	0
AT4G27160	0
AT4G25810	87
AT4G32120	452
AT4G21460	712
AT4G27740	258
AT4G00005	0
AT4G31715	0
AT4G29890	381
AT4G39960	4233
AT4G05190	832
AT4G20235	23
AT4G19010	211
AT4G24080	51
AT4G31196	0
AT4G24280	13333
AT4G34345	0
AT4G16957	178
AT4G34420	61
AT4G35580	918
AT4G32760	2338
AT4G01037	2453
AT4G36390	2414
AT4G01780	2
AT4G30510	178
AT4G22495	0
AT4G04020	2776
AT4G37610	299
AT4G15390	2213
AT4G18372	182
AT4G13150	611
AT4G38650	106
AT4G15740	10
AT4G02830	45
AT4G29930	122
AT4G32820	677
AT4G39810	74
AT4G15690	108
AT4G15720	30
AT4G37300	5872
AT4G26750	783
AT4G38540	50
AT4G24980	2
AT4G04920	1314
AT4G12600	3037
AT4G31900	1
AT4G31610	4
AT4G17243	1
AT4G15053	0
AT4G29840	4070
AT4G04940	887
AT4G03153	0
AT4G12710	152
AT4G15093	508
AT4G08620	39
AT4G26483	0
AT4G11485	0
AT4G00525	40
AT4G30970	0
AT4G08485	0
AT4G27480	30
AT4G16770	399
AT4G10280	219
AT4G17020	429
AT4G02410	373
AT4G13490	0
AT4G26250	0
AT4G15735	0
AT4G15900	2470
AT4G31790	786
AT4G30230	44
AT4G30980	275
AT4G27040	500
AT4G21690	1
AT4G14370	52
AT4G11521	49
AT4G27990	1036
AT4G11990	64
AT4G19905	0
AT4G31990	7290
AT4G39510	502
AT4G19830	509
AT4G09520	434
AT4G38495	120
AT4G37608	51
AT4G21870	344
AT4G31230	7
AT4G24644	0
AT4G26210	875
AT4G22035	0
AT4G32272	302
AT4G11830	1179
AT4G09210	0
AT4G11543	0
AT4G04090	0
AT4G36690	3748
AT4G11930	0
AT4G12840	161
AT4G34550	14
AT4G18580	145
AT4G04330	1298
AT4G26860	940
AT4G27580	2
AT4G29590	1219
AT4G21890	175
AT4G36860	709
AT4G11440	188
AT4G35210	5
AT4G19390	468
AT4G24120	633
AT4G25740	4849
AT4G02370	1427
AT4G07940	2
AT4G29880	14
AT4G38520	2288
AT4G16250	565
AT4G00200	215
AT4G20800	0
AT4G18180	0
AT4G13320	0
AT4G20535	0
AT4G18425	108
AT4G16640	23
AT4G35070	142
AT4G37840	0
AT4G38775	0
AT4G25150	135
AT4G01560	1325
AT4G07820	40
AT4G14540	1165
AT4G21520	296
AT4G24960	921
AT4G31850	1671
AT4G25180	200
AT4G20880	436
AT4G34600	393
AT4G34830	3509
AT4G01500	18
AT4G37330	820
AT4G35530	253
AT4G36030	0
AT4G10843	6
AT4G16765	247
AT4G20200	0
AT4G17200	0
AT4G07995	14
AT4G03520	9669
AT4G37090	886
AT4G33666	25
AT4G05612	0
AT4G26110	3521
AT4G16090	1
AT4G18360	504
AT4G20140	255
AT4G13370	503
AT4G24260	27
AT4G25370	5099
AT4G12210	0
AT4G26145	0
AT4G36360	4270
AT4G38690	366
AT4G27845	0
AT4G10380	910
AT4G20095	2
AT4G08730	0
AT4G01260	0
AT4G22300	462
AT4G14147	213
AT4G16695	474
AT4G00720	2390
AT4G03950	0
AT4G34930	60
AT4G09170	12
AT4G04957	0
AT4G20720	170
AT4G01890	1
AT4G32105	1
AT4G15250	0
AT4G38390	25
AT4G04540	5
AT4G15770	1479
AT4G11010	8068
AT4G16730	0
AT4G28430	158
AT4G21720	231
AT4G27840	272
AT4G26640	1042
AT4G38810	1083
AT4G23271	0
AT4G14130	280
AT4G36770	12
AT4G24110	371
AT4G01470	1
AT4G34680	188
AT4G21480	45
AT4G36710	431
AT4G22900	43
AT4G04404	0
AT4G35040	990
AT4G38790	855
AT4G02650	6
AT4G29000	323
AT4G33730	29
AT4G36550	240
AT4G26300	2522
AT4G33830	0
AT4G12760	187
AT4G10340	128216
AT4G21100	1050
AT4G13040	245
AT4G32610	1331
AT4G21490	4
AT4G17530	1877
AT4G06536	41
AT4G13920	0
AT4G30590	0
AT4G20000	73
AT4G02520	515
AT4G28870	0
AT4G23320	14
AT4G32380	0
AT4G29250	3
AT4G30570	92
AT4G29310	631
AT4G26610	762
AT4G39180	186
AT4G21130	0
AT4G15940	802
AT4G16295	0
AT4G00416	6
AT4G08280	666
AT4G09465	0
AT4G27350	221
AT4G26930	5
AT4G26890	23
AT4G15680	75
AT4G37410	317
AT4G34080	0
AT4G03510	480
AT4G21705	396
AT4G16820	6
AT4G12310	1477
AT4G09462	0
AT4G08870	1090
AT4G03940	74
AT4G33480	1133
AT4G37530	378
AT4G39100	894
AT4G29560	99
AT4G24150	14
AT4G25440	436
AT4G16857	122
AT4G18140	229
AT4G12617	0
AT4G20670	0
AT4G18700	1943
AT4G18203	0
AT4G15215	108
AT4G14590	69
AT4G36795	6
AT4G39930	11
AT4G30600	2856
AT4G18760	574
AT4G30920	2656
AT4G34460	1257
AT4G27760	1157
AT4G05620	0
AT4G12560	907
AT4G25940	446
AT4G19110	6578
AT4G25540	95
AT4G25315	155
AT4G16745	38
AT4G23350	0
AT4G30830	27
AT4G23515	34
AT4G29740	124
AT4G31290	3278
AT4G31441	28
AT4G27070	430
AT4G20600	0
AT4G31670	380
AT4G37110	523
AT4G24040	101
AT4G37650	471
AT4G00090	870
AT4G15393	504
AT4G35980	320
AT4G30650	8567
AT4G39520	1862
AT4G04670	508
AT4G33720	64
AT4G29520	817
AT4G31355	2
AT4G19150	581
AT4G34215	1016
AT4G15790	574
AT4G34860	480
AT4G24204	0
AT4G25515	206
AT4G08850	2452
AT4G27652	79
AT4G07825	823
AT4G17330	3780
AT4G16710	423
AT4G39940	2765
AT4G29360	577
AT4G20820	188
AT4G19550	105
AT4G36500	756
AT4G32930	1110
AT4G00770	2
AT4G29170	217
AT4G21010	0
AT4G19191	44
AT4G23090	0
AT4G35850	1901
AT4G05631	87
AT4G19920	8
AT4G29905	1168
AT4G15840	874
AT4G13263	0
AT4G39320	68
AT4G19330	0
AT4G29980	3
AT4G15970	0
AT4G34780	0
AT4G10080	1938
AT4G33470	1173
AT4G14740	530
AT4G13350	1698
AT4G18810	2507
AT4G14150	383
AT4G38370	532
AT4G00710	2029
AT4G22666	158
AT4G29140	759
AT4G38210	6
AT4G00940	94
AT4G27590	32
AT4G18950	958
AT4G04850	1497
AT4G15150	47
AT4G00040	481
AT4G30640	28
AT4G16451	0
AT4G02655	2
AT4G22140	756
AT4G02430	268
AT4G17210	0
AT4G31910	1050
AT4G02590	1125
AT4G01880	422
AT4G26140	403
AT4G15950	210
AT4G18660	5
AT4G19240	0
AT4G20260	6419
AT4G16310	893
AT4G21180	508
AT4G39030	232
AT4G17160	6
AT4G22560	104
AT4G15733	0
AT4G31370	2
AT4G04632	0
AT4G00930	439
AT4G29160	2085
AT4G00140	0
AT4G15060	0
AT4G33530	2231
AT4G28815	0
AT4G01897	545
AT4G15410	853
AT4G18960	10
AT4G04190	167
AT4G27890	0
AT4G09800	5281
AT4G24974	0
AT4G31750	545
AT4G25300	98
AT4G31980	301
AT4G13630	672
AT4G36230	108
AT4G34650	99
AT4G01270	126
AT4G32870	208
AT4G17070	415
AT4G07835	0
AT4G26940	1444
AT4G17760	112
AT4G15300	71
AT4G35220	782
AT4G39460	1929
AT4G23650	4320
AT4G39860	1088
AT4G00750	587
AT4G38070	2
AT4G11980	449
AT4G33110	1086
AT4G14815	0
AT4G08260	0
AT4G20520	0
AT4G31400	66
AT4G14900	1914
AT4G27120	840
AT4G29850	0
AT4G21120	65
AT4G08555	212
AT4G23210	183
AT4G00860	2805
AT4G38870	5
AT4G26120	56
AT4G19710	2440
AT4G36740	38
AT4G22212	367
AT4G30900	418
AT4G23890	1239
AT4G30310	1812
AT4G03965	41
AT4G08330	149
AT4G33990	204
AT4G31540	0
AT4G33070	3344
AT4G04650	0
AT4G25845	0
AT4G38350	1724
AT4G04880	345
AT4G36810	0
AT4G27190	0
AT4G30320	70
AT4G33000	385
AT4G02770	56872
AT4G36670	1314
AT4G04695	127
AT4G27980	7
AT4G00310	269
AT4G27920	0
AT4G31170	1309
AT4G09984	0
AT4G19660	586
AT4G11385	0
AT4G22950	26
AT4G12250	271
AT4G05530	1425
AT4G10820	0
AT4G25430	1
AT4G30130	134
AT4G22360	628
AT4G14990	976
AT4G25850	59
AT4G36980	1519
AT4G24340	45
AT4G00870	23
AT4G37030	43
AT4G18600	252
AT4G13992	16
AT4G16807	108
AT4G09420	166
AT4G40050	944
AT4G39190	242
AT4G19610	916
AT4G27450	730
AT4G18710	3290
AT4G33140	432
AT4G35783	20
AT4G14330	866
AT4G15140	208
AT4G17620	1033
AT4G25230	1130
AT4G12420	5080
AT4G22880	942
AT4G17710	4
AT4G25470	12
AT4G24840	1069
AT4G19980	43
AT4G29570	6
AT4G23930	81
AT4G30240	450
AT4G04810	134
AT4G16950	2529
AT4G11270	1178
AT4G10330	214
AT4G29220	2268
AT4G18840	106
AT4G04078	0
AT4G24180	34
AT4G03100	906
AT4G18530	339
AT4G30340	444
AT4G21215	657
AT4G07670	0
AT4G32375	0
AT4G33145	10
AT4G27660	61
AT4G08874	6
AT4G28460	3
AT4G33630	1785
AT4G13000	58
AT4G14410	1680
AT4G35290	131
AT4G10060	2124
AT4G22460	0
AT4G36130	5758
AT4G16040	0
AT4G31870	74
AT4G35590	15
AT4G12400	194
AT4G39090	16532
AT4G07515	0
AT4G16620	76
AT4G23560	5
AT4G30662	3
AT4G03230	263
AT4G17750	181
AT4G28410	131
AT4G39590	2
AT4G29830	580
AT4G15230	177
AT4G25720	404
AT4G36350	19
AT4G13260	97
AT4G19038	0
AT4G38040	510
AT4G04740	369
AT4G23015	0
AT4G29780	155
AT4G08025	0
AT4G39080	6706
AT4G30180	61
AT4G20460	295
AT4G28820	112
AT4G09589	0
AT4G09940	3
AT4G13130	50
AT4G20020	1469
AT4G24210	415
AT4G10500	27
AT4G09140	427
AT4G29600	19
AT4G12382	5
AT4G14605	435
AT4G12080	287
AT4G25200	3
AT4G19045	204
AT4G07380	0
AT4G25433	9
AT4G25520	741
AT4G28730	461
AT4G34139	0
AT4G18860	0
AT4G37685	41
AT4G03150	266
AT4G13690	112
AT4G02735	0
AT4G03210	9163
AT4G02230	6171
AT4G08550	1
AT4G28240	526
AT4G13575	142
AT4G10610	1455
AT4G30990	1381
AT4G34850	9
AT4G33940	462
AT4G13050	760
AT4G00730	2310
AT4G16480	317
AT4G37925	1415
AT4G19490	1321
AT4G39970	1650
AT4G13890	40
AT4G20320	898
AT4G38830	35
AT4G12060	2403
AT4G28500	74
AT4G21903	77
AT4G28310	442
AT4G36620	58
AT4G25960	1256
AT4G10750	428
AT4G34265	1557
AT4G18030	3787
AT4G38062	453
AT4G01210	1240
AT4G04040	1900
AT4G28025	2634
AT4G08370	0
AT4G26060	227
AT4G26760	1259
AT4G38660	1264
AT4G21170	109
AT4G38490	848
AT4G29730	181
AT4G33565	317
AT4G29030	3377
AT4G11610	161
AT4G07868	0
AT4G38180	61
AT4G17360	325
AT4G31073	0
AT4G12390	701
AT4G26415	58
AT4G18090	0
AT4G14305	63
AT4G30940	145
AT4G31380	0
AT4G15470	3376
AT4G22830	759
AT4G00955	97
AT4G35170	1
AT4G29305	1
AT4G22610	65
AT4G28880	1864
AT4G23850	5298
AT4G11350	81
AT4G02420	188
AT4G16520	2007
AT4G21326	152
AT4G13280	69
AT4G13180	1711
AT4G05097	3
AT4G14420	2392
AT4G12650	3722
AT4G23373	0
AT4G39640	602
AT4G33180	322
AT4G00840	224
AT4G26830	34
AT4G31490	3230
AT4G20580	0
AT4G28920	0
AT4G01370	1746
AT4G21980	730
AT4G26390	5
AT4G04265	0
AT4G39830	113
AT4G22010	2471
AT4G34520	0
AT4G28450	1115
AT4G04870	416
AT4G03945	0
AT4G10370	54
AT4G36890	907
AT4G10010	1
AT4G30300	0
AT4G37850	0
AT4G21070	275
AT4G33300	1338
AT4G13620	71
AT4G03115	189
AT4G28790	73
AT4G23780	1
AT4G22840	143
AT4G37250	466
AT4G10695	4
AT4G16215	0
AT4G28840	23
AT4G32640	1950
AT4G14675	0
AT4G04690	0
AT4G11920	152
AT4G37022	10
AT4G02850	349
AT4G39910	813
AT4G31700	16019
AT4G23230	40
AT4G19560	30
AT4G12780	1547
AT4G16008	98
AT4G21610	208
AT4G16195	0
AT4G21800	828
AT4G18422	68
AT4G16670	61
AT4G08950	595
AT4G24160	1003
AT4G31240	155
AT4G09660	0
AT4G29920	292
AT4G23140	112
AT4G17430	279
AT4G02440	529
AT4G35250	4140
AT4G23895	249
AT4G17850	0
AT4G08230	903
AT4G38960	58
AT4G12120	176
AT4G15070	79
AT4G10350	42
AT4G34470	0
AT4G24390	415
AT4G30730	0
AT4G15660	55
AT4G01820	10
AT4G14245	0
AT4G01640	0
AT4G22270	122
AT4G38781	0
AT4G16790	304
AT4G22940	22
AT4G02630	458
AT4G02000	7
AT4G31805	169
AT4G25170	1377
AT4G00160	1
AT4G25920	0
AT4G32175	239
AT4G26900	2261
AT4G20650	0
AT4G09670	2199
AT4G11450	288
AT4G32280	21
AT4G27250	23
AT4G11211	351
AT4G14690	425
AT4G22180	0
AT4G14225	0
AT4G10680	2
AT4G28520	0
AT4G03566	0
AT4G32342	1
AT4G13820	7
AT4G28811	0
AT4G26690	1309
AT4G36170	0
AT4G35560	450
AT4G14960	16337
AT4G25760	56
AT4G06634	514
AT4G19680	53
AT4G33740	1123
AT4G33355	11
AT4G16380	2223
AT4G12320	3684
AT4G25930	0
AT4G21140	401
AT4G00305	14
AT4G18450	15
AT4G29280	0
AT4G23570	711
AT4G10457	0
AT4G00460	73
AT4G02500	3062
AT4G40070	67
AT4G39900	802
AT4G30790	957
AT4G25020	58
AT4G34450	7098
AT4G11080	540
AT4G32140	482
AT4G10603	0
AT4G31080	962
AT4G13580	212
AT4G23660	217
AT4G07408	0
AT4G04210	1289
AT4G21585	197
AT4G24070	0
AT4G24973	1
AT4G10030	523
AT4G34020	975
AT4G32300	535
AT4G31760	7
AT4G00163	0
AT4G26480	1233
AT4G00155	0
AT4G03205	404
AT4G02890	5553
AT4G35830	15434
AT4G22000	1270
AT4G18070	1220
AT4G02450	6147
AT4G34990	98
AT4G05160	1121
AT4G36945	162
AT4G17500	524
AT4G14660	231
AT4G00080	460
AT4G09890	399
AT4G03645	0
AT4G15120	82
AT4G08390	4105
AT4G32717	0
AT4G13660	897
AT4G39720	113
AT4G33640	740
AT4G33760	1760
AT4G27690	431
AT4G32240	1233
AT4G29720	994
AT4G10320	3950
AT4G00540	0
AT4G35670	0
AT4G23310	8
AT4G02465	0
AT4G01540	240
AT4G21790	1851
AT4G11845	44
AT4G13510	0
AT4G36160	37
AT4G11590	2
AT4G00231	498
AT4G08940	121
AT4G32430	66
AT4G33670	1440
AT4G39150	1171
AT4G16146	873
AT4G01430	255
AT4G37940	37
AT4G22850	249
AT4G36180	1536
AT4G31360	524
AT4G12020	417
AT4G25250	25
AT4G24060	551
AT4G11340	0
AT4G26840	2720
AT4G25840	497
AT4G02010	873
AT4G16490	2182
AT4G32180	1744
AT4G33510	5739
AT4G21540	467
AT4G02100	416
AT4G09850	3
AT4G25260	409
AT4G17380	26
AT4G21390	110
AT4G02670	18
AT4G19930	0
AT4G14100	335
AT4G15563	82
AT4G27750	545
AT4G26350	0
AT4G13572	76
AT4G35090	7288
AT4G30430	0
AT4G20040	44
AT4G27657	36
AT4G25450	1780
AT4G07455	128
AT4G06746	122
AT4G30490	669
AT4G09620	864
AT4G09731	2
AT4G22810	189
AT4G34360	138
AT4G00330	667
AT4G04760	18
AT4G13577	0
AT4G10800	149
AT4G16563	468
AT4G12140	0
AT4G11570	2290
AT4G38410	74
AT4G22890	6459
AT4G02260	2557
AT4G02350	1384
AT4G34570	438
AT4G18320	0
AT4G01935	259
AT4G15500	292
AT4G22960	16
AT4G17580	0
AT4G24020	1259
AT4G05000	276
AT4G12070	355
AT4G09820	80
AT4G37720	0
AT4G17700	0
AT4G05523	0
AT4G36000	13
AT4G18730	8877
AT4G08180	868
AT4G18520	756
AT4G15765	103
AT4G29710	19
AT4G14120	59
AT4G30190	24379
AT4G35985	159
AT4G02150	1506
AT4G08875	0
AT4G27470	273
AT4G27090	21005
AT4G23020	165
AT4G25610	323
AT4G00050	200
AT4G12690	109
AT4G10720	16
AT4G23380	0
AT4G01400	90
AT4G02970	2779
AT4G09980	1052
AT4G12880	2507
AT4G32770	620
AT4G02140	10
AT4G12495	0
AT4G00620	750
AT4G04790	192
AT4G04480	0
AT4G02080	1992
AT4G11390	0
AT4G14060	87
AT4G04972	11
AT4G14200	525
AT4G01070	1573
AT4G02950	0
AT4G21550	73
AT4G09440	0
AT4G36420	1203
AT4G36450	24
AT4G16120	689
AT4G15233	251
AT4G02780	10
AT4G01915	177
AT4G07960	113
AT4G01420	2
AT4G20210	37
AT4G39925	23
AT4G31685	0
AT4G39360	11
AT4G00300	1091
AT4G38150	339
AT4G38300	43
AT4G11780	44
AT4G16390	2829
AT4G16510	194
AT4G28530	44
AT4G37640	1405
AT4G21300	67
AT4G01450	1035
AT4G30010	5374
AT4G27230	1659
AT4G18680	0
AT4G18780	311
AT4G29020	6041
AT4G20870	713
AT4G28850	104
AT4G35780	413
AT4G14805	3
AT4G02541	0
AT4G10310	37
AT4G36820	5
AT4G14380	32
AT4G11770	0
AT4G00953	0
AT4G18980	1
AT4G37970	125
AT4G02340	1211
AT4G11970	188
AT4G16855	0
AT4G39920	249
AT4G22485	17
AT4G16810	4
AT4G20110	426
AT4G13968	0
AT4G32720	2738
AT4G03156	0
AT4G13070	175
AT4G00950	174
AT4G22280	24
AT4G04470	529
AT4G26701	0
AT4G34412	226
AT4G16150	1755
AT4G13985	0
AT4G20850	6238
AT4G36470	182
AT4G36020	1880
AT4G26288	2
AT4G36840	198
AT4G38640	856
AT4G33080	1487
AT4G16350	71
AT4G28005	4
AT4G38800	2418
AT4G01650	359
AT4G28068	0
AT4G26800	68
AT4G22690	2787
AT4G02200	174
AT4G02610	322
AT4G00440	1076
AT4G11460	365
AT4G12340	852
AT4G38310	1
AT4G04415	4
AT4G09880	0
AT4G02530	5953
AT4G20400	1448
AT4G02195	201
AT4G12700	480
AT4G38420	684
AT4G34440	0
AT4G37280	770
AT4G39540	951
AT4G18790	0
AT4G34320	29
AT4G26770	10
AT4G24175	285
AT4G11750	0
AT4G31440	115
AT4G06583	0
AT4G03000	773
AT4G11330	287
AT4G06534	100
AT4G09000	8695
AT4G29490	1016
AT4G05350	0
AT4G01245	0
AT4G33240	1435
AT4G32130	1134
AT4G02660	204
AT4G27500	5290
AT4G10150	11
AT4G02400	1598
AT4G04500	5
AT4G28040	147
AT4G12150	0
AT4G01480	1147
AT4G31510	336
AT4G37660	446
AT4G31600	293
AT4G14270	2552
AT4G34090	1320
AT4G01870	1643
AT4G23260	537
AT4G37550	748
AT4G13110	71
AT4G17505	0
AT4G36650	416
AT4G02050	740
AT4G25570	5100
AT4G26740	0
AT4G08670	0
AT4G09965	3
AT4G09610	0
AT4G32160	606
AT4G04570	587
AT4G33150	546
AT4G35950	763
AT4G03370	0
AT4G32150	2221
AT4G22240	3427
AT4G37010	151
AT4G20070	476
AT4G25400	58
AT4G30530	4973
AT4G39400	3058
AT4G08780	220
AT4G19850	9
AT4G26420	0
AT4G22550	174
AT4G20900	2
AT4G24590	342
AT4G23400	2249
AT4G39690	1569
AT4G14096	206
AT4G09310	0
AT4G03540	62
AT4G11670	469
AT4G34170	1
AT4G30750	759
AT4G37100	511
AT4G36290	489
AT4G20250	0
AT4G20935	27
AT4G14950	603
AT4G23730	649
AT4G09150	1640
AT4G00360	1016
AT4G35200	9
AT4G07400	210
AT4G35655	0
AT4G19860	1974
AT4G10190	0
AT4G23120	0
AT4G39840	0
AT4G22430	0
AT4G09500	257
AT4G11730	0
AT4G32990	15
AT4G19370	22
AT4G32915	1139
AT4G25225	134
AT4G22220	3038
AT4G37680	918
AT4G02570	5005
AT4G23010	594
AT4G13410	207
AT4G27280	267
AT4G23870	174
AT4G21580	1494
AT4G24910	35
AT4G19100	429
AT4G09590	1
AT4G26370	3538
AT4G27130	2725
AT4G01600	188
AT4G11090	333
AT4G20680	0
AT4G37400	177
AT4G23530	229
AT4G17260	610
AT4G05200	142
AT4G08310	1058
AT4G29860	134
AT4G00070	48
AT4G21910	1074
AT4G09550	329
AT4G14240	550
AT4G19750	0
AT4G15975	34
AT4G18670	2889
AT4G12820	0
AT4G37190	475
AT4G16190	8329
AT4G05320	34090
AT4G10200	2
AT4G12040	1263
AT4G39950	2198
AT4G14160	2378
AT4G26030	0
AT4G24413	0
AT4G04320	432
AT4G14280	9
AT4G00590	166
AT4G36630	912
AT4G19650	151
AT4G30064	0
AT4G20330	878
AT4G31960	0
AT4G18240	3821
AT4G29870	601
AT4G15090	701
AT4G02160	5
AT4G32370	0
AT4G16600	38
AT4G12543	0
AT4G29430	745
AT4G31650	226
AT4G12580	20
AT4G28250	3861
AT4G26040	0
AT4G01810	1384
AT4G01335	0
AT4G21065	106
AT4G09070	0
AT4G12270	35
AT4G24140	387
AT4G35300	2707
AT4G07675	2
AT4G01150	35297
AT4G15850	182
AT4G08545	1
AT4G03930	8
AT4G25380	5
AT4G19160	1344
AT4G18490	50
AT4G24275	303
AT4G13230	10
AT4G14746	227
AT4G39170	1643
AT4G02485	100
AT4G22680	17
AT4G33200	935
AT4G17060	608
AT4G09795	0
AT4G37730	156
AT4G15420	452
AT4G24570	252
AT4G20953	5
AT4G21020	0
AT4G29735	1205
AT4G38910	104
AT4G15160	1293
AT4G29654	0
AT4G38840	711
AT4G28088	0
AT4G38700	40
AT4G36970	1081
AT4G20480	1019
AT4G19140	240
AT4G16440	387
AT4G36380	375
AT4G02620	2502
AT4G24760	483
AT4G36540	1069
AT4G21250	9
AT4G04220	0
AT4G31150	171
AT4G13340	2837
AT4G08790	223
AT4G38630	4772
AT4G20370	3
AT4G19120	5025
AT4G31330	107
AT4G03030	697
AT4G21680	148
AT4G01410	330
AT4G28770	704
AT4G15056	0
AT4G19400	0
AT4G31060	134
AT4G23440	530
AT4G31300	3108
AT4G34060	41
AT4G12230	794
AT4G22463	0
AT4G18460	233
AT4G14510	875
AT4G21810	702
AT4G21213	0
AT4G08869	0
AT4G20100	0
AT4G01020	372
AT4G32790	217
AT4G13190	15
AT4G30996	884
AT4G14880	13697
AT4G12550	55
AT4G00990	770
AT4G14920	972
AT4G14700	25
AT4G22390	41
AT4G05270	0
AT4G17460	449
AT4G20890	5828
AT4G08800	0
AT4G35390	79
AT4G11660	229
AT4G03410	470
AT4G19760	0
AT4G18010	1262
AT4G11720	22
AT4G15715	0
AT4G25650	2355
AT4G16845	668
AT4G25790	91
AT4G28485	16
AT4G26600	677
AT4G12334	0
AT4G33960	373
AT4G05250	0
AT4G24200	748
AT4G03280	32412
AT4G27180	1523
AT4G28440	2424
AT4G34180	2215
AT4G22475	54
AT4G12730	2643
AT4G30550	721
AT4G14220	507
AT4G33060	627
AT4G01610	2993
AT4G21260	0
AT4G20570	0
AT4G27585	979
AT4G33625	1461
AT4G37750	1235
AT4G34430	1048
AT4G26650	1811
AT4G30090	71
AT4G22660	0
AT4G35375	0
AT4G16447	145
AT4G02060	1408
AT4G26190	1667
AT4G28580	0
AT4G10840	2763
AT4G26330	6
AT4G33350	1210
AT4G16920	133
AT4G34040	1109
AT4G33450	8
AT4G14276	0
AT4G12825	0
AT4G34110	20672
AT4G22070	71
AT4G35270	577
AT4G32190	689
AT4G05040	277
AT4G10920	1280
AT4G39700	30
AT4G00420	299
AT4G35630	3158
AT4G02320	7
AT4G16800	459
AT4G30780	387
AT4G21445	631
AT4G28000	2
AT4G15670	84
AT4G24510	858
AT4G18300	292
AT4G14830	200
AT4G15270	38
AT4G16140	461
AT4G24050	98
AT4G13600	28
AT4G09040	2452
AT4G11230	45
AT4G09130	3
AT4G19485	0
AT4G19530	1118
AT4G31120	1406
AT4G37820	1085
AT4G21280	56381
AT4G00380	250
AT4G28030	1569
AT4G04340	4024
AT4G37890	58
AT4G18440	1745
AT4G06490	0
AT4G12440	31
AT4G01630	155
AT4G17830	1211
AT4G16500	851
AT4G38890	1784
AT4G05330	510
AT4G03140	14
AT4G39570	191
AT4G38225	1540
AT4G14870	1743
AT4G25320	774
AT4G21270	479
AT4G35335	585
AT4G33370	0
AT4G24920	2060
AT4G21570	1149
AT4G27820	791
AT4G39630	137
AT4G39490	0
AT4G37900	119
AT4G03590	0
AT4G13200	873
AT4G18540	2
AT4G36260	123
AT4G20630	0
AT4G15260	182
AT4G09680	641
AT4G23270	821
AT4G32950	182
AT4G17616	388
AT4G31260	0
AT4G09464	0
AT4G19000	0
AT4G11240	1025
AT4G15025	0
AT4G32551	1968
AT4G15620	566
AT4G16233	8
AT4G29690	274
AT4G01860	761
AT4G08210	64
AT4G11400	38
AT4G00872	0
AT4G26410	1374
AT4G37170	130
AT4G22100	0
AT4G33650	922
AT4G11600	9475
AT4G25700	915
AT4G14000	565
AT4G36570	134
AT4G29540	157
AT4G30050	0
AT4G30860	217
AT4G02580	3624
AT4G04900	34
AT4G34880	68
AT4G16030	0
AT4G32650	877
AT4G19500	1304
AT4G38970	65875
AT4G29900	2083
AT4G34480	898
AT4G32040	1008
AT4G13860	135
AT4G15475	466
AT4G17483	20
AT4G05390	1639
AT4G39756	0
AT4G33890	503
AT4G24480	377
AT4G31030	0
AT4G35180	68
AT4G23970	0
AT4G22060	0
AT4G22520	0
AT4G13710	172
AT4G11840	296
AT4G04925	530
AT4G28390	148
AT4G37409	0
AT4G24290	1468
AT4G05018	6
AT4G22190	863
AT4G34770	31
AT4G34530	0
AT4G20240	523
AT4G00130	6
AT4G08170	452
AT4G05120	173
AT4G20840	503
AT4G25680	949
AT4G03290	1
AT4G15248	2
AT4G09180	371
AT4G12290	1534
AT4G38950	1132
AT4G07390	846
AT4G17713	0
AT4G28380	51
AT4G00760	196
AT4G16835	144
AT4G24730	323
AT4G24610	890
AT4G00026	999
AT4G28700	10
AT4G16960	98
AT4G27900	506
AT4G19220	33
AT4G34120	2456
AT4G28070	166
AT4G16410	187
AT4G05497	0
AT4G21410	656
AT4G03830	0
AT4G02800	860
AT4G28480	1114
AT4G13530	1088
AT4G11470	9
AT4G14290	243
AT4G11900	254
AT4G33467	19
AT4G32714	0
AT4G35430	0
AT4G00467	0
AT4G10430	485
AT4G30800	501
AT4G33270	1459
AT4G19770	0
AT4G34610	616
AT4G25530	3
AT4G14480	154
AT4G18880	341
AT4G28320	234
AT4G16740	28
AT4G09640	335
AT4G25140	5
AT4G14020	1345
AT4G08878	0
AT4G18195	9
AT4G13440	29
AT4G15096	0
AT4G14385	341
AT4G39290	0
AT4G21230	76
AT4G16980	3
AT4G02560	732
AT4G17950	813
AT4G25434	59
AT4G13080	0
AT4G23050	507
AT4G30250	157
AT4G01680	86
AT4G39753	0
AT4G22290	666
AT4G25835	285
AT4G24600	4
AT4G33920	859
AT4G08840	0
AT4G18170	53
AT4G01380	0
AT4G24560	957
AT4G03020	3014
AT4G11160	1549
AT4G09080	44
AT4G05632	0
AT4G37520	1039
AT4G37740	429
AT4G23030	29
AT4G03380	4
AT4G16915	0
AT4G30170	2090
AT4G32010	894
AT4G10590	572
AT4G39610	3
AT4G38550	0
AT4G14890	0
AT4G38740	7988
AT4G35710	0
AT4G08097	0
AT4G23040	497
AT4G39300	496
AT4G22756	391
AT4G12720	768
AT4G03165	0
AT4G14570	1483
AT4G17040	6956
AT4G17470	97
AT4G09153	1
AT4G19035	0
AT4G15200	3
AT4G38510	4496
AT4G04775	0
AT4G35690	0
AT4G32605	676
AT4G27720	1693
AT4G22920	321
AT4G17615	431
AT4G15920	483
AT4G32400	1387
AT4G37460	1206
AT4G40030	4481
AT4G29230	137
AT4G09570	1061
AT4G14180	17
AT4G30680	148
AT4G38360	919
AT4G28230	403
AT4G07740	0
AT4G39020	0
AT4G10250	2
AT4G03270	94
AT4G21750	1889
AT4G07666	0
AT4G08920	2374
AT4G35230	1358
AT4G38770	22904
AT4G32440	420
AT4G31450	600
AT4G27810	15
AT4G38020	300
AT4G17280	187
AT4G33310	0
AT4G24650	0
AT4G35160	272
AT4G22200	300
AT4G34390	475
AT4G12555	0
AT4G12350	10
AT4G38160	1845
AT4G19340	0
AT4G36370	0
AT4G00610	0
AT4G12770	1227
AT4G05490	1
AT4G32250	476
AT4G18350	12
AT4G11580	0
AT4G20790	0
AT4G34810	47
AT4G34310	484
AT4G38620	735
AT4G35120	0
AT4G27850	20
AT4G20910	455
AT4G10290	0
AT4G37710	0
AT4G35970	219
AT4G31840	1690
AT4G15370	63
AT4G02550	301
AT4G19640	1467
AT4G31340	3651
AT4G11320	3400
AT4G13700	4
AT4G15480	101
AT4G26700	1567
AT4G38065	0
AT4G29620	0
AT4G16700	172
AT4G18690	5
AT4G24265	148
AT4G10670	0
AT4G15110	3250
AT4G01290	3304
AT4G22150	869
AT4G18820	1009
AT4G20300	1084
AT4G35730	693
AT4G01760	7
AT4G32290	432
AT4G19580	0
AT4G02910	0
AT4G33925	38
AT4G33680	4979
AT4G36410	273
AT4G25240	394
AT4G10767	0
AT4G39280	2008
AT4G08690	608
AT4G29260	612
AT4G29050	89
AT4G18400	102
AT4G34280	253
AT4G22230	46
AT4G10660	0
AT4G15930	1121
AT4G39500	0
AT4G19865	78
AT4G25890	1947
AT4G18593	415
AT4G39880	1483
AT4G39480	17
AT4G16155	2323
AT4G10400	157
AT4G14450	10
AT4G14365	286
AT4G37270	1820
AT4G39330	5562
AT4G39240	701
AT4G29460	0
AT4G13965	0
AT4G25860	16
AT4G09760	977
AT4G21150	2813
AT4G24320	79
AT4G38092	2
AT4G27680	818
AT4G30390	239
AT4G21740	140
AT4G13460	923
AT4G12735	4
AT4G29285	0
AT4G00240	130
AT4G31560	1036
AT4G28360	1421
AT4G00100	7967
AT4G18650	3
AT4G08480	307
AT4G34140	367
AT4G08593	1
AT4G38680	9452
AT4G19940	0
AT4G20980	3272
AT4G36880	141
AT4G30820	196
AT4G28010	208
AT4G39600	67
AT4G34730	2069
AT4G24015	83
AT4G04780	234
AT4G16444	294
AT4G37080	869
AT4G29200	2
AT4G07524	0
AT4G13800	58
AT4G35930	325
AT4G02489	0
AT4G11540	0
AT4G32810	77
AT4G13160	0
AT4G18215	0
AT4G08406	0
AT4G18335	1
AT4G08760	0
AT4G11910	44
AT4G29658	0
AT4G30260	1028
AT4G19070	333
AT4G26520	916
AT4G10180	998
AT4G13300	3
AT4G25770	459
AT4G29650	0
AT4G30810	1631
AT4G37130	591
AT4G13250	7372
AT4G10595	0
AT4G03470	1
AT4G32860	86
AT4G14640	29
AT4G13170	2812
AT4G31710	3
AT4G20640	0
AT4G37070	229
AT4G39410	32
AT4G04510	5
AT4G23330	349
AT4G16555	0
AT4G03480	1
AT4G14819	0
AT4G39350	3655
AT4G39370	212
AT4G07990	532
AT4G19900	349
AT4G32560	284
AT4G03320	157
AT4G09870	0
AT4G40080	0
AT4G07325	0
AT4G37980	1299
AT4G10930	670
AT4G39670	91
AT4G20030	331
AT4G31351	1
AT4G17560	7553
AT4G35650	2
AT4G29300	0
AT4G25707	32
AT4G11300	175
AT4G21050	0
AT4G32980	737
AT4G29820	196
AT4G24400	997
AT4G28405	0
AT4G05520	623
AT4G10730	1158
AT4G16690	134
AT4G36430	743
AT4G10260	1
AT4G20690	25
AT4G16280	553
AT4G27780	338
AT4G24670	471
AT4G35680	0
AT4G31354	3
AT4G12680	157
AT4G15700	123
AT4G29190	1075
AT4G17080	695
AT4G04930	10
AT4G35350	979
AT4G14315	0
AT4G01590	1079
AT4G09649	1
AT4G01790	98
AT4G38190	2
AT4G16460	1
AT4G19440	240
AT4G21670	844
AT4G34131	611
AT4G35060	240
AT4G22590	387
AT4G02075	100
AT4G10220	3
AT4G18130	884
AT4G28930	3
AT4G33620	177
AT4G28710	862
AT4G13020	1070
AT4G29550	9
AT4G14770	696
AT4G27570	9
AT4G15210	275
AT4G27150	0
AT4G23690	669
AT4G10110	356
AT4G09012	56
AT4G15050	0
AT4G35910	465
AT4G31140	304
AT4G25000	25
AT4G04990	16
AT4G35500	235
AT4G20050	70
AT4G12530	1
AT4G23170	400
AT4G30380	0
AT4G29530	111
AT4G20565	0
AT4G13615	4460
AT4G07815	59
AT4G03815	0
AT4G05205	0
AT4G04065	0
AT4G06065	13
AT4G08915	1
AT4G07020	0
AT4G03875	0
AT4G06890	0
AT4G06005	0
AT4G09125	0
AT4G09885	0
AT4G06860	0
AT4G06345	0
AT4G05895	0
AT4G08975	0
AT4G06105	0
AT4G07985	0
AT4G05425	1
AT4G03535	0
AT4G08365	0
AT4G05920	0
AT4G05295	0
AT4G08505	1
AT4G09895	0
AT4G05840	0
AT4G05945	0
AT4G09085	0
AT4G09045	0
AT4G09155	0
AT4G05795	0
AT4G06335	0
AT4G09995	0
AT4G05625	0
AT4G06050	0
AT4G08585	0
AT4G05780	7
AT4G07015	0
AT4G03785	0
AT4G04945	0
AT4G08845	0
AT4G09915	0
AT4G09115	0
AT4G09015	0
AT4G07040	0
AT4G07775	0
AT4G04855	0
AT4G07215	0
AT4G07200	6
AT4G09605	0
AT4G05655	0
AT4G04765	0
AT4G08835	5
AT4G03545	0
AT4G08215	0
AT4G05215	0
AT4G07505	0
AT4G07185	0
AT4G05615	0
AT4G08415	0
AT4G07955	0
AT4G05315	0
AT4G06455	0
AT4G05245	0
AT4G06980	22
AT4G07805	0
AT4G05025	0
AT4G09185	0
AT4G07050	0
AT4G06450	0
AT4G07180	0
AT4G06765	0
AT4G04115	0
AT4G04805	0
AT4G09285	0
AT4G07645	0
AT4G05880	0
AT4G07115	0
AT4G09575	10
AT4G05885	0
AT4G07060	0
AT4G09485	0
AT4G03855	0
AT4G05740	0
AT4G07025	0
AT4G05665	0
AT4G08725	0
AT4G04795	0
AT4G07105	0
AT4G06725	0
AT4G08955	0
AT4G03805	0
AT4G08715	0
AT4G09865	0
AT4G05650	8
AT4G06265	8
AT4G06830	0
AT4G06225	0
AT4G06145	0
AT4G04585	0
AT4G05805	0
AT4G04865	2
AT4G06165	0
AT4G08255	0
AT4G07010	0
AT4G06845	0
AT4G06800	0
AT4G04345	0
AT4G09025	0
AT4G04305	0
AT4G09065	0
AT4G04665	0
AT4G09295	0
AT4G08045	1
AT4G07265	0
AT4G09725	0
AT4G05235	0
AT4G06805	0
AT4G08065	0
AT4G06055	0
AT4G07090	0
AT4G06880	34
AT4G05710	0
AT4G07205	7
AT4G08495	0
AT4G08855	0
AT4G07160	0
AT4G09665	0
AT4G05995	0
AT4G08265	0
AT4G06185	0
AT4G09905	0
AT4G05870	0
AT4G06295	0
AT4G09145	0
AT4G05005	0
AT4G06365	0
AT4G07240	0
AT4G04645	0
AT4G07235	0
AT4G06975	0
AT4G05790	0
AT4G05375	0
AT4G07250	0
AT4G06945	0
AT4G07845	0
AT4G09755	0
AT4G04385	0
AT4G09055	0
AT4G08435	0
AT4G06155	0
AT4G08075	0
AT4G06810	0
AT4G06290	0
AT4G07345	0
AT4G07300	0
AT4G06090	0
AT4G06825	0
AT4G05700	0
AT4G06815	0
AT4G04015	10
AT4G08515	0
AT4G06955	2
AT4G06200	0
AT4G09515	0
AT4G08635	0
AT4G07715	0
AT4G06045	0
AT4G07375	0
AT4G09075	0
AT4G06675	0
AT4G05720	0
AT4G07150	0
AT4G06905	0
AT4G07070	17
AT4G04085	0
AT4G07225	0
AT4G06095	1
AT4G03525	0
AT4G06235	1
AT4G05565	0
AT4G04235	0
AT4G07220	0
AT4G04675	0
AT4G08385	0
AT4G09315	0
AT4G06895	0
AT4G06715	0
AT4G09495	0
AT4G06950	0
AT4G04625	0
AT4G04965	0
AT4G05765	0
AT4G03905	0
AT4G07210	0
AT4G09105	3
AT4G05485	0
AT4G06370	0
AT4G08525	0
AT4G07305	0
AT4G06820	0
AT4G08085	0
AT4G09005	0
AT4G09675	0
AT4G07055	0
AT4G06925	0
AT4G06445	0
AT4G06855	0
AT4G08205	1
AT4G09240	9
AT4G04215	0
AT4G08885	0
AT4G05985	0
AT4G09645	0
AT4G05545	0
AT4G06755	1
AT4G06085	3
AT4G06385	0
AT4G05845	7
AT4G05085	0
AT4G07280	0
AT4G09235	0
AT4G04565	47
AT4G07545	0
AT4G05875	0
AT4G05965	0
AT4G08355	0
AT4G09705	0
AT4G07465	0
AT4G07575	0
AT4G05135	0
AT4G09635	0
AT4G06080	17
AT4G06285	0
AT4G05730	0
AT4G05745	0
AT4G04785	0
AT4G07535	0
AT4G06000	0
AT4G05660	0
AT4G05335	5
AT4G08185	0
AT4G04895	3
AT4G05715	0
AT4G05255	0
AT4G05675	0
AT4G08465	0
AT4G04875	0
AT4G07395	1
AT4G06460	0
AT4G04975	0
AT4G05385	0
AT4G07335	0
AT4G05670	0
AT4G06170	0
AT4G08195	0
AT4G07295	0
AT4G09945	0
AT4G08775	0
AT4G06390	0
AT4G08445	0
AT4G07385	3
AT4G09445	3
AT4G08665	0
AT4G04535	2
AT4G05750	0
AT4G06930	0
AT4G05355	0
AT4G05285	0
AT4G09765	0
AT4G09415	5
AT4G06425	0
AT4G06965	0
AT4G05465	0
AT4G09265	0
AT4G09395	0
AT4G07270	0
AT4G06835	1
AT4G05525	3
AT4G07110	0
AT4G08865	0
AT4G09655	0
AT4G07665	0
AT4G07925	0
AT4G07045	0
AT4G06760	0
AT4G09325	0
AT4G08475	0
AT4G05075	0
AT4G06970	0
AT4G05435	0
AT4G06850	0
AT4G07785	0
AT4G06960	0
AT4G05950	0
AT4G05445	0
AT4G03765	0
AT4G07125	0
AT4G08965	0
AT4G06400	0
AT4G05225	0
AT4G05890	0
AT4G09525	0
AT4G04905	0
AT4G07765	0
AT4G09175	0
AT4G07745	0
AT4G04295	0
AT4G09555	0
AT4G06935	5
AT4G06330	1
AT4G06205	2
AT4G07170	12
AT4G05865	0
AT4G04995	4
AT4G06300	0
AT4G03575	0
AT4G08595	0
AT4G06440	0
AT4G06920	0
AT4G03555	0
AT4G07905	0
AT4G05975	0
AT4G06885	0
AT4G06195	46
AT4G04815	0
AT4G06380	0
AT4G07175	0
AT4G05275	3
AT4G04195	0
AT4G05695	0
AT4G04755	0
AT4G05850	0
AT4G06070	0
AT4G09335	0
AT4G06115	4
AT4G04285	0
AT4G04355	0
AT4G06280	0
AT4G03715	0
AT4G07135	0
AT4G05980	0
AT4G05115	0
AT4G05990	0
AT4G03665	0
AT4G09275	0
AT4G09305	0
AT4G06910	0
AT4G05970	0
AT4G05705	1
AT4G05535	2
AT4G08565	0
AT4G07245	0
AT4G06795	1
AT4G06140	0
AT4G09825	1
AT4G09855	0
AT4G05770	0
AT4G05900	0
AT4G09935	0
AT4G05645	0
AT4G06160	1
AT4G05125	0
AT4G05605	0
AT4G07230	0
AT4G06900	0
AT4G07865	0
AT4G03955	0
AT4G08055	0
AT4G09365	2
AT4G03685	0
AT4G06785	0
AT4G07975	13
AT4G09535	0
AT4G05690	0
AT4G03675	0
AT4G04325	1
AT4G00975	6
AT4G03895	0
AT4G07065	0
AT4G07855	9
AT4G28652	0
AT4G06870	0
AT4G04035	4
AT4G09375	10
AT4G20362	71
AT4G09432	19
AT4G07290	8
AT4G08925	2
AT4G07165	0
AT4G03985	0
AT4G27852	10
AT4G06745	0
AT4G26795	14
AT4G06395	0
AT4G03845	0
AT4G40085	0
AT4G07365	6
AT4G06215	0
AT4G37432	0
AT4G26542	0
AT4G13505	1
AT4G06135	0
AT4G04275	0
AT4G08225	14
AT4G09685	0
AT4G37553	6
AT4G05065	0
AT4G06990	0
AT4G05735	0
AT4G07195	8
AT4G04221	0
AT4G37895	0
AT4G34332	0
AT4G09385	0
AT4G04055	0
AT4G05810	0
AT4G25885	17
AT4G07735	1
AT4G06410	0
AT4G05015	0
AT4G07260	0
AT4G09225	0
AT4G04515	0
AT4G38932	590
AT4G07405	0
AT4G03755	7
AT4G38545	4
AT4G06175	0
AT4G01593	38
AT4G25719	2
AT4G07275	0
AT4G07895	0
AT4G04445	10
AT4G04005	2
AT4G08295	1
AT4G38552	0
AT4G06995	0
AT4G06665	0
AT4G08245	0
AT4G05155	1
AT4G31248	0
AT4G17098	10
AT4G03585	0
AT4G07655	0
AT4G09985	0
AT4G05785	2
AT4G03655	0
AT4G05680	0
AT4G06340	5
AT4G06985	0
AT4G36808	0
AT4G08935	0
AT4G03595	0
AT4G05395	0
AT4G09785	11
AT4G06775	13
AT4G07255	0
AT4G06780	0
AT4G07190	0
AT4G09695	0
AT4G04075	2
AT4G08575	0
AT4G09955	0
AT4G08315	0
AT4G04505	0
AT4G07095	0
AT4G07085	0
AT4G09975	0
AT4G05755	0
AT4G04225	1
AT4G36052	0
AT4G26488	5
AT4G08015	0
AT4G36032	0
AT4G08005	0
AT4G31398	3
AT4G05405	0
AT4G06060	12
AT4G13918	12
AT4G09815	0
AT4G04435	8
AT4G28162	80
AT4G04077	1
AT4G08815	0
AT4G08305	3
AT4G05815	0
AT4G05910	0
AT4G03705	4
AT4G08785	8
AT4G07130	0
AT4G09165	0
AT4G07285	0
AT4G09715	0
AT4G06770	19
AT4G08805	0
AT4G05775	0
AT4G08825	0
AT4G06415	0
AT4G03725	8
AT4G06875	0
AT4G04425	0
AT4G26582	0
AT4G08795	0
AT4G07030	0
AT4G04335	0
AT4G22233	2
AT4G38215	6
AT4G39838	0
AT4G05760	3
AT4G26095	0
AT4G08705	8
AT4G08985	0
AT4G06685	0
AT4G05685	77
AT4G08285	0
AT4G34071	2
AT4G04135	1
AT4G37225	2
AT4G05935	0
AT4G04455	0
AT4G06210	0
AT4G05915	0
AT4G06695	5
AT4G27765	0
AT4G04365	0
AT4G05800	0
AT4G04825	0
AT4G10345	0
AT4G08116	0
AT4G06915	0
AT4G05415	0
AT4G13564	2
AT4G31877	6
AT4G23713	0
AT4G21595	0
AT4G03445	16
AT4G07080	0
AT4G08335	0
AT4G05925	0
AT4G09735	0
AT4G05105	4
AT4G23387	0
AT4G00885	0
AT4G03039	0
AT4G04125	0
AT4G06260	0
AT4G32445	0
AT4G09925	0
AT4G13493	82
AT4G23375	0
AT4G05930	0
AT4G13554	12
AT4G07000	0
AT4G05508	0
AT4G05855	0
AT4G07100	0
AT4G06865	0
AT4G05860	0
AT4G24415	20
AT4G17788	7
AT4G06110	0
AT4G14811	0
AT4G05305	0
AT4G14504	5
AT4G07005	0
AT4G06075	56
AT4G04095	0
AT4G05455	0
AT4G04835	4
AT4G13494	18
AT4G03438	0
AT4G30972	0
AT4G06130	0
AT4G19395	10
AT4G13555	12
AT4G03455	0
AT4G21362	0
AT4G07565	0
AT4G06245	0
AT4G05055	0
AT4G06240	0
AT4G02555	2
AT4G39366	93
AT4G07625	4
AT4G04475	3
AT4G06255	1
AT4G06015	0
AT4G08155	7
AT4G26365	2
AT4G08235	0
AT4G04485	6
AT4G08625	3
AT4G05045	0
AT4G13245	0
AT4G06315	0
AT4G05048	0
AT4G08325	4
AT4G06305	5
AT4G06250	2
AT4G03915	0
AT4G09475	2
AT4G39364	23
AT4G08165	0
AT4G39361	29
AT4G04465	6
AT4G09845	12
AT4G25631	20
AT4G03295	4
AT4G04205	0
AT4G06310	1
AT4G06320	0
AT4G39363	10
AT4G08615	8
AT4G15258	8
AT4G07635	4
AT4G07075	0
AT4G03925	7
AT4G06705	0
AT4G06010	6
AT4G08425	0
AT4G08125	8
AT4G08175	9
AT4G04185	0
AT4G06405	0
AT4G07120	0
AT4G03995	0
AT4G08755	6
AT4G07145	0
AT4G09135	0
AT4G07875	0
AT4G04615	3
AT4G06375	0
AT4G39985	0
AT4G13445	0
AT4G34975	0
AT4G36635	0
AT4G23915	0
AT4G11405	0
AT4G00985	0
AT4G27875	0
AT4G17975	0
AT4G14415	0
AT4G37175	0
AT4G26675	0
AT4G25585	0
AT4G03405	0
AT4G23635	0
AT4G36197	0
AT4G18815	0
AT4G32765	0
AT4G14345	0
AT4G22265	1
AT4G34415	0
AT4G01355	0
AT4G22754	0
AT4G34695	0
AT4G03285	0
AT4G39345	0
AT4G29415	0
AT4G00085	0
AT4G27395	0
AT4G25635	0
AT4G24565	0
AT4G26385	0
AT4G16235	0
AT4G11213	0
AT4G15775	0
AT4G31265	0
AT4G03435	0
AT4G17612	0
AT4G01865	0
AT4G26225	0
AT4G11985	0
AT4G39672	0
AT4G22635	0
AT4G34035	0
AT4G32265	0
AT4G31895	0
AT4G28362	0
AT4G27885	0
AT4G12065	0
AT4G12405	0
AT4G08345	0
AT4G12115	0
AT4G11355	0
AT4G13265	0
AT4G36245	0
AT4G26375	0
AT4G10815	0
AT4G17765	0
AT4G16105	0
AT4G18255	0
AT4G02055	0
AT4G11177	0
AT4G20115	0
AT4G39865	0
AT4G11216	0
AT4G32475	0
AT4G31075	0
AT4G28915	0
AT4G39195	0
AT4G31695	0
AT4G39615	0
AT4G24025	0
AT4G16475	0
AT4G25435	0
AT4G03135	0
AT4G16465	0
AT4G18725	0
AT4G03935	163
AT4G03038	0
AT4G16355	1
AT4G05905	1
AT4G06701	167
AT4G31408	8
AT4G04223	74
AT4G16748	0
AT4G12917	215
AT4G10507	4
AT4G15242	0
AT4G02005	41
AT4G14548	207
AT4G13495	2094
AT4G03811	4
AT4G39404	16
AT4G05940	0
AT4G04315	0
AT4G40065	121
AT4G23205	4
AT4G08035	349
AT4G26255	45
AT4G05365	1
AT4G30975	38
AT4G30872	0
AT4G16892	30
AT4G09405	6
AT4G36648	1418
AT4G03605	0
AT4G09195	0
AT4G01533	7
ATMG00440	0
ATMG00850	0
ATMG01350	0
ATMG01300	0
ATMG01275	0
ATMG00480	0
ATMG00320	0
ATMG01120	0
ATMG00960	0
ATMG00870	0
ATMG00660	0
ATMG00060	0
ATMG00160	0
ATMG00410	0
ATMG00590	0
ATMG00620	0
ATMG01190	0
ATMG00280	0
ATMG00510	0
ATMG00670	0
ATMG00760	0
ATMG01410	0
ATMG00010	0
ATMG00570	0
ATMG00820	0
ATMG00240	0
ATMG00610	0
ATMG01140	0
ATMG00880	0
ATMG01200	0
ATMG00130	0
ATMG00710	0
ATMG00260	0
ATMG00900	0
ATMG00690	0
ATMG01100	0
ATMG00450	0
ATMG01180	0
ATMG00470	0
ATMG00285	0
ATMG01310	0
ATMG01320	0
ATMG00580	0
ATMG00920	0
ATMG00890	0
ATMG01250	0
ATMG00030	0
ATMG00560	0
ATMG00720	0
ATMG01370	0
ATMG00550	0
ATMG00170	0
ATMG00530	0
ATMG01240	0
ATMG01040	0
ATMG01220	0
ATMG00070	0
ATMG00140	0
ATMG01030	0
ATMG01170	0
ATMG01210	0
ATMG00490	0
ATMG00120	0
ATMG00516	0
ATMG00640	0
ATMG00830	0
ATMG00150	0
ATMG00980	0
ATMG00430	0
ATMG00770	0
ATMG01290	0
ATMG00300	0
ATMG00680	0
ATMG01230	0
ATMG01130	0
ATMG00750	0
ATMG01330	0
ATMG00520	0
ATMG01080	0
ATMG00810	0
ATMG01400	0
ATMG00270	0
ATMG01270	0
ATMG00940	0
ATMG01280	0
ATMG00310	0
ATMG01360	0
ATMG01090	0
ATMG00110	0
ATMG00290	0
ATMG00630	0
ATMG00040	0
ATMG01150	0
ATMG01050	0
ATMG00665	0
ATMG00090	0
ATMG01020	0
ATMG00180	0
ATMG00540	0
ATMG00210	0
ATMG00513	0
ATMG00730	0
ATMG00740	0
ATMG00370	0
ATMG00860	0
ATMG01060	0
ATMG00600	0
ATMG00840	0
ATMG00220	0
ATMG00200	0
ATMG00080	0
ATMG00650	0
ATMG01000	0
ATMG00970	0
ATMG01260	0
ATMG01010	0
ATMG00400	0
ATMG01110	0
ATMG00990	0
ATMG00050	0
ATMG00910	0
ATMG00500	0
ATMG01160	0
ATMG09740	0
ATMG00780	0
ATMG09980	0
ATMG00460	0
ATMG09960	0
ATMG00790	0
ATMG01070	0
ATMG00930	0
ATMG09730	0
ATMG00330	0
ATMG00950	0
ATMG00230	0
ATMG00390	0
ATMG00350	0
ATMG00250	0
ATMG00700	0
ATMG01340	0
ATMG00190	0
ATMG00360	0
ATMG09950	0
ATMG00100	0
ATMG00380	0
ATMG00340	0
ATMG00420	0
ATMG09450	0
ATMG00800	0
ATMG01390	0
ATMG01380	0
ATMG00020	0
ATCG00160	0
ATCG00065	0
ATCG01250	0
ATCG00590	0
ATCG01020	0
ATCG00470	0
ATCG00630	0
ATCG01060	0
ATCG01280	0
ATCG00270	0
ATCG00700	0
ATCG00560	0
ATCG00660	0
ATCG00790	0
ATCG00490	0
ATCG00480	0
ATCG00860	0
ATCG01090	0
ATCG01080	0
ATCG00600	0
ATCG00180	0
ATCG00570	0
ATCG01240	0
ATCG00120	0
ATCG00220	0
ATCG00800	0
ATCG00550	0
ATCG00890	0
ATCG00530	0
ATCG01270	0
ATCG01050	0
ATCG00280	0
ATCG00020	0
ATCG00740	0
ATCG01300	0
ATCG00670	0
ATCG01230	0
ATCG00210	0
ATCG01110	0
ATCG00710	0
ATCG00520	0
ATCG00540	0
ATCG00640	0
ATCG00350	0
ATCG01120	0
ATCG00070	0
ATCG00770	0
ATCG00050	0
ATCG00150	0
ATCG00780	0
ATCG00430	0
ATCG01010	0
ATCG00170	0
ATCG00840	0
ATCG00820	0
ATCG01070	0
ATCG00690	0
ATCG00300	0
ATCG00680	0
ATCG01130	0
ATCG00040	0
ATCG01000	0
ATCG00500	0
ATCG00830	0
ATCG00440	0
ATCG00650	0
ATCG01100	0
ATCG00760	0
ATCG01310	0
ATCG00340	0
ATCG00730	0
ATCG00870	0
ATCG01040	0
ATCG00140	0
ATCG00720	0
ATCG00750	0
ATCG00360	0
ATCG00190	0
ATCG00130	0
ATCG00810	0
ATCG00510	0
ATCG00080	0
ATCG00330	0
ATCG00580	0
ATCG00380	0
ATCG00905	0
ATCG00420	0
ATCG00900	0
ATCG01150	0
ATCG00110	0
ATCG01260	0
ATCG01220	0
ATCG00240	0
ATCG01190	0
ATCG00370	0
ATCG00290	0
ATCG00200	0
ATCG01030	0
ATCG00030	0
ATCG00620	0
ATCG00910	0
ATCG01140	0
ATCG00610	0
ATCG00450	0
ATCG00390	0
ATCG00320	0
ATCG00100	0
ATCG00400	0
ATCG00930	0
ATCG00010	0
ATCG00260	0
ATCG00850	0
ATCG00250	0
ATCG00940	0
ATCG00460	0
ATCG00230	0
ATCG00980	0
ATCG00310	0
ATCG00090	0
ATCG00990	0
ATCG01200	0
ATCG00060	0
ATCG01290	0
ATCG00410	0
ATCG00880	0
ATCG00960	0
ATCG01210	0
ATCG01160	0
ATCG00970	0
ATCG01170	0
ATCG00920	0
ATCG01180	0
ATCG00950	0
