Geneid	SRR9257063
AT1G30814	0
AT1G78930	422
AT1G71695	2003
AT1G58983	0
AT1G12980	2
AT1G45223	1
AT1G56250	8
AT1G66852	0
AT1G69810	166
AT1G72450	380
AT1G76280	629
AT1G65630	6
AT1G71390	5
AT1G56233	0
AT1G15210	548
AT1G15250	563
AT1G79700	32
AT1G62895	0
AT1G73360	74
AT1G16360	16
AT1G10225	24
AT1G26670	552
AT1G34855	0
AT1G52200	232
AT1G57800	3
AT1G69460	1076
AT1G04310	280
AT1G08080	5
AT1G75550	51
AT1G71890	62
AT1G05430	790
AT1G80870	792
AT1G75310	810
AT1G02010	219
AT1G47900	1100
AT1G14315	4
AT1G26760	116
AT1G05250	0
AT1G67260	8
AT1G24575	150
AT1G12790	86
AT1G04850	3765
AT1G31760	338
AT1G33250	590
AT1G74000	93
AT1G55580	18
AT1G53903	0
AT1G19715	2328
AT1G69430	53
AT1G53340	46
AT1G29890	657
AT1G80290	149
AT1G56540	37
AT1G48650	2299
AT1G22670	3
AT1G07030	599
AT1G69860	2
AT1G10120	414
AT1G43650	92
AT1G09960	404
AT1G51990	0
AT1G53625	28
AT1G63360	562
AT1G33330	371
AT1G74929	0
AT1G63430	725
AT1G80720	279
AT1G69770	1628
AT1G08460	885
AT1G78710	0
AT1G08610	581
AT1G17540	12
AT1G27380	19
AT1G58643	0
AT1G48953	6
AT1G51440	75
AT1G18871	0
AT1G25210	0
AT1G21610	728
AT1G79710	315
AT1G80840	167
AT1G71300	1
AT1G49490	191
AT1G23645	0
AT1G09795	1424
AT1G48690	63
AT1G49570	50
AT1G68470	121
AT1G75580	146
AT1G26400	0
AT1G72980	1
AT1G59970	133
AT1G11520	1
AT1G30640	272
AT1G26440	332
AT1G51320	0
AT1G22070	635
AT1G26700	2
AT1G73603	0
AT1G55650	1
AT1G78180	345
AT1G55928	0
AT1G29880	4059
AT1G53645	1075
AT1G06240	324
AT1G72330	710
AT1G20840	1193
AT1G45050	262
AT1G52500	591
AT1G10430	644
AT1G05670	383
AT1G64110	132
AT1G65220	1892
AT1G13635	35
AT1G54950	0
AT1G55730	302
AT1G07310	796
AT1G77230	226
AT1G52400	605
AT1G16430	205
AT1G27752	726
AT1G14880	3
AT1G11190	353
AT1G43100	0
AT1G26650	293
AT1G54420	0
AT1G34640	173
AT1G50310	5
AT1G49430	632
AT1G74240	453
AT1G01760	123
AT1G61160	0
AT1G47480	53
AT1G65820	3212
AT1G22900	18
AT1G76820	813
AT1G52080	230
AT1G35180	62
AT1G30070	1589
AT1G35210	19
AT1G10410	1785
AT1G73740	170
AT1G53350	206
AT1G34110	581
AT1G17240	43
AT1G61730	823
AT1G29260	750
AT1G33890	0
AT1G08040	674
AT1G63522	0
AT1G08810	174
AT1G09210	6824
AT1G70080	0
AT1G10522	1617
AT1G04570	86
AT1G01830	306
AT1G12340	7
AT1G67590	582
AT1G69080	58
AT1G31400	1
AT1G74385	0
AT1G73300	1
AT1G05760	0
AT1G30530	1996
AT1G12480	39
AT1G76850	1415
AT1G73570	263
AT1G44130	44
AT1G67340	338
AT1G80315	0
AT1G43666	0
AT1G08630	33
AT1G66150	1594
AT1G04640	339
AT1G56500	1214
AT1G12615	0
AT1G77120	2479
AT1G50590	71
AT1G17147	18
AT1G44740	171
AT1G08005	0
AT1G24380	22
AT1G60787	0
AT1G26796	0
AT1G68500	112
AT1G15500	8731
AT1G77760	2336
AT1G24062	0
AT1G53510	1170
AT1G51410	3
AT1G50020	404
AT1G22370	582
AT1G53265	0
AT1G17270	140
AT1G74350	102
AT1G75230	281
AT1G29150	2688
AT1G17140	782
AT1G08380	27616
AT1G43560	1077
AT1G07700	1151
AT1G33750	111
AT1G61270	5
AT1G14750	153
AT1G05900	311
AT1G44120	0
AT1G52990	37
AT1G37130	20338
AT1G48175	237
AT1G72140	45
AT1G66465	0
AT1G43260	0
AT1G14420	2
AT1G01710	681
AT1G44000	857
AT1G73960	1102
AT1G11360	438
AT1G04490	13
AT1G78476	1
AT1G15310	578
AT1G13300	128
AT1G55530	607
AT1G47350	0
AT1G74458	64
AT1G32120	236
AT1G17260	92
AT1G32660	2
AT1G31480	344
AT1G17500	973
AT1G50780	3
AT1G21150	60
AT1G78110	151
AT1G80080	481
AT1G23260	500
AT1G09790	1
AT1G60270	287
AT1G25400	178
AT1G77980	0
AT1G43140	2
AT1G42470	947
AT1G34170	0
AT1G56150	91
AT1G75520	96
AT1G53890	0
AT1G43722	0
AT1G73370	233
AT1G01230	252
AT1G70700	701
AT1G02380	47
AT1G48870	51
AT1G69280	125
AT1G36950	1
AT1G12430	930
AT1G56320	60
AT1G50880	0
AT1G36310	582
AT1G44830	34
AT1G01300	1602
AT1G48050	596
AT1G36925	0
AT1G30670	1
AT1G22180	234
AT1G17450	854
AT1G61630	0
AT1G28590	3
AT1G79670	315
AT1G68170	63
AT1G60080	463
AT1G51240	0
AT1G07130	0
AT1G42525	0
AT1G64355	656
AT1G04820	10041
AT1G71866	3
AT1G33050	876
AT1G77810	298
AT1G16210	1809
AT1G34580	52
AT1G02050	364
AT1G66500	282
AT1G04030	184
AT1G32480	0
AT1G29370	1370
AT1G18880	302
AT1G50740	233
AT1G02580	6
AT1G58220	184
AT1G07350	3283
AT1G06950	5208
AT1G19200	50
AT1G52140	204
AT1G18550	169
AT1G77510	3505
AT1G52430	27
AT1G15950	578
AT1G67850	363
AT1G69620	5198
AT1G49110	0
AT1G57860	3144
AT1G63160	245
AT1G71050	39
AT1G28510	385
AT1G48240	745
AT1G71140	69
AT1G66960	2
AT1G36370	1760
AT1G58242	0
AT1G63370	10
AT1G56110	6267
AT1G14510	1016
AT1G19010	204
AT1G54250	688
AT1G55170	309
AT1G70230	595
AT1G52830	5
AT1G45015	0
AT1G23160	0
AT1G67510	328
AT1G08230	531
AT1G67780	68
AT1G76830	0
AT1G04280	292
AT1G55020	2954
AT1G48970	1093
AT1G79420	147
AT1G70350	284
AT1G35375	0
AT1G28306	0
AT1G12450	108
AT1G57660	5141
AT1G19086	0
AT1G05870	678
AT1G07540	0
AT1G78820	849
AT1G03790	12
AT1G02220	1400
AT1G74420	22
AT1G68700	3
AT1G64820	4
AT1G56680	34
AT1G58848	121
AT1G23985	0
AT1G22140	420
AT1G75210	719
AT1G30330	1452
AT1G77200	53
AT1G30360	2872
AT1G75280	5357
AT1G18200	51
AT1G55680	2370
AT1G34000	781
AT1G04410	16936
AT1G45243	0
AT1G21650	892
AT1G28520	1140
AT1G14048	0
AT1G05220	27
AT1G63245	8
AT1G66180	2232
AT1G07790	708
AT1G07720	333
AT1G16420	7
AT1G72740	622
AT1G05060	249
AT1G55960	1025
AT1G32060	10920
AT1G77700	35
AT1G75510	638
AT1G54090	533
AT1G26520	224
AT1G15240	1225
AT1G07980	674
AT1G01740	225
AT1G62914	121
AT1G53090	519
AT1G08540	1838
AT1G12460	299
AT1G06250	185
AT1G52827	72
AT1G47690	0
AT1G49590	331
AT1G06280	0
AT1G78420	1120
AT1G08465	168
AT1G32970	1
AT1G28815	0
AT1G01260	361
AT1G26815	0
AT1G16730	749
AT1G08700	2105
AT1G66590	411
AT1G09550	0
AT1G16370	10
AT1G80730	7
AT1G11420	247
AT1G61210	880
AT1G57980	21
AT1G15140	1495
AT1G04810	2150
AT1G67070	75
AT1G53270	53
AT1G04550	488
AT1G44940	2
AT1G47810	0
AT1G27450	4158
AT1G33055	301
AT1G69400	71
AT1G51920	2
AT1G56000	216
AT1G42540	1039
AT1G08100	0
AT1G29465	146
AT1G75960	290
AT1G63420	346
AT1G29470	10411
AT1G48310	236
AT1G32930	268
AT1G63880	1537
AT1G04630	1224
AT1G27150	498
AT1G79110	362
AT1G68490	1829
AT1G06040	1742
AT1G18970	89
AT1G72430	1206
AT1G03040	960
AT1G28250	239
AT1G66630	2
AT1G10530	24
AT1G24090	318
AT1G09640	2946
AT1G14080	60
AT1G78760	8
AT1G44542	2
AT1G49350	162
AT1G47240	253
AT1G28430	9
AT1G12190	0
AT1G66610	2
AT1G16022	9
AT1G13370	26
AT1G21370	410
AT1G21590	1074
AT1G50390	43
AT1G60870	845
AT1G69870	2789
AT1G18610	345
AT1G13890	0
AT1G24260	525
AT1G64140	4701
AT1G02290	307
AT1G26740	764
AT1G20460	103
AT1G11500	5
AT1G75040	579
AT1G07985	88
AT1G74035	0
AT1G15510	868
AT1G07040	550
AT1G71170	908
AT1G63470	216
AT1G13640	1171
AT1G35516	540
AT1G22210	3
AT1G33230	965
AT1G18050	0
AT1G79340	1791
AT1G57680	1447
AT1G29140	4
AT1G55110	152
AT1G67775	0
AT1G57730	0
AT1G64550	4838
AT1G68710	616
AT1G79270	1167
AT1G67310	1041
AT1G65610	234
AT1G53880	0
AT1G64380	72
AT1G27920	3
AT1G07220	484
AT1G14130	262
AT1G55040	334
AT1G35630	1
AT1G53860	25
AT1G71010	2501
AT1G56240	2
AT1G20630	1855
AT1G54217	105
AT1G44920	1213
AT1G63970	2150
AT1G26945	43
AT1G67870	2527
AT1G62850	492
AT1G50520	98
AT1G31500	315
AT1G15820	38179
AT1G72690	154
AT1G29030	692
AT1G75160	10
AT1G26090	239
AT1G59660	881
AT1G52460	0
AT1G10720	442
AT1G67670	0
AT1G11410	442
AT1G19025	84
AT1G80050	404
AT1G50320	1676
AT1G77330	437
AT1G50090	14
AT1G16650	235
AT1G50830	20
AT1G02410	557
AT1G04420	3557
AT1G05190	6678
AT1G60660	270
AT1G13950	387
AT1G23147	0
AT1G17460	446
AT1G02110	768
AT1G32990	4814
AT1G22380	85
AT1G61300	545
AT1G15840	1
AT1G15440	2231
AT1G49650	510
AT1G18850	803
AT1G34150	484
AT1G13320	1694
AT1G13820	1035
AT1G15880	417
AT1G80810	271
AT1G54957	0
AT1G65310	277
AT1G20010	2563
AT1G52570	123
AT1G33520	1107
AT1G54350	498
AT1G58160	37
AT1G30190	8
AT1G14550	0
AT1G62450	0
AT1G16830	127
AT1G44090	0
AT1G10880	0
AT1G64633	0
AT1G03830	765
AT1G52530	26
AT1G63580	10
AT1G01600	92
AT1G10210	147
AT1G62720	49
AT1G36980	1526
AT1G16705	7
AT1G74180	297
AT1G69480	141
AT1G71520	1
AT1G34792	0
AT1G35190	1010
AT1G07850	2
AT1G09620	4301
AT1G02570	8
AT1G26790	4
AT1G03620	57
AT1G01350	924
AT1G65770	1
AT1G21395	0
AT1G13810	379
AT1G14520	194
AT1G55630	172
AT1G18390	150
AT1G26797	0
AT1G25480	100
AT1G28190	326
AT1G49530	30
AT1G18486	0
AT1G12880	209
AT1G08090	60
AT1G66460	3
AT1G24220	0
AT1G08035	2
AT1G04985	1121
AT1G73780	7
AT1G36940	83
AT1G23850	51
AT1G66190	101
AT1G44318	0
AT1G24270	15
AT1G05350	622
AT1G19930	0
AT1G62520	165
AT1G23170	276
AT1G71150	23
AT1G11430	2641
AT1G17145	564
AT1G34815	0
AT1G73910	41
AT1G52050	68
AT1G34320	807
AT1G48280	208
AT1G12170	0
AT1G49225	0
AT1G01715	176
AT1G29160	80
AT1G22660	650
AT1G79410	100
AT1G75990	388
AT1G76770	8
AT1G78800	534
AT1G57560	24
AT1G48040	281
AT1G63400	135
AT1G32320	0
AT1G71830	401
AT1G75800	2571
AT1G22260	38
AT1G75950	3878
AT1G43730	0
AT1G21060	139
AT1G11330	558
AT1G77600	628
AT1G68790	1662
AT1G22860	599
AT1G53200	369
AT1G35250	54
AT1G60986	1
AT1G52700	114
AT1G03980	66
AT1G19990	185
AT1G58936	0
AT1G24320	10
AT1G62422	201
AT1G53282	0
AT1G67890	667
AT1G62410	1
AT1G13530	9
AT1G18260	2572
AT1G76210	0
AT1G34430	2021
AT1G14460	606
AT1G61350	548
AT1G42440	2294
AT1G12064	11
AT1G06570	886
AT1G55310	1957
AT1G63740	454
AT1G09870	960
AT1G17710	313
AT1G27200	602
AT1G62120	113
AT1G04770	957
AT1G67920	46
AT1G09410	55
AT1G10540	43
AT1G63615	0
AT1G49240	5073
AT1G09240	205
AT1G67810	20
AT1G70850	119
AT1G56360	0
AT1G18835	6
AT1G65920	238
AT1G11915	31
AT1G28440	1223
AT1G01650	578
AT1G16510	111
AT1G25025	0
AT1G53023	0
AT1G33440	91
AT1G74720	1666
AT1G72290	0
AT1G53230	68
AT1G01970	665
AT1G12860	441
AT1G11400	517
AT1G53705	0
AT1G75560	1610
AT1G56225	0
AT1G27290	539
AT1G16740	797
AT1G64060	443
AT1G15470	334
AT1G01800	1307
AT1G27260	0
AT1G30560	2
AT1G41830	2092
AT1G31490	0
AT1G34490	0
AT1G08440	40
AT1G04440	2027
AT1G49520	163
AT1G44608	27
AT1G54370	589
AT1G12600	3
AT1G74920	3603
AT1G08150	1
AT1G36100	0
AT1G77080	503
AT1G15610	0
AT1G56050	1435
AT1G55365	1
AT1G15130	1790
AT1G26220	0
AT1G48720	358
AT1G09932	48
AT1G49420	0
AT1G15670	634
AT1G78895	144
AT1G15460	78
AT1G22530	1222
AT1G05780	183
AT1G17840	1436
AT1G18080	8780
AT1G66970	1720
AT1G47265	3
AT1G25280	954
AT1G48000	41
AT1G53330	107
AT1G62700	31
AT1G20135	0
AT1G64650	860
AT1G61562	0
AT1G23210	13
AT1G49320	92
AT1G66400	119
AT1G58280	377
AT1G01060	132
AT1G53010	0
AT1G60320	0
AT1G65300	6
AT1G24280	960
AT1G71696	747
AT1G09690	12213
AT1G14780	275
AT1G03120	16
AT1G31000	0
AT1G26665	668
AT1G51380	479
AT1G37150	27
AT1G05310	81
AT1G43130	470
AT1G04110	48
AT1G13620	4
AT1G24440	219
AT1G01440	374
AT1G66200	10332
AT1G09900	702
AT1G14455	2
AT1G01630	1403
AT1G20440	6790
AT1G77460	618
AT1G65040	1225
AT1G71430	117
AT1G18790	0
AT1G14830	1761
AT1G11990	6
AT1G77750	587
AT1G52620	152
AT1G52930	1781
AT1G21430	0
AT1G48060	3
AT1G58270	165
AT1G64790	4667
AT1G59885	0
AT1G34410	0
AT1G01550	1467
AT1G69270	41
AT1G23100	472
AT1G70940	2361
AT1G06810	3
AT1G32220	1173
AT1G03650	149
AT1G17330	139
AT1G16090	47
AT1G32160	529
AT1G65090	1
AT1G78520	3
AT1G68325	0
AT1G55870	853
AT1G50900	968
AT1G10590	2095
AT1G73050	11
AT1G10200	2050
AT1G74300	43
AT1G07250	713
AT1G10370	971
AT1G09575	72
AT1G52618	47
AT1G05610	18
AT1G09150	1193
AT1G18690	245
AT1G57777	0
AT1G71730	961
AT1G24390	0
AT1G61688	0
AT1G34310	0
AT1G55440	10
AT1G72530	157
AT1G62930	161
AT1G50480	6272
AT1G20540	617
AT1G58150	805
AT1G23060	36
AT1G23910	0
AT1G71330	140
AT1G48510	46
AT1G66370	0
AT1G24520	11
AT1G58225	1
AT1G76680	943
AT1G34245	109
AT1G57565	0
AT1G77420	289
AT1G27310	1991
AT1G35255	13
AT1G24020	10336
AT1G72960	10
AT1G28210	384
AT1G14840	538
AT1G35620	677
AT1G72210	75
AT1G14685	807
AT1G66070	933
AT1G02070	2
AT1G70300	606
AT1G78922	2
AT1G33470	1819
AT1G55947	0
AT1G55540	890
AT1G78890	269
AT1G59940	11
AT1G01910	983
AT1G01570	78
AT1G08730	40
AT1G68185	225
AT1G16080	3592
AT1G04940	96
AT1G02340	64
AT1G62880	163
AT1G67930	696
AT1G51170	524
AT1G71970	233
AT1G05385	824
AT1G47845	1
AT1G67560	428
AT1G26320	2
AT1G01680	12
AT1G67025	6
AT1G64160	0
AT1G51780	2
AT1G65660	2708
AT1G51600	348
AT1G71500	3160
AT1G70780	1911
AT1G66160	185
AT1G73120	50
AT1G48090	1486
AT1G70760	4
AT1G47765	0
AT1G48820	1
AT1G18300	142
AT1G73680	1469
AT1G35040	0
AT1G02810	817
AT1G54460	506
AT1G21990	0
AT1G06180	169
AT1G75660	2090
AT1G48620	1085
AT1G74250	1449
AT1G07740	178
AT1G77140	366
AT1G73170	1677
AT1G67500	354
AT1G26350	0
AT1G32510	7
AT1G22890	30
AT1G23830	0
AT1G76510	446
AT1G08010	467
AT1G05840	541
AT1G55200	209
AT1G17070	436
AT1G78090	111
AT1G70810	757
AT1G64750	1414
AT1G46984	0
AT1G11460	3
AT1G78440	10
AT1G79570	1241
AT1G09157	12
AT1G03720	3
AT1G01690	233
AT1G76230	4
AT1G63240	487
AT1G70960	1
AT1G34300	428
AT1G09680	162
AT1G42680	0
AT1G29180	6
AT1G03730	304
AT1G18160	1593
AT1G53490	109
AT1G77100	0
AT1G67130	0
AT1G26260	49
AT1G64255	0
AT1G08290	271
AT1G12320	57
AT1G18990	10
AT1G11220	64
AT1G55207	0
AT1G74660	53
AT1G63460	742
AT1G55325	1566
AT1G77660	83
AT1G30130	634
AT1G80390	6
AT1G31300	592
AT1G73750	574
AT1G55990	76
AT1G60570	3
AT1G68907	0
AT1G66030	2
AT1G27170	239
AT1G04700	98
AT1G67050	289
AT1G76220	20
AT1G56400	0
AT1G78040	5876
AT1G49170	207
AT1G31540	974
AT1G29420	2
AT1G64840	347
AT1G62030	122
AT1G60095	22
AT1G21230	0
AT1G21660	814
AT1G65320	420
AT1G50570	706
AT1G33850	4
AT1G47870	485
AT1G47680	0
AT1G48850	1711
AT1G70440	85
AT1G65150	566
AT1G72800	103
AT1G09000	205
AT1G36160	4376
AT1G02145	466
AT1G23510	6
AT1G51690	1480
AT1G50650	11
AT1G47578	40
AT1G56105	0
AT1G06490	403
AT1G63640	781
AT1G19970	89
AT1G50110	183
AT1G21540	46
AT1G13590	91
AT1G22610	0
AT1G75110	53
AT1G73110	870
AT1G36756	0
AT1G20370	889
AT1G55510	440
AT1G77170	232
AT1G70660	178
AT1G51480	7
AT1G59359	0
AT1G26921	0
AT1G75870	1
AT1G75335	205
AT1G22830	174
AT1G09630	317
AT1G17280	547
AT1G02750	308
AT1G61070	0
AT1G15385	18
AT1G12855	2
AT1G03520	159
AT1G67880	263
AT1G36580	2
AT1G74190	0
AT1G14590	385
AT1G80625	4
AT1G08300	516
AT1G07020	141
AT1G59760	1824
AT1G72570	0
AT1G01360	150
AT1G70400	7
AT1G52690	107
AT1G78750	179
AT1G15720	3
AT1G14850	1552
AT1G70470	147
AT1G11820	1088
AT1G80700	298
AT1G60783	1
AT1G25230	231
AT1G43900	1022
AT1G67840	746
AT1G64660	927
AT1G07690	0
AT1G47920	30
AT1G23680	0
AT1G18450	1297
AT1G17960	158
AT1G55930	479
AT1G61400	492
AT1G03080	2177
AT1G56660	768
AT1G24130	14
AT1G54960	135
AT1G48350	4122
AT1G80330	0
AT1G14440	399
AT1G65620	81
AT1G11620	1
AT1G69490	43
AT1G78990	63
AT1G29100	0
AT1G52315	11
AT1G70100	457
AT1G61480	39
AT1G35220	689
AT1G27510	1681
AT1G65780	4
AT1G69010	293
AT1G30870	560
AT1G56710	33
AT1G05800	0
AT1G63350	92
AT1G34827	0
AT1G03055	82
AT1G01160	589
AT1G47340	171
AT1G11170	196
AT1G62045	62
AT1G35467	0
AT1G69970	56
AT1G43145	0
AT1G20132	0
AT1G70210	381
AT1G49880	130
AT1G27060	132
AT1G30757	0
AT1G30690	1093
AT1G43760	0
AT1G35680	3915
AT1G61550	21
AT1G36745	0
AT1G58120	542
AT1G69090	0
AT1G27870	0
AT1G63710	2
AT1G03103	0
AT1G31970	3935
AT1G04960	643
AT1G68440	924
AT1G05085	0
AT1G10740	925
AT1G19040	0
AT1G32960	3
AT1G10290	1923
AT1G34020	327
AT1G20575	789
AT1G56085	0
AT1G49190	0
AT1G01730	302
AT1G26500	58
AT1G75125	155
AT1G13800	178
AT1G28380	499
AT1G10150	0
AT1G02180	112
AT1G01180	86
AT1G04625	1
AT1G16810	1225
AT1G14160	114
AT1G55370	660
AT1G67790	0
AT1G30110	318
AT1G70640	140
AT1G71691	11
AT1G78970	262
AT1G09610	4
AT1G69190	0
AT1G34065	195
AT1G69730	584
AT1G64300	129
AT1G18180	243
AT1G53260	65
AT1G18750	106
AT1G72670	304
AT1G63090	901
AT1G67350	1992
AT1G03430	270
AT1G31670	0
AT1G48790	872
AT1G64510	4326
AT1G10980	8
AT1G61667	190
AT1G48270	156
AT1G66570	0
AT1G35720	7313
AT1G11690	1
AT1G68880	110
AT1G72180	1113
AT1G15920	510
AT1G78020	831
AT1G63060	0
AT1G24265	356
AT1G19710	318
AT1G28050	909
AT1G51420	69
AT1G65540	906
AT1G21600	3031
AT1G68980	317
AT1G20270	557
AT1G73640	77
AT1G02260	277
AT1G20410	343
AT1G55675	52
AT1G19900	30
AT1G30260	63
AT1G10800	39
AT1G56140	606
AT1G74270	2859
AT1G43610	1
AT1G20050	1296
AT1G72250	661
AT1G10940	2423
AT1G02420	23
AT1G32460	1
AT1G35614	1
AT1G11390	797
AT1G25450	364
AT1G77490	1188
AT1G69250	778
AT1G14890	780
AT1G66280	59
AT1G07900	108
AT1G59218	94
AT1G33410	2928
AT1G72280	134
AT1G53670	1602
AT1G78290	357
AT1G36640	0
AT1G17360	948
AT1G14150	583
AT1G03490	0
AT1G62910	121
AT1G70420	174
AT1G52590	549
AT1G29850	1567
AT1G33810	1981
AT1G19600	2994
AT1G51035	21
AT1G18340	293
AT1G53345	151
AT1G23995	0
AT1G31820	340
AT1G55350	2747
AT1G29460	42
AT1G07420	939
AT1G04260	219
AT1G14720	1237
AT1G69550	676
AT1G62981	46
AT1G65080	177
AT1G80350	834
AT1G67060	247
AT1G68845	2
AT1G63600	0
AT1G05930	0
AT1G58265	0
AT1G74100	1575
AT1G48450	4492
AT1G15600	0
AT1G68210	0
AT1G24159	0
AT1G31910	6195
AT1G43630	1
AT1G75010	1126
AT1G09700	892
AT1G12900	11727
AT1G30545	79
AT1G16840	574
AT1G69740	3591
AT1G73280	20
AT1G30000	538
AT1G19150	1269
AT1G04860	1110
AT1G60170	1726
AT1G42190	0
AT1G45010	234
AT1G76065	79
AT1G69780	390
AT1G08750	228
AT1G62305	135
AT1G28610	1104
AT1G20490	80
AT1G73970	499
AT1G74580	228
AT1G52100	201
AT1G07670	2962
AT1G02890	2746
AT1G47720	212
AT1G33120	3832
AT1G30700	145
AT1G51650	9705
AT1G27840	710
AT1G63105	3
AT1G09230	429
AT1G06900	1768
AT1G06050	129
AT1G73250	304
AT1G07050	579
AT1G64810	521
AT1G75270	2457
AT1G64920	8
AT1G54680	136
AT1G05950	212
AT1G33390	759
AT1G73990	2551
AT1G56210	197
AT1G35030	0
AT1G78580	968
AT1G25155	0
AT1G31720	41
AT1G80030	1756
AT1G32980	0
AT1G56620	0
AT1G50680	1
AT1G78500	2
AT1G58460	10
AT1G45145	959
AT1G53530	333
AT1G67035	21
AT1G21980	844
AT1G05100	16
AT1G56330	2926
AT1G62500	287
AT1G72940	227
AT1G35242	0
AT1G60750	2
AT1G68120	71
AT1G47330	505
AT1G18740	278
AT1G04210	1462
AT1G66060	48
AT1G56415	0
AT1G13910	191
AT1G07780	491
AT1G54940	31
AT1G76100	3157
AT1G66100	13
AT1G27360	175
AT1G73530	872
AT1G77400	220
AT1G49290	0
AT1G67220	15
AT1G36272	0
AT1G35780	781
AT1G56460	664
AT1G16520	755
AT1G63057	4
AT1G06450	39
AT1G59722	0
AT1G51680	1679
AT1G55160	482
AT1G69150	4
AT1G66040	31
AT1G23020	1390
AT1G51915	0
AT1G69380	149
AT1G54400	7
AT1G27420	199
AT1G27910	404
AT1G49040	1242
AT1G58223	0
AT1G67330	0
AT1G23300	0
AT1G64230	3653
AT1G57690	0
AT1G55152	0
AT1G48030	9129
AT1G50890	162
AT1G15590	0
AT1G15180	1000
AT1G79460	290
AT1G20823	165
AT1G27330	3250
AT1G78830	2166
AT1G60050	10
AT1G72545	1
AT1G64584	0
AT1G69523	60
AT1G20720	169
AT1G55610	269
AT1G07400	2688
AT1G34575	0
AT1G44170	1234
AT1G27600	678
AT1G02710	0
AT1G15040	49
AT1G05200	1039
AT1G05575	30
AT1G75220	979
AT1G13860	553
AT1G05720	285
AT1G53300	1110
AT1G54180	147
AT1G61810	5
AT1G62640	470
AT1G24430	55
AT1G80590	0
AT1G35820	0
AT1G63250	738
AT1G23890	267
AT1G20480	76
AT1G61790	1839
AT1G68300	3058
AT1G69790	42
AT1G10560	29
AT1G68780	302
AT1G07640	975
AT1G32710	0
AT1G34070	2
AT1G52155	99
AT1G47500	998
AT1G77765	87
AT1G62190	0
AT1G26130	420
AT1G59500	0
AT1G77010	62
AT1G74130	1
AT1G15360	0
AT1G07170	546
AT1G10360	513
AT1G22780	3020
AT1G64610	271
AT1G02305	2121
AT1G21860	3
AT1G70990	46
AT1G16030	741
AT1G34270	145
AT1G69570	10
AT1G03240	0
AT1G05820	190
AT1G60690	134
AT1G58210	230
AT1G58007	15
AT1G29900	4334
AT1G33320	7
AT1G72630	382
AT1G09780	3204
AT1G29435	2
AT1G15350	236
AT1G06515	165
AT1G50030	1576
AT1G32520	375
AT1G51210	0
AT1G66930	42
AT1G03540	135
AT1G76310	315
AT1G64385	426
AT1G43850	831
AT1G76965	3
AT1G51570	2380
AT1G76130	741
AT1G11050	0
AT1G72080	0
AT1G04680	1301
AT1G32780	218
AT1G18370	432
AT1G24040	531
AT1G61120	0
AT1G69160	187
AT1G22230	182
AT1G75240	821
AT1G53700	39
AT1G80460	1902
AT1G59640	106
AT1G19850	645
AT1G21925	0
AT1G48600	5684
AT1G28390	254
AT1G67030	177
AT1G64340	2
AT1G31550	450
AT1G52360	2155
AT1G77270	188
AT1G64320	54
AT1G03165	1
AT1G64590	19
AT1G79400	9
AT1G02880	325
AT1G38790	0
AT1G63190	1
AT1G78850	2254
AT1G70895	104
AT1G12230	1525
AT1G35830	102
AT1G75430	3
AT1G53450	251
AT1G25330	0
AT1G21950	23
AT1G23650	0
AT1G72270	33
AT1G30170	34
AT1G15757	0
AT1G28150	1043
AT1G69500	0
AT1G23580	2
AT1G03440	412
AT1G76270	427
AT1G65560	378
AT1G13730	539
AT1G18060	1945
AT1G21640	1974
AT1G08960	272
AT1G79860	22
AT1G68360	23
AT1G10550	29
AT1G34570	483
AT1G65710	148
AT1G56530	0
AT1G53320	1698
AT1G17220	7321
AT1G77525	0
AT1G19960	126
AT1G52880	169
AT1G05420	50
AT1G76040	552
AT1G79840	238
AT1G47830	364
AT1G03010	27
AT1G78100	556
AT1G01695	7
AT1G15380	278
AT1G72320	1140
AT1G61690	969
AT1G01610	1496
AT1G74030	921
AT1G66950	25
AT1G18770	0
AT1G74220	0
AT1G56630	7
AT1G02520	174
AT1G50620	633
AT1G08130	928
AT1G33790	269
AT1G62380	15669
AT1G73165	1
AT1G66000	0
AT1G77932	2
AT1G15480	1050
AT1G77960	2
AT1G02590	0
AT1G66640	1
AT1G23880	146
AT1G34460	138
AT1G12780	1682
AT1G30300	234
AT1G54060	693
AT1G33020	0
AT1G71130	231
AT1G75170	262
AT1G79920	5131
AT1G03190	336
AT1G16025	0
AT1G22620	628
AT1G51260	0
AT1G65640	0
AT1G26410	2
AT1G74820	0
AT1G34650	3
AT1G23190	2281
AT1G55250	709
AT1G74210	748
AT1G76940	339
AT1G80890	377
AT1G74730	1115
AT1G76090	730
AT1G63990	6
AT1G61360	266
AT1G75140	418
AT1G21270	1285
AT1G49300	1280
AT1G80610	268
AT1G05570	1532
AT1G27540	356
AT1G53945	0
AT1G61565	0
AT1G30780	0
AT1G73350	393
AT1G52440	1
AT1G31280	454
AT1G01225	43
AT1G27110	50
AT1G03180	250
AT1G30050	3
AT1G19540	73
AT1G09540	30
AT1G28220	1
AT1G75717	0
AT1G52680	0
AT1G18940	20
AT1G62580	43
AT1G11020	208
AT1G75680	2247
AT1G16630	385
AT1G61415	8
AT1G65840	8172
AT1G31870	517
AT1G74370	196
AT1G34510	36
AT1G62370	116
AT1G33100	2
AT1G66560	0
AT1G67450	0
AT1G50220	0
AT1G12420	211
AT1G67980	0
AT1G08170	1
AT1G02020	497
AT1G15000	0
AT1G07440	1350
AT1G72360	182
AT1G65500	1092
AT1G11160	217
AT1G65140	2
AT1G14670	2127
AT1G22420	1
AT1G27220	0
AT1G03850	323
AT1G65850	7
AT1G80520	115
AT1G23540	55
AT1G33420	0
AT1G03380	813
AT1G60420	1363
AT1G19660	1552
AT1G19100	533
AT1G75120	521
AT1G78730	286
AT1G23560	35
AT1G05560	0
AT1G53310	2901
AT1G51538	15
AT1G54953	0
AT1G05240	2
AT1G58330	8
AT1G53366	0
AT1G47600	92
AT1G10395	0
AT1G06270	155
AT1G49220	9
AT1G49810	1
AT1G21410	256
AT1G03106	0
AT1G47620	9
AT1G31230	1474
AT1G15260	248
AT1G50470	0
AT1G67520	47
AT1G54930	14
AT1G29980	911
AT1G33950	2
AT1G03325	0
AT1G40083	0
AT1G45190	0
AT1G13050	258
AT1G31880	130
AT1G03710	9
AT1G73630	112
AT1G69040	660
AT1G61150	698
AT1G53110	555
AT1G17530	647
AT1G17040	228
AT1G16230	0
AT1G19480	177
AT1G69930	16
AT1G34807	0
AT1G59790	0
AT1G13390	570
AT1G49130	785
AT1G03880	4
AT1G17810	0
AT1G50610	2
AT1G31175	289
AT1G05380	1255
AT1G49205	0
AT1G14500	0
AT1G61095	0
AT1G11000	145
AT1G80530	678
AT1G22540	315
AT1G01720	701
AT1G32010	0
AT1G30850	13
AT1G04480	7612
AT1G29930	169284
AT1G03140	1651
AT1G33360	570
AT1G10300	93
AT1G49820	1141
AT1G71960	329
AT1G51110	924
AT1G52560	303
AT1G52550	66
AT1G54340	1964
AT1G74460	174
AT1G60960	586
AT1G55010	22
AT1G17010	0
AT1G48635	528
AT1G07745	115
AT1G54980	1
AT1G44810	534
AT1G71000	334
AT1G43170	19237
AT1G20470	6
AT1G76660	590
AT1G62040	475
AT1G34800	0
AT1G48860	1368
AT1G62975	98
AT1G15220	171
AT1G27680	734
AT1G64900	5164
AT1G47130	4
AT1G68480	24
AT1G13770	374
AT1G75340	524
AT1G11300	72
AT1G12250	717
AT1G80740	10
AT1G47760	19
AT1G24650	0
AT1G10385	3
AT1G04150	9
AT1G70190	923
AT1G50790	80
AT1G62680	133
AT1G10110	6
AT1G64330	575
AT1G31270	4
AT1G80570	99
AT1G80690	230
AT1G01100	3841
AT1G20000	0
AT1G03740	802
AT1G54010	1148
AT1G04880	20
AT1G53620	1
AT1G02450	28
AT1G53970	0
AT1G65290	3658
AT1G75370	1528
AT1G60590	284
AT1G24170	940
AT1G17720	1599
AT1G12090	7605
AT1G26890	22
AT1G31835	91
AT1G75820	791
AT1G65480	1
AT1G11112	5
AT1G15490	384
AT1G15125	113
AT1G13210	602
AT1G07210	1312
AT1G64253	86
AT1G03230	1370
AT1G34220	649
AT1G15120	2294
AT1G16515	22
AT1G56550	122
AT1G37000	0
AT1G66720	0
AT1G33530	0
AT1G18490	293
AT1G47497	0
AT1G18900	630
AT1G47485	0
AT1G12050	1562
AT1G69070	1765
AT1G27430	1344
AT1G04470	13
AT1G57670	7
AT1G55500	947
AT1G27435	1620
AT1G77350	655
AT1G10450	1120
AT1G08400	299
AT1G52343	9
AT1G16160	7
AT1G60090	11
AT1G69320	4
AT1G49050	435
AT1G60700	202
AT1G15680	0
AT1G64030	0
AT1G53930	1
AT1G25275	3327
AT1G79985	306
AT1G79100	5
AT1G68820	613
AT1G55190	0
AT1G73177	277
AT1G62200	203
AT1G49950	1026
AT1G10390	3016
AT1G16670	272
AT1G16800	510
AT1G28070	160
AT1G12830	0
AT1G36070	514
AT1G14400	1557
AT1G52320	819
AT1G61240	406
AT1G76910	1
AT1G36060	804
AT1G26600	39
AT1G19780	3
AT1G35365	0
AT1G23600	3
AT1G13750	179
AT1G30280	15
AT1G19470	19
AT1G61900	475
AT1G51405	126
AT1G75260	32
AT1G55710	0
AT1G07615	473
AT1G09970	4387
AT1G65370	1105
AT1G09250	516
AT1G69485	34
AT1G76060	410
AT1G05740	12
AT1G43415	0
AT1G20690	0
AT1G44030	0
AT1G55810	1014
AT1G34130	1437
AT1G74320	242
AT1G23860	1539
AT1G14642	58
AT1G70730	2303
AT1G11755	176
AT1G43245	181
AT1G53370	0
AT1G34440	13
AT1G53325	0
AT1G47560	63
AT1G11080	59
AT1G58525	0
AT1G48070	0
AT1G32560	3
AT1G58725	0
AT1G12710	324
AT1G61280	18
AT1G53420	3
AT1G49980	451
AT1G59980	327
AT1G14930	0
AT1G67148	23
AT1G48230	901
AT1G12260	71
AT1G52940	2
AT1G47250	171
AT1G68000	297
AT1G24793	0
AT1G25360	278
AT1G65240	39
AT1G02670	149
AT1G07990	1141
AT1G65483	0
AT1G74360	136
AT1G01560	13
AT1G34180	213
AT1G04270	7086
AT1G34810	0
AT1G20930	294
AT1G72760	34
AT1G77405	49
AT1G57770	605
AT1G19240	291
AT1G13970	129
AT1G13940	586
AT1G05010	4811
AT1G28305	0
AT1G02190	19
AT1G34830	0
AT1G45207	342
AT1G21690	544
AT1G24880	5
AT1G53710	730
AT1G48110	954
AT1G60710	3633
AT1G52380	1080
AT1G79930	3023
AT1G23840	24
AT1G76320	739
AT1G53290	232
AT1G55770	4
AT1G29330	240
AT1G23120	51
AT1G76540	711
AT1G18720	2133
AT1G68810	127
AT1G21870	0
AT1G13980	1075
AT1G68100	315
AT1G29840	154
AT1G25083	0
AT1G02310	10
AT1G65032	110
AT1G68270	0
AT1G74680	267
AT1G05880	0
AT1G79470	924
AT1G61460	115
AT1G10190	0
AT1G73940	1793
AT1G26795	0
AT1G10747	0
AT1G33560	891
AT1G01250	14
AT1G32640	0
AT1G03670	0
AT1G36340	0
AT1G64740	521
AT1G01950	496
AT1G12380	356
AT1G33730	0
AT1G71280	386
AT1G71865	68
AT1G09660	1983
AT1G79485	0
AT1G22882	747
AT1G56410	2
AT1G61980	214
AT1G28200	997
AT1G43950	0
AT1G75420	339
AT1G15170	221
AT1G19230	236
AT1G77940	4855
AT1G35460	344
AT1G54650	219
AT1G30845	76
AT1G65700	426
AT1G10050	916
AT1G73770	172
AT1G09280	542
AT1G16300	438
AT1G35240	0
AT1G08200	2541
AT1G04140	2230
AT1G63750	277
AT1G23250	0
AT1G51805	437
AT1G63700	1297
AT1G58602	698
AT1G29620	0
AT1G43720	0
AT1G24490	995
AT1G01460	0
AT1G08820	797
AT1G07240	612
AT1G40390	0
AT1G51760	1192
AT1G72600	0
AT1G12030	165
AT1G09483	0
AT1G47813	1
AT1G74830	20
AT1G04645	0
AT1G70910	2
AT1G48285	0
AT1G13550	3
AT1G33102	14
AT1G12663	0
AT1G76150	1075
AT1G50770	3
AT1G25490	2276
AT1G29500	47
AT1G55880	617
AT1G47786	0
AT1G26590	27
AT1G77180	3425
AT1G45230	733
AT1G71860	1151
AT1G31160	408
AT1G17090	114
AT1G62750	14552
AT1G06980	64
AT1G65490	1269
AT1G04230	275
AT1G68765	9
AT1G58807	0
AT1G80190	126
AT1G14040	529
AT1G01030	108
AT1G63840	315
AT1G68030	45
AT1G29700	79
AT1G68190	484
AT1G68010	7687
AT1G29965	20
AT1G36920	1
AT1G04950	629
AT1G68800	5
AT1G56080	185
AT1G68260	395
AT1G72860	13
AT1G73510	4
AT1G28490	497
AT1G54100	2851
AT1G56430	237
AT1G60160	456
AT1G03360	932
AT1G60280	1
AT1G28280	700
AT1G20290	0
AT1G02930	1790
AT1G06137	0
AT1G18480	669
AT1G31190	466
AT1G27960	304
AT1G10850	338
AT1G10270	1072
AT1G01200	43
AT1G75760	477
AT1G61430	456
AT1G73140	10
AT1G70770	2796
AT1G80500	850
AT1G40087	0
AT1G62440	157
AT1G77280	268
AT1G26550	5385
AT1G57610	391
AT1G64640	767
AT1G24360	1932
AT1G36095	0
AT1G78630	6663
AT1G54730	419
AT1G29770	85
AT1G21866	0
AT1G14870	188
AT1G45249	449
AT1G44414	41
AT1G02130	775
AT1G13110	1409
AT1G34420	91
AT1G20550	126
AT1G78980	0
AT1G63210	1
AT1G03800	62
AT1G47370	5
AT1G28760	245
AT1G66240	4739
AT1G70710	654
AT1G23960	1290
AT1G21480	386
AT1G78390	5
AT1G26290	0
AT1G01470	1942
AT1G56200	5758
AT1G60200	2313
AT1G49400	693
AT1G19115	0
AT1G62160	0
AT1G79740	582
AT1G09520	442
AT1G80940	550
AT1G74470	32000
AT1G72480	709
AT1G32310	271
AT1G52160	704
AT1G30220	307
AT1G24530	952
AT1G59077	0
AT1G13900	581
AT1G31940	248
AT1G09940	487
AT1G32583	149
AT1G61590	162
AT1G03390	0
AT1G63170	771
AT1G30060	0
AT1G57590	31
AT1G29310	1067
AT1G45000	1818
AT1G04910	680
AT1G53130	23
AT1G06500	279
AT1G16290	3
AT1G08420	1899
AT1G52790	6
AT1G73065	4
AT1G23730	139
AT1G47310	400
AT1G04330	15
AT1G01930	642
AT1G09980	705
AT1G13510	4
AT1G13290	0
AT1G77630	558
AT1G62886	0
AT1G58200	827
AT1G65113	0
AT1G51500	1652
AT1G64930	96
AT1G52245	25
AT1G03550	29
AT1G30950	3
AT1G56145	1135
AT1G11900	21
AT1G32361	3
AT1G43815	2
AT1G11700	751
AT1G62150	267
AT1G65735	0
AT1G59840	511
AT1G60350	0
AT1G69510	2332
AT1G79220	124
AT1G27930	1014
AT1G06780	650
AT1G06840	561
AT1G06143	190
AT1G07930	17143
AT1G01670	73
AT1G59540	414
AT1G73040	1080
AT1G20120	66
AT1G62630	225
AT1G17060	30
AT1G06520	43
AT1G67865	192
AT1G15410	332
AT1G69700	320
AT1G05510	0
AT1G05500	1450
AT1G16610	1538
AT1G66450	20
AT1G04300	1587
AT1G08530	218
AT1G20570	64
AT1G18950	1581
AT1G51350	540
AT1G27750	651
AT1G54740	550
AT1G28710	432
AT1G28450	0
AT1G15625	5
AT1G61660	691
AT1G75460	772
AT1G49310	53
AT1G69650	0
AT1G80070	9413
AT1G51060	1817
AT1G80410	2891
AT1G09794	86
AT1G59670	0
AT1G02980	126
AT1G06680	45555
AT1G66540	158
AT1G33840	43
AT1G27610	2
AT1G09750	2195
AT1G31772	1
AT1G13608	2
AT1G15280	1671
AT1G21500	1476
AT1G18170	366
AT1G79350	1628
AT1G26200	2
AT1G29490	3
AT1G29870	0
AT1G07520	0
AT1G08060	483
AT1G02720	422
AT1G47490	1330
AT1G20180	9
AT1G15870	218
AT1G30800	0
AT1G27461	0
AT1G34340	372
AT1G29660	1598
AT1G65060	864
AT1G10890	1160
AT1G55335	0
AT1G13805	0
AT1G31920	0
AT1G21510	49
AT1G48400	93
AT1G54300	0
AT1G55120	36
AT1G08645	0
AT1G03495	564
AT1G70450	5
AT1G30240	500
AT1G64570	556
AT1G77855	73
AT1G48190	0
AT1G01590	2
AT1G48120	397
AT1G01070	273
AT1G69940	6
AT1G02067	0
AT1G17440	752
AT1G79480	44
AT1G44478	0
AT1G80230	1175
AT1G63080	112
AT1G70160	1218
AT1G31410	589
AT1G76705	59
AT1G08550	1253
AT1G70970	0
AT1G08320	102
AT1G76450	925
AT1G48880	125
AT1G12020	260
AT1G01340	51
AT1G21960	0
AT1G30620	351
AT1G34095	0
AT1G09920	536
AT1G18840	463
AT1G35410	0
AT1G76030	5150
AT1G02280	1864
AT1G43665	0
AT1G52110	3
AT1G64795	3
AT1G05180	1370
AT1G56070	29776
AT1G72000	1
AT1G13260	536
AT1G17970	429
AT1G13920	102
AT1G20020	8781
AT1G18090	164
AT1G13000	313
AT1G80900	148
AT1G52600	1245
AT1G65260	1949
AT1G33610	88
AT1G49435	0
AT1G61940	0
AT1G77470	636
AT1G12200	1524
AT1G02950	50
AT1G57870	323
AT1G56020	213
AT1G71240	598
AT1G12411	0
AT1G10870	535
AT1G55210	3946
AT1G29730	45
AT1G05080	7
AT1G30840	158
AT1G52630	237
AT1G80470	1
AT1G01080	1197
AT1G73210	88
AT1G48730	0
AT1G55740	737
AT1G10180	732
AT1G53790	188
AT1G07175	4
AT1G08990	205
AT1G59850	11
AT1G62421	0
AT1G65130	26
AT1G62900	7
AT1G63205	0
AT1G56060	17
AT1G10490	1004
AT1G78260	300
AT1G09880	12
AT1G59630	0
AT1G17640	85
AT1G69410	3277
AT1G31150	310
AT1G59865	139
AT1G79780	82
AT1G25150	0
AT1G57990	187
AT1G72141	0
AT1G57550	0
AT1G03050	4
AT1G16825	144
AT1G51360	198
AT1G66810	25
AT1G67270	3
AT1G42480	1246
AT1G69900	161
AT1G68450	61
AT1G54270	3467
AT1G54590	0
AT1G27760	1744
AT1G27020	515
AT1G03300	0
AT1G06690	369
AT1G35435	0
AT1G45180	342
AT1G19730	134
AT1G80260	828
AT1G04840	101
AT1G62050	237
AT1G24851	0
AT1G22885	92
AT1G54450	104
AT1G22730	1255
AT1G29710	94
AT1G33760	7
AT1G67700	2201
AT1G07960	832
AT1G70430	269
AT1G20200	1357
AT1G13430	27
AT1G11130	1038
AT1G55270	323
AT1G76890	817
AT1G73560	0
AT1G45976	514
AT1G47390	0
AT1G43640	3
AT1G44760	624
AT1G69820	0
AT1G72680	579
AT1G61340	108
AT1G35430	63
AT1G61040	997
AT1G54830	588
AT1G14250	25
AT1G78880	882
AT1G72660	1587
AT1G32740	103
AT1G79320	69
AT1G29600	11
AT1G67856	6
AT1G65070	1080
AT1G29195	54
AT1G31740	2
AT1G62570	425
AT1G72620	4
AT1G60650	728
AT1G18440	260
AT1G08260	547
AT1G68580	1746
AT1G80245	331
AT1G31930	975
AT1G49750	3846
AT1G12130	6
AT1G04600	150
AT1G27970	1711
AT1G13755	0
AT1G26480	1
AT1G59870	5039
AT1G59620	328
AT1G62710	436
AT1G24310	641
AT1G10620	0
AT1G09415	319
AT1G52905	237
AT1G11840	14426
AT1G61165	0
AT1G19070	10
AT1G64360	88
AT1G22275	57
AT1G51830	69
AT1G16970	485
AT1G44890	225
AT1G55890	520
AT1G28560	151
AT1G55475	111
AT1G33260	157
AT1G13195	170
AT1G21080	902
AT1G30480	597
AT1G19510	0
AT1G23330	561
AT1G72850	21
AT1G02840	4494
AT1G71697	214
AT1G04520	371
AT1G54970	56
AT1G26610	10
AT1G11303	63
AT1G48210	761
AT1G06000	0
AT1G37113	5
AT1G55280	120
AT1G78815	25
AT1G21840	94
AT1G66020	24
AT1G30420	142
AT1G72560	892
AT1G33600	578
AT1G30972	0
AT1G67635	2
AT1G28010	140
AT1G78310	183
AT1G53210	3686
AT1G68945	516
AT1G51310	827
AT1G16980	0
AT1G29240	145
AT1G45403	0
AT1G29400	1641
AT1G08695	0
AT1G15790	315
AT1G61930	107
AT1G48360	522
AT1G54710	821
AT1G10657	87
AT1G65000	83
AT1G79260	581
AT1G28135	4
AT1G57850	1
AT1G43690	1839
AT1G10790	55
AT1G12560	222
AT1G51400	9
AT1G74330	376
AT1G13190	1096
AT1G64720	37545
AT1G70890	2668
AT1G06770	304
AT1G44350	157
AT1G71800	336
AT1G31080	0
AT1G16930	59
AT1G74950	435
AT1G01430	877
AT1G53550	1
AT1G11340	17
AT1G76590	335
AT1G07180	660
AT1G33030	1
AT1G21170	449
AT1G05270	826
AT1G19220	220
AT1G80340	18
AT1G51270	61
AT1G28960	373
AT1G17780	355
AT1G53730	1973
AT1G64583	40
AT1G22650	381
AT1G61000	352
AT1G80980	197
AT1G66980	1018
AT1G16560	1054
AT1G10810	69
AT1G01780	619
AT1G20795	13
AT1G69560	2
AT1G19370	655
AT1G14686	2
AT1G56345	163
AT1G15860	1031
AT1G24180	1783
AT1G67690	348
AT1G64780	1708
AT1G51800	406
AT1G02540	0
AT1G62333	2
AT1G53040	504
AT1G27490	0
AT1G50340	0
AT1G63120	720
AT1G21740	449
AT1G49200	13
AT1G13130	46
AT1G53035	279
AT1G23010	211
AT1G55755	0
AT1G70540	0
AT1G58300	10
AT1G55820	248
AT1G78140	502
AT1G30290	311
AT1G33670	2
AT1G68310	510
AT1G26160	434
AT1G69840	648
AT1G28260	398
AT1G26820	216
AT1G66770	0
AT1G12210	78
AT1G09730	745
AT1G05894	14
AT1G31817	1038
AT1G07950	505
AT1G61520	45974
AT1G25540	1083
AT1G15110	505
AT1G75050	4
AT1G78000	1765
AT1G30680	1693
AT1G50080	0
AT1G04370	2
AT1G55265	2
AT1G23820	3418
AT1G13060	2000
AT1G53870	0
AT1G16760	0
AT1G09330	959
AT1G72200	91
AT1G11684	0
AT1G80110	129
AT1G66520	245
AT1G34822	0
AT1G12660	0
AT1G48610	360
AT1G17380	81
AT1G23450	53
AT1G29640	70
AT1G27240	0
AT1G60610	302
AT1G67300	1172
AT1G61760	26
AT1G24290	55
AT1G43670	1775
AT1G31420	2690
AT1G49930	4
AT1G49245	355
AT1G02250	12
AT1G69290	141
AT1G56555	20
AT1G74140	1
AT1G76430	5
AT1G62310	1330
AT1G67110	27
AT1G65985	23
AT1G63820	48
AT1G02780	17713
AT1G19340	140
AT1G34390	0
AT1G53170	109
AT1G17020	446
AT1G33800	318
AT1G67235	1
AT1G12350	298
AT1G05070	369
AT1G20430	691
AT1G17250	0
AT1G04650	393
AT1G78150	2274
AT1G20670	431
AT1G13020	1159
AT1G73550	27
AT1G80300	3048
AT1G01420	277
AT1G75200	1102
AT1G21240	13
AT1G14650	2518
AT1G51470	103
AT1G66690	13
AT1G32070	1482
AT1G27550	0
AT1G60130	17
AT1G66910	484
AT1G76980	165
AT1G49250	4
AT1G05590	270
AT1G60060	103
AT1G63800	552
AT1G70790	258
AT1G69850	2041
AT1G08125	544
AT1G74880	1683
AT1G22990	126
AT1G06790	347
AT1G27535	0
AT1G28410	483
AT1G01220	1037
AT1G71120	0
AT1G47657	17
AT1G55860	3380
AT1G26460	1322
AT1G70130	26
AT1G43171	0
AT1G60000	2071
AT1G47770	5
AT1G51770	0
AT1G06400	884
AT1G19835	1795
AT1G69526	78
AT1G14020	420
AT1G13780	173
AT1G12140	864
AT1G01050	1281
AT1G35310	194
AT1G64880	2655
AT1G30570	652
AT1G59833	0
AT1G61920	5
AT1G30720	145
AT1G61010	961
AT1G22510	224
AT1G60983	0
AT1G64107	4
AT1G01355	7
AT1G35150	0
AT1G31790	139
AT1G10715	0
AT1G56220	1553
AT1G59675	0
AT1G66840	435
AT1G11970	2
AT1G71692	69
AT1G60760	1
AT1G25560	873
AT1G21830	253
AT1G34470	297
AT1G19440	427
AT1G10170	2422
AT1G20990	11
AT1G09995	143
AT1G25340	0
AT1G61580	2686
AT1G76750	0
AT1G01860	176
AT1G27135	0
AT1G20890	321
AT1G04990	815
AT1G11980	1
AT1G26190	334
AT1G02660	254
AT1G11655	7
AT1G55865	45
AT1G49920	63
AT1G53580	787
AT1G78590	245
AT1G15100	615
AT1G77370	1386
AT1G48440	1588
AT1G08780	498
AT1G73100	595
AT1G13630	197
AT1G12770	2166
AT1G06150	732
AT1G60720	3
AT1G07280	2153
AT1G58440	1237
AT1G04380	2
AT1G10610	169
AT1G34795	0
AT1G61470	29
AT1G05540	60
AT1G31990	12
AT1G77680	719
AT1G68650	213
AT1G72420	274
AT1G31800	2204
AT1G32180	3
AT1G60490	740
AT1G17285	26
AT1G70520	540
AT1G54790	68
AT1G78640	0
AT1G72410	1323
AT1G01140	1581
AT1G18360	343
AT1G51190	22
AT1G15340	2433
AT1G07680	0
AT1G31690	35
AT1G28480	5
AT1G79970	928
AT1G51290	0
AT1G73720	443
AT1G73810	63
AT1G07150	108
AT1G35880	5
AT1G80320	0
AT1G02610	30
AT1G80133	0
AT1G62870	147
AT1G14790	338
AT1G56090	235
AT1G25220	626
AT1G53633	15
AT1G68690	174
AT1G44970	75
AT1G29950	1034
AT1G60040	3
AT1G15080	143
AT1G58400	238
AT1G52330	43
AT1G12570	14
AT1G63490	848
AT1G71090	866
AT1G04778	38
AT1G79720	686
AT1G24660	0
AT1G21920	725
AT1G16530	52
AT1G05520	1547
AT1G07025	0
AT1G75090	51
AT1G47670	558
AT1G52415	0
AT1G59720	174
AT1G52740	1264
AT1G34780	358
AT1G45688	2360
AT1G67170	373
AT1G60500	0
AT1G30590	1395
AT1G32920	718
AT1G72500	1736
AT1G22800	0
AT1G07480	248
AT1G29320	808
AT1G80660	120
AT1G15570	362
AT1G74070	1993
AT1G09480	32
AT1G79530	1788
AT1G03810	0
AT1G29290	23
AT1G51390	121
AT1G72645	368
AT1G36150	0
AT1G80380	3407
AT1G09935	0
AT1G54870	2
AT1G48320	0
AT1G51340	356
AT1G78170	94
AT1G72820	580
AT1G28640	0
AT1G26510	0
AT1G03445	45
AT1G58766	0
AT1G65510	74
AT1G78950	95
AT1G14330	522
AT1G02730	1090
AT1G10455	0
AT1G62790	2592
AT1G07330	15
AT1G02870	420
AT1G28680	106
AT1G47820	238
AT1G24540	2
AT1G17545	0
AT1G53285	0
AT1G71190	180
AT1G65280	1932
AT1G71235	1
AT1G78610	1374
AT1G74260	3176
AT1G68760	253
AT1G77830	0
AT1G16180	4814
AT1G34850	0
AT1G76580	1065
AT1G26580	3732
AT1G30630	2300
AT1G76300	1488
AT1G34317	22
AT1G68660	1059
AT1G70630	55
AT1G13690	376
AT1G34670	46
AT1G79770	23
AT1G50300	802
AT1G32415	113
AT1G63290	603
AT1G31050	48
AT1G80640	727
AT1G30135	3
AT1G28240	667
AT1G75900	342
AT1G69470	0
AT1G32240	151
AT1G65010	1858
AT1G62060	0
AT1G02500	7801
AT1G43910	1051
AT1G14710	2854
AT1G19380	182
AT1G55640	1
AT1G56510	233
AT1G15810	597
AT1G27160	0
AT1G31814	290
AT1G18100	106
AT1G59700	318
AT1G69325	51
AT1G29940	1319
AT1G09400	24
AT1G10510	1195
AT1G47710	855
AT1G78790	264
AT1G29000	9
AT1G12550	97
AT1G63830	1211
AT1G14687	70
AT1G53920	225
AT1G36380	114
AT1G09645	311
AT1G70040	0
AT1G77090	770
AT1G56520	167
AT1G48560	45
AT1G27080	0
AT1G19530	205
AT1G06460	2530
AT1G72750	1280
AT1G07630	545
AT1G26720	0
AT1G66620	165
AT1G36390	784
AT1G59740	371
AT1G63410	12
AT1G04555	80
AT1G67230	1821
AT1G29970	335
AT1G16110	221
AT1G29780	0
AT1G67320	574
AT1G10600	617
AT1G50700	108
AT1G18660	1059
AT1G65380	231
AT1G06420	49
AT1G11490	5
AT1G67160	3
AT1G63390	18
AT1G74490	63
AT1G25440	4024
AT1G64940	102
AT1G31290	191
AT1G40104	0
AT1G02360	141
AT1G67580	1188
AT1G62240	0
AT1G19940	26
AT1G51620	42
AT1G56340	15427
AT1G22290	0
AT1G73440	270
AT1G29200	30
AT1G16260	376
AT1G21250	1608
AT1G26799	0
AT1G58248	0
AT1G30880	1477
AT1G74550	4
AT1G04580	19
AT1G03320	11
AT1G74960	2960
AT1G21050	247
AT1G17455	79
AT1G09340	7033
AT1G77655	1
AT1G71060	147
AT1G67750	617
AT1G05830	998
AT1G11120	43
AT1G47395	395
AT1G78680	3063
AT1G63730	170
AT1G50530	0
AT1G08930	1944
AT1G09176	1
AT1G54820	329
AT1G13500	3
AT1G58060	976
AT1G63770	5878
AT1G24735	11
AT1G52191	1
AT1G16410	2637
AT1G59960	929
AT1G19410	0
AT1G25097	0
AT1G27470	1220
AT1G33590	2900
AT1G77160	3
AT1G18540	6006
AT1G18420	0
AT1G60920	0
AT1G72610	0
AT1G08880	1263
AT1G73220	8
AT1G07430	161
AT1G45100	1
AT1G65425	0
AT1G72590	0
AT1G43860	641
AT1G29090	26
AT1G17340	415
AT1G48605	129
AT1G63270	201
AT1G72870	37
AT1G62770	56
AT1G14920	476
AT1G22310	198
AT1G07650	762
AT1G16120	14
AT1G12110	2271
AT1G34049	0
AT1G05710	377
AT1G34040	238
AT1G27320	1915
AT1G08450	1519
AT1G22950	516
AT1G76880	0
AT1G61820	201
AT1G22410	4167
AT1G48912	0
AT1G65730	50
AT1G24140	6
AT1G16010	1115
AT1G18280	2
AT1G80370	426
AT1G47510	145
AT1G31730	1512
AT1G07795	0
AT1G26880	2847
AT1G50730	541
AT1G24330	204
AT1G25370	235
AT1G25570	1130
AT1G74710	325
AT1G53360	0
AT1G47278	748
AT1G62250	182
AT1G70550	256
AT1G20870	49
AT1G31340	1338
AT1G32300	0
AT1G54220	754
AT1G78120	301
AT1G50720	0
AT1G76952	42
AT1G65990	1
AT1G30200	829
AT1G21710	329
AT1G63940	2933
AT1G80270	1501
AT1G03457	185
AT1G68040	0
AT1G55920	1731
AT1G65800	1295
AT1G30490	2042
AT1G13490	0
AT1G10030	348
AT1G78720	1
AT1G33811	838
AT1G12610	3
AT1G62820	299
AT1G69085	3
AT1G62260	184
AT1G70280	1064
AT1G66350	102
AT1G55980	62
AT1G07473	0
AT1G15160	234
AT1G19450	1879
AT1G11590	3
AT1G08620	876
AT1G15772	17
AT1G18193	5
AT1G19430	927
AT1G09040	200
AT1G80880	183
AT1G15540	4
AT1G22520	493
AT1G22400	594
AT1G03750	282
AT1G15990	3
AT1G61100	1846
AT1G66760	108
AT1G12890	4
AT1G03020	10
AT1G79760	155
AT1G80830	1554
AT1G39060	0
AT1G36942	0
AT1G34520	7
AT1G07730	0
AT1G79900	51
AT1G42990	731
AT1G23980	66
AT1G60730	612
AT1G65950	526
AT1G36320	1793
AT1G10095	123
AT1G29340	1295
AT1G54020	7
AT1G07530	709
AT1G76405	472
AT1G69828	0
AT1G71920	0
AT1G50270	228
AT1G01020	552
AT1G02140	4605
AT1G52970	0
AT1G05810	236
AT1G16070	473
AT1G02830	5
AT1G67470	95
AT1G76700	467
AT1G61770	855
AT1G66730	633
AT1G07190	0
AT1G80865	11
AT1G54160	51
AT1G52310	761
AT1G52410	361
AT1G14030	611
AT1G27500	251
AT1G54860	2
AT1G17210	1939
AT1G54030	1526
AT1G04100	66
AT1G17615	1
AT1G75540	484
AT1G55915	187
AT1G24620	13
AT1G01480	21
AT1G15800	283
AT1G52760	1714
AT1G59460	0
AT1G12775	161
AT1G54490	1503
AT1G74390	287
AT1G40129	0
AT1G16150	22
AT1G14540	4
AT1G06890	975
AT1G63280	2
AT1G64620	205
AT1G70335	0
AT1G64450	133
AT1G55803	6
AT1G33490	496
AT1G60560	199
AT1G59725	17
AT1G29530	377
AT1G32430	0
AT1G62920	48
AT1G79070	90
AT1G77800	1755
AT1G71940	203
AT1G71230	183
AT1G47730	0
AT1G02335	180
AT1G31650	673
AT1G06260	0
AT1G30760	922
AT1G22710	980
AT1G06910	113
AT1G74020	1031
AT1G14730	151
AT1G74875	36
AT1G38131	56
AT1G11570	16
AT1G73670	397
AT1G05340	112
AT1G06580	79
AT1G01640	160
AT1G26470	926
AT1G76840	0
AT1G23320	0
AT1G07660	325
AT1G06320	8
AT1G02170	762
AT1G05330	4
AT1G51010	0
AT1G48940	2
AT1G42080	0
AT1G14310	349
AT1G28765	41
AT1G62020	1877
AT1G31660	1723
AT1G68620	57
AT1G21810	181
AT1G20925	1
AT1G79380	495
AT1G63910	3
AT1G53590	919
AT1G09890	109
AT1G29910	108464
AT1G15930	8882
AT1G67950	276
AT1G31090	0
AT1G45231	339
AT1G08110	2611
AT1G35520	0
AT1G58260	0
AT1G71200	26
AT1G26970	33
AT1G62610	127
AT1G74640	542
AT1G08650	923
AT1G05990	2
AT1G27650	2259
AT1G19580	702
AT1G34790	0
AT1G10100	0
AT1G71870	212
AT1G61030	420
AT1G01335	0
AT1G15620	4
AT1G55570	2
AT1G48420	2500
AT1G23640	0
AT1G22220	182
AT1G12390	278
AT1G61640	417
AT1G03410	48
AT1G22980	93
AT1G61255	26
AT1G62780	932
AT1G13790	618
AT1G62330	522
AT1G16490	0
AT1G67490	783
AT1G69350	56
AT1G61600	226
AT1G60260	842
AT1G19950	241
AT1G01490	1349
AT1G58320	1
AT1G79950	851
AT1G56230	769
AT1G80130	2699
AT1G11180	373
AT1G68526	0
AT1G67630	447
AT1G15085	51
AT1G16750	245
AT1G65342	0
AT1G47400	319
AT1G49790	33
AT1G05460	682
AT1G47210	271
AT1G23140	154
AT1G15400	753
AT1G19485	676
AT1G62590	223
AT1G14560	346
AT1G60360	48
AT1G28630	0
AT1G31770	947
AT1G65650	728
AT1G22250	4
AT1G18710	15
AT1G71490	88
AT1G53720	992
AT1G63630	5
AT1G55430	46
AT1G51430	345
AT1G44820	561
AT1G05120	705
AT1G04945	355
AT1G62085	157
AT1G17770	0
AT1G67430	5773
AT1G02560	4853
AT1G73270	23
AT1G21245	0
AT1G13605	0
AT1G23070	2
AT1G11880	198
AT1G44020	4
AT1G54170	515
AT1G60990	898
AT1G13670	65
AT1G73655	1282
AT1G30910	314
AT1G52857	1
AT1G23030	878
AT1G67140	1157
AT1G21360	19
AT1G26560	641
AT1G30120	1756
AT1G58030	1953
AT1G61080	30
AT1G69910	443
AT1G34060	146
AT1G50160	0
AT1G09050	183
AT1G79750	5017
AT1G07770	4694
AT1G22570	610
AT1G03365	522
AT1G49850	255
AT1G67440	527
AT1G59800	0
AT1G50910	91
AT1G06380	295
AT1G52825	123
AT1G23570	2
AT1G52270	73
AT1G35515	43
AT1G01940	1669
AT1G35610	4
AT1G52342	158
AT1G61500	458
AT1G64210	112
AT1G31885	15
AT1G10320	536
AT1G49890	486
AT1G78030	54
AT1G76500	102
AT1G70870	0
AT1G80550	612
AT1G76630	562
AT1G26620	462
AT1G56160	0
AT1G69830	4325
AT1G55230	12
AT1G08360	5571
AT1G48160	517
AT1G51250	4
AT1G71680	0
AT1G05640	139
AT1G46480	232
AT1G66300	0
AT1G12500	545
AT1G55550	66
AT1G75980	222
AT1G12211	0
AT1G06970	34
AT1G29800	213
AT1G19140	640
AT1G47530	1255
AT1G17300	4
AT1G76600	126
AT1G62660	1401
AT1G78540	271
AT1G70610	491
AT1G32500	1730
AT1G49700	421
AT1G53100	20
AT1G55760	188
AT1G33900	0
AT1G76620	67
AT1G17310	12
AT1G68725	53
AT1G77580	671
AT1G64830	0
AT1G45165	0
AT1G04610	13
AT1G68240	25
AT1G76160	3717
AT1G23040	598
AT1G31243	0
AT1G02850	2384
AT1G01880	122
AT1G01725	115
AT1G24070	62
AT1G15230	1035
AT1G71100	631
AT1G52670	988
AT1G67280	4424
AT1G32225	0
AT1G47890	16
AT1G06090	130
AT1G54760	1
AT1G30475	179
AT1G52770	55
AT1G68937	0
AT1G26420	69
AT1G07476	0
AT1G67830	290
AT1G67660	895
AT1G74045	1
AT1G20065	39
AT1G28350	1286
AT1G51700	471
AT1G55590	352
AT1G65570	9
AT1G11790	579
AT1G06470	1003
AT1G78270	1
AT1G71810	632
AT1G29670	1911
AT1G47200	796
AT1G18960	2
AT1G14770	285
AT1G32100	518
AT1G35860	0
AT1G44010	2
AT1G52540	178
AT1G48725	119
AT1G68640	37
AT1G54000	246
AT1G12750	258
AT1G13650	417
AT1G13450	527
AT1G43825	0
AT1G61740	1296
AT1G77880	92
AT1G30925	0
AT1G30100	5
AT1G32750	1542
AT1G74690	1055
AT1G80630	144
AT1G23380	171
AT1G12400	113
AT1G02813	7
AT1G25380	739
AT1G53560	247
AT1G20770	567
AT1G13580	132
AT1G55320	373
AT1G60530	0
AT1G05280	71
AT1G48760	607
AT1G07460	0
AT1G79790	369
AT1G20750	7
AT1G73380	262
AT1G08070	107
AT1G14430	106
AT1G12490	1
AT1G73066	71
AT1G76080	13332
AT1G65450	7
AT1G60740	63
AT1G64460	484
AT1G16905	12
AT1G10070	43
AT1G21750	5960
AT1G65930	7937
AT1G35530	94
AT1G28290	28746
AT1G52603	0
AT1G68610	1
AT1G04870	768
AT1G36078	0
AT1G51740	209
AT1G54230	0
AT1G44750	837
AT1G50710	449
AT1G09720	3
AT1G68875	0
AT1G65860	550
AT1G31530	0
AT1G62130	411
AT1G80650	312
AT1G10990	57
AT1G75785	0
AT1G22770	3423
AT1G25250	66
AT1G28500	0
AT1G09490	639
AT1G25470	350
AT1G58025	749
AT1G70490	2505
AT1G54580	2086
AT1G64480	5
AT1G34030	3268
AT1G12990	407
AT1G30540	276
AT1G37010	0
AT1G26370	746
AT1G17130	946
AT1G16920	598
AT1G01010	228
AT1G67400	140
AT1G79510	0
AT1G08220	341
AT1G16060	40
AT1G12650	400
AT1G27990	0
AT1G20790	1
AT1G60440	388
AT1G59690	0
AT1G37020	0
AT1G59580	447
AT1G27570	0
AT1G11470	0
AT1G79690	1716
AT1G34355	291
AT1G72755	0
AT1G25375	246
AT1G79640	356
AT1G74520	653
AT1G27565	0
AT1G24470	5
AT1G19180	560
AT1G54990	941
AT1G14110	0
AT1G44895	5
AT1G78550	265
AT1G09195	90
AT1G58250	1935
AT1G52750	71
AT1G50560	110
AT1G19800	758
AT1G24150	245
AT1G79630	588
AT1G66870	0
AT1G79103	19
AT1G60987	0
AT1G71340	720
AT1G72640	1097
AT1G57580	0
AT1G27480	1195
AT1G73080	770
AT1G27640	7
AT1G68410	739
AT1G14180	193
AT1G04020	396
AT1G70310	3990
AT1G11600	154
AT1G43680	0
AT1G71080	791
AT1G14660	214
AT1G27530	2680
AT1G23465	23
AT1G70690	84
AT1G29520	212
AT1G22920	731
AT1G66290	0
AT1G26210	0
AT1G64010	2
AT1G73450	174
AT1G05000	476
AT1G70030	0
AT1G64490	333
AT1G60770	1198
AT1G54390	416
AT1G55300	183
AT1G26120	617
AT1G28140	801
AT1G09665	0
AT1G72070	7
AT1G21450	667
AT1G32280	0
AT1G68670	911
AT1G80710	110
AT1G15190	88
AT1G19130	453
AT1G21475	0
AT1G55360	2642
AT1G32130	1875
AT1G35353	0
AT1G49030	6
AT1G47700	0
AT1G64430	1717
AT1G48010	0
AT1G76070	85
AT1G30470	1120
AT1G54640	0
AT1G69060	243
AT1G13170	553
AT1G61140	836
AT1G69630	22
AT1G48580	133
AT1G58430	3
AT1G60630	263
AT1G71380	172
AT1G48470	4
AT1G12820	537
AT1G60980	1
AT1G27140	24
AT1G51200	6933
AT1G54200	270
AT1G67190	207
AT1G50170	557
AT1G61720	8
AT1G07230	780
AT1G05160	214
AT1G11670	310
AT1G67990	1
AT1G78010	881
AT1G15830	620
AT1G50060	67
AT1G52890	32
AT1G04445	0
AT1G32140	0
AT1G17050	502
AT1G73430	1184
AT1G28320	1198
AT1G10700	377
AT1G80440	957
AT1G21140	32
AT1G33060	424
AT1G21928	0
AT1G64070	1
AT1G51980	6125
AT1G74450	315
AT1G05300	455
AT1G59030	0
AT1G27890	13
AT1G03960	520
AT1G02470	31
AT1G28170	6
AT1G01750	42
AT1G74930	79
AT1G31840	77
AT1G61610	15
AT1G23340	123
AT1G30920	6
AT1G21890	6
AT1G26761	674
AT1G06650	729
AT1G43790	416
AT1G54840	26
AT1G22930	2530
AT1G33945	0
AT1G32575	5
AT1G63150	184
AT1G77310	235
AT1G61110	0
AT1G75330	6413
AT1G66580	3971
AT1G43090	0
AT1G20520	0
AT1G74050	3576
AT1G72770	818
AT1G74970	3725
AT1G22110	16
AT1G54470	3
AT1G32760	125
AT1G19080	209
AT1G14360	1954
AT1G15730	809
AT1G63670	399
AT1G59860	494
AT1G26730	169
AT1G09130	2508
AT1G59510	83
AT1G33170	1280
AT1G61890	519
AT1G52490	0
AT1G64990	1280
AT1G27050	322
AT1G25425	60
AT1G11350	349
AT1G55290	8
AT1G74090	1435
AT1G51823	0
AT1G76560	186
AT1G09812	28
AT1G09060	1292
AT1G67150	13
AT1G78955	38
AT1G61850	1342
AT1G20735	0
AT1G22690	523
AT1G78172	17
AT1G69600	65
AT1G54040	335
AT1G62540	553
AT1G53800	844
AT1G27900	965
AT1G08640	1850
AT1G23360	288
AT1G49940	113
AT1G13420	41
AT1G75620	39
AT1G09650	23
AT1G06120	10
AT1G60070	1293
AT1G10830	636
AT1G10340	60
AT1G64520	2822
AT1G54380	922
AT1G63570	12
AT1G56450	1561
AT1G59470	0
AT1G12160	160
AT1G49800	0
AT1G75080	474
AT1G79730	1750
AT1G53542	4
AT1G35440	0
AT1G68150	64
AT1G67760	36
AT1G63070	1
AT1G23670	0
AT1G03560	287
AT1G10470	842
AT1G68862	72
AT1G03060	1192
AT1G73020	339
AT1G65120	118
AT1G12845	269
AT1G32870	688
AT1G62950	167
AT1G18000	1
AT1G14290	201
AT1G65870	29
AT1G15370	776
AT1G65352	0
AT1G43005	0
AT1G56280	5702
AT1G48195	3
AT1G71040	2587
AT1G11890	531
AT1G65810	3
AT1G55970	414
AT1G72090	2203
AT1G31095	1
AT1G60110	287
AT1G63020	229
AT1G22450	1604
AT1G14740	1890
AT1G48930	364
AT1G69540	20
AT1G03870	2460
AT1G13520	27
AT1G55205	73
AT1G05530	3
AT1G16870	1657
AT1G78320	81
AT1G51130	192
AT1G33040	1577
AT1G08135	0
AT1G29010	0
AT1G23201	0
AT1G09030	0
AT1G20560	1159
AT1G12840	3539
AT1G42700	0
AT1G07080	1690
AT1G14570	1443
AT1G21310	20669
AT1G20730	4
AT1G18630	427
AT1G09300	289
AT1G35710	672
AT1G24100	2446
AT1G47790	0
AT1G80850	126
AT1G34910	0
AT1G50380	1334
AT1G28460	0
AT1G49500	362
AT1G73860	45
AT1G51810	0
AT1G25988	0
AT1G32370	281
AT1G10670	4720
AT1G20650	404
AT1G54410	16797
AT1G30020	0
AT1G57780	0
AT1G09290	143
AT1G10010	0
AT1G32375	15
AT1G62690	27
AT1G22100	0
AT1G72890	150
AT1G50510	347
AT1G09460	171
AT1G77130	1885
AT1G51172	0
AT1G13030	443
AT1G17744	6
AT1G31470	124
AT1G36085	0
AT1G77150	7
AT1G51230	0
AT1G02000	322
AT1G42550	2854
AT1G75810	198
AT1G27180	269
AT1G74340	387
AT1G47056	247
AT1G70460	160
AT1G25055	0
AT1G69295	1033
AT1G45215	0
AT1G51745	487
AT1G06330	3
AT1G65980	15397
AT1G62978	0
AT1G21730	623
AT1G35617	0
AT1G80790	2413
AT1G47317	0
AT1G75730	462
AT1G06740	183
AT1G17790	254
AT1G04930	145
AT1G04455	4
AT1G09140	8227
AT1G13609	246
AT1G22630	853
AT1G50410	781
AT1G47980	3
AT1G48800	4
AT1G32050	2859
AT1G09740	1442
AT1G13700	144
AT1G57700	208
AT1G50990	1
AT1G03905	143
AT1G22150	64
AT1G03660	19
AT1G55910	517
AT1G07500	0
AT1G19870	1709
AT1G70260	80
AT1G61563	3
AT1G23145	0
AT1G54280	19
AT1G63860	597
AT1G10250	0
AT1G64180	158
AT1G51850	369
AT1G45191	238
AT1G51710	1921
AT1G72720	26
AT1G18810	20
AT1G09930	8
AT1G10585	15
AT1G26940	201
AT1G54560	72
AT1G18800	1659
AT1G01510	1075
AT1G20320	1
AT1G09815	836
AT1G66880	385
AT1G51790	271
AT1G80600	4983
AT1G05260	1000
AT1G01500	344
AT1G01150	0
AT1G63310	395
AT1G48220	6
AT1G18010	0
AT1G10770	56
AT1G03890	0
AT1G54920	1230
AT1G50640	1013
AT1G32950	41
AT1G27940	56
AT1G27090	3840
AT1G71110	990
AT1G19630	129
AT1G69980	269
AT1G18150	905
AT1G26570	172
AT1G69420	1048
AT1G64350	554
AT1G65681	0
AT1G73980	855
AT1G48920	13607
AT1G04120	4063
AT1G74620	0
AT1G29450	30
AT1G55460	1176
AT1G32250	0
AT1G03090	692
AT1G62515	0
AT1G20580	1562
AT1G28660	564
AT1G76970	230
AT1G12910	515
AT1G64455	0
AT1G42980	14
AT1G43605	24
AT1G07270	61
AT1G30550	7
AT1G62670	149
AT1G09440	137
AT1G63030	1
AT1G16590	108
AT1G66440	18
AT1G69818	0
AT1G60230	380
AT1G66320	22
AT1G12700	127
AT1G74600	129
AT1G22970	427
AT1G69580	269
AT1G25290	387
AT1G36730	8408
AT1G73460	974
AT1G72550	1517
AT1G01770	2296
AT1G55090	1516
AT1G78080	5732
AT1G02475	1063
AT1G55070	0
AT1G32470	4893
AT1G71440	352
AT1G08480	2211
AT1G74510	903
AT1G43000	15
AT1G21560	432
AT1G20696	1494
AT1G03395	0
AT1G18030	323
AT1G04500	20
AT1G21130	867
AT1G60850	1040
AT1G25500	155
AT1G75000	92
AT1G64980	535
AT1G77670	1309
AT1G74590	184
AT1G13350	485
AT1G76050	542
AT1G77210	109
AT1G26800	64
AT1G29750	470
AT1G28550	4
AT1G54770	557
AT1G74860	215
AT1G07200	623
AT1G56720	153
AT1G66430	1064
AT1G53820	0
AT1G51900	0
AT1G59520	451
AT1G20350	441
AT1G32020	0
AT1G19740	756
AT1G20710	0
AT1G13245	540
AT1G04180	59
AT1G52695	0
AT1G60790	284
AT1G64400	583
AT1G14950	0
AT1G55660	3
AT1G12760	1181
AT1G56570	239
AT1G35035	0
AT1G23740	5418
AT1G52000	572
AT1G31310	44
AT1G69960	638
AT1G14470	178
AT1G61450	129
AT1G69200	2290
AT1G49990	38
AT1G05291	0
AT1G63855	129
AT1G67900	614
AT1G29630	166
AT1G48200	397
AT1G18310	3
AT1G21760	455
AT1G11450	96
AT1G29005	0
AT1G24010	3
AT1G04710	959
AT1G22850	3099
AT1G62420	15
AT1G51080	406
AT1G13825	0
AT1G01090	2609
AT1G72170	738
AT1G29440	34
AT1G05750	334
AT1G19396	108
AT1G49770	0
AT1G51300	0
AT1G06700	2153
AT1G04730	251
AT1G33080	175
AT1G64290	2
AT1G56300	4388
AT1G73470	280
AT1G45170	389
AT1G62810	648
AT1G59820	815
AT1G68280	2
AT1G05580	4
AT1G15215	320
AT1G24300	1157
AT1G33480	108
AT1G72510	819
AT1G70590	435
AT1G24145	5
AT1G04790	541
AT1G64130	0
AT1G17370	3015
AT1G23230	1028
AT1G71900	335
AT1G11380	235
AT1G23270	1
AT1G71750	123
AT1G24450	332
AT1G63220	112
AT1G73690	365
AT1G76720	276
AT1G48540	944
AT1G55945	0
AT1G01240	165
AT1G58520	501
AT1G30210	548
AT1G70270	9
AT1G22050	105
AT1G67530	325
AT1G15640	17
AT1G75780	301
AT1G76470	17
AT1G56040	0
AT1G55805	941
AT1G48260	118
AT1G70985	93
AT1G17930	267
AT1G68825	18
AT1G11100	215
AT1G35400	0
AT1G49100	0
AT1G78380	14985
AT1G06220	2780
AT1G43040	1
AT1G02650	31
AT1G32928	103
AT1G70740	275
AT1G68400	239
AT1G73400	169
AT1G60995	412
AT1G08985	0
AT1G55800	9
AT1G27700	176
AT1G35340	640
AT1G71420	75
AT1G30660	63
AT1G07470	302
AT1G60410	0
AT1G35470	396
AT1G63530	421
AT1G77650	0
AT1G68905	0
AT1G58360	1685
AT1G25180	0
AT1G19620	0
AT1G34630	193
AT1G21326	28
AT1G33607	0
AT1G68230	155
AT1G72880	724
AT1G63550	4
AT1G06800	111
AT1G68320	4
AT1G20800	0
AT1G65760	0
AT1G20300	325
AT1G06060	309
AT1G68340	173
AT1G03170	56
AT1G09220	57
AT1G30320	397
AT1G02790	26
AT1G32860	857
AT1G47389	0
AT1G63850	737
AT1G52070	736
AT1G33280	17
AT1G59810	3
AT1G59550	0
AT1G32650	0
AT1G11125	66
AT1G05320	475
AT1G61795	87
AT1G22065	97
AT1G68750	3
AT1G22040	628
AT1G48840	493
AT1G13460	343
AT1G14900	1036
AT1G80180	867
AT1G16270	1140
AT1G10580	1173
AT1G36240	1
AT1G54510	470
AT1G57600	251
AT1G09155	38
AT1G20860	0
AT1G02965	4
AT1G33350	170
AT1G28160	0
AT1G15165	159
AT1G16040	399
AT1G53250	446
AT1G78210	268
AT1G11260	455
AT1G29820	284
AT1G72060	4
AT1G60940	4023
AT1G71770	16
AT1G08660	951
AT1G40086	0
AT1G04340	384
AT1G47260	3303
AT1G48325	5
AT1G26310	0
AT1G48460	569
AT1G59453	0
AT1G76200	3637
AT1G17600	40
AT1G47740	737
AT1G75930	0
AT1G56580	0
AT1G17890	720
AT1G49230	96
AT1G69935	525
AT1G54550	0
AT1G02150	3237
AT1G56350	239
AT1G28650	1
AT1G18760	0
AT1G78470	0
AT1G04070	242
AT1G31255	0
AT1G58215	30
AT1G71460	452
AT1G78130	5
AT1G74810	74
AT1G24267	1667
AT1G01920	840
AT1G25141	0
AT1G20590	0
AT1G32910	8
AT1G56180	369
AT1G58450	0
AT1G60220	892
AT1G78460	548
AT1G21670	800
AT1G72490	36
AT1G55690	668
AT1G53000	651
AT1G65880	5
AT1G29020	77
AT1G80400	429
AT1G29590	59
AT1G33860	4
AT1G50440	266
AT1G49540	673
AT1G18670	705
AT1G12920	4383
AT1G06920	0
AT1G14210	941
AT1G32550	529
AT1G32790	1629
AT1G46336	0
AT1G78840	21
AT1G36990	478
AT1G03930	607
AT1G20875	0
AT1G23915	4
AT1G24764	848
AT1G32260	722
AT1G52130	5
AT1G34210	1109
AT1G53770	317
AT1G29040	252
AT1G15390	1518
AT1G73340	44
AT1G64580	184
AT1G79050	641
AT1G35290	67
AT1G23050	0
AT1G29080	0
AT1G48990	0
AT1G63295	52
AT1G29535	24
AT1G64960	290
AT1G73000	3
AT1G36622	16
AT1G41820	0
AT1G50840	1491
AT1G49860	128
AT1G58420	36
AT1G49005	2
AT1G13880	560
AT1G59835	0
AT1G50350	5
AT1G11210	465
AT1G10020	312
AT1G15890	51
AT1G31640	0
AT1G69520	111
AT1G08310	155
AT1G29270	18
AT1G26140	1
AT1G11110	0
AT1G20780	492
AT1G08190	2554
AT1G04390	387
AT1G04800	201
AT1G51490	2
AT1G58037	9
AT1G32400	2556
AT1G02090	1866
AT1G79600	3490
AT1G10650	712
AT1G76994	21
AT1G52495	0
AT1G68960	2
AT1G52510	288
AT1G22360	984
AT1G27270	0
AT1G66680	619
AT1G18520	1
AT1G11230	2
AT1G67640	5
AT1G52580	0
AT1G44080	0
AT1G61575	4
AT1G20600	4
AT1G14755	0
AT1G55420	77
AT1G73590	730
AT1G21470	14
AT1G13870	236
AT1G50500	1247
AT1G61105	0
AT1G43020	28
AT1G72160	1746
AT1G23660	0
AT1G32360	653
AT1G67000	5
AT1G06350	102
AT1G66220	0
AT1G14680	90
AT1G18730	547
AT1G26390	4
AT1G28695	0
AT1G66420	3
AT1G10900	1183
AT1G51820	192
AT1G68390	19
AT1G78370	4545
AT1G14140	338
AT1G60430	127
AT1G02300	1882
AT1G28130	791
AT1G62280	14
AT1G62840	0
AT1G15970	307
AT1G27460	516
AT1G73870	566
AT1G13560	1249
AT1G31335	205
AT1G35490	3
AT1G51220	1
AT1G49260	0
AT1G12010	115
AT1G19640	30
AT1G30090	872
AT1G27190	980
AT1G48830	4076
AT1G04430	2514
AT1G24420	5
AT1G18290	17
AT1G07940	6347
AT1G15660	413
AT1G17560	273
AT1G15980	1445
AT1G68520	4047
AT1G27595	1119
AT1G66390	15
AT1G19890	0
AT1G26110	3746
AT1G48145	0
AT1G54575	730
AT1G20330	1177
AT1G17400	9
AT1G11362	1
AT1G51540	347
AT1G28690	56
AT1G48430	1271
AT1G63870	8
AT1G11860	14554
AT1G66250	279
AT1G55673	0
AT1G73030	566
AT1G04920	114
AT1G55520	494
AT1G18470	1184
AT1G13540	8
AT1G73965	9
AT1G80820	82
AT1G48530	12
AT1G35540	3
AT1G36675	219
AT1G73875	367
AT1G17650	609
AT1G55050	58
AT1G79130	0
AT1G58340	241
AT1G70840	1
AT1G14820	532
AT1G34160	368
AT1G79960	0
AT1G07610	2712
AT1G77110	122
AT1G48960	119
AT1G45332	1078
AT1G19920	1767
AT1G20920	4287
AT1G59723	0
AT1G69800	348
AT1G49680	0
AT1G53120	308
AT1G56418	2
AT1G06190	3786
AT1G10570	369
AT1G42710	0
AT1G74110	0
AT1G34010	167
AT1G13600	83
AT1G80150	448
AT1G67480	1788
AT1G52730	843
AT1G03680	2571
AT1G72580	0
AT1G74080	20
AT1G32200	868
AT1G20960	7263
AT1G12960	0
AT1G65360	0
AT1G13220	876
AT1G71030	203
AT1G65110	21
AT1G77060	509
AT1G21910	432
AT1G33090	1
AT1G75190	186
AT1G12940	3
AT1G03990	136
AT1G23440	541
AT1G15885	102
AT1G06560	1216
AT1G28540	177
AT1G70880	2
AT1G01660	57
AT1G12180	4
AT1G18780	0
AT1G15330	1
AT1G10520	117
AT1G30510	1170
AT1G80990	1
AT1G11770	0
AT1G10220	10
AT1G70060	724
AT1G76955	121
AT1G22120	0
AT1G17590	152
AT1G58235	174
AT1G51090	98
AT1G70530	478
AT1G70560	499
AT1G32170	378
AT1G25530	295
AT1G19550	0
AT1G61420	84
AT1G62490	16
AT1G80210	352
AT1G16960	82
AT1G19120	225
AT1G24625	343
AT1G07070	502
AT1G13200	4
AT1G74410	248
AT1G27720	81
AT1G02620	31
AT1G58070	181
AT1G64000	3
AT1G68060	1167
AT1G33930	78
AT1G30230	13319
AT1G11593	0
AT1G68370	683
AT1G33340	72
AT1G74120	115
AT1G16820	46
AT1G24210	49
AT1G67360	1002
AT1G27690	348
AT1G35625	3
AT1G60989	273
AT1G02920	990
AT1G80510	252
AT1G47220	1
AT1G27070	437
AT1G25420	405
AT1G50460	750
AT1G42615	0
AT1G49480	574
AT1G61560	130
AT1G14240	49
AT1G11250	0
AT1G49180	211
AT1G07380	703
AT1G35910	21
AT1G76180	3922
AT1G76800	77
AT1G32440	1270
AT1G57570	13
AT1G28570	557
AT1G08710	407
AT1G06020	11
AT1G01040	1491
AT1G75590	40
AT1G12410	3741
AT1G19690	238
AT1G48770	111
AT1G78995	203
AT1G68940	0
AT1G77122	362
AT1G56120	156
AT1G76960	1028
AT1G79880	327
AT1G69640	586
AT1G53708	0
AT1G26810	136
AT1G02120	1415
AT1G07620	78
AT1G17430	97
AT1G78240	1443
AT1G10140	204
AT1G43800	1168
AT1G60950	12823
AT1G11750	1992
AT1G05920	1
AT1G56423	282
AT1G53160	75
AT1G64530	404
AT1G69890	91
AT1G16880	3573
AT1G29510	59
AT1G50010	5935
AT1G13485	0
AT1G16945	0
AT1G20150	8
AT1G53850	1082
AT1G53070	618
AT1G54110	148
AT1G11920	7
AT1G54850	214
AT1G10660	1427
AT1G29060	126
AT1G68890	1542
AT1G26270	1059
AT1G14205	134
AT1G73240	892
AT1G72220	21
AT1G47270	221
AT1G49140	2869
AT1G17490	635
AT1G51370	97
AT1G73390	372
AT1G73180	968
AT1G73760	453
AT1G64710	1082
AT1G28330	581
AT1G11240	1583
AT1G22840	4210
AT1G32000	0
AT1G51140	534
AT1G64020	2
AT1G27710	0
AT1G43010	3
AT1G24350	490
AT1G65900	420
AT1G54780	4128
AT1G18890	395
AT1G20816	245
AT1G18640	692
AT1G65200	2
AT1G43710	2027
AT1G05577	5
AT1G55080	314
AT1G30930	0
AT1G66270	360
AT1G30410	676
AT1G60620	371
AT1G14120	60
AT1G62400	30
AT1G50040	72
AT1G26870	5
AT1G50290	76
AT1G20080	14
AT1G12640	665
AT1G13610	36
AT1G18350	6
AT1G08500	78
AT1G31830	496
AT1G70949	0
AT1G16020	376
AT1G17730	262
AT1G62010	141
AT1G80910	355
AT1G53140	343
AT1G52240	25
AT1G58110	448
AT1G73060	1862
AT1G55850	991
AT1G74940	698
AT1G50250	2850
AT1G66890	178
AT1G18265	59
AT1G65410	599
AT1G34560	1
AT1G13360	1443
AT1G33110	1391
AT1G27410	379
AT1G68420	0
AT1G08000	183
AT1G29280	445
AT1G52290	94
AT1G04635	121
AT1G60913	2
AT1G07600	0
AT1G65430	896
AT1G76010	8549
AT1G47550	1168
AT1G14230	299
AT1G19880	1203
AT1G21930	204
AT1G77550	1126
AT1G78860	60
AT1G65020	412
AT1G62340	1
AT1G21010	328
AT1G62220	0
AT1G60830	1
AT1G69440	368
AT1G24147	6
AT1G45616	1557
AT1G24881	0
AT1G11960	358
AT1G64760	659
AT1G12280	506
AT1G35890	0
AT1G02740	213
AT1G34200	265
AT1G14200	69
AT1G75850	1084
AT1G59890	1125
AT1G47603	0
AT1G06645	219
AT1G62110	126
AT1G64600	832
AT1G54130	877
AT1G13400	17
AT1G04360	47
AT1G05960	1669
AT1G52190	496
AT1G53887	112
AT1G30040	231
AT1G28360	38
AT1G43970	0
AT1G05620	479
AT1G73310	215
AT1G13100	211
AT1G09910	212
AT1G03310	3286
AT1G17235	30
AT1G71210	466
AT1G32585	0
AT1G57943	0
AT1G79170	16
AT1G29355	0
AT1G71450	1
AT1G17690	1117
AT1G64890	282
AT1G21550	176
AT1G15550	729
AT1G19680	424
AT1G27370	238
AT1G51730	1187
AT1G60800	1758
AT1G49410	1273
AT1G79490	703
AT1G49870	153
AT1G63200	0
AT1G73790	1
AT1G06045	0
AT1G03070	130
AT1G61860	48
AT1G74430	52
AT1G26640	367
AT1G17950	31
AT1G29110	23
AT1G11310	1399
AT1G71410	1006
AT1G74900	25
AT1G73580	12
AT1G53815	0
AT1G53640	0
AT1G69120	0
AT1G23760	13
AT1G02910	786
AT1G64910	3
AT1G64185	91
AT1G34046	0
AT1G23290	0
AT1G20110	1922
AT1G20190	183
AT1G63100	188
AT1G68160	243
AT1G18650	490
AT1G69220	839
AT1G02970	167
AT1G70800	118
AT1G01370	126
AT1G28700	1
AT1G71780	505
AT1G17830	530
AT1G59900	3681
AT1G77990	351
AT1G27695	84
AT1G06760	829
AT1G01130	34
AT1G59312	0
AT1G19390	2
AT1G06720	2419
AT1G50980	0
AT1G05136	13
AT1G22490	69
AT1G71400	374
AT1G49780	316
AT1G71310	354
AT1G63650	111
AT1G61330	0
AT1G18580	457
AT1G67620	153
AT1G32580	2072
AT1G33680	1931
AT1G68560	14831
AT1G50690	2
AT1G65330	1
AT1G59990	1193
AT1G11780	333
AT1G33700	181
AT1G28110	362
AT1G58390	1
AT1G12620	228
AT1G21940	982
AT1G24545	0
AT1G74700	125
AT1G20340	43383
AT1G09530	896
AT1G04890	1
AT1G66230	157
AT1G23610	2
AT1G51040	0
AT1G26840	121
AT1G23480	187
AT1G74750	401
AT1G67290	6
AT1G44990	1
AT1G34820	0
AT1G72340	711
AT1G20220	2593
AT1G78480	8
AT1G34540	2
AT1G75060	134
AT1G77540	916
AT1G70250	451
AT1G05140	775
AT1G11440	253
AT1G55060	0
AT1G18530	0
AT1G70900	1030
AT1G48100	32
AT1G02770	92
AT1G27000	2204
AT1G68730	433
AT1G36020	2
AT1G33290	1748
AT1G24190	1189
AT1G51020	4
AT1G29790	611
AT1G12540	0
AT1G62290	1771
AT1G75450	29
AT1G07910	1065
AT1G19570	8443
AT1G48180	2
AT1G75860	1555
AT1G54310	868
AT1G52870	6036
AT1G54630	1449
AT1G61750	0
AT1G76870	171
AT1G09850	1262
AT1G06010	267
AT1G29480	0
AT1G11591	0
AT1G76185	85
AT1G79940	2028
AT1G08900	175
AT1G64260	71
AT1G22740	86
AT1G08720	591
AT1G06990	0
AT1G25240	7
AT1G56650	531
AT1G69100	1
AT1G48380	241
AT1G73325	156
AT1G59124	0
AT1G78510	970
AT1G76250	58
AT1G23750	404
AT1G15420	989
AT1G18975	0
AT1G76120	353
AT1G78920	3714
AT1G26660	267
AT1G20140	456
AT1G15270	3343
AT1G28580	2669
AT1G34190	1150
AT1G14370	409
AT1G24800	0
AT1G50000	241
AT1G69230	103
AT1G30610	929
AT1G34817	0
AT1G14390	23
AT1G17110	1230
AT1G49000	17
AT1G60460	86
AT1G80010	656
AT1G18220	0
AT1G30270	1617
AT1G70320	6073
AT1G61670	658
AT1G67940	229
AT1G41880	3825
AT1G77740	1262
AT1G62000	2
AT1G08760	681
AT1G59724	0
AT1G35420	1324
AT1G35750	0
AT1G06100	5
AT1G31240	59
AT1G19330	121
AT1G07000	244
AT1G60140	585
AT1G78620	826
AT1G24600	87
AT1G14260	26
AT1G01190	60
AT1G59920	19
AT1G07705	810
AT1G08520	3695
AT1G30810	380
AT1G06390	831
AT1G70580	775
AT1G25550	1356
AT1G51530	11
AT1G55390	31
AT1G47420	4675
AT1G34403	0
AT1G22000	3
AT1G53875	0
AT1G09510	0
AT1G46840	1
AT1G77780	0
AT1G02490	1
AT1G22020	617
AT1G66650	23
AT1G73260	1975
AT1G77250	236
AT1G16780	933
AT1G62430	771
AT1G48640	5
AT1G23810	0
AT1G21110	90
AT1G56600	52
AT1G02440	4
AT1G66145	0
AT1G17410	151
AT1G31750	22
AT1G12440	836
AT1G77290	144
AT1G34140	0
AT1G57630	3
AT1G01520	79
AT1G53500	388
AT1G16240	746
AT1G78600	1141
AT1G80170	179
AT1G30974	0
AT1G22200	891
AT1G08270	52
AT1G29580	0
AT1G55535	287
AT1G31460	71
AT1G53840	893
AT1G64200	1225
AT1G58470	179
AT1G71260	2267
AT1G21970	0
AT1G63000	1171
AT1G77480	753
AT1G71910	41
AT1G67250	952
AT1G16900	678
AT1G28040	0
AT1G16720	1337
AT1G14170	154
AT1G68090	3
AT1G16440	16
AT1G64700	90
AT1G10910	861
AT1G69210	221
AT1G14010	990
AT1G65165	0
AT1G08050	201
AT1G09080	14
AT1G22240	2
AT1G53830	134
AT1G03900	1906
AT1G33910	0
AT1G53240	9716
AT1G23690	3
AT1G67460	33
AT1G26300	270
AT1G09760	1045
AT1G47300	0
AT1G08470	269
AT1G63810	1407
AT1G46408	0
AT1G21880	552
AT1G67910	54
AT1G61370	136
AT1G52980	2909
AT1G66660	299
AT1G66130	563
AT1G35550	0
AT1G77570	117
AT1G62300	389
AT1G18130	11
AT1G14810	2034
AT1G62480	1348
AT1G48405	9
AT1G67855	1
AT1G50190	0
AT1G54330	7
AT1G03130	12842
AT1G70070	1534
AT1G21680	3525
AT1G68870	39
AT1G49760	4527
AT1G66380	3
AT1G73650	397
AT1G01700	24
AT1G22090	2
AT1G60300	0
AT1G13740	186
AT1G07920	7313
AT1G73320	201
AT1G55175	24
AT1G52230	7157
AT1G67390	2
AT1G49580	711
AT1G61090	0
AT1G63590	0
AT1G54530	21
AT1G23037	0
AT1G11320	162
AT1G11540	181
AT1G54150	463
AT1G27120	163
AT1G54440	597
AT1G61130	3
AT1G23220	331
AT1G16390	152
AT1G49620	136
AT1G34290	0
AT1G20850	3442
AT1G12120	1316
AT1G50325	0
AT1G80525	0
AT1G22440	155
AT1G48660	54
AT1G71360	408
AT1G01530	7
AT1G76340	250
AT1G26100	136
AT1G19700	467
AT1G05770	26
AT1G07490	0
AT1G06030	57
AT1G55260	895
AT1G05030	289
AT1G68680	332
AT1G80120	132
AT1G02400	62
AT1G24000	8
AT1G67540	4
AT1G29920	76210
AT1G32900	2188
AT1G34400	0
AT1G10690	89
AT1G15015	0
AT1G47410	146
AT1G25145	0
AT1G08350	541
AT1G26240	11
AT1G11070	50
AT1G34805	0
AT1G27045	15
AT1G74310	1554
AT1G11905	187
AT1G68350	4
AT1G61215	72
AT1G51970	0
AT1G61097	0
AT1G05660	11
AT1G19397	105
AT1G14185	7
AT1G54540	52
AT1G18980	117
AT1G11608	2
AT1G77790	6
AT1G63900	696
AT1G10240	534
AT1G63535	0
AT1G78160	0
AT1G22790	362
AT1G24590	1
AT1G55940	6
AT1G76480	7
AT1G15910	1023
AT1G19110	772
AT1G76920	674
AT1G36005	0
AT1G31510	0
AT1G72260	1
AT1G01120	487
AT1G49840	453
AT1G23590	2
AT1G20450	2882
AT1G04220	136
AT1G17200	695
AT1G18485	390
AT1G34370	1655
AT1G19360	426
AT1G55546	0
AT1G31812	6042
AT1G15700	0
AT1G76990	1679
AT1G23400	2956
AT1G09370	0
AT1G32210	1197
AT1G50745	24
AT1G61990	412
AT1G59406	0
AT1G49640	21
AT1G62935	6
AT1G07747	0
AT1G68080	146
AT1G49970	3876
AT1G72930	364
AT1G70170	16
AT1G30600	374
AT1G54500	1765
AT1G34550	821
AT1G58410	86
AT1G22600	11
AT1G21280	0
AT1G69390	563
AT1G52810	1
AT1G70290	1097
AT1G35895	0
AT1G48780	64
AT1G14640	561
AT1G63480	396
AT1G70944	0
AT1G72230	332
AT1G34825	0
AT1G21340	9
AT1G56420	144
AT1G10630	1719
AT1G03950	136
AT1G60970	91
AT1G34930	0
AT1G06140	96
AT1G13250	243
AT1G63540	0
AT1G28000	0
AT1G23410	0
AT1G35660	753
AT1G22590	43
AT1G60380	0
AT1G76360	387
AT1G15940	1473
AT1G22870	391
AT1G16640	40
AT1G47570	419
AT1G70110	0
AT1G65440	4159
AT1G10330	60
AT1G57775	0
AT1G72970	1330
AT1G11850	222
AT1G11720	461
AT1G49390	12
AT1G04895	0
AT1G14453	0
AT1G05783	27
AT1G52640	65
AT1G51630	978
AT1G51070	1544
AT1G32490	1708
AT1G02690	897
AT1G22470	42
AT1G52520	299
AT1G66340	846
AT1G06530	0
AT1G14860	121
AT1G78810	154
AT1G21320	48
AT1G27250	0
AT1G51120	1
AT1G77360	131
AT1G54120	57
AT1G08910	1463
AT1G49010	411
AT1G71880	2887
AT1G22500	442
AT1G13930	7305
AT1G16540	337
AT1G21323	0
AT1G22160	159
AT1G51950	453
AT1G31440	478
AT1G74850	1394
AT1G44191	0
AT1G23710	257
AT1G53520	571
AT1G32150	330
AT1G12740	99
AT1G12080	295
AT1G14220	2
AT1G47470	0
AT1G06620	98
AT1G12100	18
AT1G69690	498
AT1G67210	306
AT1G74630	101
AT1G16950	0
AT1G65740	0
AT1G09180	31
AT1G70120	0
AT1G30650	243
AT1G73880	389
AT1G76810	7747
AT1G18560	95
AT1G15050	9
AT1G23180	2754
AT1G53910	2707
AT1G12520	880
AT1G68830	1445
AT1G03030	497
AT1G04690	2104
AT1G13710	268
AT1G74910	1689
AT1G61230	11
AT1G62530	8
AT1G63500	753
AT1G49270	1
AT1G60340	0
AT1G52120	18
AT1G64670	478
AT1G51660	372
AT1G08065	0
AT1G57620	281
AT1G62390	6384
AT1G61310	268
AT1G62350	97
AT1G14060	918
AT1G27770	2219
AT1G70820	1470
AT1G72350	1
AT1G79440	2714
AT1G53990	6
AT1G35183	2
AT1G54620	0
AT1G25277	91
AT1G06170	11
AT1G21790	231
AT1G73710	874
AT1G05680	31
AT1G51965	336
AT1G16700	1683
AT1G64970	879
AT1G01960	2790
AT1G73200	852
AT1G29418	380
AT1G09350	21
AT1G75380	3836
AT1G07090	614
AT1G67020	62
AT1G31850	2281
AT1G14600	87
AT1G03220	7892
AT1G08600	1622
AT1G05087	81
AT1G61710	4
AT1G31330	23315
AT1G28600	2114
AT1G23310	23889
AT1G06730	361
AT1G75400	645
AT1G34860	0
AT1G48330	200
AT1G10588	0
AT1G06070	497
AT1G77440	1259
AT1G11765	0
AT1G27860	2
AT1G33070	0
AT1G29170	782
AT1G27630	1550
AT1G33720	79
AT1G61570	1694
AT1G09090	91
AT1G68250	1
AT1G24060	0
AT1G63055	0
AT1G68720	1561
AT1G30580	4981
AT1G04130	504
AT1G45545	76
AT1G79870	1043
AT1G57790	174
AT1G62800	254
AT1G16570	440
AT1G70140	365
AT1G33970	1517
AT1G03687	695
AT1G45221	0
AT1G30755	263
AT1G09020	1063
AT1G74160	673
AT1G23420	1
AT1G70330	333
AT1G49340	2424
AT1G09710	440
AT1G49710	842
AT1G64080	100
AT1G17080	668
AT1G76950	662
AT1G05690	69
AT1G51055	11
AT1G07060	18
AT1G72030	784
AT1G79010	2300
AT1G60640	1366
AT1G61060	0
AT1G28180	0
AT1G02900	240
AT1G03210	224
AT1G70620	2229
AT1G02160	382
AT1G53165	528
AT1G31450	0
AT1G63930	31
AT1G05890	2443
AT1G68590	2553
AT1G62170	2
AT1G06710	461
AT1G02800	105
AT1G27670	25
AT1G14910	988
AT1G12850	604
AT1G75470	0
AT1G79660	308
AT1G14300	1004
AT1G75640	112
AT1G70410	3382
AT1G05065	52
AT1G55130	545
AT1G24580	30
AT1G01400	1
AT1G77093	0
AT1G07550	0
AT1G32610	27
AT1G10417	75
AT1G51880	7
AT1G63010	1370
AT1G77240	0
AT1G31020	158
AT1G24577	14
AT1G78915	607
AT1G44100	585
AT1G75180	457
AT1G27008	2
AT1G43700	845
AT1G09770	4280
AT1G53690	2
AT1G55000	800
AT1G51610	1669
AT1G53655	1
AT1G10060	134
AT1G06660	100
AT1G26762	5
AT1G67420	290
AT1G75530	0
AT1G63380	23
AT1G07902	162
AT1G10865	468
AT1G09800	325
AT1G48750	0
AT1G80760	216
AT1G79590	788
AT1G36000	0
AT1G09820	122
AT1G65960	2404
AT1G04750	1474
AT1G68850	63
AT1G23200	20
AT1G74800	309
AT1G44160	49
AT1G02510	2
AT1G14970	355
AT1G20230	292
AT1G11910	9622
AT1G51460	53
AT1G74200	46
AT1G32850	14
AT1G05700	85
AT1G13270	2292
AT1G79820	1225
AT1G57906	0
AT1G24256	3
AT1G54070	1
AT1G59910	582
AT1G13990	1256
AT1G01210	717
AT1G77770	259
AT1G34015	0
AT1G49360	224
AT1G78490	951
AT1G65346	0
AT1G77530	3
AT1G77450	302
AT1G49900	31
AT1G09160	880
AT1G66850	0
AT1G53885	0
AT1G06590	336
AT1G56045	3537
AT1G70360	159
AT1G67770	7
AT1G53080	12
AT1G07750	949
AT1G18210	524
AT1G71020	595
AT1G60010	468
AT1G21530	0
AT1G74060	5294
AT1G79915	57
AT1G25390	471
AT1G14410	688
AT1G06225	0
AT1G24570	0
AT1G49600	1871
AT1G17760	811
AT1G15430	375
AT1G21380	885
AT1G77000	387
AT1G66940	460
AT1G77220	392
AT1G03475	5490
AT1G71180	518
AT1G70500	86
AT1G11145	0
AT1G17550	774
AT1G44224	0
AT1G02430	4
AT1G74290	13
AT1G03370	571
AT1G52300	7873
AT1G48980	0
AT1G10950	3225
AT1G04090	38
AT1G05360	408
AT1G23790	105
AT1G21722	0
AT1G18590	834
AT1G57820	2062
AT1G08570	745
AT1G72110	0
AT1G02330	745
AT1G06200	2024
AT1G18020	0
AT1G65470	272
AT1G09450	124
AT1G51100	756
AT1G80200	54
AT1G30820	630
AT1G01450	0
AT1G78410	58
AT1G65690	173
AT1G11950	326
AT1G32350	5
AT1G45233	206
AT1G73620	329
AT1G79090	1285
AT1G13150	50
AT1G79540	327
AT1G50180	135
AT1G29350	1284
AT1G66700	9
AT1G06130	1035
AT1G43600	0
AT1G08770	332
AT1G60780	1817
AT1G70680	2
AT1G79040	61096
AT1G16340	561
AT1G36627	0
AT1G08920	685
AT1G35230	27
AT1G13470	24
AT1G27740	29
AT1G32770	0
AT1G04290	90
AT1G05150	867
AT1G65670	16
AT1G53570	724
AT1G60390	363
AT1G58684	0
AT1G06475	0
AT1G17350	271
AT1G50420	631
AT1G05450	7
AT1G60470	25
AT1G45248	93
AT1G79360	97
AT1G76710	482
AT1G11580	2437
AT1G60240	0
AT1G19500	0
AT1G12800	4903
AT1G54690	587
AT1G53470	231
AT1G01390	10
AT1G28270	2
AT1G07360	1115
AT1G60680	485
AT1G13570	454
AT1G43620	682
AT1G79390	1210
AT1G31860	608
AT1G30450	991
AT1G10500	622
AT1G44446	3118
AT1G64625	51
AT1G08790	0
AT1G55775	13
AT1G44941	0
AT1G49730	394
AT1G06930	5
AT1G73885	2728
AT1G51030	6
AT1G08140	2
AT1G50670	685
AT1G72300	420
AT1G70390	6
AT1G80750	1642
AT1G04050	207
AT1G76930	18573
AT1G77320	503
AT1G77145	36
AT1G77910	0
AT1G19160	0
AT1G59950	0
AT1G48740	64
AT1G75700	36
AT1G15740	619
AT1G29720	33
AT1G47780	0
AT1G61320	0
AT1G78740	0
AT1G78530	28
AT1G52150	1280
AT1G62970	375
AT1G49960	20
AT1G68020	361
AT1G56700	1001
AT1G33820	1
AT1G03350	860
AT1G14490	58
AT1G53750	3387
AT1G76390	115
AT1G15150	33
AT1G02680	264
AT1G11940	186
AT1G61840	37
AT1G36230	2
AT1G43667	0
AT1G74675	3
AT1G11680	2525
AT1G66670	2649
AT1G28300	8
AT1G55620	478
AT1G32030	0
AT1G16910	0
AT1G23500	0
AT1G67265	26
AT1G54240	0
AT1G72310	305
AT1G32190	142
AT1G61870	723
AT1G66080	262
AT1G08490	1029
AT1G30960	354
AT1G09430	1387
AT1G69530	1518
AT1G78220	0
AT1G03250	481
AT1G08840	183
AT1G51960	12
AT1G33400	459
AT1G64500	761
AT1G13440	21773
AT1G50360	731
AT1G50660	1272
AT1G52470	1
AT1G20400	11
AT1G22330	112
AT1G49910	206
AT1G76190	17
AT1G29550	234
AT1G15850	0
AT1G03600	4622
AT1G73840	1149
AT1G53280	3154
AT1G13340	125
AT1G54290	246
AT1G08430	268
AT1G26540	230
AT1G43580	1055
AT1G07260	157
AT1G02270	909
AT1G69360	442
AT1G53980	0
AT1G17860	0
AT1G72175	307
AT1G76550	754
AT1G02210	0
AT1G61260	239
AT1G22680	6
AT1G06540	13
AT1G66920	406
AT1G12220	399
AT1G23280	1452
AT1G72520	102
AT1G30890	319
AT1G32880	10
AT1G14480	194
AT1G80240	369
AT1G80165	0
AT1G17190	83
AT1G74840	720
AT1G03760	531
AT1G76290	0
AT1G74670	504
AT1G14280	374
AT1G58370	496
AT1G31555	0
AT1G65170	0
AT1G75840	1200
AT1G49405	57
AT1G13480	8
AT1G29300	186
AT1G23130	6862
AT1G32630	50
AT1G62960	1325
AT1G17180	34
AT1G27385	920
AT1G07885	18
AT1G62915	50
AT1G17345	9
AT1G09260	0
AT1G58080	2152
AT1G51940	539
AT1G09320	466
AT1G54520	2050
AT1G55180	148
AT1G28395	248
AT1G19720	1955
AT1G33240	1148
AT1G26340	493
AT1G18197	19
AT1G09570	3311
AT1G26960	72
AT1G25580	362
AT1G72950	21
AT1G12530	417
AT1G79330	28
AT1G50200	6578
AT1G70720	10
AT1G50280	95
AT1G56030	0
AT1G28310	186
AT1G26250	3
AT1G27280	0
AT1G01453	4
AT1G03110	425
AT1G15060	555
AT1G61200	0
AT1G03200	9
AT1G49660	709
AT1G11090	0
AT1G01110	69
AT1G61800	3745
AT1G51913	1
AT1G65190	546
AT1G36510	0
AT1G14320	12867
AT1G52720	515
AT1G66470	61
AT1G16170	228
AT1G69710	99
AT1G04160	422
AT1G71720	1536
AT1G33980	1054
AT1G32410	410
AT1G22760	10
AT1G52280	212
AT1G29560	47
AT1G55150	991
AT1G63780	850
AT1G08680	1134
AT1G77410	264
AT1G29962	2
AT1G68530	3687
AT1G33880	0
AT1G43190	1513
AT1G06290	1623
AT1G33940	0
AT1G19770	743
AT1G50430	1717
AT1G16500	135
AT1G68910	228
AT1G03590	471
AT1G77340	0
AT1G21695	38
AT1G14620	1352
AT1G14100	3
AT1G22340	12
AT1G70650	224
AT1G77710	2835
AT1G75600	3
AT1G75410	734
AT1G15690	14285
AT1G65484	10
AT1G30900	215
AT1G05730	121
AT1G80950	973
AT1G26830	1714
AT1G27730	234
AT1G04830	382
AT1G21720	1322
AT1G62830	608
AT1G20510	748
AT1G49150	0
AT1G61170	70
AT1G26380	11
AT1G30970	1454
AT1G80090	0
AT1G80580	0
AT1G44800	1439
AT1G23720	4201
AT1G15780	1222
AT1G25510	196
AT1G72730	223
AT1G77840	1469
AT1G80060	337
AT1G70510	53
AT1G08845	176
AT1G31390	0
AT1G72050	1024
AT1G11800	350
AT1G68877	0
AT1G25260	1261
AT1G20100	1325
AT1G24148	217
AT1G77520	21
AT1G51402	0
AT1G80680	1539
AT1G27340	1574
AT1G44900	988
AT1G66830	26
AT1G50580	24
AT1G75390	789
AT1G62510	992
AT1G34812	0
AT1G73830	177
AT1G12672	19
AT1G26255	0
AT1G08160	277
AT1G28530	448
AT1G15750	2679
AT1G54260	361
AT1G76490	7383
AT1G05785	121
AT1G31010	202
AT1G05170	430
AT1G76860	999
AT1G28080	24
AT1G60450	0
AT1G56270	0
AT1G79230	2917
AT1G13310	10
AT1G69020	37
AT1G76728	2
AT1G09245	0
AT1G68935	0
AT1G53380	699
AT1G69370	226
AT1G05205	519
AT1G06670	2195
AT1G52260	222
AT1G10230	431
AT1G68290	8
AT1G47970	939
AT1G68200	37
AT1G53900	0
AT1G09310	15985
AT1G55700	7
AT1G47230	262
AT1G04590	927
AT1G68840	1103
AT1G55490	19669
AT1G12000	3531
AT1G10750	175
AT1G76530	7
AT1G07485	0
AT1G31430	81
AT1G60190	118
AT1G33612	63
AT1G51450	277
AT1G24510	4431
AT1G10717	0
AT1G25112	0
AT1G18600	393
AT1G48490	1104
AT1G19520	1404
AT1G64690	103
AT1G72650	777
AT1G01580	80
AT1G55840	857
AT1G66050	72
AT1G09190	292
AT1G54773	191
AT1G12470	1976
AT1G30515	23
AT1G28375	0
AT1G11545	481
AT1G14345	835
AT1G67370	384
AT1G59780	37
AT1G67550	549
AT1G03920	81
AT1G16250	224
AT1G58090	0
AT1G74150	62
AT1G20380	448
AT1G08180	77
AT1G74400	54
AT1G02080	3051
AT1G17800	0
AT1G06640	2907
AT1G01170	949
AT1G80745	19
AT1G36970	0
AT1G01410	0
AT1G51910	0
AT1G80220	0
AT1G49475	15
AT1G76370	0
AT1G75670	493
AT1G26230	1014
AT1G31600	972
AT1G20900	370
AT1G24822	0
AT1G67960	307
AT1G77380	339
AT1G75710	363
AT1G62620	2
AT1G08315	1
AT1G29740	24
AT1G05790	629
AT1G02350	61
AT1G01310	6
AT1G66090	42
AT1G17745	1069
AT1G49975	377
AT1G13180	265
AT1G14610	3925
AT1G49470	113
AT1G31950	232
AT1G14800	0
AT1G60370	0
AT1G54080	5055
AT1G12930	596
AT1G32810	827
AT1G03510	114
AT1G53163	24
AT1G31350	188
AT1G55030	2
AT1G18410	44
AT1G48410	4676
AT1G53030	283
AT1G58380	2200
AT1G76520	534
AT1G77682	0
AT1G77620	205
AT1G30730	42
AT1G76460	474
AT1G11475	1068
AT1G04010	419
AT1G29570	0
AT1G08890	203
AT1G68238	327
AT1G16680	854
AT1G29860	18
AT1G75290	73
AT1G24050	1200
AT1G32127	111
AT1G50450	1500
AT1G62730	313
AT1G27400	4241
AT1G79430	703
AT1G78690	192
AT1G72120	114
AT1G09560	3398
AT1G54445	0
AT1G49610	12
AT1G49830	7
AT1G10930	638
AT1G27040	2
AT1G15630	1
AT1G04670	1
AT1G24340	860
AT1G08940	226
AT1G79210	726
AT1G10820	629
AT1G24480	1
AT1G78960	341
AT1G62080	1
AT1G51000	1
AT1G24706	1632
AT1G47280	0
AT1G61065	118
AT1G29041	0
AT1G78780	173
AT1G73730	294
AT1G55140	268
AT1G04000	225
AT1G14960	20
AT1G45163	4
AT1G53190	472
AT1G61960	165
AT1G35537	0
AT1G34500	0
AT1G59730	100
AT1G06080	124
AT1G02405	4
AT1G07300	143
AT1G11810	0
AT1G35215	0
AT1G61970	224
AT1G76110	238
AT1G34760	33
AT1G08250	0
AT1G47885	0
AT1G54775	0
AT1G21460	585
AT1G49450	54
AT1G20360	0
AT1G53541	0
AT1G34260	644
AT1G07340	0
AT1G65350	0
AT1G02205	1185
AT1G69750	548
AT1G63440	519
AT1G65520	171
AT1G67730	1179
AT1G29960	77
AT1G10000	40
AT1G21630	2014
AT1G21651	18
AT1G02060	378
AT1G17510	544
AT1G68180	5
AT1G48910	0
AT1G57760	0
AT1G70860	2
AT1G53390	816
AT1G75790	0
AT1G18460	608
AT1G04970	1504
AT1G07860	0
AT1G05040	3
AT1G18190	531
AT1G58290	7632
AT1G32730	134
AT1G02100	1275
AT1G62270	0
AT1G02940	55
AT1G68130	342
AT1G72130	511
AT1G74540	0
AT1G43160	58
AT1G50120	756
AT1G18570	228
AT1G47450	0
AT1G80100	13
AT1G71930	11
AT1G71850	453
AT1G32270	2
AT1G79810	662
AT1G27100	625
AT1G17980	791
AT1G77500	357
AT1G05370	85
AT1G68630	2
AT1G57540	243
AT1G52450	55
AT1G31040	32
AT1G58170	125
AT1G45474	925
AT1G50400	371
AT1G23080	2336
AT1G64850	976
AT1G17910	0
AT1G50760	0
AT1G54720	0
AT1G73930	587
AT1G04760	81
AT1G11510	2
AT1G70175	0
AT1G56560	547
AT1G05440	52
AT1G22280	471
AT1G68600	154
AT1G66490	6
AT1G19860	671
AT1G56190	5145
AT1G05910	1147
AT1G12810	401
AT1G59590	27
AT1G67720	653
AT1G67820	167
AT1G71710	1272
AT1G74990	0
AT1G47290	372
AT1G65720	1853
AT1G08590	17
AT1G15010	10
AT1G66860	0
AT1G79910	106
AT1G16480	157
AT1G32600	0
AT1G71220	3662
AT1G47610	0
AT1G65420	8
AT1G01990	648
AT1G05675	10
AT1G53940	25
AT1G17170	72
AT1G79580	20
AT1G61290	0
AT1G73330	2172
AT1G18870	53
AT1G35140	165
AT1G22015	1
AT1G10970	233
AT1G23240	0
AT1G11870	430
AT1G76570	204
AT1G21738	0
AT1G03840	39
AT1G68570	1697
AT1G71530	0
AT1G72150	3971
AT1G54360	955
AT1G48170	153
AT1G31070	855
AT1G30790	0
AT1G21850	1
AT1G47640	1156
AT1G75910	0
AT1G55380	59
AT1G53025	176
AT1G34360	503
AT1G26180	621
AT1G70920	6
AT1G08510	2059
AT1G20880	287
AT1G07820	620
AT1G20060	174
AT1G26450	350
AT1G03160	791
AT1G16225	5
AT1G03610	502
AT1G66330	1166
AT1G08030	636
AT1G19670	753
AT1G23000	106
AT1G14700	469
AT1G31170	407
AT1G27660	101
AT1G19050	97
AT1G63690	1708
AT1G44790	526
AT1G18830	15
AT1G66235	3
AT1G18860	45
AT1G32530	1000
AT1G65890	55
AT1G78940	42
AT1G67650	251
AT1G55240	20
AT1G80960	68
AT1G33010	0
AT1G46264	232
AT1G25460	10
AT1G35500	0
AT1G65210	0
AT1G28005	0
AT1G75750	17905
AT1G51720	902
AT1G65680	4
AT1G05005	0
AT1G54890	53
AT1G24240	153
AT1G78050	404
AT1G12970	302
AT1G42960	2190
AT1G68723	1
AT1G13160	1487
AT1G14690	922
AT1G66120	0
AT1G73950	464
AT1G67970	574
AT1G02860	405
AT1G77720	356
AT1G59171	0
AT1G62210	0
AT1G57830	1
AT1G55830	359
AT1G79180	61
AT1G02550	0
AT1G70475	0
AT1G01620	5146
AT1G72020	2906
AT1G01290	320
AT1G29025	179
AT1G51580	765
AT1G06230	1337
AT1G73160	18
AT1G71250	0
AT1G03630	5283
AT1G76670	1235
AT1G05290	0
AT1G68990	1460
AT1G19210	4
AT1G72840	295
AT1G76790	874
AT1G80560	830
AT1G22940	350
AT1G22720	0
AT1G45201	6122
AT1G60030	251
AT1G74790	514
AT1G09390	89
AT1G12805	124
AT1G80860	722
AT1G61180	817
AT1G79370	0
AT1G04200	356
AT1G59530	13
AT1G03770	368
AT1G74280	185
AT1G65590	605
AT1G72390	1627
AT1G53760	284
AT1G67710	98
AT1G58310	0
AT1G31620	0
AT1G55340	856
AT1G62740	2551
AT1G56260	76
AT1G25682	585
AT1G75490	35
AT1G07840	726
AT1G77890	298
AT1G51860	181
AT1G79680	3
AT1G50260	397
AT1G51870	15
AT1G21770	178
AT1G17610	0
AT1G20070	0
AT1G30740	2
AT1G62990	127
AT1G62560	813
AT1G35330	15
AT1G26630	16611
AT1G09500	81
AT1G06510	459
AT1G19270	987
AT1G32975	0
AT1G14350	211
AT1G10380	235
AT1G26170	701
AT1G08165	12
AT1G77930	651
AT1G60900	1873
AT1G33640	0
AT1G74170	809
AT1G51890	99
AT1G38065	0
AT1G72100	30
AT1G72990	314
AT1G75770	178
AT1G21528	0
AT1G26530	40
AT1G73540	355
AT1G63300	385
AT1G46768	50
AT1G69588	0
AT1G79850	0
AT1G73660	1075
AT1G19310	247
AT1G33990	1276
AT1G66245	0
AT1G23350	10
AT1G02640	405
AT1G29830	1
AT1G02630	0
AT1G67680	1668
AT1G28120	896
AT1G74040	772
AT1G28230	110
AT1G64390	1336
AT1G61190	1411
AT1G26690	520
AT1G03280	924
AT1G10155	5
AT1G34047	0
AT1G65250	33
AT1G75940	0
AT1G71270	1222
AT1G64090	1520
AT1G08670	26
AT1G51520	86
AT1G30250	3
AT1G16470	852
AT1G56380	0
AT1G65910	22
AT1G47271	45
AT1G35580	1578
AT1G61540	0
AT1G65580	1686
AT1G63330	0
AT1G65790	55
AT1G50140	1766
AT1G22010	0
AT1G08410	631
AT1G11530	99
AT1G75130	421
AT1G22550	94
AT1G73190	1
AT1G54095	13
AT1G31120	620
AT1G03150	641
AT1G27980	798
AT1G52220	2043
AT1G31960	0
AT1G56440	672
AT1G04540	105
AT1G80140	0
AT1G64280	609
AT1G22910	322
AT1G77850	377
AT1G35510	684
AT1G49510	380
AT1G26930	306
AT1G60815	0
AT1G24460	1859
AT1G22130	0
AT1G43080	0
AT1G06430	3008
AT1G70000	571
AT1G76260	416
AT1G49330	8
AT1G05805	403
AT1G20740	5
AT1G52900	0
AT1G43810	0
AT1G21864	0
AT1G01305	0
AT1G16890	1318
AT1G62940	1
AT1G20923	0
AT1G77390	24
AT1G30455	0
AT1G33355	0
AT1G23110	74
AT1G20970	1784
AT1G02700	108
AT1G70340	94
AT1G09950	84
AT1G66045	0
AT1G77860	21
AT1G21160	969
AT1G06360	135
AT1G43890	1017
AT1G75360	46
AT1G29410	213
AT1G79060	80
AT1G01280	0
AT1G52950	0
AT1G22170	335
AT1G21520	164
AT1G10730	365
AT1G07880	202
AT1G79030	543
AT1G11930	1262
AT1G49630	766
AT1G09170	39
AT1G72240	68
AT1G66600	15
AT1G54140	327
AT1G74480	2
AT1G36623	0
AT1G15200	2771
AT1G24095	307
AT1G73090	357
AT1G04780	1411
AT1G68330	64
AT1G34480	8
AT1G76240	107
AT1G20760	1151
AT1G56690	88
AT1G17520	380
AT1G76740	209
AT1G78570	5303
AT1G09470	225
AT1G77260	613
AT1G50930	6
AT1G12270	1868
AT1G68050	718
AT1G66800	0
AT1G13330	109
AT1G23970	448
AT1G49720	789
AT1G15290	5120
AT1G09580	758
AT1G42970	22202
AT1G53780	2409
AT1G26910	582
AT1G07410	66
AT1G66345	136
AT1G49670	534
AT1G24610	497
AT1G25300	0
AT1G21210	50
AT1G31260	0
AT1G77815	0
AT1G47800	0
AT1G44770	424
AT1G68380	0
AT1G01820	1271
AT1G50050	1
AT1G74088	67
AT1G27620	68
AT1G63320	0
AT1G21200	282
AT1G03780	208
AT1G09070	3995
AT1G56310	274
AT1G48900	1537
AT1G78700	280
AT1G65845	375
AT1G34350	362
AT1G31630	0
AT1G28470	72
AT1G12665	0
AT1G22460	35
AT1G27390	1130
AT1G18330	332
AT1G72700	816
AT1G79000	2082
AT1G24485	0
AT1G11730	68
AT1G73480	613
AT1G10480	33
AT1G74530	425
AT1G07645	0
AT1G75920	13
AT1G29990	1370
AT1G79560	4508
AT1G70670	480
AT1G04530	581
AT1G41920	0
AT1G07570	289
AT1G78280	1000
AT1G15530	224
AT1G53050	844
AT1G67180	35
AT1G36922	0
AT1G33430	0
AT1G17620	668
AT1G48745	34
AT1G76020	199
AT1G66110	0
AT1G10640	113
AT1G48670	31
AT1G11740	16
AT1G18040	387
AT1G02990	452
AT1G17700	35
AT1G23490	2958
AT1G75440	83
AT1G20810	546
AT1G04400	3807
AT1G23390	958
AT1G50370	1197
AT1G65295	363
AT1G21900	967
AT1G13960	281
AT1G62320	28
AT1G79160	216
AT1G02390	51
AT1G29680	2
AT1G04450	0
AT1G04660	11
AT1G69340	1009
AT1G51840	99
AT1G77690	292
AT1G11370	1
AT1G66480	150
AT1G47940	0
AT1G64235	0
AT1G47580	374
AT1G12730	347
AT1G79080	67
AT1G23950	873
AT1G22300	5569
AT1G24120	465
AT1G31710	535
AT1G61620	1709
AT1G31370	1
AT1G64630	584
AT1G10586	0
AT1G75350	4848
AT1G20683	0
AT1G08210	1055
AT1G04250	1060
AT1G69880	237
AT1G16445	124
AT1G53400	227
AT1G17420	535
AT1G09270	1773
AT1G03530	947
AT1G47990	16
AT1G26798	0
AT1G11560	3
AT1G63960	4
AT1G29395	358
AT1G08560	458
AT1G48700	10
AT1G19400	717
AT1G76400	1421
AT1G19790	30
AT1G29120	517
AT1G48590	0
AT1G35170	0
AT1G10280	152
AT1G80970	74
AT1G21120	25
AT1G73600	5969
AT1G66210	2
AT1G11710	312
AT1G75830	24
AT1G13410	112
AT1G53935	12
AT1G03860	5095
AT1G55330	3
AT1G52710	329
AT1G23520	3
AT1G14688	0
AT1G67455	0
AT1G08830	1973
AT1G25310	1
AT1G63340	3
AT1G78910	119
AT1G11572	0
AT1G39070	0
AT1G07830	914
AT1G05630	412
AT1G79500	311
AT1G72040	1986
AT1G73290	1
AT1G14980	8868
AT1G78070	618
AT1G51550	82
AT1G80670	1304
AT1G30160	70
AT1G37140	0
AT1G79800	6
AT1G69180	1
AT1G66855	0
AT1G30710	0
AT1G17230	0
AT1G68550	732
AT1G09100	792
AT1G35850	0
AT1G11040	1
AT1G74560	4452
AT1G71820	1296
AT1G65050	0
AT1G10710	10
AT1G63140	0
AT1G33780	415
AT1G64950	2755
AT1G06750	4
AT1G07290	60
AT1G20620	129652
AT1G22700	1209
AT1G33770	21
AT1G10920	178
AT1G80490	989
AT1G61410	40
AT1G76650	149
AT1G54570	1136
AT1G33265	482
AT1G71290	0
AT1G04900	510
AT1G28090	617
AT1G55720	0
AT1G02370	455
AT1G24250	3
AT1G12290	489
AT1G23800	499
AT1G70505	252
AT1G66740	211
AT1G15030	442
AT1G13230	3
AT1G31580	1625
AT1G31320	177
AT1G58350	542
AT1G34120	207
AT1G49210	6
AT1G10040	126
AT1G50750	16
AT1G67100	68
AT1G65180	40
AT1G06310	14
AT1G36325	0
AT1G24110	3
AT1G27950	1458
AT1G34840	0
AT1G54385	309
AT1G21313	0
AT1G18500	2192
AT1G70980	1870
AT1G26780	7
AT1G30825	230
AT1G19250	93
AT1G70090	954
AT1G18773	64
AT1G17120	538
AT1G51510	2272
AT1G52855	22
AT1G60400	0
AT1G80360	1516
AT1G49160	111
AT1G29050	437
AT1G67623	2
AT1G53610	22
AT1G48500	83
AT1G06340	1
AT1G24996	0
AT1G06440	146
AT1G04620	795
AT1G19460	5
AT1G78870	448
AT1G54475	0
AT1G65340	0
AT1G64170	477
AT1G70370	5560
AT1G31200	24
AT1G04240	90
AT1G27130	630
AT1G25410	0
AT1G63050	313
AT1G47660	5
AT1G12244	201
AT1G50600	745
AT1G18620	1059
AT1G03290	563
AT1G18250	1155
AT1G75630	2859
AT1G61680	29
AT1G18910	357
AT1G47128	9936
AT1G65970	161
AT1G05940	1540
AT1G76640	1
AT1G13120	934
AT1G73610	1
AT1G26900	272
AT1G43980	83
AT1G22270	500
AT1G32540	180
AT1G05410	552
AT1G03700	4
AT1G30473	1
AT1G49015	0
AT1G55950	0
AT1G75150	175
AT1G29690	493
AT1G76350	356
AT1G44980	0
AT1G78650	450
AT1G19000	2020
AT1G64100	29
AT1G29430	77
AT1G15415	8
AT1G21190	845
AT1G31360	387
AT1G45063	7
AT1G05020	39
AT1G09010	1530
AT1G76954	0
AT1G55600	0
AT1G80540	3
AT1G07810	1602
AT1G45110	276
AT1G33220	0
AT1G12240	1492
AT1G61780	1036
AT1G52910	69
AT1G27820	5
AT1G51160	673
AT1G11760	157
AT1G07725	0
AT1G60860	398
AT1G07140	5123
AT1G79990	2078
AT1G11200	202
AT1G27520	768
AT1G78560	678
AT1G44910	1122
AT1G71160	0
AT1G58245	0
AT1G66510	509
AT1G73607	0
AT1G33270	456
AT1G10460	32
AT1G63520	25
AT1G16320	493
AT1G43320	0
AT1G69720	88
AT1G19830	7
AT1G35160	1452
AT1G52180	0
AT1G24030	126
AT1G35181	0
AT1G78300	1504
AT1G19750	69
AT1G12040	437
AT1G64190	1480
AT1G53635	6
AT1G21070	180
AT1G01320	8768
AT1G69310	361
AT1G69450	395
AT1G26150	3482
AT1G14530	183
AT1G09840	809
AT1G63980	2414
AT1G47960	473
AT1G63110	998
AT1G65486	358
AT1G64870	2
AT1G29220	444
AT1G78400	28
AT1G78635	3
AT1G79550	16920
AT1G72920	117
AT1G77640	31
AT1G10840	2666
AT1G01790	768
AT1G79650	948
AT1G16350	4173
AT1G68510	0
AT1G23770	8
AT1G04350	677
AT1G16220	154
AT1G32700	456
AT1G67040	268
AT1G54610	1419
AT1G50950	116
AT1G78200	374
AT1G56553	0
AT1G26680	25
AT1G10130	1363
AT1G76900	840
AT1G20830	344
AT1G73700	151
AT1G52565	28
AT1G70600	10431
AT1G66260	2356
AT1G05970	176
AT1G17000	0
AT1G07110	1798
AT1G70220	30
AT1G60890	1184
AT1G23965	2
AT1G28020	1
AT1G18335	289
AT1G25270	0
AT1G09420	219
AT1G04105	0
AT1G19320	6
AT1G07710	45
AT1G48950	482
AT1G15760	61
AT1G17920	85
AT1G80920	876
AT1G65160	0
AT1G76780	371
AT1G14000	783
AT1G68460	10
AT1G79150	751
AT1G27350	2093
AT1G22060	950
AT1G76410	24
AT1G02030	7
AT1G17580	977
AT1G36030	0
AT1G64800	0
AT1G02960	533
AT1G28100	208
AT1G79280	2908
AT1G59680	0
AT1G78660	920
AT1G53680	38
AT1G30860	71
AT1G66360	0
AT1G66900	369
AT1G11660	2242
AT1G62070	0
AT1G06830	48
AT1G21780	475
AT1G57613	0
AT1G24560	961
AT1G35670	331
AT1G44960	345
AT1G45160	1506
AT1G16190	474
AT1G76140	1505
AT1G56010	307
AT1G61700	0
AT1G12150	4
AT1G70380	0
AT1G06923	16
AT1G47840	203
AT1G52325	0
AT1G80930	3575
AT1G60930	237
AT1G14940	0
AT1G74770	148
AT1G27880	128
AT1G72190	179
AT1G01810	118
AT1G03330	720
AT1G79610	726
AT1G74055	0
AT1G26710	0
AT1G68140	1198
AT1G05550	2
AT1G30080	87
AT1G64370	2263
AT1G33475	35
AT1G80620	1128
AT1G13140	10
AT1G11060	410
AT1G64150	245
AT1G02816	307
AT1G68540	84
AT1G16280	538
AT1G71370	121
AT1G62360	85
AT1G45229	70
AT1G50630	156
AT1G12630	3
AT1G65349	0
AT1G20693	531
AT1G13380	917
AT1G20160	1569
AT1G23900	933
AT1G51150	0
AT1G64310	21
AT1G21620	0
AT1G16860	828
AT1G03940	711
AT1G31250	0
AT1G49715	0
AT1G07970	575
AT1G32763	3
AT1G20240	0
AT1G12360	963
AT1G32230	4210
AT1G22985	128
AT1G78340	37
AT1G28370	112
AT1G64585	0
AT1G53180	71
AT1G23205	490
AT1G69660	1
AT1G56670	55
AT1G32380	429
AT1G52390	1
AT1G15520	156
AT1G30440	1128
AT1G44835	627
AT1G17665	339
AT1G18680	270
AT1G69670	569
AT1G73805	50
AT1G75300	3
AT1G44180	9
AT1G42430	537
AT1G36050	1195
AT1G61390	34
AT1G04560	7
AT1G30350	0
AT1G55220	3
AT1G04080	3168
AT1G43330	0
AT1G26225	0
AT1G09600	62
AT1G51590	895
AT1G79120	86
AT1G16850	154
AT1G18140	75
AT1G68110	67
AT1G19565	5
AT1G50490	661
AT1G48370	490
AT1G02705	5
AT1G21065	1292
AT1G32940	308
AT1G50240	403
AT1G71015	36
AT1G46696	0
AT1G71790	901
AT1G30380	21373
AT1G05860	506
AT1G21350	1270
AT1G26976	3
AT1G53430	642
AT1G35350	275
AT1G21700	666
AT1G69260	66
AT1G78430	158
AT1G52030	17
AT1G22190	919
AT1G25520	454
AT1G30370	18
AT1G62225	1
AT1G15960	351
AT1G33710	0
AT1G03270	107
AT1G30460	664
AT1G06148	4
AT1G07450	34
AT1G16790	0
AT1G64295	1
AT1G30750	116
AT1G36180	846
AT1G75020	154
AT1G30500	345
AT1G76465	0
AT1G55480	2066
AT1G06850	300
AT1G63720	120
AT1G32450	2484
AT1G27555	0
AT1G70180	1057
AT1G63230	54
AT1G76380	130
AT1G48150	3
AT1G70950	212
AT1G14990	281
AT1G22080	1
AT1G66410	3094
AT1G72275	174
AT1G31163	0
AT1G31180	1419
AT1G67740	15065
AT1G43770	114
AT1G47380	473
AT1G01840	5
AT1G29380	296
AT1G19650	299
AT1G02820	28
AT1G55450	223
AT1G52340	201
AT1G04980	2230
AT1G16330	120
AT1G48300	4674
AT1G76610	16
AT1G78770	482
AT1G49120	0
AT1G07120	7
AT1G28030	0
AT1G25422	26
AT1G20130	11
AT1G63950	2
AT1G67090	144597
AT1G55900	781
AT1G73410	10
AT1G48630	1894
AT1G22640	214
AT1G28335	0
AT1G53440	1113
AT1G77885	307
AT1G26515	4
AT1G69990	1
AT1G71980	838
AT1G17750	80
AT1G12060	164
AT1G04040	1427
AT1G06410	2956
AT1G76760	90
AT1G64561	70
AT1G50575	293
AT1G34750	218
AT1G63260	168
AT1G02320	0
AT1G02575	1
AT1G65550	0
AT1G16380	0
AT1G07320	8145
AT1G30400	3851
AT1G67570	182
AT1G31380	0
AT1G07370	824
AT1G19190	52
AT1G80770	774
AT1G33830	1
AT1G32720	0
AT1G64405	53
AT1G06960	222
AT1G76690	193
AT1G78190	259
AT1G73230	3113
AT1G05600	461
AT1G25350	2808
AT1G64105	2
AT1G47915	3
AT1G17880	3112
AT1G59650	362
AT1G78360	4
AT1G77030	3211
AT1G28400	4971
AT1G13680	0
AT1G68740	575
AT1G20910	537
AT1G12680	512
AT1G64220	233
AT1G47750	187
AT1G27850	740
AT1G50970	325
AT1G47655	85
AT1G52370	557
AT1G49032	168
AT1G09830	1544
AT1G75500	3879
AT1G26355	0
AT1G57650	0
AT1G74500	64
AT1G73850	333
AT1G71320	0
AT1G08370	849
AT1G10760	16293
AT1G20610	565
AT1G31220	309
AT1G26770	1033
AT1G28420	1680
AT1G79520	718
AT1G63130	356
AT1G20090	1016
AT1G62180	1663
AT1G33960	24
AT1G16460	516
AT1G69920	1
AT1G17680	1031
AT1G22430	581
AT1G75880	102
AT1G05400	99
AT1G67120	2971
AT1G10780	326
AT1G03400	211
AT1G77300	1278
AT1G19910	3930
AT1G66310	0
AT1G66750	272
AT1G72416	339
AT1G05055	473
AT1G74230	5196
AT1G80420	457
AT1G05470	283
AT1G07160	13
AT1G11925	0
AT1G79200	351
AT1G61490	102
AT1G12950	130
AT1G57765	148
AT1G65481	3
AT1G09625	0
AT1G28060	2433
AT1G17940	413
AT1G14450	571
AT1G06630	814
AT1G51930	0
AT1G72440	2253
AT1G76170	152
AT1G23150	235
AT1G05210	141
AT1G27210	616
AT1G75100	614
AT1G72125	29
AT1G24200	0
AT1G48095	0
AT1G61380	655
AT1G52660	20
AT1G16000	968
AT1G60550	1912
AT1G69680	348
AT1G22480	5
AT1G48520	1690
AT1G10400	19
AT1G64770	1364
AT1G21440	1327
AT1G78900	10445
AT1G03982	0
AT1G25054	0
AT1G03340	76
AT1G60985	0
AT1G29540	0
AT1G80555	1
AT1G53600	180
AT1G24807	0
AT1G64540	44
AT1G78450	35
AT1G52820	66
AT1G19260	0
AT1G14380	472
AT1G47495	0
AT1G67860	633
AT1G51670	64
AT1G67785	2342
AT1G33540	2
AT1G08800	443
AT1G21000	666
AT1G50920	4404
AT1G05650	3
AT1G64680	5186
AT1G60670	326
AT1G17065	2
AT1G73490	1334
AT1G71690	1
AT1G53650	374
AT1G02530	26
AT1G10680	8
AT1G30990	0
AT1G21400	350
AT1G33920	0
AT1G09810	370
AT1G06870	721
AT1G20030	1199
AT1G12310	0
AT1G19290	536
AT1G21390	137
AT1G78060	3002
AT1G01980	1
AT1G69240	55
AT1G48020	2
AT1G53950	1
AT1G66140	261
AT1G75030	19
AT1G08970	596
AT1G74780	331
AT1G05090	28
AT1G27300	297
AT1G53540	10487
AT1G49740	1246
AT1G78670	1407
AT1G20500	2
AT1G57750	1
AT1G69050	8
AT1G11650	3069
AT1G33500	107
AT1G51330	1
AT1G77020	206
AT1G80280	438
AT1G49560	412
AT1G18510	2
AT1G72830	182
AT1G29775	0
AT1G72470	265
AT1G29230	54
AT1G12330	411
AT1G22810	0
AT1G74870	269
AT1G17630	267
AT1G57720	6979
AT1G14580	246
AT1G05835	6
AT1G19840	114
AT1G75890	7
AT1G32570	51
AT1G50732	469
AT1G12070	6
AT1G30140	0
AT1G76440	115
AT1G71350	697
AT1G03000	1169
AT1G48480	668
AT1G64440	444
AT1G31130	1334
AT1G52060	148
AT1G71760	30
AT1G14340	323
AT1G49380	1261
AT1G73500	330
AT1G22750	862
AT1G16310	171
AT1G59710	360
AT1G09590	4520
AT1G36280	426
AT1G20680	4
AT1G06110	864
AT1G62980	165
AT1G29760	373
AT1G26773	0
AT1G14270	1339
AT1G23700	4
AT1G68930	260
AT1G20225	1050
AT1G22960	336
AT1G70570	1191
AT1G44050	10
AT1G54320	1467
AT1G65030	623
AT1G47695	0
AT1G17290	3937
AT1G06210	910
AT1G17030	33
AT1G80780	1061
AT1G71950	585
AT1G20950	1256
AT1G19394	25
AT1G58230	1019
AT1G21835	0
AT1G58050	12
AT1G70150	234
AT1G35560	543
AT1G13090	1415
AT1G64050	568
AT1G17850	662
AT1G45150	380
AT1G04510	1525
AT1G68795	73
AT1G71470	0
AT1G73130	300
AT1G21580	6281
AT1G67600	60
AT1G75690	1325
AT1G10310	536
AT1G22880	415
AT1G40090	0
AT1G48570	1137
AT1G72900	443
AT1G65230	514
AT1G17480	283
AT1G53660	1
AT1G36960	0
AT1G80160	51
AT1G19020	43
AT1G17150	0
AT1G61250	1184
AT1G54210	163
AT1G55750	330
AT1G18700	1021
AT1G16130	117
AT1G68920	659
AT1G17820	0
AT1G77870	15
AT1G71990	213
AT1G61440	86
AT1G73920	1087
AT1G64040	1310
AT1G07135	323
AT1G52420	1433
AT1G35320	724
AT1G17100	1992
AT1G47540	0
AT1G77950	0
AT1G79450	156
AT1G01540	1806
AT1G48130	3
AT1G67080	504
AT1G44575	17938
AT1G19610	187
AT1G34042	0
AT1G08390	98
AT1G10090	391
AT1G74650	95
AT1G69610	119
AT1G54700	0
AT1G66530	691
AT1G11610	0
AT1G32420	2
AT1G60625	0
AT1G08340	156
AT1G13040	339
AT1G25320	243
AT1G66780	1
AT1G23550	183
AT1G35730	211
AT1G20803	0
AT1G19060	3
AT1G43310	0
AT1G03820	332
AT1G03100	65
AT1G27030	1202
AT1G80450	135
AT1G07560	60
AT1G69330	330
AT1G51560	442
AT1G18270	614
AT1G28670	799
AT1G07870	412
AT1G08860	7
AT1G55560	5
AT1G73820	260
AT1G18320	146
AT1G71840	809
AT1G63610	834
AT1G32690	80
AT1G77730	3
AT1G79250	3
AT1G48550	395
AT1G79190	582
AT1G59930	81
AT1G74440	44
AT1G74010	191
AT1G51640	0
AT1G08980	1431
AT1G60810	733
AT1G28265	0
AT1G05850	10629
AT1G31780	1086
AT1G10745	0
AT1G16400	875
AT1G64065	39
AT1G63206	0
AT1G23935	88
AT1G61950	3
AT1G50940	429
AT1G33140	5268
AT1G59600	386
AT1G69760	703
AT1G23780	997
AT1G06135	0
AT1G14760	8
AT1G56385	0
AT1G65270	1136
AT1G07890	13913
AT1G69825	0
AT1G09360	0
AT1G73890	67
AT1G53480	0
AT1G10960	17628
AT1G06550	1206
AT1G50960	5
AT1G70020	8
AT1G06925	0
AT1G32330	470
AT1G01900	206
AT1G55790	1
AT1G24400	82
AT1G11290	386
AT1G26360	6
AT1G02065	13
AT1G20280	0
AT1G48355	0
AT1G16940	0
AT1G20940	0
AT1G15710	370
AT1G14190	50
AT1G09200	735
AT1G48390	66
AT1G10875	1
AT1G60600	864
AT1G67800	244
AT1G31810	1324
AT1G58055	0
AT1G24230	0
AT1G68070	401
AT1G63180	77
AT1G52800	30
AT1G17160	235
AT1G72540	64
AT1G35260	165
AT1G59610	2071
AT1G54050	652
AT1G65390	12
AT1G70480	744
AT1G15900	11
AT1G26330	87
AT1G11270	457
AT1G64860	2595
AT1G20405	0
AT1G16770	20
AT1G18400	215
AT1G61050	64
AT1G72910	141
AT1G51355	29
AT1G29179	3
AT1G13143	0
AT1G42560	0
AT1G13760	2
AT1G74740	260
AT1G63450	53
AT1G63680	2064
AT1G34050	17
AT1G03470	360
AT1G74380	700
AT1G66170	4
AT1G28340	1255
AT1G79890	310
AT1G20980	1639
AT1G70200	1372
AT1G71480	162
AT1G20260	4182
AT1G32090	1502
AT1G62760	45
AT1G07510	1454
AT1G02460	107
AT1G19300	456
AT1G20700	31
AT1G20310	21
AT1G80040	1438
AT1G78230	416
AT1G20640	699
AT1G67410	197
AT1G44110	364
AT1G24475	0
AT1G56170	0
AT1G23460	481
AT1G80480	5098
AT1G72370	9311
AT1G43780	0
AT1G24388	0
AT1G02040	1
AT1G30010	301
AT1G13830	69
AT1G45130	1492
AT1G56100	0
AT1G75250	4
AT1G19090	0
AT1G66820	0
AT1G54115	626
AT1G12870	3
AT1G32337	0
AT1G69170	155
AT1G15770	3
AT1G52780	650
AT1G32340	496
AT1G05615	0
AT1G04190	692
AT1G61475	0
AT1G72710	2680
AT1G05490	130
AT1G69030	481
AT1G27440	403
AT1G24909	0
AT1G64195	0
AT1G46912	0
AT1G58100	380
AT1G03260	214
AT1G56590	516
AT1G06820	1092
AT1G62262	35
AT1G71070	477
AT1G80000	1345
AT1G74890	12
AT1G20687	0
AT1G59560	135
AT1G15580	13
AT1G08280	338
AT1G10350	388
AT1G24160	1072
AT1G25211	1
AT1G12370	330
AT1G26920	704
AT1G56290	464
AT1G18070	4196
AT1G26850	7431
AT1G08120	2
AT1G72010	775
AT1G16690	182
AT1G01380	32
AT1G58180	568
AT1G72790	360
AT1G33870	0
AT1G11280	883
AT1G31140	0
AT1G68585	184
AT1G75720	23
AT1G77920	796
AT1G73010	1696
AT1G72460	0
AT1G55917	1
AT1G50820	1
AT1G22030	186
AT1G12580	724
AT1G17990	0
AT1G16916	241
AT1G56130	121
AT1G19490	149
AT1G30520	622
AT1G19980	235
AT1G75945	186
AT1G53060	87
AT1G13080	1670
AT1G54215	2
AT1G67325	1013
AT1G59830	709
AT1G15825	4
AT1G28327	0
AT1G68220	824
AT1G19350	882
AT1G76420	30
AT1G53460	652
AT1G56610	116
AT1G72810	868
AT1G23090	438
AT1G15020	471
AT1G17870	328
AT1G29390	535
AT1G70750	424
AT1G79310	70
AT1G15320	2
AT1G63660	1936
AT1G70209	0
AT1G59750	989
AT1G08580	1004
AT1G13607	0
AT1G07390	443
AT1G44085	0
AT1G11630	286
AT1G02230	234
AT1G13280	469
AT1G58190	36
AT1G09860	0
AT1G61093	4
AT1G12300	199
AT1G11480	1951
AT1G26750	649
AT1G52650	13
AT1G07901	8
AT1G52040	9
AT1G23870	532
AT1G27580	42
AT1G11785	27
AT1G34380	400
AT1G17470	3034
AT1G29810	191
AT1G79620	483
AT1G34770	161
AT1G30795	0
AT1G23530	149
AT1G62600	157
AT1G14630	224
AT1G29250	1360
AT1G04170	2962
AT1G29070	4457
AT1G19170	352
AT1G77610	955
AT1G05035	17
AT1G31520	0
AT1G55670	6118
AT1G60250	0
AT1G48140	275
AT1G79830	3008
AT1G05230	259
AT1G34315	251
AT1G79020	346
AT1G77590	2024
AT1G03910	1986
AT1G09380	66
AT1G80310	0
AT1G66550	2
AT1G68430	59
AT1G50870	0
AT1G76730	783
AT1G03970	308
AT1G21090	226
AT1G44780	368
AT1G60880	2
AT1G06160	118
AT1G20530	44
AT1G16710	970
AT1G07590	15607
AT1G32080	1261
AT1G21100	27
AT1G73150	189
AT1G07010	1248
AT1G61566	3
AT1G65541	0
AT1G70830	2603
AT1G52920	67
AT1G24405	8
AT1G71740	66
AT1G08613	0
AT1G07447	0
AT1G04943	0
AT1G06373	0
AT1G09597	0
AT1G07317	0
AT1G06443	0
AT1G06427	0
AT1G05117	0
AT1G04967	0
AT1G04137	0
AT1G09503	0
AT1G07597	0
AT1G07617	0
AT1G08393	18
AT1G08553	0
AT1G08977	0
AT1G09767	0
AT1G06603	0
AT1G07723	0
AT1G08587	0
AT1G07793	3
AT1G07133	0
AT1G06123	1
AT1G08007	0
AT1G07337	0
AT1G09013	0
AT1G08703	0
AT1G08403	0
AT1G05177	0
AT1G05413	0
AT1G06023	1
AT1G09343	0
AT1G05793	0
AT1G09123	0
AT1G07417	0
AT1G07383	0
AT1G07353	0
AT1G05597	0
AT1G06133	0
AT1G07787	0
AT1G09117	0
AT1G04313	5
AT1G06413	0
AT1G04377	0
AT1G09807	0
AT1G06567	0
AT1G07167	15
AT1G05567	0
AT1G06347	0
AT1G05003	0
AT1G05713	0
AT1G05103	2
AT1G05903	0
AT1G06687	4
AT1G09953	0
AT1G07763	0
AT1G08677	0
AT1G08697	10
AT1G06507	0
AT1G04133	0
AT1G06513	0
AT1G08913	0
AT1G07533	0
AT1G09307	0
AT1G08147	0
AT1G07437	0
AT1G09263	2
AT1G04397	0
AT1G08433	0
AT1G07873	0
AT1G06747	0
AT1G06007	0
AT1G06127	0
AT1G04323	16
AT1G06363	0
AT1G04493	0
AT1G09317	0
AT1G06307	0
AT1G08033	11
AT1G04403	0
AT1G09357	0
AT1G07503	0
AT1G05693	0
AT1G06117	0
AT1G07247	0
AT1G06097	0
AT1G07397	0
AT1G09937	3
AT1G07367	118
AT1G05497	0
AT1G09703	0
AT1G09407	0
AT1G07027	5
AT1G09103	15
AT1G08153	0
AT1G04717	0
AT1G07237	0
AT1G09113	0
AT1G07343	0
AT1G09427	9
AT1G06947	0
AT1G04667	0
AT1G08103	1
AT1G04257	0
AT1G08897	0
AT1G04863	0
AT1G05823	0
AT1G07527	0
AT1G05633	0
AT1G08653	0
AT1G08717	0
AT1G09607	1
AT1G04557	0
AT1G09477	0
AT1G06377	0
AT1G08817	0
AT1G07163	0
AT1G08277	0
AT1G06827	0
AT1G06187	0
AT1G06683	0
AT1G08397	0
AT1G04983	0
AT1G04337	0
AT1G07267	0
AT1G05233	0
AT1G06743	4
AT1G06057	0
AT1G05803	0
AT1G08247	0
AT1G08763	0
AT1G09773	0
AT1G07413	1
AT1G09047	0
AT1G08883	0
AT1G08907	0
AT1G06313	0
AT1G05443	0
AT1G09337	0
AT1G06613	0
AT1G09833	0
AT1G05303	0
AT1G09197	0
AT1G08063	0
AT1G07373	133
AT1G09303	0
AT1G08623	0
AT1G08833	3
AT1G05937	0
AT1G09373	0
AT1G05027	0
AT1G04287	0
AT1G05067	0
AT1G09173	0
AT1G05313	0
AT1G06317	0
AT1G09127	0
AT1G05607	0
AT1G08923	5
AT1G05173	0
AT1G07177	0
AT1G04293	0
AT1G06103	0
AT1G09633	0
AT1G04653	0
AT1G05647	2
AT1G07917	0
AT1G05013	2
AT1G08027	0
AT1G06417	18
AT1G06403	0
AT1G04593	0
AT1G09283	0
AT1G07767	0
AT1G04787	0
AT1G09957	0
AT1G08227	0
AT1G05093	0
AT1G09723	0
AT1G06203	0
AT1G09293	1
AT1G06943	0
AT1G04253	0
AT1G04793	0
AT1G05913	2
AT1G06967	0
AT1G07287	0
AT1G09273	0
AT1G09563	0
AT1G04657	0
AT1G05827	0
AT1G06433	0
AT1G06533	0
AT1G06473	16
AT1G07627	0
AT1G05543	0
AT1G08523	0
AT1G08383	0
AT1G06557	0
AT1G05237	0
AT1G06693	5
AT1G06013	0
AT1G05613	1
AT1G04987	0
AT1G05517	25
AT1G07497	0
AT1G07927	0
AT1G06407	0
AT1G06593	2
AT1G07907	0
AT1G09737	0
AT1G08903	10
AT1G08637	0
AT1G07347	3
AT1G06957	10
AT1G05447	0
AT1G04687	0
AT1G04847	0
AT1G07523	0
AT1G07923	0
AT1G07433	0
AT1G08497	0
AT1G07777	0
AT1G05377	0
AT1G06197	0
AT1G08357	0
AT1G04203	0
AT1G04703	0
AT1G04063	0
AT1G08223	0
AT1G04747	0
AT1G06733	6
AT1G06173	20
AT1G08217	0
AT1G08627	0
AT1G07467	0
AT1G09033	0
AT1G05153	3
AT1G09667	0
AT1G05477	0
AT1G05643	0
AT1G06853	24
AT1G09653	0
AT1G04497	0
AT1G04037	21
AT1G08313	0
AT1G06353	0
AT1G09423	0
AT1G05863	0
AT1G08663	0
AT1G07123	0
AT1G09763	0
AT1G06357	0
AT1G06157	0
AT1G08057	0
AT1G08013	0
AT1G06487	2
AT1G05527	1
AT1G05373	0
AT1G05127	0
AT1G07463	0
AT1G04177	0
AT1G06837	37
AT1G09797	0
AT1G04093	0
AT1G09577	0
AT1G04143	0
AT1G28715	160
AT1G09603	0
AT1G07407	0
AT1G04333	0
AT1G04763	0
AT1G04033	2
AT1G05217	0
AT1G05097	0
AT1G05407	0
AT1G04327	0
AT1G06437	0
AT1G09613	0
AT1G09177	0
AT1G04783	1
AT1G06663	0
AT1G04963	0
AT1G07233	0
AT1G07023	2
AT1G06343	0
AT1G09353	0
AT1G06147	1
AT1G06113	0
AT1G06867	2
AT1G08017	0
AT1G06953	0
AT1G06963	7
AT1G05323	0
AT1G06617	0
AT1G06393	0
AT1G09107	0
AT1G08457	0
AT1G08377	0
AT1G08453	1
AT1G06447	0
AT1G05887	0
AT1G06783	0
AT1G05797	0
AT1G04407	0
AT1G09217	0
AT1G07483	3
AT1G06927	0
AT1G06543	1
AT1G04363	0
AT1G06657	0
AT1G09057	0
AT1G06817	0
AT1G07333	2
AT1G06883	2
AT1G08743	0
AT1G04207	0
AT1G08213	2
AT1G05493	0
AT1G07493	1
AT1G08207	0
AT1G05227	3
AT1G07913	2
AT1G07553	1
AT1G04367	4
AT1G05847	0
AT1G05953	0
AT1G07773	0
AT1G05223	0
AT1G04813	1
AT1G05133	0
AT1G06333	0
AT1G05473	0
AT1G09847	0
AT1G09973	0
AT1G07657	0
AT1G04447	0
AT1G05587	0
AT1G05307	0
AT1G05107	2
AT1G08257	0
AT1G07623	0
AT1G05947	0
AT1G07017	0
AT1G09507	0
AT1G07833	0
AT1G07003	0
AT1G05807	0
AT1G07863	0
AT1G04753	0
AT1G06177	1
AT1G07197	0
AT1G06383	0
AT1G09547	0
AT1G06047	0
AT1G09187	1
AT1G09803	0
AT1G05857	0
AT1G04427	5
AT1G06823	0
AT1G04127	1
AT1G06633	0
AT1G04693	0
AT1G08283	14
AT1G09793	0
AT1G06497	0
AT1G04453	0
AT1G06043	0
AT1G05623	0
AT1G09097	2
AT1G06297	0
AT1G05663	0
AT1G08237	0
AT1G07947	0
AT1G04807	0
AT1G06987	0
AT1G08193	1
AT1G05197	0
AT1G08507	2
AT1G04603	0
AT1G06093	0
AT1G06697	0
AT1G09857	0
AT1G07857	0
AT1G09063	0
AT1G08673	0
AT1G04873	0
AT1G06627	0
AT1G06777	0
AT1G06327	0
AT1G05843	0
AT1G07187	62
AT1G05537	0
AT1G08967	0
AT1G04997	0
AT1G09153	0
AT1G07783	1
AT1G08603	0
AT1G08843	0
AT1G08097	0
AT1G07193	0
AT1G08297	0
AT1G04167	1
AT1G08893	1
AT1G07453	0
AT1G07837	0
AT1G08487	0
AT1G07673	0
AT1G09747	0
AT1G03987	10
AT1G09967	0
AT1G05533	1
AT1G09147	0
AT1G06537	7
AT1G05747	0
AT1G05603	0
AT1G06757	0
AT1G07183	0
AT1G08807	0
AT1G09683	0
AT1G07323	236
AT1G06493	0
AT1G09693	12
AT1G05653	0
AT1G49938	33
AT1G09647	13
AT1G08573	0
AT1G06907	0
AT1G07683	0
AT1G08583	0
AT1G05707	0
AT1G07457	0
AT1G07303	0
AT1G06293	0
AT1G07717	0
AT1G05583	0
AT1G08863	0
AT1G05357	0
AT1G06917	1
AT1G04573	0
AT1G08877	0
AT1G06723	0
AT1G04373	0
AT1G09733	3
AT1G06577	22
AT1G04597	0
AT1G06067	0
AT1G05113	0
AT1G06637	0
AT1G06387	0
AT1G04173	8
AT1G07313	4
AT1G08953	0
AT1G08503	0
AT1G04957	1
AT1G08183	0
AT1G08993	0
AT1G08887	0
AT1G06897	0
AT1G09813	0
AT1G09743	0
AT1G08093	0
AT1G09887	0
AT1G08127	0
AT1G04937	0
AT1G08133	0
AT1G07117	0
AT1G08447	0
AT1G04877	9
AT1G06287	0
AT1G05967	0
AT1G04623	0
AT1G06707	0
AT1G09417	0
AT1G09207	0
AT1G08777	0
AT1G08177	0
AT1G09037	0
AT1G07147	0
AT1G04023	0
AT1G08443	1
AT1G07263	0
AT1G07127	0
AT1G09067	0
AT1G04713	0
AT1G06737	6
AT1G06483	1
AT1G04523	0
AT1G09573	14
AT1G06037	0
AT1G06027	1
AT1G08607	0
AT1G06933	0
AT1G07557	0
AT1G07253	0
AT1G05737	0
AT1G07707	7
AT1G07973	0
AT1G08473	1
AT1G05943	0
AT1G09077	0
AT1G05263	0
AT1G09697	1
AT1G07423	2
AT1G09387	0
AT1G04677	1
AT1G09393	0
AT1G06583	15
AT1G06063	0
AT1G06913	0
AT1G04017	0
AT1G07937	5
AT1G06163	1
AT1G08077	0
AT1G06857	0
AT1G09133	0
AT1G09717	0
AT1G04383	1
AT1G06527	0
AT1G08363	1
AT1G06997	0
AT1G05553	0
AT1G05387	0
AT1G08767	1
AT1G06303	0
AT1G09587	0
AT1G08023	0
AT1G05397	43
AT1G05983	2
AT1G09397	0
AT1G05283	0
AT1G05593	0
AT1G06607	3
AT1G09567	0
AT1G09377	0
AT1G08867	0
AT1G07843	0
AT1G08683	0
AT1G08413	2
AT1G05817	0
AT1G09493	3
AT1G06937	0
AT1G09997	0
AT1G04087	0
AT1G05683	0
AT1G05483	0
AT1G06713	0
AT1G08463	0
AT1G07143	33
AT1G04857	0
AT1G07007	0
AT1G05073	0
AT1G06983	21
AT1G08787	0
AT1G07157	0
AT1G04923	1
AT1G08173	5
AT1G04243	0
AT1G07173	0
AT1G05617	0
AT1G09007	0
AT1G06727	9
AT1G09323	0
AT1G06587	0
AT1G05897	0
AT1G05193	0
AT1G08983	0
AT1G09227	0
AT1G05893	0
AT1G09183	0
AT1G08483	0
AT1G05507	0
AT1G09137	0
AT1G09853	0
AT1G05963	0
AT1G09313	2
AT1G09163	1
AT1G08143	0
AT1G09977	0
AT1G06973	0
AT1G08517	0
AT1G09017	0
AT1G08827	0
AT1G05667	0
AT1G04683	0
AT1G05657	0
AT1G06773	0
AT1G08947	31
AT1G08773	0
AT1G04947	0
AT1G08263	0
AT1G07573	0
AT1G09497	1
AT1G04443	0
AT1G08307	0
AT1G06993	3
AT1G06863	0
AT1G06073	6
AT1G07013	0
AT1G04283	0
AT1G08293	30
AT1G08847	192
AT1G08137	0
AT1G04673	0
AT1G06517	0
AT1G04003	0
AT1G07293	0
AT1G08997	0
AT1G05717	0
AT1G04357	14
AT1G04563	4
AT1G07273	0
AT1G07583	0
AT1G08927	0
AT1G06703	0
AT1G09043	1
AT1G04307	0
AT1G04607	0
AT1G07297	0
AT1G06053	0
AT1G08513	0
AT1G08713	0
AT1G07277	0
AT1G05957	0
AT1G09753	47
AT1G07327	0
AT1G08757	3
AT1G09593	0
AT1G04387	0
AT1G08417	0
AT1G06323	0
AT1G05053	0
AT1G08437	0
AT1G09243	0
AT1G09983	0
AT1G05487	3
AT1G05037	0
AT1G05987	0
AT1G05007	0
AT1G05463	0
AT1G08747	3
AT1G05353	0
AT1G09923	3
AT1G09903	0
AT1G05257	0
AT1G04057	0
AT1G07963	0
AT1G68568	2
AT1G08427	0
AT1G08547	0
AT1G09837	0
AT1G07847	0
AT1G07757	0
AT1G07647	0
AT1G07543	0
AT1G09843	0
AT1G05787	0
AT1G09637	0
AT1G71528	2
AT1G05703	0
AT1G06753	28
AT1G05367	2
AT1G07983	0
AT1G26208	41
AT1G18735	0
AT1G04513	0
AT1G08267	0
AT1G79529	29
AT1G04183	1
AT1G07733	0
AT1G08803	0
AT1G05183	0
AT1G05773	4
AT1G09223	1
AT1G08592	0
AT1G06573	44
AT1G05207	39
AT1G67792	12
AT1G04417	1
AT1G04853	0
AT1G07807	0
AT1G07743	15
AT1G18415	26
AT1G06083	7
AT1G29785	210
AT1G04537	0
AT1G04647	0
AT1G07637	0
AT1G72855	1
AT1G06717	3
AT1G04503	0
AT1G04833	0
AT1G09617	0
AT1G08003	0
AT1G05687	11
AT1G05333	0
AT1G07128	2
AT1G09453	0
AT1G04973	36
AT1G74205	2
AT1G13448	41
AT1G05562	0
AT1G05523	0
AT1G04437	0
AT1G09003	0
AT1G08567	2
AT1G05297	5
AT1G07753	0
AT1G09907	0
AT1G69572	0
AT1G74545	9
AT1G04913	0
AT1G09257	0
AT1G07653	4
AT1G04053	0
AT1G05267	0
AT1G60545	211
AT1G05873	0
AT1G05557	5
AT1G04073	0
AT1G07813	0
AT1G07697	0
AT1G05143	14
AT1G04157	0
AT1G05767	0
AT1G05383	1
AT1G09167	0
AT1G09913	0
AT1G04163	0
AT1G05927	0
AT1G04817	0
AT1G09917	15
AT1G04893	3
AT1G07803	0
AT1G04643	0
AT1G07603	4
AT1G05363	0
AT1G07887	0
AT1G04007	14
AT1G07119	27
AT1G71828	0
AT1G09367	7
AT1G05253	0
AT1G07513	0
AT1G06207	3
AT1G08857	15
AT1G05833	14
AT1G28685	18
AT1G08973	1
AT1G05977	12
AT1G09437	0
AT1G08563	17
AT1G08477	0
AT1G04117	1
AT1G05023	2
AT1G05123	2
AT1G07943	0
AT1G05347	0
AT1G04587	1
AT1G04247	26
AT1G09443	0
AT1G09827	0
AT1G07993	7
AT1G04803	0
AT1G09193	0
AT1G30282	0
AT1G08707	0
AT1G04483	0
AT1G06257	0
AT1G31485	0
AT1G04477	14
AT1G20691	0
AT1G53801	0
AT1G06213	0
AT1G04123	0
AT1G09823	4
AT1G08577	0
AT1G04295	0
AT1G67365	130
AT1G80325	10
AT1G09457	0
AT1G06003	0
AT1G09433	0
AT1G04297	8
AT1G09527	2
AT1G07517	9
AT1G07967	2
AT1G08387	0
AT1G05163	2
AT1G04837	3
AT1G06787	0
AT1G05337	0
AT1G56242	0
AT1G07893	0
AT1G09777	5
AT1G44125	0
AT1G09421	0
AT1G05727	0
AT1G04047	12
AT1G08323	0
AT1G06017	1
AT1G05837	0
AT1G05757	2
AT1G75891	4
AT1G05867	2
AT1G08963	0
AT1G09513	2
AT1G04487	0
AT1G05203	0
AT1G09663	0
AT1G18382	3
AT1G17232	0
AT1G04737	0
AT1G09463	0
AT1G04353	0
AT1G04917	0
AT1G20515	9
AT1G07563	0
AT1G05453	0
AT1G04433	0
AT1G06423	0
AT1G05147	0
AT1G09517	0
AT1G04467	10
AT1G17255	44
AT1G04103	2
AT1G04083	7
AT1G04147	2
AT1G04473	6
AT1G04413	0
AT1G04583	0
AT1G04767	0
AT1G07703	2
AT1G78265	0
AT1G34844	150
AT1G05317	0
AT1G05287	0
AT1G09447	5
AT1G07987	0
AT1G05733	0
AT1G04953	0
AT1G05047	0
AT1G06227	16
AT1G05723	0
AT1G69587	159
AT1G08037	0
AT1G08537	0
AT1G09927	0
AT1G05293	0
AT1G48698	3
AT1G05327	0
AT1G76878	19
AT1G04463	0
AT1G04233	0
AT1G09553	0
AT1G07663	2
AT1G09673	0
AT1G09537	1
AT1G04887	0
AT1G06977	11
AT1G09987	2
AT1G07997	0
AT1G04507	0
AT1G76892	1
AT1G03997	0
AT1G07728	0
AT1G05343	0
AT1G67328	0
AT1G29357	122
AT1G04977	0
AT1G07587	23
AT1G08797	0
AT1G05753	0
AT1G04237	0
AT1G08727	0
AT1G07933	0
AT1G05077	2
AT1G06337	0
AT1G75295	7
AT1G04013	1
AT1G05213	53
AT1G07567	0
AT1G08657	0
AT1G06217	0
AT1G07477	0
AT1G09233	0
AT1G07877	3
AT1G04303	3
AT1G15175	78
AT1G07667	0
AT1G08753	0
AT1G04567	3
AT1G09053	0
AT1G05017	0
AT1G02952	0
AT1G08543	0
AT1G08333	1
AT1G06153	0
AT1G51645	1
AT1G05933	2
AT1G56612	125
AT1G05277	12
AT1G48315	13
AT1G07607	20
AT1G05973	0
AT1G09023	0
AT1G16489	2
AT1G27921	113
AT1G54355	8
AT1G04343	0
AT1G04773	0
AT1G05043	14
AT1G36992	0
AT1G03545	0
AT1G09297	0
AT1G06265	117
AT1G26218	20
AT1G08557	0
AT1G05243	0
AT1G07737	0
AT1G05033	0
AT1G08043	2
AT1G33415	264
AT1G09677	0
AT1G15002	32
AT1G09627	0
AT1G08853	0
AT1G04927	5
AT1G04697	0
AT1G04797	7
AT1G09757	0
AT1G04067	0
AT1G04347	12
AT1G07547	0
AT1G09713	0
AT1G09363	1
AT1G09557	0
AT1G08047	2
AT1G56165	38
AT1G04577	1
AT1G08533	0
AT1G53233	15
AT1G05777	0
AT1G04933	0
AT1G05187	0
AT1G05083	0
AT1G09383	0
AT1G08647	0
AT1G08073	0
AT1G04723	1
AT1G04883	0
AT1G60505	339
AT1G09993	20
AT1G72852	19
AT1G07853	0
AT1G08733	12
AT1G77992	0
AT1G09783	3
AT1G04043	0
AT1G09523	0
AT1G07823	0
AT1G08723	0
AT1G09247	0
AT1G04097	1
AT1G04153	2
AT1G25098	0
AT1G03993	0
AT1G04823	0
AT1G60525	89
AT1G09327	0
AT1G08273	0
AT1G05467	9
AT1G04707	0
AT1G08633	6
AT1G04743	0
AT1G05763	1
AT1G08667	0
AT1G09487	0
AT1G04533	6
AT1G04077	0
AT1G09897	5
AT1G08087	0
AT1G08317	0
AT1G09543	12
AT1G09963	0
AT1G01448	206
AT1G06002	0
AT1G09267	5
AT1G09253	0
AT1G09657	0
AT1G09863	29
AT1G07693	0
AT1G09623	0
AT1G35545	0
AT1G09287	18
AT1G04827	7
AT1G06653	0
AT1G07867	0
AT1G06643	0
AT1G48267	13
AT1G18075	179
AT1G08287	0
AT1G35501	0
AT1G21202	0
AT1G60072	0
AT1G26975	0
AT1G04423	9
AT1G20375	7
AT1G14071	23
AT1G07727	0
AT1G01183	4
AT1G67195	400
AT1G52185	2
AT1G08597	0
AT1G32713	0
AT1G77235	3
AT1G19464	22
AT1G69795	8
AT1G09817	0
AT1G06647	0
AT1G78206	45
AT1G62355	6
AT1G70645	0
AT1G05637	0
AT1G07243	2
AT1G08157	0
AT1G09213	0
AT1G61732	0
AT1G32582	9
AT1G19371	0
AT1G07137	0
AT1G04393	0
AT1G18879	0
AT1G07051	0
AT1G78478	4
AT1G08303	0
AT1G61224	4
AT1G60073	0
AT1G06903	0
AT1G07633	0
AT1G11735	13
AT1G32992	0
AT1G06597	0
AT1G07283	0
AT1G71002	2
AT1G04027	10
AT1G04993	0
AT1G26985	0
AT1G55591	2
AT1G66783	11
AT1G53687	0
AT1G08783	0
AT1G08337	0
AT1G66795	10
AT1G26973	0
AT1G67481	3
AT1G07357	2
AT1G76062	0
AT1G01046	9
AT1G29265	0
AT1G62035	36
AT1G08793	0
AT1G09687	90
AT1G61226	6
AT1G08343	0
AT1G63005	3
AT1G69792	0
AT1G31358	0
AT1G66725	108
AT1G53683	0
AT1G09473	0
AT1G12294	0
AT1G31173	289
AT1G69797	0
AT1G06623	0
AT1G73687	9
AT1G08053	0
AT1G60025	0
AT1G08163	0
AT1G07613	0
AT1G05627	0
AT1G48742	0
AT1G06523	0
AT1G08813	0
AT1G76135	2
AT1G03502	0
AT1G04267	8
AT1G06033	5
AT1G06467	0
AT1G06277	18
AT1G06237	0
AT1G06463	5
AT1G07903	0
AT1G19376	23
AT1G08937	15
AT1G08107	0
AT1G05563	0
AT1G06253	0
AT1G07593	1
AT1G04227	0
AT1G06673	0
AT1G08643	2
AT1G05247	0
AT1G09883	0
AT1G04527	0
AT1G08327	0
AT1G04197	4
AT1G20015	34
AT1G08353	0
AT1G32385	1
AT1G09333	0
AT1G74453	149
AT1G04193	0
AT1G06233	0
AT1G06453	0
AT1G26233	5
AT1G09877	0
AT1G05917	0
AT1G07487	0
AT1G09873	0
AT1G12015	1
AT1G05433	0
AT1G09533	47
AT1G04273	4
AT1G08113	1
AT1G06457	0
AT1G04547	4
AT1G04217	7
AT1G06273	9
AT1G74456	35
AT1G75163	2
AT1G07957	4
AT1G08117	0
AT1G05423	0
AT1G06243	0
AT1G04213	0
AT1G75166	36
AT1G07393	2
AT1G05417	0
AT1G06283	46
AT1G06247	0
AT1G03743	0
AT1G07897	18
AT1G09467	121
AT1G04277	20
AT1G04223	6
AT1G06397	0
AT1G19373	9
AT1G06263	0
AT1G08347	0
AT1G04187	46
AT1G03506	0
AT1G06667	3
AT1G03746	0
AT1G05427	0
AT1G08123	0
AT1G06087	8
AT1G07702	0
AT1G05997	1
AT1G03935	0
AT1G09027	0
AT1G04517	0
AT1G09867	19
AT1G06267	5
AT1G05993	0
AT1G12013	5
AT1G05137	0
AT1G29071	0
AT1G06547	14
AT1G09083	30
AT1G09787	34
AT1G09087	20
AT1G05907	0
AT1G06553	22
AT1G05853	0
AT1G08115	0
AT1G08987	2
AT1G05273	0
AT1G07827	0
AT1G06877	2
AT1G09143	0
AT1G09237	0
AT1G05057	0
AT1G04897	0
AT1G09947	0
AT1G05673	0
AT1G61275	8
AT1G04733	0
AT1G07883	0
AT1G04263	0
AT1G04907	7
AT1G09893	0
AT1G07537	0
AT1G08367	0
AT1G08737	0
AT1G06873	0
AT1G28890	5
AT1G56840	0
AT1G72780	0
AT1G24080	0
AT1G04320	0
AT1G57090	0
AT1G36350	0
AT1G49020	0
AT1G56800	0
AT1G57240	0
AT1G57230	0
AT1G11010	0
AT1G06610	0
AT1G56880	0
AT1G57430	0
AT1G13850	0
AT1G56790	0
AT1G28840	3
AT1G28750	4
AT1G29210	0
AT1G57280	0
AT1G28940	3
AT1G76330	0
AT1G12510	0
AT1G56930	0
AT1G06860	0
AT1G57020	0
AT1G49460	0
AT1G15090	0
AT1G01890	0
AT1G28800	0
AT1G05390	0
AT1G20170	0
AT1G56900	0
AT1G80250	1
AT1G43820	0
AT1G57270	0
AT1G57050	0
AT1G02760	0
AT1G16100	0
AT1G69000	0
AT1G57440	0
AT1G57490	0
AT1G64120	0
AT1G68860	0
AT1G57110	0
AT1G54670	0
AT1G56860	0
AT1G63790	0
AT1G64420	0
AT1G28810	1
AT1G03640	0
AT1G28990	0
AT1G57210	0
AT1G28790	3
AT1G69300	0
AT1G76000	0
AT1G55625	0
AT1G75970	0
AT1G49280	0
AT1G56810	0
AT1G26490	0
AT1G57180	0
AT1G28920	1
AT1G59570	0
AT1G28720	0
AT1G57320	0
AT1G75570	0
AT1G57200	0
AT1G57190	0
AT1G68770	0
AT1G77040	4
AT1G20420	0
AT1G57530	0
AT1G52170	0
AT1G57350	0
AT1G57070	0
AT1G79300	0
AT1G11550	0
AT1G57220	0
AT1G45244	0
AT1G11030	0
AT1G75070	0
AT1G75650	0
AT1G77560	0
AT1G45234	20
AT1G08950	0
AT1G07100	0
AT1G57000	0
AT1G52860	0
AT1G56820	0
AT1G02600	0
AT1G57040	0
AT1G17570	0
AT1G57340	0
AT1G17660	0
AT1G75740	0
AT1G57520	0
AT1G28770	3
AT1G57010	0
AT1G57460	0
AT1G57450	0
AT1G28850	11
AT1G57130	0
AT1G28880	0
AT1G60820	0
AT1G03570	0
AT1G57330	0
AT1G06880	0
AT1G18430	0
AT1G57250	0
AT1G20210	0
AT1G20820	0
AT1G18820	0
AT1G28740	0
AT1G28930	4
AT1G57380	0
AT1G57360	0
AT1G56750	0
AT1G02480	0
AT1G53220	0
AT1G56870	0
AT1G78250	0
AT1G56910	0
AT1G28970	2
AT1G61020	0
AT1G31110	0
AT1G50100	0
AT1G15650	0
AT1G45242	1
AT1G28830	3
AT1G56920	0
AT1G20040	0
AT1G01270	0
AT1G08240	0
AT1G17670	0
AT1G33370	0
AT1G68970	0
AT1G20250	0
AT1G56780	0
AT1G28780	1
AT1G57290	0
AT1G56850	0
AT1G56960	0
AT1G56730	0
AT1G28980	2
AT1G56950	0
AT1G57080	0
AT1G28910	0
AT1G57160	0
AT1G57470	0
AT1G13720	0
AT1G57310	0
AT1G79980	0
AT1G69130	0
AT1G12590	0
AT1G56890	0
AT1G28870	3
AT1G03515	0
AT1G42120	0
AT1G57390	0
AT1G06480	0
AT1G21800	0
AT1G77190	0
AT1G57400	0
AT1G13240	0
AT1G57030	0
AT1G56740	0
AT1G57150	0
AT1G30830	0
AT1G52350	0
AT1G71700	0
AT1G57100	0
AT1G57510	0
AT1G07580	0
AT1G65830	0
AT1G32620	0
AT1G28860	0
AT1G56770	0
AT1G53410	21
AT1G57410	0
AT1G57260	0
AT1G57420	0
AT1G50070	0
AT1G60840	0
AT1G15450	0
AT1G79290	0
AT1G11640	0
AT1G57120	0
AT1G57500	0
AT1G21420	0
AT1G13840	0
AT1G26430	0
AT1G30430	0
AT1G28950	3
AT1G79240	0
AT1G01870	0
AT1G74570	0
AT1G45240	5
AT1G57300	0
AT1G68950	0
AT1G28900	0
AT1G63510	0
AT1G49690	0
AT1G57060	0
AT1G28820	2
AT1G16450	0
AT1G59880	0
AT1G22320	1
AT1G57140	0
AT1G07760	0
AT1G56830	0
AT1G73900	0
AT1G08870	0
AT1G45246	0
AT1G28730	2
AT1G70050	0
AT1G56980	0
AT1G57370	0
AT1G57480	0
AT1G45238	3
AT1G13010	0
AT1G56970	0
AT1G04720	0
AT1G74610	0
AT1G09110	0
AT1G60910	0
AT1G56760	0
AT1G60580	0
AT1G80430	0
AT1G48080	0
AT1G57170	0
AT1G05980	0
AT1G61880	0
AT1G10440	0
AT1G56990	0
AT1G61910	0
AT1G56940	0
AT1G69252	376
AT1G68872	62
AT1G57835	0
AT1G52615	2
AT1G67105	157
AT1G22403	124
AT1G08493	0
AT1G09277	0
AT1G05547	0
AT1G11185	33
AT1G16635	23
AT1G43765	43
AT1G06797	0
AT1G52347	133
AT1G64563	402
AT1G04867	0
AT1G05697	0
AT1G50659	0
AT1G46554	76
AT1G07507	0
AT1G09073	0
AT1G08253	0
AT1G33615	105
AT1G34392	0
AT1G23052	0
AT1G50055	122
AT1G64618	3
AT1G70518	188
AT1G77138	23
AT1G55525	7
AT1G05813	0
AT1G07257	0
AT1G21529	29
AT1G09583	0
AT1G49832	33
AT1G66173	6
AT1G58590	73
AT1G49952	18
AT1G11175	152
AT1G31935	65
AT1G64572	104
AT1G70185	0
AT1G26235	0
AT1G34418	273
AT1G08823	0
AT1G25175	1
AT1G11592	129
AT1G58808	0
AT1G70581	7
AT1G24068	1
AT1G08933	0
AT1G19968	1
AT1G14518	0
AT1G06677	0
AT1G15405	0
AT1G04425	95
AT1G10682	228
AT1G78865	100
AT1G32172	18
AT1G26558	15
AT1G07977	2
AT1G18745	157
AT1G67238	0
AT1G79075	403
AT1G31258	179
AT5G16970	1829
AT5G41480	273
AT5G15008	0
AT5G07360	724
AT5G46240	455
AT5G62260	103
AT5G35715	0
AT5G41908	2
AT5G20470	4
AT5G04950	670
AT5G50110	183
AT5G66670	55
AT5G23000	47
AT5G03560	1024
AT5G46260	96
AT5G27680	180
AT5G61960	1688
AT5G15420	0
AT5G06020	0
AT5G18730	7
AT5G67570	1154
AT5G29054	0
AT5G57625	249
AT5G66440	268
AT5G51680	0
AT5G54610	52
AT5G20560	0
AT5G65470	859
AT5G66420	1063
AT5G62750	0
AT5G50000	1033
AT5G63820	46
AT5G26220	393
AT5G15730	491
AT5G61930	192
AT5G08760	375
AT5G42110	581
AT5G23030	13
AT5G20250	3251
AT5G08070	28
AT5G08450	2162
AT5G14030	1824
AT5G66080	142
AT5G05340	25
AT5G45440	63
AT5G25380	65
AT5G56920	0
AT5G38000	141
AT5G15050	410
AT5G53670	0
AT5G44630	0
AT5G05950	304
AT5G63810	996
AT5G02340	0
AT5G24100	37
AT5G48545	335
AT5G56950	1541
AT5G58400	12
AT5G39510	1118
AT5G23090	232
AT5G45920	111
AT5G52750	58
AT5G18830	901
AT5G50720	134
AT5G51840	592
AT5G21930	1305
AT5G24240	19
AT5G27607	0
AT5G25480	149
AT5G65130	8
AT5G27280	209
AT5G37180	85
AT5G10110	320
AT5G05050	0
AT5G42470	593
AT5G51380	250
AT5G61770	998
AT5G58750	27
AT5G66240	3131
AT5G47050	721
AT5G45095	19
AT5G65000	285
AT5G35660	44
AT5G34908	0
AT5G59800	355
AT5G60580	334
AT5G24790	3
AT5G48780	59
AT5G41490	0
AT5G22820	268
AT5G60260	12
AT5G14740	10328
AT5G66760	5743
AT5G54225	0
AT5G47510	134
AT5G16950	257
AT5G43066	2
AT5G20300	945
AT5G49950	515
AT5G40530	527
AT5G45850	45
AT5G38420	29164
AT5G37910	0
AT5G11320	34
AT5G63910	870
AT5G59120	1
AT5G43420	216
AT5G04347	0
AT5G53330	411
AT5G11050	1
AT5G61700	6
AT5G07160	0
AT5G11565	0
AT5G09900	2581
AT5G64920	686
AT5G65590	79
AT5G60470	81
AT5G10430	19
AT5G52790	69
AT5G44020	3178
AT5G47840	1987
AT5G04850	872
AT5G44870	458
AT5G60400	195
AT5G59010	411
AT5G50115	0
AT5G45790	124
AT5G27700	3520
AT5G19970	57
AT5G48430	21
AT5G18130	333
AT5G05470	521
AT5G40730	460
AT5G09805	7
AT5G41250	0
AT5G12430	1125
AT5G37620	1
AT5G19770	2402
AT5G07040	5
AT5G27810	0
AT5G04475	0
AT5G59880	2645
AT5G27230	133
AT5G54062	0
AT5G11020	106
AT5G26030	878
AT5G62760	397
AT5G17210	177
AT5G02190	167
AT5G42957	0
AT5G48510	14
AT5G55560	73
AT5G65820	346
AT5G32590	0
AT5G63190	423
AT5G38120	3
AT5G02810	4358
AT5G65100	1
AT5G57350	4638
AT5G32613	0
AT5G49240	0
AT5G16130	4143
AT5G27470	1814
AT5G03260	360
AT5G01370	466
AT5G26920	40
AT5G54750	341
AT5G47180	630
AT5G04810	3239
AT5G44000	719
AT5G08020	215
AT5G64570	881
AT5G42797	0
AT5G14060	3405
AT5G11480	1663
AT5G17847	2
AT5G05270	1309
AT5G45190	1152
AT5G41120	232
AT5G19940	7967
AT5G66820	1022
AT5G08240	154
AT5G18260	26
AT5G38450	18
AT5G19380	252
AT5G11660	0
AT5G17860	289
AT5G20620	2882
AT5G10790	471
AT5G07070	91
AT5G40280	416
AT5G07380	62
AT5G62320	2
AT5G23950	74
AT5G45110	768
AT5G52990	232
AT5G44330	0
AT5G08530	5818
AT5G13970	544
AT5G56200	23
AT5G24830	270
AT5G24530	660
AT5G13360	573
AT5G01230	310
AT5G63080	242
AT5G10710	364
AT5G48070	14
AT5G61570	106
AT5G58780	53
AT5G03540	1393
AT5G63960	541
AT5G57810	8
AT5G08040	1676
AT5G49900	185
AT5G65609	46
AT5G02320	182
AT5G66400	1244
AT5G46960	3
AT5G11425	0
AT5G36460	0
AT5G11030	324
AT5G48090	25
AT5G01320	28
AT5G58010	98
AT5G57870	4975
AT5G37475	756
AT5G53010	521
AT5G41240	239
AT5G55970	82
AT5G43670	456
AT5G08350	0
AT5G49070	17
AT5G24560	1
AT5G22310	67
AT5G36925	16
AT5G43840	3
AT5G58390	290
AT5G37320	0
AT5G33355	0
AT5G43600	411
AT5G13295	0
AT5G07540	0
AT5G50560	0
AT5G42180	152
AT5G43610	0
AT5G60940	367
AT5G56990	28
AT5G64490	19
AT5G60960	1471
AT5G19260	103
AT5G65230	24
AT5G18100	708
AT5G64880	117
AT5G17240	334
AT5G36310	0
AT5G64840	4603
AT5G57650	1
AT5G16300	1556
AT5G27944	0
AT5G53070	483
AT5G07130	198
AT5G53905	0
AT5G48595	0
AT5G65980	18
AT5G39645	0
AT5G46530	144
AT5G57785	422
AT5G41590	25
AT5G12236	0
AT5G40950	6434
AT5G20410	251
AT5G09970	88
AT5G37570	252
AT5G18410	783
AT5G22460	283
AT5G56760	1413
AT5G07690	609
AT5G66631	91
AT5G05120	0
AT5G20730	1365
AT5G65800	1
AT5G41670	2683
AT5G07760	9
AT5G57780	135
AT5G58190	419
AT5G66030	1102
AT5G23395	657
AT5G57720	0
AT5G49100	593
AT5G46920	601
AT5G30520	0
AT5G05700	1013
AT5G66740	70
AT5G60810	1
AT5G46440	64
AT5G43860	39
AT5G19600	238
AT5G39960	537
AT5G36940	513
AT5G53040	0
AT5G17950	0
AT5G05085	3
AT5G50810	935
AT5G52930	59
AT5G25350	1754
AT5G28000	0
AT5G48460	605
AT5G23600	0
AT5G59270	0
AT5G27860	1035
AT5G48150	725
AT5G15350	1711
AT5G41850	93
AT5G38900	44
AT5G49250	0
AT5G55750	2
AT5G36410	0
AT5G27310	0
AT5G28190	0
AT5G15570	410
AT5G51105	0
AT5G26840	0
AT5G06755	1
AT5G36520	0
AT5G19690	2550
AT5G45520	213
AT5G29210	3
AT5G13600	0
AT5G16850	67
AT5G33300	257
AT5G60230	55
AT5G15970	4467
AT5G40870	880
AT5G35110	14
AT5G42420	625
AT5G64401	0
AT5G52900	407
AT5G10860	3223
AT5G07680	142
AT5G08005	4
AT5G65400	305
AT5G53510	0
AT5G22380	3
AT5G26692	5
AT5G52000	11
AT5G58787	626
AT5G52830	124
AT5G11110	766
AT5G59190	28
AT5G49630	310
AT5G38750	8
AT5G56850	1340
AT5G54970	275
AT5G46610	12
AT5G60340	1544
AT5G46930	0
AT5G64380	328
AT5G37480	234
AT5G08550	542
AT5G04290	1802
AT5G56320	100
AT5G06790	48
AT5G41180	300
AT5G11910	382
AT5G66390	449
AT5G38050	107
AT5G43990	397
AT5G57330	2274
AT5G52680	1
AT5G36250	485
AT5G38220	114
AT5G42650	2823
AT5G07930	1
AT5G28920	3
AT5G01850	322
AT5G46870	97
AT5G47830	724
AT5G53410	0
AT5G01730	68
AT5G10200	368
AT5G02660	2
AT5G25310	5
AT5G37370	1716
AT5G24313	22
AT5G37220	0
AT5G63460	364
AT5G52150	0
AT5G06270	192
AT5G20930	468
AT5G15220	439
AT5G46790	595
AT5G20460	0
AT5G19040	40
AT5G58360	11
AT5G66840	129
AT5G13520	1241
AT5G53637	0
AT5G49400	590
AT5G59720	223976
AT5G55330	1
AT5G44220	3
AT5G07730	120
AT5G50530	11
AT5G40420	5
AT5G11590	88
AT5G66300	64
AT5G55740	615
AT5G40550	247
AT5G23380	190
AT5G24470	1183
AT5G57370	500
AT5G03740	3248
AT5G50670	0
AT5G07280	118
AT5G50950	215
AT5G65900	2116
AT5G22830	1198
AT5G65440	1247
AT5G14970	1492
AT5G43920	1569
AT5G41170	71
AT5G54700	1
AT5G03650	6675
AT5G42390	7267
AT5G43810	1605
AT5G35380	3
AT5G67120	2
AT5G44740	233
AT5G40450	1809
AT5G64820	1
AT5G50010	140
AT5G20680	573
AT5G26800	1307
AT5G60830	4
AT5G45469	0
AT5G54080	490
AT5G47620	1378
AT5G56220	462
AT5G08695	7
AT5G65460	784
AT5G22785	0
AT5G58030	530
AT5G65158	0
AT5G46830	11
AT5G38440	0
AT5G58990	460
AT5G50260	517
AT5G07890	321
AT5G51230	1022
AT5G49640	0
AT5G01080	2
AT5G56780	217
AT5G56900	877
AT5G58870	1574
AT5G48060	100
AT5G44345	0
AT5G05300	1
AT5G27650	992
AT5G66460	666
AT5G20790	833
AT5G53100	2
AT5G19350	1264
AT5G39775	0
AT5G65180	373
AT5G43250	47
AT5G43850	2082
AT5G19190	669
AT5G20950	3181
AT5G16140	575
AT5G48760	1803
AT5G37630	292
AT5G23140	819
AT5G60550	979
AT5G20885	300
AT5G41770	1760
AT5G08500	934
AT5G19560	10
AT5G27630	59
AT5G09315	101
AT5G56985	0
AT5G56520	338
AT5G35210	2844
AT5G02800	334
AT5G63940	777
AT5G05250	573
AT5G23450	2031
AT5G24910	17
AT5G54370	323
AT5G03010	72
AT5G15110	0
AT5G13050	370
AT5G20420	45
AT5G53870	210
AT5G03310	0
AT5G62390	3952
AT5G20100	3
AT5G45880	7
AT5G48440	215
AT5G09590	11213
AT5G51580	0
AT5G48740	62
AT5G05970	401
AT5G01210	1
AT5G18110	1582
AT5G58640	954
AT5G64590	4
AT5G48610	591
AT5G27460	650
AT5G10010	2004
AT5G67450	67
AT5G58590	3235
AT5G57110	5567
AT5G10440	23
AT5G05010	3539
AT5G06390	1031
AT5G01120	40
AT5G46050	63
AT5G17480	0
AT5G11870	44
AT5G64500	1017
AT5G06730	133
AT5G53350	2873
AT5G23340	469
AT5G19880	4
AT5G37920	0
AT5G45480	0
AT5G20990	1375
AT5G10300	145
AT5G03530	112
AT5G50375	421
AT5G22990	0
AT5G45360	914
AT5G47220	427
AT5G64900	24
AT5G06620	77
AT5G25195	0
AT5G13440	3515
AT5G58250	3075
AT5G16030	1218
AT5G21970	494
AT5G52010	695
AT5G37000	117
AT5G19310	940
AT5G16390	1238
AT5G38740	1
AT5G66950	931
AT5G03600	1
AT5G19025	95
AT5G05090	0
AT5G62480	139
AT5G01430	480
AT5G51310	32
AT5G12910	3
AT5G67260	999
AT5G26260	327
AT5G24400	871
AT5G40150	172
AT5G59865	10
AT5G65710	226
AT5G45760	149
AT5G53540	929
AT5G60030	813
AT5G57035	287
AT5G21070	320
AT5G43380	265
AT5G15340	126
AT5G58320	417
AT5G23900	3800
AT5G49590	0
AT5G42223	3
AT5G35480	466
AT5G19090	2076
AT5G08030	166
AT5G19315	0
AT5G58730	238
AT5G18680	787
AT5G37310	1339
AT5G34881	0
AT5G22700	750
AT5G13140	790
AT5G42460	194
AT5G58130	593
AT5G39365	0
AT5G59930	12
AT5G65020	1812
AT5G48420	0
AT5G43745	709
AT5G38392	0
AT5G06920	0
AT5G53320	150
AT5G63050	883
AT5G53570	976
AT5G23730	281
AT5G41790	3074
AT5G16880	1854
AT5G53060	438
AT5G01750	2599
AT5G03830	406
AT5G08290	3263
AT5G46420	3878
AT5G62340	14
AT5G64760	656
AT5G46450	1061
AT5G49510	1269
AT5G67380	3127
AT5G56560	0
AT5G46877	0
AT5G03230	504
AT5G40050	0
AT5G58120	173
AT5G22910	0
AT5G03620	57
AT5G20150	2563
AT5G24410	19
AT5G40660	590
AT5G24580	145
AT5G13370	807
AT5G18470	28
AT5G52340	14
AT5G55230	1309
AT5G67370	833
AT5G16800	232
AT5G55540	886
AT5G52140	0
AT5G20860	11
AT5G42620	1135
AT5G38800	0
AT5G46570	447
AT5G14650	85
AT5G35050	943
AT5G13460	245
AT5G25180	4
AT5G63450	61
AT5G55470	171
AT5G03406	221
AT5G21940	679
AT5G51170	264
AT5G40770	5221
AT5G67080	26
AT5G14470	7
AT5G11650	560
AT5G18570	2717
AT5G66020	6
AT5G01800	1518
AT5G48953	0
AT5G63625	27
AT5G58110	8427
AT5G54150	1
AT5G12480	1156
AT5G27780	0
AT5G02410	239
AT5G41300	0
AT5G48950	18
AT5G59260	17
AT5G56050	60
AT5G66750	625
AT5G07220	760
AT5G05080	1333
AT5G28460	63
AT5G42830	129
AT5G65670	3763
AT5G51640	162
AT5G02580	113
AT5G17120	0
AT5G01190	78
AT5G09530	1055
AT5G07340	3299
AT5G43900	1770
AT5G37780	4429
AT5G65450	645
AT5G15820	127
AT5G09330	1882
AT5G53940	523
AT5G02510	6
AT5G59370	17
AT5G04320	615
AT5G26040	368
AT5G55930	589
AT5G62210	903
AT5G43935	1
AT5G15725	0
AT5G30341	0
AT5G21430	729
AT5G36662	0
AT5G51140	689
AT5G42820	406
AT5G03680	142
AT5G41110	305
AT5G59020	143
AT5G46150	516
AT5G40340	1838
AT5G09510	2301
AT5G24390	132
AT5G49810	1629
AT5G65950	2301
AT5G38130	0
AT5G10240	829
AT5G51330	14
AT5G53720	0
AT5G44820	141
AT5G17090	3
AT5G62620	475
AT5G20360	619
AT5G09860	609
AT5G37360	1143
AT5G14550	898
AT5G63905	111
AT5G02700	0
AT5G16610	761
AT5G24490	3283
AT5G61820	3963
AT5G14240	556
AT5G01590	6383
AT5G28010	51
AT5G58770	561
AT5G61490	4
AT5G45260	320
AT5G36770	0
AT5G58375	756
AT5G62170	237
AT5G50520	0
AT5G40350	0
AT5G49920	23
AT5G02440	41
AT5G60650	61
AT5G19010	946
AT5G59970	211
AT5G26749	40
AT5G20940	0
AT5G08480	0
AT5G07060	251
AT5G10920	1338
AT5G41610	12
AT5G61150	2457
AT5G14870	30
AT5G48860	1
AT5G03920	0
AT5G09490	1
AT5G06750	475
AT5G02140	34
AT5G53700	6
AT5G09560	1
AT5G51460	416
AT5G40840	207
AT5G55950	13
AT5G52390	30
AT5G59250	1892
AT5G45630	12
AT5G35370	175
AT5G52450	233
AT5G54390	2739
AT5G26130	0
AT5G45200	4
AT5G26717	0
AT5G45590	230
AT5G48945	0
AT5G20970	411
AT5G49650	1689
AT5G05400	504
AT5G42990	534
AT5G01040	481
AT5G50790	207
AT5G11730	368
AT5G14670	1
AT5G02900	0
AT5G24220	8
AT5G02220	90
AT5G03770	194
AT5G59290	1864
AT5G39080	730
AT5G60180	13
AT5G04853	0
AT5G05370	1897
AT5G48140	4
AT5G53390	1
AT5G57700	247
AT5G20040	1050
AT5G61850	2
AT5G16150	2723
AT5G55380	118
AT5G27340	1
AT5G05730	864
AT5G48770	0
AT5G45080	110
AT5G19840	141
AT5G58140	3735
AT5G35690	907
AT5G28345	5
AT5G39460	0
AT5G06650	4
AT5G44070	419
AT5G55730	549
AT5G09280	0
AT5G42567	0
AT5G07110	74
AT5G01620	346
AT5G06720	379
AT5G01020	1423
AT5G55810	92
AT5G64200	1626
AT5G10040	31
AT5G55620	285
AT5G47640	258
AT5G42200	219
AT5G28463	0
AT5G44316	0
AT5G26770	189
AT5G21150	63
AT5G20400	406
AT5G58670	161
AT5G03545	715
AT5G61040	276
AT5G40382	30
AT5G19210	213
AT5G61350	112
AT5G41401	0
AT5G25460	6237
AT5G15870	494
AT5G56530	518
AT5G28540	24708
AT5G25540	932
AT5G08535	221
AT5G38150	969
AT5G05540	836
AT5G20910	296
AT5G50630	0
AT5G04310	155
AT5G37020	1093
AT5G19710	1
AT5G57010	40
AT5G58530	160
AT5G19595	0
AT5G03345	560
AT5G04267	0
AT5G57000	147
AT5G35400	126
AT5G57340	237
AT5G66700	3
AT5G14895	8
AT5G10400	305
AT5G61880	521
AT5G50365	0
AT5G64395	0
AT5G51280	907
AT5G63510	1362
AT5G05240	189
AT5G02080	107
AT5G47560	883
AT5G57460	876
AT5G22300	189
AT5G64350	9029
AT5G37520	0
AT5G44060	199
AT5G45940	105
AT5G20030	19
AT5G18200	759
AT5G25950	0
AT5G26200	44
AT5G59990	16
AT5G54010	2
AT5G19570	360
AT5G40090	38
AT5G04780	449
AT5G19550	3622
AT5G23250	1023
AT5G43330	4988
AT5G58440	697
AT5G17440	591
AT5G49880	865
AT5G14860	1
AT5G01280	22
AT5G22730	418
AT5G06760	48
AT5G44210	118
AT5G42000	279
AT5G48010	29
AT5G57050	214
AT5G60130	57
AT5G26865	23
AT5G37960	0
AT5G45180	0
AT5G29050	0
AT5G47890	3232
AT5G57710	1878
AT5G64990	51
AT5G46800	932
AT5G47760	635
AT5G16870	212
AT5G52280	639
AT5G43280	569
AT5G66920	1149
AT5G61360	142
AT5G01350	1788
AT5G19700	6
AT5G38340	163
AT5G64810	7
AT5G27270	974
AT5G21222	1208
AT5G04680	92
AT5G53080	460
AT5G38565	134
AT5G62610	603
AT5G58450	1084
AT5G61440	74
AT5G63650	131
AT5G44566	0
AT5G05960	1101
AT5G15800	7
AT5G16580	2
AT5G02060	134
AT5G65170	146
AT5G41820	30
AT5G55060	701
AT5G02010	420
AT5G13565	0
AT5G24680	123
AT5G53820	165
AT5G18810	118
AT5G36890	757
AT5G18590	1094
AT5G41060	205
AT5G35180	740
AT5G23050	1779
AT5G66600	145
AT5G58790	87
AT5G04530	293
AT5G15930	182
AT5G61470	0
AT5G39870	0
AT5G53920	255
AT5G26600	785
AT5G38320	19
AT5G27430	880
AT5G44430	4
AT5G35230	0
AT5G38880	679
AT5G05550	177
AT5G23980	9
AT5G65274	0
AT5G34581	0
AT5G08305	156
AT5G07880	11
AT5G67100	931
AT5G48375	0
AT5G59130	211
AT5G43010	1077
AT5G16910	1182
AT5G15460	260
AT5G47970	335
AT5G41760	775
AT5G55460	49
AT5G43450	479
AT5G52560	969
AT5G24570	192
AT5G64780	37
AT5G17010	959
AT5G57320	253
AT5G42190	1324
AT5G15360	10
AT5G66150	78
AT5G01480	16
AT5G56075	0
AT5G61540	174
AT5G46160	512
AT5G26860	3877
AT5G60930	678
AT5G10620	109
AT5G45660	162
AT5G16230	29
AT5G51795	156
AT5G02480	2479
AT5G26731	102
AT5G09210	4
AT5G09440	430
AT5G64050	971
AT5G05150	2
AT5G15530	277
AT5G22860	801
AT5G22810	0
AT5G09260	47
AT5G01305	2
AT5G56150	1017
AT5G51590	213
AT5G62570	463
AT5G55490	59
AT5G23280	485
AT5G17760	2193
AT5G23080	1181
AT5G52420	534
AT5G38560	950
AT5G42120	60
AT5G11450	1844
AT5G07400	305
AT5G12880	97
AT5G16780	2358
AT5G19130	626
AT5G40260	0
AT5G09540	56
AT5G16040	991
AT5G47580	257
AT5G02460	155
AT5G11610	146
AT5G23130	167
AT5G14920	5901
AT5G37460	9
AT5G41685	284
AT5G08430	768
AT5G06100	422
AT5G26667	2450
AT5G59650	21
AT5G45980	0
AT5G25020	20
AT5G62600	623
AT5G43820	122
AT5G07780	6
AT5G45580	76
AT5G22791	6
AT5G29624	0
AT5G50175	9
AT5G16990	625
AT5G49320	37
AT5G08620	780
AT5G03420	943
AT5G44850	1
AT5G46510	492
AT5G66430	0
AT5G11440	16
AT5G41920	358
AT5G47300	0
AT5G17540	159
AT5G16280	1031
AT5G14290	0
AT5G18280	767
AT5G56369	0
AT5G20810	20
AT5G46460	189
AT5G66830	13
AT5G42130	859
AT5G14460	843
AT5G61280	38
AT5G48605	0
AT5G16930	598
AT5G52210	304
AT5G19473	2
AT5G24840	374
AT5G28090	1
AT5G05170	6886
AT5G24780	184
AT5G19180	2144
AT5G50335	143
AT5G12250	2748
AT5G64910	87
AT5G13130	0
AT5G49560	143
AT5G11000	569
AT5G40760	1540
AT5G07570	286
AT5G58680	63
AT5G60540	505
AT5G27980	10
AT5G55270	8
AT5G09450	564
AT5G18525	782
AT5G44575	365
AT5G66490	169
AT5G04920	1008
AT5G56360	4521
AT5G01740	255
AT5G28610	5
AT5G27200	8
AT5G18000	3
AT5G57060	154
AT5G15853	0
AT5G57950	305
AT5G37430	1
AT5G64600	320
AT5G06010	0
AT5G51110	3239
AT5G51930	24
AT5G24215	48
AT5G57550	15
AT5G43580	429
AT5G65207	166
AT5G52710	0
AT5G67090	11
AT5G09910	29
AT5G46100	201
AT5G47060	686
AT5G58100	1517
AT5G13530	1682
AT5G67470	1066
AT5G20710	32
AT5G13640	1581
AT5G51100	842
AT5G27790	0
AT5G37510	5969
AT5G04180	9
AT5G60530	601
AT5G58960	601
AT5G01880	93
AT5G08310	222
AT5G67590	3193
AT5G42140	389
AT5G48880	1235
AT5G52600	24
AT5G54640	444
AT5G27690	262
AT5G65720	2705
AT5G13000	2965
AT5G20610	562
AT5G44390	199
AT5G61495	0
AT5G11800	433
AT5G02210	17
AT5G13800	1184
AT5G62930	1266
AT5G43070	286
AT5G51451	16
AT5G39630	0
AT5G14515	2
AT5G13810	579
AT5G12860	7351
AT5G47590	178
AT5G05750	362
AT5G25560	2866
AT5G02310	2049
AT5G52310	2626
AT5G51200	1694
AT5G40855	0
AT5G38350	42
AT5G04190	28
AT5G07870	267
AT5G49180	0
AT5G17470	0
AT5G14890	47
AT5G49945	387
AT5G58240	306
AT5G54960	2302
AT5G66000	75
AT5G44582	55
AT5G52430	289
AT5G16180	536
AT5G38397	0
AT5G25010	36
AT5G19270	0
AT5G42655	48
AT5G02550	27
AT5G62100	88
AT5G36659	0
AT5G47940	345
AT5G24180	0
AT5G45680	791
AT5G42770	166
AT5G55680	16
AT5G67150	614
AT5G01760	41
AT5G12170	583
AT5G14230	163
AT5G61670	718
AT5G38391	0
AT5G45820	430
AT5G38290	613
AT5G10810	332
AT5G61430	111
AT5G35695	0
AT5G27495	0
AT5G54720	26
AT5G13420	3099
AT5G19960	443
AT5G41190	1448
AT5G45210	33
AT5G58610	363
AT5G23908	0
AT5G55980	0
AT5G47175	0
AT5G23360	70
AT5G08790	993
AT5G42230	5
AT5G17420	708
AT5G19640	0
AT5G27765	0
AT5G22940	191
AT5G07320	386
AT5G46025	0
AT5G26910	457
AT5G10630	452
AT5G39400	2
AT5G56960	4
AT5G26060	1
AT5G22360	264
AT5G05520	976
AT5G54790	0
AT5G23480	191
AT5G02170	11
AT5G22580	1146
AT5G12110	5025
AT5G60270	398
AT5G18580	1042
AT5G43155	88
AT5G13310	260
AT5G37290	211
AT5G10695	2
AT5G55600	1041
AT5G16760	752
AT5G35730	826
AT5G64870	165
AT5G50930	115
AT5G14000	296
AT5G61520	666
AT5G13060	255
AT5G33280	585
AT5G50820	18
AT5G43290	211
AT5G41890	1
AT5G01150	0
AT5G60640	2994
AT5G52155	0
AT5G06960	394
AT5G54540	1153
AT5G18080	39
AT5G37070	297
AT5G01140	0
AT5G01540	0
AT5G01830	425
AT5G03550	8
AT5G03140	244
AT5G16620	3003
AT5G38378	0
AT5G51990	0
AT5G54740	0
AT5G39430	0
AT5G05690	2205
AT5G63020	419
AT5G52640	12075
AT5G23270	60
AT5G04790	0
AT5G47635	30
AT5G46795	4
AT5G59780	898
AT5G51660	1301
AT5G37350	1018
AT5G52800	44
AT5G61780	3269
AT5G26640	0
AT5G48170	74
AT5G42270	10301
AT5G13410	835
AT5G57015	751
AT5G63710	466
AT5G39330	12
AT5G56290	1933
AT5G45220	20
AT5G15150	71
AT5G59400	243
AT5G49700	294
AT5G44080	464
AT5G26790	37
AT5G42440	86
AT5G45510	3080
AT5G66250	240
AT5G42880	279
AT5G35670	195
AT5G24575	0
AT5G50600	0
AT5G22840	629
AT5G54800	669
AT5G07571	12
AT5G24130	0
AT5G22800	2813
AT5G36907	14
AT5G03720	815
AT5G03330	246
AT5G18420	831
AT5G56860	538
AT5G63770	675
AT5G03270	1
AT5G18460	418
AT5G13730	969
AT5G10190	228
AT5G42240	474
AT5G06820	12
AT5G52950	138
AT5G55210	410
AT5G40540	190
AT5G04170	760
AT5G10590	0
AT5G58020	1207
AT5G17100	2
AT5G07545	0
AT5G22750	315
AT5G28520	2
AT5G61410	9161
AT5G16840	852
AT5G13260	861
AT5G53560	4274
AT5G24010	363
AT5G23320	31
AT5G49020	496
AT5G60660	156
AT5G16010	1661
AT5G39940	511
AT5G51830	367
AT5G11350	1109
AT5G03050	94
AT5G61390	189
AT5G61640	321
AT5G57345	4818
AT5G24105	37
AT5G57690	6
AT5G43040	73
AT5G02730	4
AT5G38790	5
AT5G65740	282
AT5G33330	0
AT5G01420	34
AT5G35735	2045
AT5G46820	1
AT5G65690	13
AT5G54020	62
AT5G50410	236
AT5G04490	406
AT5G07210	0
AT5G10960	2411
AT5G10820	206
AT5G45610	344
AT5G66130	258
AT5G49860	0
AT5G48020	862
AT5G12240	402
AT5G11500	5536
AT5G34887	0
AT5G62540	662
AT5G49710	424
AT5G09930	190
AT5G47530	53
AT5G22270	148
AT5G02450	4594
AT5G58830	0
AT5G39670	8
AT5G51510	410
AT5G61840	896
AT5G53400	1690
AT5G21020	1587
AT5G55150	20
AT5G36220	244
AT5G49770	10
AT5G40405	105
AT5G37710	236
AT5G50310	1945
AT5G10150	164
AT5G40690	110
AT5G66970	0
AT5G49665	375
AT5G37280	0
AT5G24340	397
AT5G25270	1543
AT5G10560	1014
AT5G07530	5
AT5G02790	5357
AT5G48820	69
AT5G55040	1786
AT5G67540	486
AT5G26660	34
AT5G47210	11186
AT5G24500	476
AT5G59280	0
AT5G57150	2987
AT5G15200	10019
AT5G02160	2048
AT5G53450	1199
AT5G38400	1
AT5G24260	1097
AT5G56280	1255
AT5G10390	214
AT5G08740	640
AT5G35430	790
AT5G37270	0
AT5G60000	0
AT5G64830	505
AT5G28060	5909
AT5G10500	0
AT5G16810	486
AT5G43910	228
AT5G41420	0
AT5G46200	0
AT5G15750	643
AT5G52440	2440
AT5G46190	881
AT5G16650	440
AT5G14950	1027
AT5G63380	521
AT5G65570	220
AT5G12190	394
AT5G28730	0
AT5G05070	0
AT5G10550	1365
AT5G11400	3
AT5G11760	962
AT5G11290	19
AT5G43650	2
AT5G50100	391
AT5G13100	783
AT5G01710	1404
AT5G26673	0
AT5G18700	419
AT5G39600	357
AT5G14770	563
AT5G16160	57
AT5G52730	2
AT5G03440	168
AT5G24310	183
AT5G51370	100
AT5G17730	0
AT5G05480	799
AT5G48670	41
AT5G40510	96
AT5G03020	29
AT5G66810	440
AT5G28160	0
AT5G23920	751
AT5G20870	48
AT5G17110	0
AT5G43710	480
AT5G52020	12
AT5G54600	7794
AT5G58760	396
AT5G05720	0
AT5G14750	15
AT5G62860	0
AT5G04110	297
AT5G03970	512
AT5G16750	1136
AT5G43140	215
AT5G05285	0
AT5G44370	398
AT5G38670	0
AT5G05830	154
AT5G50960	1334
AT5G36920	6
AT5G40210	20
AT5G22520	2
AT5G53592	4
AT5G07165	0
AT5G51980	871
AT5G44710	444
AT5G12400	1428
AT5G54180	577
AT5G43020	290
AT5G34930	604
AT5G06490	1
AT5G26610	555
AT5G10750	687
AT5G39360	243
AT5G42050	2506
AT5G27580	3
AT5G14200	3559
AT5G08335	171
AT5G60780	0
AT5G67070	1301
AT5G12470	1204
AT5G19320	569
AT5G07860	300
AT5G18705	0
AT5G55640	222
AT5G40270	289
AT5G47880	1256
AT5G26570	4034
AT5G13181	0
AT5G67020	26
AT5G04440	1247
AT5G63000	483
AT5G48490	78
AT5G59845	220
AT5G23870	309
AT5G36820	0
AT5G04640	0
AT5G03750	2
AT5G46850	234
AT5G67385	578
AT5G66220	0
AT5G10625	109
AT5G17200	0
AT5G58970	237
AT5G18020	39
AT5G05200	2542
AT5G60040	1359
AT5G22090	2584
AT5G46871	1
AT5G33320	2085
AT5G47790	447
AT5G09980	41
AT5G37200	0
AT5G09470	78
AT5G07120	531
AT5G35525	2
AT5G20200	927
AT5G22020	1782
AT5G57540	28
AT5G61060	657
AT5G25050	110
AT5G62790	2658
AT5G03510	124
AT5G03980	0
AT5G60080	0
AT5G56130	400
AT5G09420	709
AT5G51780	23
AT5G22680	2
AT5G08139	269
AT5G14280	80
AT5G52040	2083
AT5G09880	1836
AT5G27260	0
AT5G14490	66
AT5G52290	53
AT5G45370	228
AT5G35475	0
AT5G57630	717
AT5G24610	1080
AT5G54350	0
AT5G66550	410
AT5G13690	1269
AT5G66850	836
AT5G62920	140
AT5G57030	1346
AT5G56340	386
AT5G09300	113
AT5G27660	499
AT5G64020	373
AT5G12200	1095
AT5G27450	542
AT5G35170	1929
AT5G47090	864
AT5G40860	19
AT5G65840	1121
AT5G55320	2
AT5G27893	43
AT5G08590	1099
AT5G08640	2704
AT5G60730	191
AT5G26310	65
AT5G54910	974
AT5G39100	0
AT5G02490	1634
AT5G46874	0
AT5G18940	307
AT5G12235	2
AT5G25040	590
AT5G46310	0
AT5G57567	33
AT5G52260	1
AT5G36970	0
AT5G04000	33
AT5G37230	1
AT5G43560	1420
AT5G27140	0
AT5G16350	68
AT5G04045	0
AT5G51270	17
AT5G42580	9
AT5G38770	18
AT5G19430	407
AT5G38570	0
AT5G44790	1773
AT5G01290	917
AT5G51210	1
AT5G25510	541
AT5G06300	77
AT5G03860	56
AT5G22690	313
AT5G59390	123
AT5G65360	1027
AT5G55880	0
AT5G66816	1
AT5G24810	858
AT5G61090	44
AT5G24960	12
AT5G64970	182
AT5G62090	1009
AT5G64816	22
AT5G11630	248
AT5G53430	654
AT5G59910	2729
AT5G53910	0
AT5G56970	5
AT5G09320	5
AT5G56100	310
AT5G65760	1397
AT5G55410	3
AT5G61300	177
AT5G53360	157
AT5G43270	642
AT5G28210	0
AT5G18090	15
AT5G64650	607
AT5G25300	0
AT5G46230	59
AT5G23405	347
AT5G05680	705
AT5G24275	20
AT5G04590	9210
AT5G34870	0
AT5G19080	185
AT5G40910	2037
AT5G62350	3428
AT5G18640	905
AT5G25415	0
AT5G13850	1953
AT5G16470	2656
AT5G57140	560
AT5G66053	0
AT5G24150	3511
AT5G54680	1818
AT5G44540	7
AT5G39830	828
AT5G33898	0
AT5G50550	0
AT5G27360	443
AT5G41390	11
AT5G56170	656
AT5G67530	650
AT5G48655	522
AT5G23190	128
AT5G44005	238
AT5G46890	15
AT5G45730	27
AT5G11410	85
AT5G47740	155
AT5G14510	32
AT5G22980	0
AT5G45140	2113
AT5G54690	137
AT5G24820	0
AT5G25260	1
AT5G24318	173
AT5G23760	396
AT5G53240	38
AT5G06030	0
AT5G07410	10
AT5G14570	962
AT5G62810	2090
AT5G06590	84
AT5G54220	0
AT5G60590	267
AT5G51180	816
AT5G57800	1162
AT5G07700	20
AT5G39770	18
AT5G45290	472
AT5G16100	0
AT5G24320	558
AT5G40230	34
AT5G08200	273
AT5G49540	575
AT5G61605	0
AT5G47380	54
AT5G38960	0
AT5G48530	259
AT5G25810	27
AT5G67270	454
AT5G11330	1382
AT5G60450	1453
AT5G39610	113
AT5G37474	1
AT5G27290	220
AT5G10420	0
AT5G40153	0
AT5G17450	436
AT5G44574	104
AT5G15537	109
AT5G43513	0
AT5G51790	4
AT5G64690	8
AT5G15320	1885
AT5G04500	8
AT5G64010	120
AT5G64400	13451
AT5G10660	5
AT5G36910	23
AT5G41430	0
AT5G64140	2359
AT5G26210	988
AT5G15060	2
AT5G60520	115
AT5G03870	200
AT5G56700	68
AT5G64940	8440
AT5G54760	2331
AT5G38530	1285
AT5G48110	115
AT5G23350	45
AT5G39650	0
AT5G63690	33
AT5G36805	0
AT5G24155	955
AT5G37478	16
AT5G46020	2377
AT5G38600	523
AT5G36661	0
AT5G19780	3642
AT5G04380	47
AT5G16570	24
AT5G60615	0
AT5G51960	456
AT5G49580	729
AT5G51910	106
AT5G48400	20
AT5G10740	180
AT5G50860	573
AT5G52620	0
AT5G58340	451
AT5G28420	0
AT5G36710	0
AT5G26930	1
AT5G14800	12792
AT5G64130	1794
AT5G25400	0
AT5G09940	2
AT5G42940	1000
AT5G49690	76
AT5G37690	140
AT5G23470	0
AT5G26180	783
AT5G55700	638
AT5G03120	120
AT5G39024	1
AT5G14270	2044
AT5G08410	1435
AT5G28810	1
AT5G47229	0
AT5G14960	75
AT5G52580	876
AT5G35090	0
AT5G56370	111
AT5G59200	75
AT5G36657	0
AT5G11130	0
AT5G07950	221
AT5G27540	1761
AT5G63920	446
AT5G59580	0
AT5G56420	220
AT5G35300	0
AT5G63700	542
AT5G53550	1372
AT5G12260	345
AT5G17900	1576
AT5G41080	303
AT5G01240	697
AT5G53370	2170
AT5G03180	186
AT5G02040	276
AT5G39440	0
AT5G50370	900
AT5G62780	0
AT5G44690	3
AT5G05790	199
AT5G58290	3592
AT5G35080	468
AT5G55720	2
AT5G53120	1620
AT5G49210	544
AT5G05610	1124
AT5G53990	39
AT5G42210	53
AT5G45320	13
AT5G17670	676
AT5G52910	154
AT5G50380	990
AT5G50423	0
AT5G06240	190
AT5G17320	1
AT5G52130	0
AT5G64390	1051
AT5G26100	0
AT5G43401	0
AT5G60160	1766
AT5G67300	1891
AT5G51430	964
AT5G44560	135
AT5G05630	55
AT5G41840	2
AT5G35890	0
AT5G04238	0
AT5G36130	0
AT5G35330	342
AT5G37970	25
AT5G64230	160
AT5G12150	1249
AT5G12090	0
AT5G62840	289
AT5G15120	255
AT5G57100	367
AT5G20070	1428
AT5G20390	3
AT5G25210	198
AT5G66590	364
AT5G27130	7
AT5G54280	375
AT5G34883	0
AT5G66960	405
AT5G48540	160
AT5G54270	44335
AT5G06970	1208
AT5G57260	75
AT5G22410	38
AT5G56470	0
AT5G41660	0
AT5G35590	2137
AT5G19120	1458
AT5G55850	1101
AT5G36080	0
AT5G06360	2387
AT5G01790	262
AT5G16000	480
AT5G08360	80
AT5G27520	435
AT5G25590	867
AT5G25160	36
AT5G19790	74
AT5G13680	1450
AT5G46390	660
AT5G27350	1619
AT5G47360	136
AT5G65070	64
AT5G17650	310
AT5G45710	237
AT5G28900	796
AT5G11990	75
AT5G09830	682
AT5G15810	1264
AT5G67630	1238
AT5G64360	601
AT5G23710	0
AT5G60300	644
AT5G54200	268
AT5G41580	318
AT5G38840	800
AT5G25240	125
AT5G11930	61
AT5G64370	944
AT5G52700	0
AT5G17850	244
AT5G13920	133
AT5G22160	0
AT5G50360	18
AT5G45030	0
AT5G63590	310
AT5G59030	494
AT5G17700	395
AT5G64950	169
AT5G18360	180
AT5G58900	1119
AT5G64510	697
AT5G66910	386
AT5G54950	9
AT5G19480	473
AT5G54920	339
AT5G57510	1
AT5G53340	361
AT5G58220	1306
AT5G46650	13
AT5G15430	1
AT5G07650	9
AT5G23910	362
AT5G67200	353
AT5G41690	98
AT5G42450	87
AT5G17270	882
AT5G47350	17
AT5G55135	0
AT5G53740	115
AT5G45010	108
AT5G63420	2225
AT5G59100	0
AT5G63310	6098
AT5G18140	378
AT5G57960	632
AT5G10800	203
AT5G44567	7
AT5G08055	0
AT5G37870	0
AT5G18800	1576
AT5G28235	1
AT5G50665	0
AT5G43310	1088
AT5G07670	593
AT5G57940	933
AT5G07490	0
AT5G40980	0
AT5G38620	0
AT5G15790	166
AT5G60970	154
AT5G32470	391
AT5G43890	23
AT5G26955	0
AT5G02870	11345
AT5G47750	876
AT5G50760	162
AT5G13630	31602
AT5G44090	1104
AT5G46740	187
AT5G58910	12
AT5G42690	104
AT5G33210	0
AT5G27170	0
AT5G67520	96
AT5G13120	3006
AT5G09370	1
AT5G49010	139
AT5G04150	17
AT5G18310	756
AT5G36228	0
AT5G06690	552
AT5G15230	3550
AT5G22180	0
AT5G61600	504
AT5G19660	681
AT5G60050	136
AT5G49940	1022
AT5G38030	136
AT5G16410	4
AT5G64660	306
AT5G36380	0
AT5G47600	1005
AT5G50330	131
AT5G42710	94
AT5G28660	0
AT5G55870	0
AT5G63580	19
AT5G41761	21
AT5G05598	0
AT5G63980	1009
AT5G08600	390
AT5G33390	14
AT5G56940	899
AT5G24440	0
AT5G67480	3381
AT5G57890	348
AT5G51120	678
AT5G12890	639
AT5G66595	5
AT5G06640	596
AT5G63890	2425
AT5G61400	81
AT5G62630	235
AT5G50890	260
AT5G17170	2919
AT5G37670	347
AT5G22440	1665
AT5G65050	890
AT5G04080	333
AT5G17370	135
AT5G27220	28
AT5G44990	2
AT5G07440	3842
AT5G53970	464
AT5G01895	0
AT5G62430	60
AT5G28530	268
AT5G11560	3764
AT5G03930	2
AT5G54490	34
AT5G03355	107
AT5G58370	749
AT5G48410	24
AT5G40900	2
AT5G65480	1623
AT5G58000	363
AT5G24430	404
AT5G60430	141
AT5G27880	0
AT5G58040	2303
AT5G02070	0
AT5G03555	857
AT5G27889	44
AT5G66110	175
AT5G26160	1010
AT5G06980	282
AT5G06810	242
AT5G55260	242
AT5G17040	158
AT5G54570	7
AT5G22850	565
AT5G04520	272
AT5G62470	319
AT5G22505	0
AT5G51465	3
AT5G65685	404
AT5G25640	25
AT5G09780	0
AT5G62400	0
AT5G54410	0
AT5G53760	213
AT5G03795	15
AT5G47860	897
AT5G28620	0
AT5G42570	494
AT5G45960	11
AT5G23260	5
AT5G61120	26
AT5G38540	10
AT5G57210	245
AT5G25756	33
AT5G43730	288
AT5G56090	967
AT5G28390	118
AT5G14560	0
AT5G61200	108
AT5G46910	191
AT5G07960	365
AT5G47160	75
AT5G59810	1
AT5G35195	0
AT5G01490	33
AT5G54450	0
AT5G06043	0
AT5G06520	2
AT5G23890	2167
AT5G65630	2875
AT5G26890	0
AT5G65810	532
AT5G36730	0
AT5G59980	414
AT5G67180	60
AT5G59680	23
AT5G53640	3
AT5G05560	801
AT5G60480	1
AT5G64210	2
AT5G45420	1139
AT5G27850	10508
AT5G10210	24
AT5G12380	1
AT5G14660	756
AT5G58690	163
AT5G09430	18
AT5G43790	253
AT5G20520	1177
AT5G57830	143
AT5G35760	12
AT5G18370	317
AT5G57300	952
AT5G10610	431
AT5G01990	404
AT5G41980	76
AT5G45340	143
AT5G59600	0
AT5G17870	3172
AT5G12300	94
AT5G08280	3630
AT5G53580	1564
AT5G27570	0
AT5G62410	651
AT5G36700	0
AT5G10080	288
AT5G04940	542
AT5G61270	331
AT5G49660	1096
AT5G35510	0
AT5G54780	215
AT5G67420	2384
AT5G58660	86
AT5G67140	135
AT5G55240	3
AT5G65620	4360
AT5G38920	0
AT5G09570	1116
AT5G46780	298
AT5G61320	1
AT5G09270	301
AT5G52820	1309
AT5G56120	137
AT5G22550	54
AT5G57990	2886
AT5G11940	8
AT5G64270	3609
AT5G64640	147
AT5G54590	309
AT5G42480	958
AT5G48680	497
AT5G56810	77
AT5G04350	0
AT5G11240	1110
AT5G06430	96
AT5G44572	412
AT5G39930	2
AT5G37340	406
AT5G23690	311
AT5G08100	194
AT5G13550	1315
AT5G10230	2
AT5G52250	57
AT5G57740	276
AT5G13620	0
AT5G44980	127
AT5G63850	821
AT5G09920	775
AT5G58980	262
AT5G58650	100
AT5G44140	2
AT5G49490	0
AT5G16680	945
AT5G13820	362
AT5G02930	2
AT5G01050	17
AT5G65495	150
AT5G52970	1575
AT5G51890	2154
AT5G58210	142
AT5G17840	393
AT5G14220	927
AT5G47980	5
AT5G16710	3745
AT5G51340	718
AT5G67640	167
AT5G56770	0
AT5G41460	418
AT5G48290	162
AT5G35698	0
AT5G43870	394
AT5G66160	662
AT5G63570	3017
AT5G28288	0
AT5G06330	327
AT5G05670	282
AT5G10070	454
AT5G01660	215
AT5G41320	1
AT5G58350	807
AT5G14160	0
AT5G14090	176
AT5G15840	41
AT5G35540	0
AT5G65430	1687
AT5G14080	458
AT5G39000	0
AT5G13080	84
AT5G57420	5
AT5G05620	521
AT5G34828	0
AT5G42400	816
AT5G28180	0
AT5G12960	20
AT5G58950	2136
AT5G42300	9031
AT5G60320	0
AT5G41900	46
AT5G22500	519
AT5G44150	187
AT5G56910	411
AT5G57580	894
AT5G39150	7
AT5G19670	176
AT5G25890	425
AT5G37940	7
AT5G05350	41
AT5G62250	4
AT5G14480	322
AT5G14780	1525
AT5G14600	323
AT5G58800	939
AT5G52480	0
AT5G14285	233
AT5G61650	15
AT5G56452	0
AT5G17560	1445
AT5G60870	303
AT5G05290	0
AT5G55440	0
AT5G45040	38
AT5G45500	880
AT5G05890	113
AT5G09876	22
AT5G55510	325
AT5G05990	858
AT5G61910	886
AT5G49290	139
AT5G62680	1461
AT5G24080	4
AT5G08390	335
AT5G40930	1104
AT5G39310	0
AT5G24890	586
AT5G62380	18
AT5G53680	4
AT5G44960	0
AT5G23115	18
AT5G44065	0
AT5G16120	454
AT5G28885	0
AT5G03190	759
AT5G45020	231
AT5G64440	952
AT5G35640	0
AT5G45250	387
AT5G05600	286
AT5G51900	0
AT5G48240	1025
AT5G47120	2300
AT5G57640	25
AT5G39140	0
AT5G48335	676
AT5G67340	130
AT5G35320	452
AT5G52850	153
AT5G45300	535
AT5G28295	2
AT5G07240	491
AT5G52070	499
AT5G08470	959
AT5G14105	495
AT5G48575	2
AT5G09220	2753
AT5G61000	364
AT5G15210	542
AT5G46470	1986
AT5G40850	5087
AT5G07200	31
AT5G59340	11
AT5G07310	13
AT5G01170	472
AT5G37810	0
AT5G10690	2042
AT5G16080	16
AT5G59900	201
AT5G12460	0
AT5G11890	484
AT5G16940	32
AT5G60265	3
AT5G49305	20
AT5G36120	329
AT5G52760	36
AT5G43755	2
AT5G17930	995
AT5G67490	2
AT5G19810	150
AT5G47480	2295
AT5G25930	89
AT5G46080	79
AT5G55920	3379
AT5G09700	17
AT5G01380	68
AT5G45810	14
AT5G55170	33
AT5G20330	0
AT5G44760	0
AT5G47650	81
AT5G27490	113
AT5G66260	0
AT5G65225	2
AT5G46950	4
AT5G66780	3
AT5G40030	39
AT5G49830	841
AT5G55893	0
AT5G47200	1811
AT5G63280	390
AT5G22960	0
AT5G04630	4
AT5G09290	62
AT5G09800	165
AT5G47080	556
AT5G54900	2424
AT5G41160	6
AT5G14360	33
AT5G39380	238
AT5G43150	1551
AT5G39450	209
AT5G01500	416
AT5G41330	287
AT5G21130	6
AT5G28510	26
AT5G54530	38
AT5G24314	1819
AT5G17630	507
AT5G43050	327
AT5G46660	0
AT5G42970	1127
AT5G62800	1
AT5G44306	91
AT5G56210	251
AT5G16860	83
AT5G11960	1107
AT5G09720	10
AT5G63110	1089
AT5G50340	449
AT5G01090	469
AT5G17260	17
AT5G02020	63
AT5G03630	2498
AT5G38470	2607
AT5G24740	1092
AT5G58330	8944
AT5G63950	675
AT5G55220	3571
AT5G05580	369
AT5G39865	26
AT5G28720	0
AT5G06190	101
AT5G61690	1
AT5G40820	215
AT5G15270	1122
AT5G25760	351
AT5G55310	1846
AT5G16420	168
AT5G25860	0
AT5G01390	466
AT5G38300	58
AT5G63400	3125
AT5G61710	0
AT5G10570	48
AT5G19910	277
AT5G58050	14
AT5G45060	716
AT5G56580	263
AT5G41700	2917
AT5G60740	1
AT5G56390	1
AT5G36780	0
AT5G17510	662
AT5G52060	1316
AT5G17165	0
AT5G01110	161
AT5G08565	146
AT5G39320	509
AT5G41830	8
AT5G60460	523
AT5G56930	340
AT5G43360	0
AT5G15760	55
AT5G08540	1705
AT5G64620	244
AT5G52780	1123
AT5G25850	0
AT5G49060	288
AT5G14610	1444
AT5G07470	1627
AT5G03090	27
AT5G49620	7
AT5G17800	43
AT5G03640	24
AT5G46297	0
AT5G26720	66
AT5G45950	456
AT5G13790	145
AT5G05653	0
AT5G27940	16
AT5G19510	7770
AT5G18636	0
AT5G62160	9
AT5G44910	105
AT5G10760	147
AT5G10170	424
AT5G18220	30
AT5G62650	897
AT5G41940	1153
AT5G37470	5
AT5G44040	302
AT5G60964	0
AT5G36290	696
AT5G15900	20
AT5G27320	448
AT5G40330	39
AT5G40590	6
AT5G25600	0
AT5G53590	271
AT5G23420	501
AT5G02860	1463
AT5G67230	164
AT5G59820	116
AT5G27240	401
AT5G48970	413
AT5G58930	758
AT5G15720	12
AT5G51500	26
AT5G18540	282
AT5G57850	1254
AT5G51060	329
AT5G65610	9
AT5G57910	187
AT5G16550	538
AT5G07450	6
AT5G43185	0
AT5G48340	450
AT5G42760	171
AT5G26230	121
AT5G15450	4274
AT5G12180	15
AT5G67050	13
AT5G37850	624
AT5G04930	1134
AT5G61140	1537
AT5G39180	4
AT5G25990	13
AT5G24030	1149
AT5G09976	14
AT5G66200	902
AT5G06160	1335
AT5G58180	0
AT5G05100	1065
AT5G37890	257
AT5G41071	0
AT5G27440	2
AT5G11220	0
AT5G62950	422
AT5G09630	93
AT5G07500	6
AT5G35069	3
AT5G02390	9
AT5G43210	133
AT5G35520	352
AT5G48830	369
AT5G48230	1247
AT5G38460	369
AT5G10990	22
AT5G20740	1018
AT5G42870	1078
AT5G66930	456
AT5G39500	915
AT5G54043	0
AT5G54130	318
AT5G25750	0
AT5G40750	0
AT5G35603	0
AT5G26120	5
AT5G11420	2271
AT5G40940	8
AT5G52380	329
AT5G35920	0
AT5G17770	3196
AT5G18407	0
AT5G05140	613
AT5G44578	74
AT5G10840	1528
AT5G38730	200
AT5G56660	345
AT5G50050	1
AT5G07600	2
AT5G62240	0
AT5G38180	0
AT5G49910	7875
AT5G48800	409
AT5G45840	115
AT5G27030	668
AT5G45170	534
AT5G45070	89
AT5G23390	1057
AT5G26050	0
AT5G17960	0
AT5G51050	634
AT5G64090	429
AT5G50910	0
AT5G63830	415
AT5G63760	977
AT5G09670	1112
AT5G48810	1608
AT5G66370	0
AT5G50690	0
AT5G38160	0
AT5G33406	0
AT5G13010	3114
AT5G08750	308
AT5G45740	39
AT5G02130	122
AT5G42630	98
AT5G59520	751
AT5G22640	4911
AT5G18870	0
AT5G27400	116
AT5G66170	794
AT5G52547	39
AT5G18510	2
AT5G66410	736
AT5G23170	59
AT5G58570	127
AT5G42220	2245
AT5G55940	963
AT5G52370	495
AT5G25870	0
AT5G48930	3802
AT5G07940	1257
AT5G16600	85
AT5G60410	1428
AT5G38190	1
AT5G12320	441
AT5G65860	671
AT5G16530	48
AT5G20010	7405
AT5G37760	1
AT5G17590	0
AT5G18380	9708
AT5G15940	52
AT5G02670	419
AT5G41765	48
AT5G48650	170
AT5G21482	466
AT5G59510	13
AT5G59110	0
AT5G16340	123
AT5G47700	8055
AT5G40390	378
AT5G39715	0
AT5G40040	15
AT5G37800	8
AT5G15520	354
AT5G15710	157
AT5G12840	541
AT5G17050	1756
AT5G59760	27
AT5G64580	2053
AT5G47280	0
AT5G20310	0
AT5G26300	1
AT5G54580	1090
AT5G15190	57
AT5G25790	74
AT5G63840	4822
AT5G32450	1032
AT5G59613	3107
AT5G47250	271
AT5G56500	2631
AT5G01860	0
AT5G39760	491
AT5G53500	496
AT5G01510	378
AT5G51020	489
AT5G59320	4830
AT5G37165	0
AT5G26330	192
AT5G67250	978
AT5G13660	192
AT5G56630	2375
AT5G58280	10
AT5G22280	441
AT5G65090	279
AT5G10580	555
AT5G19870	82
AT5G07710	189
AT5G42232	0
AT5G35190	166
AT5G59350	266
AT5G65310	2140
AT5G14500	469
AT5G36690	0
AT5G51520	3
AT5G58300	685
AT5G09810	9109
AT5G17530	868
AT5G12210	1190
AT5G56380	655
AT5G65080	11
AT5G41520	8683
AT5G52100	229
AT5G23820	584
AT5G16520	249
AT5G35610	0
AT5G46970	0
AT5G59540	1783
AT5G47710	129
AT5G25830	101
AT5G26710	1626
AT5G28080	22
AT5G04395	0
AT5G53710	0
AT5G59230	8
AT5G11770	5462
AT5G03030	437
AT5G55360	2
AT5G21140	110
AT5G39580	181
AT5G15830	72
AT5G07910	170
AT5G50565	0
AT5G18010	9
AT5G27750	243
AT5G46590	124
AT5G40700	127
AT5G18670	329
AT5G01930	917
AT5G25780	1921
AT5G47850	4
AT5G63135	130
AT5G23740	3773
AT5G11790	758
AT5G04160	194
AT5G16486	4
AT5G56040	1106
AT5G56540	304
AT5G04020	674
AT5G23810	488
AT5G60240	0
AT5G41650	52
AT5G38630	573
AT5G47370	438
AT5G19200	148
AT5G51550	2408
AT5G25100	2338
AT5G45230	1
AT5G42780	115
AT5G28462	0
AT5G19140	4155
AT5G19675	0
AT5G66800	38
AT5G02502	605
AT5G40140	208
AT5G56740	614
AT5G37530	289
AT5G22930	250
AT5G04690	77
AT5G55200	559
AT5G08710	343
AT5G05860	83
AT5G37740	606
AT5G63290	136
AT5G10720	72
AT5G27065	0
AT5G42960	642
AT5G07250	338
AT5G60280	130
AT5G61220	703
AT5G06550	894
AT5G04260	282
AT5G39010	0
AT5G52840	4165
AT5G44130	1876
AT5G03495	67
AT5G08170	915
AT5G47960	21
AT5G57860	277
AT5G36180	20
AT5G01130	0
AT5G59740	130
AT5G39730	1318
AT5G40070	0
AT5G65340	17
AT5G49260	0
AT5G23940	708
AT5G55132	0
AT5G50660	0
AT5G50900	447
AT5G45900	272
AT5G22950	530
AT5G48330	510
AT5G64470	323
AT5G52965	0
AT5G07980	749
AT5G48250	773
AT5G56190	1114
AT5G30510	6274
AT5G04620	166
AT5G64220	820
AT5G05820	270
AT5G33806	0
AT5G08420	3544
AT5G44350	42
AT5G42850	1605
AT5G47140	551
AT5G39020	139
AT5G60200	324
AT5G65640	911
AT5G05920	502
AT5G51650	0
AT5G37140	1
AT5G23680	288
AT5G49050	0
AT5G45875	0
AT5G05190	120
AT5G55550	792
AT5G28290	462
AT5G04870	1290
AT5G64710	481
AT5G38280	71
AT5G47340	0
AT5G10780	2730
AT5G63470	281
AT5G41780	7
AT5G23120	4927
AT5G39620	0
AT5G29070	0
AT5G13830	115
AT5G54380	772
AT5G52670	2
AT5G64730	402
AT5G61620	2
AT5G60380	0
AT5G28770	193
AT5G36200	0
AT5G04410	1586
AT5G11510	364
AT5G55300	2848
AT5G38040	97
AT5G58200	1356
AT5G59000	158
AT5G14520	3410
AT5G40520	520
AT5G51400	863
AT5G54240	33
AT5G62960	206
AT5G18770	350
AT5G23990	3
AT5G62575	782
AT5G66060	447
AT5G06830	606
AT5G28560	1
AT5G20640	56
AT5G66570	41564
AT5G51950	4
AT5G51800	23
AT5G61510	2022
AT5G25290	1
AT5G06150	365
AT5G27100	137
AT5G62020	230
AT5G52460	0
AT5G47470	5
AT5G61160	31
AT5G66985	95
AT5G24450	667
AT5G61380	2457
AT5G51360	0
AT5G19151	60
AT5G11140	3
AT5G37450	8
AT5G27093	6
AT5G51880	679
AT5G20900	1040
AT5G03660	1625
AT5G38895	202
AT5G46210	2338
AT5G63390	10
AT5G26700	18
AT5G24290	15
AT5G23440	395
AT5G24090	99
AT5G04140	21223
AT5G07090	9113
AT5G02380	41142
AT5G51860	0
AT5G47130	37
AT5G41540	3
AT5G57360	1030
AT5G38910	0
AT5G63240	1
AT5G53635	0
AT5G10330	276
AT5G25970	44
AT5G20180	452
AT5G39110	3
AT5G35945	0
AT5G04820	142
AT5G08440	509
AT5G66330	68
AT5G24040	13
AT5G27820	428
AT5G48905	3
AT5G36370	0
AT5G10380	262
AT5G04990	661
AT5G14820	48
AT5G39340	361
AT5G36980	0
AT5G11620	39
AT5G37260	222
AT5G41880	221
AT5G60170	1700
AT5G04560	2364
AT5G42930	5
AT5G63090	95
AT5G27990	679
AT5G64190	27
AT5G35360	3006
AT5G43160	49
AT5G11570	15
AT5G56880	0
AT5G52270	19
AT5G40800	21
AT5G63120	497
AT5G45120	0
AT5G40580	1145
AT5G28630	54
AT5G58005	520
AT5G50620	0
AT5G18910	3
AT5G62150	27
AT5G57610	1035
AT5G46730	3831
AT5G05850	126
AT5G10880	18
AT5G06410	216
AT5G39840	530
AT5G15770	0
AT5G22920	484
AT5G35680	1455
AT5G36800	0
AT5G67620	34
AT5G50610	0
AT5G39890	308
AT5G05940	485
AT5G04700	187
AT5G66680	2670
AT5G28650	13
AT5G25840	157
AT5G43068	1
AT5G58860	216
AT5G15010	195
AT5G11380	527
AT5G38500	2
AT5G60335	8
AT5G12900	497
AT5G59490	49
AT5G02600	346
AT5G20850	88
AT5G13480	614
AT5G54300	375
AT5G07050	0
AT5G56400	0
AT5G54330	0
AT5G65970	210
AT5G42765	693
AT5G23903	0
AT5G60680	524
AT5G47690	3100
AT5G62080	5
AT5G46873	0
AT5G19170	49
AT5G57290	5256
AT5G18660	1897
AT5G08130	1644
AT5G18480	923
AT5G26940	306
AT5G59450	129
AT5G67030	3423
AT5G39520	30
AT5G22240	8
AT5G66070	334
AT5G57190	74
AT5G64330	1613
AT5G18250	131
AT5G55340	25
AT5G64860	1420
AT5G63540	58
AT5G25580	93
AT5G28050	959
AT5G01310	245
AT5G44940	12
AT5G53486	136
AT5G55830	52
AT5G49270	54
AT5G50430	595
AT5G54090	173
AT5G41130	236
AT5G06050	788
AT5G10140	19
AT5G13250	63
AT5G05675	0
AT5G01580	0
AT5G24920	37
AT5G58575	207
AT5G35830	0
AT5G67040	0
AT5G59300	886
AT5G28550	0
AT5G54930	439
AT5G52540	1032
AT5G59060	8
AT5G51720	812
AT5G44460	24
AT5G53420	806
AT5G36160	1108
AT5G15580	500
AT5G49720	7431
AT5G14320	4499
AT5G14275	0
AT5G65390	614
AT5G45460	142
AT5G01920	2448
AT5G16770	5
AT5G06710	135
AT5G14420	464
AT5G17400	428
AT5G47150	10
AT5G16220	760
AT5G58380	589
AT5G37400	179
AT5G24270	176
AT5G06060	504
AT5G05160	951
AT5G12310	474
AT5G26740	618
AT5G44510	517
AT5G11600	99
AT5G49740	826
AT5G27970	1314
AT5G41030	3
AT5G54650	399
AT5G58410	1387
AT5G20980	573
AT5G17250	365
AT5G28491	0
AT5G13160	512
AT5G62700	3638
AT5G02980	0
AT5G43680	221
AT5G22560	8
AT5G36000	34
AT5G02050	1634
AT5G35100	1546
AT5G39785	165
AT5G19633	0
AT5G49750	0
AT5G26010	51
AT5G46110	15671
AT5G06380	0
AT5G56980	246
AT5G12060	0
AT5G62770	90
AT5G56680	2558
AT5G44800	1634
AT5G04610	0
AT5G18490	300
AT5G43510	0
AT5G20935	131
AT5G61480	1147
AT5G48380	1470
AT5G55890	0
AT5G28646	1
AT5G54860	418
AT5G22530	4
AT5G24655	65
AT5G03670	145
AT5G17522	0
AT5G13070	751
AT5G04050	207
AT5G37060	0
AT5G06480	37
AT5G39190	20
AT5G43750	1525
AT5G36930	535
AT5G59500	841
AT5G53950	15
AT5G67560	542
AT5G37490	7
AT5G36280	1
AT5G20570	1006
AT5G37840	0
AT5G10730	587
AT5G16070	1822
AT5G12950	688
AT5G49360	908
AT5G35410	185
AT5G48750	0
AT5G60760	71
AT5G66720	1196
AT5G17790	918
AT5G43390	3
AT5G64420	2737
AT5G23880	1332
AT5G43430	300
AT5G66870	130
AT5G66280	0
AT5G66050	517
AT5G36140	1
AT5G08010	413
AT5G03460	1299
AT5G57900	838
AT5G61500	933
AT5G20220	118
AT5G42350	224
AT5G43460	1094
AT5G56555	1
AT5G21326	1489
AT5G24860	5
AT5G55670	1401
AT5G61990	226
AT5G04800	3562
AT5G19630	224
AT5G36658	0
AT5G08780	283
AT5G35927	0
AT5G22610	3
AT5G63180	859
AT5G60553	0
AT5G19855	618
AT5G26980	296
AT5G23770	63
AT5G14990	0
AT5G07770	297
AT5G16560	170
AT5G57535	0
AT5G59616	0
AT5G44010	126
AT5G23430	624
AT5G02200	38
AT5G59950	1142
AT5G49015	47
AT5G47680	1498
AT5G02750	106
AT5G27000	359
AT5G51090	0
AT5G42100	1204
AT5G38720	917
AT5G56890	1289
AT5G61370	158
AT5G35870	14
AT5G63300	51
AT5G52050	59
AT5G49030	2428
AT5G52770	1
AT5G07580	919
AT5G14790	312
AT5G06470	13
AT5G17350	68
AT5G45910	2
AT5G54990	0
AT5G41410	557
AT5G39170	0
AT5G15560	0
AT5G15700	1071
AT5G14110	14
AT5G54770	62500
AT5G50970	180
AT5G42380	8
AT5G20540	559
AT5G16890	282
AT5G44420	1
AT5G64687	12
AT5G23310	1426
AT5G67330	1827
AT5G19060	77
AT5G17290	492
AT5G38210	0
AT5G17620	252
AT5G64320	232
AT5G21040	507
AT5G22290	350
AT5G55450	0
AT5G54890	158
AT5G54630	365
AT5G11850	827
AT5G38410	71883
AT5G03880	2860
AT5G64070	2091
AT5G10940	1136
AT5G61730	34
AT5G62910	734
AT5G11975	0
AT5G45640	1
AT5G36340	0
AT5G27550	395
AT5G02990	0
AT5G19520	201
AT5G22780	870
AT5G16490	62
AT5G44700	60
AT5G48600	627
AT5G16510	652
AT5G18710	42
AT5G05870	288
AT5G24110	1
AT5G35580	97
AT5G23490	222
AT5G63220	355
AT5G19485	810
AT5G63063	0
AT5G43370	8
AT5G67170	237
AT5G49140	0
AT5G38510	881
AT5G26580	0
AT5G01017	0
AT5G11190	12
AT5G10930	299
AT5G22799	39
AT5G64150	545
AT5G10700	154
AT5G20240	2
AT5G53380	1
AT5G60110	3
AT5G65510	136
AT5G14910	2148
AT5G45380	268
AT5G36260	30
AT5G55125	700
AT5G24550	0
AT5G64410	98
AT5G04885	1243
AT5G57685	618
AT5G55790	434
AT5G65270	690
AT5G14180	46
AT5G58560	994
AT5G64800	10
AT5G66650	155
AT5G13330	320
AT5G61290	215
AT5G44160	113
AT5G10160	1367
AT5G48310	224
AT5G13400	536
AT5G49570	424
AT5G47460	62
AT5G10280	135
AT5G47190	5173
AT5G02000	1
AT5G25370	107
AT5G15490	1157
AT5G42370	377
AT5G11090	2053
AT5G62880	425
AT5G37990	277
AT5G51390	47
AT5G11810	354
AT5G54460	0
AT5G13590	1722
AT5G35120	4
AT5G41860	8
AT5G58170	12
AT5G51760	31
AT5G47240	239
AT5G44860	466
AT5G11780	151
AT5G53660	23
AT5G55650	15
AT5G19720	6
AT5G18450	0
AT5G20050	486
AT5G52470	5443
AT5G56110	0
AT5G16050	2885
AT5G25550	3
AT5G39680	55
AT5G14620	239
AT5G38950	0
AT5G63060	81
AT5G07300	1051
AT5G36790	0
AT5G16440	1252
AT5G62890	2773
AT5G47630	408
AT5G26820	1542
AT5G11200	3786
AT5G22720	6
AT5G14380	39
AT5G19580	156
AT5G52690	0
AT5G50060	0
AT5G14440	1220
AT5G20600	706
AT5G18740	17
AT5G16285	0
AT5G14370	1056
AT5G67360	5946
AT5G04130	1511
AT5G35160	1700
AT5G24950	0
AT5G57270	317
AT5G53620	1416
AT5G48120	793
AT5G26250	8
AT5G12990	2
AT5G57670	14
AT5G36738	0
AT5G50500	0
AT5G60215	0
AT5G10605	8
AT5G28640	192
AT5G36739	0
AT5G09500	13
AT5G66610	125
AT5G15170	348
AT5G03810	0
AT5G62720	2181
AT5G05530	12
AT5G11830	0
AT5G55120	1097
AT5G41510	0
AT5G22796	42
AT5G06610	98
AT5G26680	817
AT5G60220	8
AT5G22870	15
AT5G61900	0
AT5G44320	1867
AT5G16790	39
AT5G05810	126
AT5G02610	3483
AT5G60390	58997
AT5G18270	248
AT5G20290	17811
AT5G10980	1208
AT5G03400	0
AT5G14530	302
AT5G16310	182
AT5G62830	1
AT5G50800	175
AT5G08730	2
AT5G40680	1
AT5G36300	0
AT5G16240	304
AT5G15843	0
AT5G48360	480
AT5G60190	175
AT5G16715	1441
AT5G22970	0
AT5G52170	38
AT5G25800	262
AT5G41740	629
AT5G46630	1308
AT5G44520	336
AT5G50180	466
AT5G20130	1421
AT5G63260	458
AT5G49520	221
AT5G52630	190
AT5G38060	192
AT5G61180	5
AT5G45240	27
AT5G29613	0
AT5G19290	1084
AT5G49610	199
AT5G24050	4
AT5G19540	2064
AT5G15410	1435
AT5G20660	2305
AT5G07370	694
AT5G23790	0
AT5G01450	304
AT5G25265	942
AT5G58720	700
AT5G63340	0
AT5G13180	1415
AT5G47550	645
AT5G61760	298
AT5G61630	0
AT5G27600	1297
AT5G14880	526
AT5G27493	0
AT5G13670	2
AT5G43320	3163
AT5G65030	33
AT5G62040	8
AT5G05420	87
AT5G15680	1315
AT5G02960	10441
AT5G67240	1176
AT5G66340	3
AT5G26751	1185
AT5G37790	159
AT5G40560	0
AT5G13320	25
AT5G42290	0
AT5G58003	304
AT5G42146	291
AT5G35338	0
AT5G58940	214
AT5G42250	127
AT5G01890	1106
AT5G16460	0
AT5G49460	1056
AT5G53280	172
AT5G20840	1049
AT5G09850	1227
AT5G64980	225
AT5G24540	0
AT5G67320	2150
AT5G45455	18
AT5G20260	3
AT5G52550	600
AT5G52740	10
AT5G47320	880
AT5G14070	1
AT5G56020	92
AT5G39250	126
AT5G41730	6
AT5G06930	109
AT5G10290	804
AT5G61740	43
AT5G48220	678
AT5G56710	3854
AT5G48710	3
AT5G51260	172
AT5G14250	1579
AT5G66320	525
AT5G35600	12
AT5G61550	37
AT5G56620	8
AT5G41910	100
AT5G06905	0
AT5G61210	672
AT5G63620	630
AT5G03110	78
AT5G56550	80
AT5G15540	1728
AT5G23540	1693
AT5G44670	230
AT5G40240	708
AT5G09950	54
AT5G37860	0
AT5G18720	6
AT5G10030	309
AT5G40490	1351
AT5G23750	140
AT5G39200	0
AT5G37730	0
AT5G14345	0
AT5G63660	45
AT5G52860	132
AT5G47730	225
AT5G03210	87
AT5G51610	0
AT5G59380	162
AT5G46320	0
AT5G10370	350
AT5G39493	1
AT5G38590	132
AT5G43130	1668
AT5G59480	638
AT5G57620	81
AT5G13870	261
AT5G21010	317
AT5G05230	573
AT5G45970	49
AT5G62640	1109
AT5G16640	75
AT5G57130	680
AT5G21274	979
AT5G65250	391
AT5G47450	38
AT5G06940	67
AT5G66815	7
AT5G01015	2
AT5G42910	0
AT5G57980	113
AT5G06200	17
AT5G39420	20
AT5G06040	0
AT5G02830	1100
AT5G17345	0
AT5G62270	1161
AT5G63150	343
AT5G40020	377
AT5G28490	204
AT5G65850	127
AT5G11010	417
AT5G55080	0
AT5G05430	74
AT5G55860	509
AT5G16060	1226
AT5G50870	1047
AT5G33393	0
AT5G45775	3367
AT5G65165	4
AT5G48300	12032
AT5G67060	129
AT5G65730	201
AT5G41025	0
AT5G07630	249
AT5G22660	1
AT5G34850	7650
AT5G64280	832
AT5G55570	1
AT5G63780	1280
AT5G17820	850
AT5G02100	602
AT5G25530	4
AT5G39690	0
AT5G37210	18
AT5G54140	80
AT5G46170	398
AT5G61460	616
AT5G51410	1318
AT5G25340	0
AT5G54030	29
AT5G10180	2806
AT5G26950	4
AT5G06460	2077
AT5G42080	3988
AT5G65600	11
AT5G53310	618
AT5G04900	450
AT5G50280	862
AT5G19740	407
AT5G44660	645
AT5G41570	18
AT5G62580	783
AT5G26262	0
AT5G14995	0
AT5G06811	126
AT5G03040	1102
AT5G44730	598
AT5G18065	304
AT5G26360	4839
AT5G10830	181
AT5G15290	25
AT5G22545	0
AT5G14390	659
AT5G03240	14171
AT5G52200	529
AT5G59770	772
AT5G46620	373
AT5G41500	1
AT5G43620	95
AT5G04740	3617
AT5G46090	119
AT5G27640	4030
AT5G07390	39
AT5G06700	1561
AT5G18950	227
AT5G42600	2
AT5G14350	215
AT5G55990	396
AT5G56820	0
AT5G56490	3
AT5G06290	3576
AT5G15950	553
AT5G64790	1
AT5G36870	18
AT5G51850	83
AT5G09711	1
AT5G55760	188
AT5G06120	1027
AT5G41270	227
AT5G59730	0
AT5G54100	290
AT5G44240	1291
AT5G62990	277
AT5G61170	5168
AT5G13090	381
AT5G55856	0
AT5G22770	1177
AT5G18330	2
AT5G63600	2124
AT5G50160	1007
AT5G62070	423
AT5G15265	44
AT5G54210	0
AT5G47020	2461
AT5G43064	2
AT5G42660	331
AT5G01360	51
AT5G22430	3
AT5G14020	57
AT5G25330	0
AT5G19530	514
AT5G05113	0
AT5G59895	0
AT5G52975	0
AT5G19490	37
AT5G12360	71
AT5G56180	487
AT5G53860	2964
AT5G38435	0
AT5G40300	275
AT5G53020	256
AT5G01680	0
AT5G07475	55
AT5G42590	21
AT5G34940	249
AT5G17390	66
AT5G66210	832
AT5G58270	1425
AT5G49340	7
AT5G16370	673
AT5G18690	369
AT5G63087	9
AT5G08060	2555
AT5G41990	1709
AT5G37247	12
AT5G26110	588
AT5G18990	0
AT5G02110	4
AT5G06860	0
AT5G64540	9
AT5G49530	972
AT5G12000	2
AT5G22630	457
AT5G10360	8429
AT5G03990	419
AT5G37030	0
AT5G54820	0
AT5G36400	0
AT5G22390	31
AT5G65940	1855
AT5G39540	0
AT5G24330	93
AT5G06870	308
AT5G14710	274
AT5G56670	5511
AT5G03710	23
AT5G35550	1
AT5G38070	53
AT5G04120	10
AT5G45720	89
AT5G48370	154
AT5G18735	0
AT5G10480	1014
AT5G08770	110
AT5G51690	308
AT5G22250	114
AT5G06320	826
AT5G56720	57
AT5G17430	16
AT5G10000	0
AT5G07720	34
AT5G35405	0
AT5G18860	197
AT5G03204	6
AT5G47900	167
AT5G61110	0
AT5G66335	0
AT5G42895	0
AT5G63350	25
AT5G53610	0
AT5G62670	2480
AT5G06910	773
AT5G12120	675
AT5G57440	469
AT5G22120	305
AT5G36420	0
AT5G21090	7121
AT5G27920	179
AT5G11820	1
AT5G63720	0
AT5G66540	953
AT5G27830	254
AT5G21990	974
AT5G20160	3295
AT5G57970	108
AT5G66500	66
AT5G40610	501
AT5G48543	0
AT5G53300	6830
AT5G09750	2
AT5G09350	249
AT5G17660	282
AT5G64930	446
AT5G39220	47
AT5G24060	1088
AT5G25250	62
AT5G15040	0
AT5G65750	3314
AT5G07920	683
AT5G51630	287
AT5G20170	511
AT5G28690	1
AT5G39471	25
AT5G01780	433
AT5G02430	352
AT5G24480	2
AT5G17190	887
AT5G62060	0
AT5G50920	44404
AT5G34829	0
AT5G10870	270
AT5G38850	248
AT5G18240	0
AT5G38520	834
AT5G22350	612
AT5G12370	1658
AT5G12980	523
AT5G46600	27
AT5G26830	3154
AT5G03430	1362
AT5G53780	0
AT5G19100	61
AT5G15640	436
AT5G07030	4073
AT5G12280	13
AT5G16740	1
AT5G19020	157
AT5G48175	15
AT5G01640	87
AT5G22650	6265
AT5G46180	1335
AT5G38860	211
AT5G23212	0
AT5G50120	80
AT5G10220	0
AT5G39900	222
AT5G50040	1
AT5G44270	3
AT5G65920	167
AT5G58890	1
AT5G02270	803
AT5G55520	270
AT5G35960	26
AT5G12140	3200
AT5G07260	0
AT5G08391	5
AT5G35930	501
AT5G42280	142
AT5G12020	11895
AT5G01060	11
AT5G12270	6
AT5G20350	1011
AT5G13710	1456
AT5G02260	309
AT5G19500	240
AT5G65205	176
AT5G57790	366
AT5G41720	0
AT5G15390	779
AT5G49130	0
AT5G40670	782
AT5G44120	13
AT5G62510	2
AT5G55660	4039
AT5G60610	70
AT5G53460	5947
AT5G39040	618
AT5G39590	1151
AT5G16630	408
AT5G10460	299
AT5G65500	4
AT5G03940	4742
AT5G16170	11
AT5G23220	99
AT5G55580	399
AT5G01720	1052
AT5G61790	17698
AT5G41150	413
AT5G54745	0
AT5G17220	429
AT5G17570	89
AT5G09840	616
AT5G54400	36
AT5G15890	64
AT5G12043	2
AT5G41050	306
AT5G38344	14
AT5G35790	2043
AT5G66770	554
AT5G62110	0
AT5G25430	0
AT5G62980	452
AT5G22760	1370
AT5G01820	1850
AT5G60090	0
AT5G24460	764
AT5G55000	399
AT5G55855	0
AT5G58420	4171
AT5G24170	207
AT5G37130	1421
AT5G47440	29
AT5G08150	31
AT5G60600	11495
AT5G55840	314
AT5G64180	1115
AT5G50130	190
AT5G47610	198
AT5G67430	118
AT5G39660	68
AT5G43950	212
AT5G02290	517
AT5G50420	358
AT5G59690	780
AT5G47780	2603
AT5G01700	65
AT5G63225	0
AT5G56300	11
AT5G35732	303
AT5G37660	182
AT5G30495	566
AT5G57490	684
AT5G22220	147
AT5G53440	1339
AT5G06510	241
AT5G54290	959
AT5G07560	19
AT5G65580	0
AT5G46720	95
AT5G17167	0
AT5G14450	346
AT5G11270	1001
AT5G03080	402
AT5G46270	767
AT5G22210	240
AT5G25320	2
AT5G12850	883
AT5G26760	1356
AT5G27380	1395
AT5G43660	67
AT5G08570	3317
AT5G17980	327
AT5G50680	0
AT5G13510	1283
AT5G43110	0
AT5G42860	197
AT5G43060	3584
AT5G60010	0
AT5G21900	125
AT5G47420	588
AT5G23510	98
AT5G65613	0
AT5G61890	22
AT5G40600	173
AT5G18190	1638
AT5G13700	111
AT5G19730	807
AT5G59790	289
AT5G26990	421
AT5G18120	287
AT5G42955	0
AT5G13960	641
AT5G34780	0
AT5G02920	0
AT5G08120	437
AT5G46520	168
AT5G43230	25
AT5G59090	195
AT5G07970	1202
AT5G02840	879
AT5G19420	410
AT5G64550	1382
AT5G36230	3093
AT5G04360	673
AT5G18600	50
AT5G11710	1057
AT5G43340	0
AT5G49480	1028
AT5G67550	43
AT5G01075	36
AT5G20450	269
AT5G05450	723
AT5G56800	0
AT5G43211	0
AT5G64770	401
AT5G54310	1699
AT5G36320	0
AT5G04330	44
AT5G40645	2
AT5G45430	2861
AT5G02370	214
AT5G50562	0
AT5G08090	1
AT5G37600	5855
AT5G02820	356
AT5G46860	1094
AT5G24970	429
AT5G64290	2276
AT5G37055	172
AT5G49110	235
AT5G47435	2267
AT5G49555	872
AT5G67210	117
AT5G15780	3345
AT5G07550	6
AT5G27390	856
AT5G08190	328
AT5G59590	37
AT5G24350	1328
AT5G06080	11
AT5G35700	755
AT5G60900	46
AT5G06370	437
AT5G36480	0
AT5G04760	130
AT5G01950	758
AT5G65880	423
AT5G59860	9
AT5G15080	521
AT5G48730	266
AT5G20920	2179
AT5G42540	2162
AT5G27420	66
AT5G21280	364
AT5G10270	745
AT5G41450	0
AT5G17740	0
AT5G11880	2612
AT5G39470	0
AT5G44100	1555
AT5G42635	0
AT5G07430	5
AT5G28350	1157
AT5G35910	2463
AT5G48630	364
AT5G13450	6532
AT5G63670	1438
AT5G04047	0
AT5G55100	1090
AT5G40640	212
AT5G66450	301
AT5G18933	0
AT5G40595	0
AT5G65910	540
AT5G05910	0
AT5G47010	3412
AT5G50200	393
AT5G46690	234
AT5G40180	7
AT5G18970	290
AT5G53650	671
AT5G61010	353
AT5G03905	410
AT5G16400	1058
AT5G28840	4196
AT5G53530	499
AT5G24980	252
AT5G24590	562
AT5G06265	498
AT5G63320	868
AT5G38890	519
AT5G27770	2463
AT5G58520	371
AT5G19440	2744
AT5G55507	1
AT5G05590	158
AT5G65420	151
AT5G22320	677
AT5G48940	166
AT5G58782	4
AT5G61130	2259
AT5G60920	4007
AT5G20370	0
AT5G58700	411
AT5G62330	1
AT5G09660	10021
AT5G41290	3
AT5G24355	1
AT5G52720	0
AT5G21120	5
AT5G25755	110
AT5G27730	680
AT5G53090	240
AT5G62220	386
AT5G04550	1136
AT5G60840	312
AT5G17060	423
AT5G02630	96
AT5G48130	4
AT5G25570	35
AT5G49470	521
AT5G05965	3
AT5G43180	145
AT5G56310	88
AT5G11740	5424
AT5G63860	3407
AT5G38980	1613
AT5G37010	353
AT5G23850	259
AT5G39280	0
AT5G37240	48
AT5G17690	553
AT5G54260	351
AT5G37500	425
AT5G67390	147
AT5G15280	355
AT5G22620	618
AT5G35450	649
AT5G63410	392
AT5G53200	12
AT5G13610	534
AT5G57815	1055
AT5G06839	121
AT5G55590	12
AT5G04933	0
AT5G46540	2
AT5G04750	2607
AT5G65380	1411
AT5G52880	259
AT5G45470	0
AT5G58500	44
AT5G54360	0
AT5G65060	199
AT5G64560	583
AT5G43822	160
AT5G09960	209
AT5G38580	0
AT5G65120	149
AT5G54050	9
AT5G50440	152
AT5G37640	0
AT5G42520	905
AT5G42020	20430
AT5G37715	0
AT5G45620	1159
AT5G67130	1283
AT5G42430	0
AT5G37950	7
AT5G42510	40
AT5G26080	2
AT5G39790	644
AT5G04890	325
AT5G54585	2
AT5G02240	6492
AT5G17720	0
AT5G62627	0
AT5G62000	3434
AT5G53000	734
AT5G39090	18
AT5G66040	2366
AT5G44470	0
AT5G08560	1509
AT5G35917	2
AT5G44190	2611
AT5G10950	623
AT5G20720	32079
AT5G36225	0
AT5G04060	586
AT5G60670	3239
AT5G35753	549
AT5G56840	90
AT5G42325	16
AT5G35490	642
AT5G37050	10
AT5G41070	194
AT5G52350	0
AT5G17300	53
AT5G13350	0
AT5G25090	134
AT5G35630	21476
AT5G56510	11
AT5G10320	90
AT5G62120	0
AT5G13390	1198
AT5G11580	3099
AT5G52980	283
AT5G65960	554
AT5G05060	542
AT5G15090	7365
AT5G18780	289
AT5G49930	826
AT5G54980	338
AT5G64530	50
AT5G60990	1220
AT5G05030	0
AT5G47950	25
AT5G51040	2546
AT5G37610	5
AT5G42260	0
AT5G05640	55
AT5G45990	133
AT5G45410	2102
AT5G49150	0
AT5G26650	0
AT5G66230	322
AT5G48040	146
AT5G63610	459
AT5G65010	1807
AT5G40220	1
AT5G49960	159
AT5G05660	1087
AT5G15180	31
AT5G42750	316
AT5G05365	198
AT5G43518	0
AT5G42560	750
AT5G48000	45
AT5G35737	0
AT5G20000	1010
AT5G04400	0
AT5G12410	1344
AT5G23300	898
AT5G28590	0
AT5G60142	29
AT5G40810	3509
AT5G37820	0
AT5G66580	115
AT5G51440	2933
AT5G54710	69
AT5G57250	375
AT5G22590	0
AT5G37793	24
AT5G36680	0
AT5G09760	361
AT5G04470	75
AT5G66730	853
AT5G60950	179
AT5G59470	141
AT5G62970	4
AT5G18750	739
AT5G53600	0
AT5G24360	551
AT5G05440	812
AT5G23230	0
AT5G22875	303
AT5G65005	0
AT5G12330	392
AT5G18630	581
AT5G08490	97
AT5G08660	728
AT5G42170	2
AT5G24850	402
AT5G26340	963
AT5G58710	4888
AT5G56330	0
AT5G57230	334
AT5G54480	0
AT5G41350	361
AT5G15550	1811
AT5G57240	21
AT5G13750	753
AT5G58630	30
AT5G25880	10
AT5G13990	119
AT5G51030	12
AT5G06540	129
AT5G27080	0
AT5G23290	625
AT5G63750	117
AT5G41640	2
AT5G44400	883
AT5G27210	86
AT5G38100	5
AT5G44580	1081
AT5G44720	1095
AT5G18475	124
AT5G58480	675
AT5G50590	0
AT5G22890	190
AT5G05330	49
AT5G48030	2801
AT5G42950	2323
AT5G46550	740
AT5G18150	0
AT5G49730	277
AT5G07840	245
AT5G40970	133
AT5G43700	621
AT5G43940	6825
AT5G03885	4
AT5G10540	2365
AT5G13560	1601
AT5G23610	929
AT5G38480	3355
AT5G59570	202
AT5G51480	14
AT5G42030	1460
AT5G28470	0
AT5G61310	373
AT5G10600	0
AT5G48900	228
AT5G49780	21
AT5G01980	484
AT5G14410	100
AT5G18661	3
AT5G59710	870
AT5G07460	506
AT5G48385	2364
AT5G35604	0
AT5G13650	6374
AT5G19850	305
AT5G10530	0
AT5G65320	48
AT5G25030	0
AT5G46710	163
AT5G23411	0
AT5G63375	0
AT5G47170	33
AT5G55530	1104
AT5G20650	591
AT5G06260	836
AT5G50830	3
AT5G02590	298
AT5G53880	2157
AT5G06890	0
AT5G47455	416
AT5G45570	2
AT5G52190	0
AT5G61590	635
AT5G01520	244
AT5G60880	142
AT5G01670	546
AT5G27950	784
AT5G54810	4089
AT5G40960	80
AT5G07810	149
AT5G12970	111
AT5G63730	0
AT5G54880	90
AT5G07175	5
AT5G50915	281
AT5G15610	2006
AT5G20480	376
AT5G42235	14
AT5G53895	18
AT5G22170	0
AT5G28150	283
AT5G64680	483
AT5G51080	58
AT5G66005	195
AT5G63640	671
AT5G09680	291
AT5G20080	1536
AT5G18620	1741
AT5G08720	514
AT5G43780	1891
AT5G25220	1365
AT5G13930	29626
AT5G49760	1262
AT5G25110	276
AT5G09870	2246
AT5G25425	0
AT5G40740	431
AT5G50450	541
AT5G23035	0
AT5G58470	2478
AT5G38780	42
AT5G25440	206
AT5G24670	1168
AT5G27150	1057
AT5G44590	0
AT5G29560	0
AT5G13470	218
AT5G18210	62
AT5G50070	0
AT5G45670	579
AT5G24300	3107
AT5G19620	1093
AT5G57220	31
AT5G44830	0
AT5G55960	696
AT5G61190	748
AT5G54230	25
AT5G44265	0
AT5G01650	1787
AT5G59830	557
AT5G42053	0
AT5G66900	219
AT5G62460	407
AT5G15310	115
AT5G58540	295
AT5G43740	235
AT5G20670	98
AT5G55140	461
AT5G48550	4
AT5G01840	508
AT5G49850	372
AT5G10470	1411
AT5G61920	58
AT5G08320	196
AT5G56690	0
AT5G32619	0
AT5G45450	0
AT5G18610	584
AT5G38200	359
AT5G21910	15
AT5G08460	1
AT5G61720	6
AT5G50080	0
AT5G49300	215
AT5G01260	209
AT5G16540	602
AT5G17490	38
AT5G59050	160
AT5G20500	1072
AT5G44260	158
AT5G53960	0
AT5G54165	45
AT5G46430	4633
AT5G35460	554
AT5G01610	38
AT5G16360	117
AT5G64700	113
AT5G10970	0
AT5G49330	341
AT5G21030	0
AT5G53110	58
AT5G03900	1003
AT5G41315	20
AT5G50990	80
AT5G44230	260
AT5G54855	370
AT5G14310	342
AT5G37040	0
AT5G13170	760
AT5G06180	176
AT5G35688	3
AT5G14900	1
AT5G64740	6468
AT5G01030	752
AT5G38810	0
AT5G63880	283
AT5G06340	4119
AT5G47540	890
AT5G18560	14
AT5G19220	920
AT5G53160	2174
AT5G52300	326
AT5G05650	0
AT5G19930	288
AT5G57500	44
AT5G61530	1335
AT5G14400	1
AT5G15600	121
AT5G50240	172
AT5G19360	4
AT5G08330	752
AT5G45150	35
AT5G45115	63
AT5G18037	1
AT5G14150	43
AT5G40370	2070
AT5G64340	1224
AT5G48700	1
AT5G53220	158
AT5G25200	0
AT5G17030	119
AT5G14340	15
AT5G49040	0
AT5G08080	751
AT5G26620	0
AT5G44610	433
AT5G47500	673
AT5G39740	8912
AT5G18500	1041
AT5G62900	273
AT5G44900	26
AT5G61330	1301
AT5G67160	170
AT5G23530	208
AT5G05130	404
AT5G54250	838
AT5G59105	0
AT5G64850	198
AT5G28780	0
AT5G04210	1
AT5G65650	463
AT5G18840	555
AT5G03200	467
AT5G54340	0
AT5G59210	594
AT5G06210	467
AT5G22600	0
AT5G20270	407
AT5G05780	1327
AT5G54070	0
AT5G48890	0
AT5G27090	0
AT5G36740	17
AT5G18980	1227
AT5G15025	102
AT5G20490	1839
AT5G04270	102
AT5G49280	266
AT5G17910	980
AT5G15745	0
AT5G36720	0
AT5G51845	0
AT5G16250	309
AT5G67411	15
AT5G26970	128
AT5G66380	266
AT5G60910	3
AT5G26960	484
AT5G05020	3
AT5G37560	0
AT5G22330	890
AT5G62050	975
AT5G54060	386
AT5G51730	810
AT5G01330	21
AT5G10745	445
AT5G62710	440
AT5G38640	671
AT5G56790	573
AT5G02740	735
AT5G52320	205
AT5G10680	4
AT5G02760	393
AT5G59420	1998
AT5G64670	1683
AT5G38680	0
AT5G08690	10671
AT5G19460	248
AT5G48470	2052
AT5G53480	4087
AT5G54067	4
AT5G42490	22
AT5G44750	972
AT5G51810	69
AT5G43440	645
AT5G48720	295
AT5G03960	36
AT5G04510	506
AT5G63680	1773
AT5G14260	2615
AT5G19410	25
AT5G52530	2386
AT5G64110	302
AT5G54620	0
AT5G38170	0
AT5G36550	0
AT5G66290	286
AT5G09460	1922
AT5G31412	0
AT5G58740	1616
AT5G54320	0
AT5G53180	838
AT5G36540	0
AT5G51560	297
AT5G17130	0
AT5G36001	0
AT5G26617	0
AT5G09990	28
AT5G50570	0
AT5G05800	935
AT5G63440	214
AT5G40460	107
AT5G27840	585
AT5G43695	0
AT5G56410	0
AT5G03590	0
AT5G02970	404
AT5G07230	1
AT5G53750	199
AT5G15030	1
AT5G42800	1229
AT5G66190	12254
AT5G48580	1575
AT5G05930	338
AT5G48480	1005
AT5G46840	1791
AT5G64250	739
AT5G07150	0
AT5G42340	1
AT5G41440	0
AT5G14580	1181
AT5G03380	1804
AT5G04600	1620
AT5G63200	638
AT5G66660	1
AT5G25980	5066
AT5G47310	590
AT5G40190	316
AT5G36210	1252
AT5G51740	334
AT5G05570	682
AT5G64750	22
AT5G45750	615
AT5G18820	991
AT5G04040	818
AT5G41630	0
AT5G53900	437
AT5G18890	2
AT5G27395	723
AT5G09230	491
AT5G61420	1417
AT5G48960	1425
AT5G05380	112
AT5G38970	10
AT5G46040	7
AT5G17310	1484
AT5G02350	34
AT5G04200	502
AT5G24380	963
AT5G32460	0
AT5G66180	245
AT5G63370	2800
AT5G23110	1827
AT5G54095	12
AT5G59660	28
AT5G37550	116
AT5G44770	0
AT5G15100	1
AT5G65700	1190
AT5G38550	77
AT5G51600	826
AT5G65870	54
AT5G19800	34
AT5G45275	254
AT5G67460	113
AT5G37170	0
AT5G27070	0
AT5G06500	0
AT5G39800	159
AT5G26270	103
AT5G11070	249
AT5G03320	388
AT5G09770	1462
AT5G52870	243
AT5G48180	6469
AT5G41090	1
AT5G24990	183
AT5G47070	265
AT5G40290	2
AT5G03150	175
AT5G56140	701
AT5G60560	0
AT5G40080	138
AT5G58260	1048
AT5G54500	1229
AT5G15650	2605
AT5G24140	46
AT5G27060	24
AT5G05210	977
AT5G03280	2741
AT5G02030	267
AT5G57480	117
AT5G05490	67
AT5G63870	907
AT5G45280	191
AT5G41560	277
AT5G55565	0
AT5G40710	223
AT5G50850	3286
AT5G47077	0
AT5G11210	22
AT5G39120	10
AT5G57750	0
AT5G52650	2589
AT5G10770	308
AT5G45350	3658
AT5G46140	47
AT5G44250	424
AT5G20510	260
AT5G40981	2
AT5G17640	503
AT5G19030	217
AT5G03610	1089
AT5G56260	1423
AT5G49350	116
AT5G27670	520
AT5G41360	958
AT5G67440	449
AT5G48980	10
AT5G46070	1484
AT5G66120	2860
AT5G24620	1548
AT5G13300	1715
AT5G09978	7
AT5G60770	1
AT5G14170	1073
AT5G15670	0
AT5G18403	0
AT5G07850	0
AT5G21060	527
AT5G09250	126
AT5G46900	22
AT5G59360	19
AT5G15630	275
AT5G18850	164
AT5G50090	113
AT5G04670	683
AT5G54440	1257
AT5G56080	54
AT5G07640	18
AT5G04220	251
AT5G19150	472
AT5G64460	592
AT5G05320	78
AT5G11750	226
AT5G23630	2874
AT5G52960	870
AT5G61580	950
AT5G21080	9
AT5G20060	1438
AT5G03370	471
AT5G37980	57
AT5G05840	27
AT5G37415	4
AT5G23590	999
AT5G05500	209
AT5G58510	738
AT5G49970	2180
AT5G45330	297
AT5G20110	160
AT5G18960	776
AT5G53270	0
AT5G13230	77
AT5G60710	1180
AT5G45600	332
AT5G52120	82
AT5G24200	6
AT5G03360	3
AT5G48200	0
AT5G28340	10
AT5G19230	117
AT5G35530	9984
AT5G14130	24
AT5G50780	803
AT5G41800	106
AT5G36900	19
AT5G25190	156
AT5G48640	371
AT5G55070	2695
AT5G22765	0
AT5G24210	801
AT5G44310	0
AT5G27760	865
AT5G05980	485
AT5G60630	24
AT5G54510	724
AT5G63270	19
AT5G07740	1668
AT5G19390	1083
AT5G45100	384
AT5G26290	115
AT5G22050	673
AT5G61750	3
AT5G16500	2
AT5G58160	322
AT5G09580	177
AT5G35375	8
AT5G11390	424
AT5G62180	166
AT5G51250	2
AT5G44568	134
AT5G27238	0
AT5G67500	2350
AT5G25410	0
AT5G57920	36
AT5G64160	208
AT5G46500	3
AT5G64060	317
AT5G61240	1059
AT5G50510	0
AT5G09600	308
AT5G15802	282
AT5G57760	0
AT5G36110	16
AT5G62290	505
AT5G48205	1
AT5G07330	25
AT5G62280	73
AT5G48100	20
AT5G24930	3020
AT5G43080	81
AT5G53840	0
AT5G09790	203
AT5G20960	1521
AT5G09640	3
AT5G58840	35
AT5G16090	0
AT5G03415	291
AT5G39640	0
AT5G54660	383
AT5G06850	412
AT5G37300	2
AT5G38080	2
AT5G14940	151
AT5G10060	1131
AT5G63160	263
AT5G57160	638
AT5G20230	906
AT5G18300	23
AT5G01550	73
AT5G19900	2216
AT5G65330	2
AT5G37160	0
AT5G55350	9
AT5G44570	61
AT5G33370	9
AT5G04280	1811
AT5G59670	13
AT5G63130	238
AT5G03480	0
AT5G01970	204
AT5G03470	481
AT5G52940	11
AT5G19300	816
AT5G48560	470
AT5G39410	1006
AT5G05460	368
AT5G64030	2502
AT5G04370	27
AT5G67600	1055
AT5G05987	252
AT5G02690	17
AT5G55131	0
AT5G01200	107
AT5G51920	210
AT5G47430	1532
AT5G56750	675
AT5G62740	806
AT5G08415	548
AT5G54830	614
AT5G56795	166
AT5G12870	65
AT5G43720	588
AT5G46400	491
AT5G43540	37
AT5G56440	0
AT5G05710	329
AT5G09400	818
AT5G25450	609
AT5G40890	982
AT5G37473	0
AT5G26594	0
AT5G51290	723
AT5G11300	224
AT5G10410	50
AT5G60490	242
AT5G03944	0
AT5G27510	1
AT5G59840	541
AT5G13910	125
AT5G12070	0
AT5G36350	0
AT5G01225	0
AT5G66658	74
AT5G54040	222
AT5G67350	167
AT5G28400	197
AT5G44495	0
AT5G44780	228
AT5G25080	601
AT5G43190	238
AT5G20890	4198
AT5G24510	6
AT5G19340	110
AT5G63100	191
AT5G05280	4
AT5G14040	10387
AT5G46560	373
AT5G43090	1
AT5G17230	3572
AT5G10900	157
AT5G40440	245
AT5G34830	0
AT5G63970	166
AT5G20320	895
AT5G18937	3
AT5G41310	0
AT5G25490	113
AT5G06170	0
AT5G66140	1304
AT5G59530	22
AT5G10520	167
AT5G63800	964
AT5G52045	0
AT5G07830	1352
AT5G12340	6
AT5G59850	2516
AT5G04720	1126
AT5G50700	0
AT5G05760	188
AT5G27740	718
AT5G59410	165
AT5G47075	0
AT5G38310	1
AT5G07350	3807
AT5G02520	113
AT5G02640	32
AT5G01070	3
AT5G61810	543
AT5G08300	2395
AT5G24800	894
AT5G41620	169
AT5G28020	554
AT5G54730	591
AT5G43480	1
AT5G60360	13390
AT5G66640	38
AT5G39210	272
AT5G04860	380
AT5G01910	156
AT5G22190	0
AT5G24020	520
AT5G60980	1946
AT5G08180	1601
AT5G59700	144
AT5G05740	1845
AT5G58880	1
AT5G11230	177
AT5G63530	2302
AT5G64960	1853
AT5G08315	1
AT5G04970	40
AT5G50320	923
AT5G13840	396
AT5G59440	835
AT5G49550	229
AT5G14700	194
AT5G19680	779
AT5G28500	2724
AT5G36880	4196
AT5G53980	10
AT5G06280	302
AT5G01690	1
AT5G65300	76
AT5G04540	673
AT5G10020	799
AT5G66310	496
AT5G07520	3
AT5G40430	0
AT5G54840	223
AT5G63990	375
AT5G49190	71
AT5G48657	80
AT5G19760	8059
AT5G47990	71
AT5G41260	1102
AT5G17780	130
AT5G53730	225
AT5G15070	197
AT5G50640	15
AT5G40170	303
AT5G04090	312
AT5G09610	1
AT5G56590	258
AT5G09890	969
AT5G07420	1
AT5G13240	624
AT5G42785	8
AT5G27330	1698
AT5G08050	1979
AT5G22740	1365
AT5G09730	127
AT5G13950	1191
AT5G50170	438
AT5G04390	43
AT5G04230	479
AT5G39700	0
AT5G25820	464
AT5G44030	729
AT5G61680	0
AT5G46980	0
AT5G02330	8
AT5G14540	1457
AT5G23400	435
AT5G47800	202
AT5G43030	23
AT5G17305	0
AT5G24160	2489
AT5G06110	2539
AT5G66520	0
AT5G07610	118
AT5G15400	1416
AT5G03790	10
AT5G43470	1900
AT5G64100	540
AT5G25475	321
AT5G53470	194
AT5G15980	1015
AT5G46060	36
AT5G41109	0
AT5G07290	1038
AT5G13270	304
AT5G12230	756
AT5G37770	1032
AT5G52570	361
AT5G22450	1516
AT5G14330	497
AT5G22260	0
AT5G19000	800
AT5G51670	154
AT5G07190	36
AT5G07800	204
AT5G53030	151
AT5G37720	1423
AT5G17020	2779
AT5G63250	0
AT5G37750	70
AT5G50580	0
AT5G50740	309
AT5G15581	0
AT5G51195	0
AT5G38260	0
AT5G52500	0
AT5G65520	324
AT5G58460	0
AT5G52115	0
AT5G06420	232
AT5G45530	21
AT5G50770	1
AT5G42700	315
AT5G63170	0
AT5G67000	0
AT5G47100	404
AT5G08270	215
AT5G13280	951
AT5G48910	446
AT5G52510	943
AT5G06680	452
AT5G12220	532
AT5G11080	0
AT5G50350	419
AT5G57570	93
AT5G66890	0
AT5G02620	1258
AT5G27870	3
AT5G67220	2207
AT5G05410	342
AT5G66710	58
AT5G26070	0
AT5G19070	194
AT5G42410	0
AT5G42320	843
AT5G44585	28
AT5G63230	0
AT5G20550	81
AT5G01410	6007
AT5G67190	136
AT5G38270	0
AT5G65350	32
AT5G23960	0
AT5G66510	2245
AT5G41210	1725
AT5G47400	372
AT5G35900	0
AT5G62370	313
AT5G55690	5
AT5G03700	237
AT5G45540	108
AT5G62300	3327
AT5G40360	0
AT5G15860	820
AT5G11550	422
AT5G47230	145
AT5G46130	29
AT5G04480	847
AT5G03570	11
AT5G55020	28
AT5G64240	551
AT5G65770	0
AT5G38240	45
AT5G51490	19
AT5G25150	637
AT5G49160	1746
AT5G47870	789
AT5G06450	310
AT5G40000	21
AT5G28910	235
AT5G46395	7
AT5G59180	532
AT5G19650	24
AT5G66630	116
AT5G19280	1258
AT5G07990	677
AT5G60720	140
AT5G14640	685
AT5G06645	0
AT5G10050	317
AT5G13860	123
AT5G49000	213
AT5G17750	0
AT5G61660	0
AT5G67310	47
AT5G23930	77
AT5G62520	247
AT5G59040	4
AT5G01810	778
AT5G25754	1226
AT5G55900	114
AT5G38490	1
AT5G45130	1121
AT5G56650	674
AT5G26622	183
AT5G56870	243
AT5G11690	329
AT5G39720	1
AT5G07020	2652
AT5G44170	160
AT5G14730	220
AT5G58230	1022
AT5G25280	9428
AT5G60070	0
AT5G60310	63
AT5G59610	227
AT5G07000	144
AT5G19240	195
AT5G58620	885
AT5G23370	49
AT5G54148	3
AT5G59310	4591
AT5G56270	373
AT5G45490	710
AT5G15480	0
AT5G42040	35
AT5G46750	899
AT5G23010	3607
AT5G41970	1839
AT5G07270	729
AT5G20120	341
AT5G15620	1
AT5G33340	2
AT5G15260	212
AT5G38650	0
AT5G40790	11
AT5G06740	103
AT5G59170	32
AT5G22000	2793
AT5G19950	307
AT5G59870	382
AT5G38020	39
AT5G60440	3
AT5G49440	1351
AT5G59430	721
AT5G13380	0
AT5G10340	21
AT5G41550	30
AT5G40100	124
AT5G24879	1
AT5G38820	16
AT5G41000	208
AT5G48210	0
AT5G51570	1046
AT5G58600	363
AT5G48485	0
AT5G38710	49
AT5G12940	154
AT5G05657	0
AT5G04340	57
AT5G53850	1530
AT5G42920	2332
AT5G13980	1478
AT5G11250	310
AT5G55390	955
AT5G01400	1260
AT5G43770	5
AT5G10450	8026
AT5G52400	1
AT5G16830	410
AT5G56610	79
AT5G05360	310
AT5G43520	0
AT5G14680	467
AT5G39260	0
AT5G21160	1765
AT5G60570	1552
AT5G25500	93
AT5G62420	1
AT5G15510	168
AT5G24520	452
AT5G44380	1297
AT5G20820	51
AT5G67510	1368
AT5G15020	1539
AT5G56325	0
AT5G20190	4723
AT5G11260	419
AT5G67110	2
AT5G11950	669
AT5G02950	171
AT5G63480	98
AT5G51620	412
AT5G62820	118
AT5G53190	1
AT5G46010	0
AT5G40470	179
AT5G46380	4
AT5G06230	37
AT5G47490	967
AT5G50390	207
AT5G13580	125
AT5G26805	0
AT5G03300	2602
AT5G23040	3026
AT5G16023	1
AT5G13890	345
AT5G16200	195
AT5G62530	1689
AT5G47570	2764
AT5G42640	0
AT5G53930	523
AT5G27010	6
AT5G43300	150
AT5G43970	1107
AT5G44840	0
AT5G58550	352
AT5G17710	6336
AT5G03553	40
AT5G49430	1097
AT5G39850	1077
AT5G17410	390
AT5G45870	2
AT5G25000	0
AT5G27620	469
AT5G13110	590
AT5G65780	1095
AT5G57180	2422
AT5G55770	3
AT5G46115	15
AT5G55910	902
AT5G42670	500
AT5G62865	80
AT5G53210	215
AT5G65550	0
AT5G51070	2696
AT5G36100	0
AT5G06560	530
AT5G58580	103
AT5G14120	2364
AT5G62230	170
AT5G58150	0
AT5G14010	6
AT5G66470	1350
AT5G21170	348
AT5G49990	462
AT5G44490	216
AT5G26190	39
AT5G37420	6
AT5G62065	0
AT5G45000	3
AT5G01340	479
AT5G44063	25
AT5G49200	54
AT5G03250	137
AT5G65683	354
AT5G66010	672
AT5G39050	665
AT5G09340	0
AT5G61020	3130
AT5G03130	2
AT5G37590	320
AT5G51150	467
AT5G27110	197
AT5G04710	1068
AT5G57080	32
AT5G28750	2032
AT5G64450	53
AT5G18180	23
AT5G63550	655
AT5G16590	608
AT5G63070	0
AT5G02890	237
AT5G56030	11956
AT5G61950	143
AT5G27606	0
AT5G66790	18
AT5G07820	288
AT5G61450	530
AT5G57565	228
AT5G30500	0
AT5G16190	125
AT5G59750	457
AT5G54170	1714
AT5G59240	180
AT5G55090	38
AT5G28823	0
AT5G50540	0
AT5G22340	1631
AT5G49645	83
AT5G48160	2264
AT5G05880	64
AT5G47520	314
AT5G46760	1205
AT5G40200	1268
AT5G28850	959
AT5G13190	317
AT5G08110	318
AT5G50300	25
AT5G16690	207
AT5G27960	0
AT5G08520	639
AT5G61250	59
AT5G49525	12
AT5G25420	0
AT5G14210	717
AT5G22040	405
AT5G04830	1184
AT5G18748	0
AT5G44550	84
AT5G14050	2139
AT5G46810	0
AT5G38380	491
AT5G28830	258
AT5G25470	11
AT5G27530	0
AT5G61865	61
AT5G23020	2316
AT5G28950	0
AT5G38010	158
AT5G61100	0
AT5G25140	182
AT5G44360	0
AT5G43285	2
AT5G26670	229
AT5G38250	1
AT5G63490	475
AT5G43530	25
AT5G44600	238
AT5G43590	5
AT5G06780	463
AT5G12040	1684
AT5G38610	49
AT5G47000	237
AT5G19110	58
AT5G15690	0
AT5G40650	562
AT5G42825	0
AT5G55800	0
AT5G15500	39
AT5G23670	1664
AT5G39240	27
AT5G52090	0
AT5G50250	1633
AT5G62130	443
AT5G51450	393
AT5G38990	574
AT5G40620	3
AT5G27800	0
AT5G13740	997
AT5G18400	1178
AT5G11150	700
AT5G56640	0
AT5G44300	0
AT5G10910	762
AT5G57090	253
AT5G28615	0
AT5G02230	465
AT5G42500	99
AT5G12350	993
AT5G49120	21
AT5G51585	0
AT5G01440	0
AT5G43240	3
AT5G50650	0
AT5G41530	0
AT5G06580	419
AT5G41750	125
AT5G01900	0
AT5G12390	440
AT5G14300	0
AT5G23150	1508
AT5G04430	3204
AT5G20995	0
AT5G51010	1338
AT5G15880	772
AT5G38386	46
AT5G03800	411
AT5G62660	4
AT5G40780	58
AT5G39370	0
AT5G26630	2
AT5G04460	564
AT5G35950	0
AT5G15910	489
AT5G35770	8
AT5G56450	194
AT5G55250	58
AT5G09520	5
AT5G35926	42
AT5G27610	312
AT5G10250	4
AT5G28310	22
AT5G53290	231
AT5G41810	136
AT5G48390	51
AT5G43170	76
AT5G25960	8
AT5G26170	157
AT5G58070	4454
AT5G62623	0
AT5G52110	299
AT5G44680	415
AT5G39750	0
AT5G06250	75
AT5G64890	1
AT5G51190	0
AT5G53250	35
AT5G36360	0
AT5G03490	91
AT5G57560	653
AT5G02400	93
AT5G34882	0
AT5G59080	159
AT5G36450	0
AT5G40060	263
AT5G52520	1507
AT5G42360	425
AT5G01560	439
AT5G41280	0
AT5G06220	1523
AT5G55010	3
AT5G22130	235
AT5G37380	732
AT5G08160	770
AT5G12010	603
AT5G44280	368
AT5G43760	1682
AT5G44650	1388
AT5G56250	1012
AT5G11412	3
AT5G04660	0
AT5G54160	4843
AT5G38195	0
AT5G58490	3114
AT5G43410	0
AT5G63010	236
AT5G05040	1
AT5G52160	0
AT5G36960	42
AT5G43120	0
AT5G57040	1380
AT5G02880	1249
AT5G28680	2
AT5G35940	2
AT5G18920	97
AT5G63520	481
AT5G66880	585
AT5G48450	372
AT5G14930	284
AT5G55508	0
AT5G27050	4
AT5G06630	247
AT5G63040	376
AT5G23840	18
AT5G06660	471
AT5G13430	2592
AT5G19590	2150
AT5G19890	821
AT5G42610	0
AT5G56160	118
AT5G56000	1095
AT5G46290	3460
AT5G45390	4112
AT5G37830	2356
AT5G61980	142
AT5G27720	698
AT5G27945	0
AT5G57840	203
AT5G65660	1418
AT5G02530	1875
AT5G61830	234
AT5G18930	109
AT5G28320	147
AT5G28410	0
AT5G67580	518
AT5G66055	1825
AT5G44620	1
AT5G18790	693
AT5G41100	367
AT5G48620	2155
AT5G59940	13
AT5G65280	152
AT5G08680	4110
AT5G53230	72
AT5G40010	61
AT5G35560	1266
AT5G39130	6
AT5G47040	1590
AT5G16700	0
AT5G38747	59
AT5G26810	0
AT5G19990	1384
AT5G46350	14
AT5G26140	0
AT5G39270	0
AT5G03340	1226
AT5G15250	1135
AT5G25520	1306
AT5G49500	276
AT5G60690	930
AT5G47810	724
AT5G41200	1
AT5G61230	1925
AT5G51770	282
AT5G01770	1088
AT5G37440	238
AT5G18320	12
AT5G10100	135
AT5G42310	843
AT5G44110	179
AT5G13020	1297
AT5G22110	146
AT5G24190	0
AT5G60060	49
AT5G24880	45
AT5G35740	77
AT5G62500	272
AT5G25610	5599
AT5G22790	707
AT5G26900	30
AT5G51350	272
AT5G66270	116
AT5G53890	657
AT5G54000	0
AT5G03390	83
AT5G57530	24
AT5G22510	1132
AT5G13825	0
AT5G51710	288
AT5G19830	134
AT5G39290	0
AT5G46990	0
AT5G15960	1579
AT5G11040	945
AT5G65210	568
AT5G58430	730
AT5G67245	72
AT5G60370	161
AT5G47770	1837
AT5G47030	5695
AT5G19250	386
AT5G29000	334
AT5G25130	288
AT5G24120	261
AT5G41010	757
AT5G39570	5144
AT5G09620	1004
AT5G45780	559
AT5G21125	0
AT5G56240	1448
AT5G23240	3806
AT5G55710	788
AT5G27930	711
AT5G40320	0
AT5G27020	0
AT5G18290	133
AT5G48870	408
AT5G01881	0
AT5G51545	461
AT5G11520	1810
AT5G46085	21
AT5G54190	4
AT5G06090	18
AT5G15160	47
AT5G46580	4426
AT5G22555	0
AT5G38830	1272
AT5G49840	731
AT5G11900	795
AT5G59150	294
AT5G19750	677
AT5G65830	160
AT5G13940	4
AT5G05635	0
AT5G48690	43
AT5G22150	6
AT5G65925	94
AT5G01570	58
AT5G62573	0
AT5G50460	1417
AT5G48790	832
AT5G20830	1691
AT5G04960	258
AT5G47910	2067
AT5G54470	99
AT5G23780	12
AT5G64040	14169
AT5G06000	204
AT5G02420	66
AT5G50480	0
AT5G15660	1
AT5G43830	1956
AT5G01270	1151
AT5G55780	18
AT5G22080	1754
AT5G02065	2
AT5G40380	204
AT5G38090	0
AT5G05000	522
AT5G53130	1032
AT5G17080	1
AT5G55370	15
AT5G07660	110
AT5G17380	2265
AT5G28300	1846
AT5G49600	0
AT5G65140	41
AT5G51160	26
AT5G53140	2709
AT5G20090	1740
AT5G43690	18
AT5G61940	111
AT5G56060	2
AT5G02360	47
AT5G50400	1061
AT5G51915	0
AT5G02120	924
AT5G19450	1330
AT5G20447	0
AT5G40160	836
AT5G57770	28
AT5G54560	6
AT5G16330	0
AT5G34885	0
AT5G64080	499
AT5G44920	31
AT5G24230	29
AT5G22880	1555
AT5G07900	218
AT5G65890	203
AT5G42530	4202
AT5G60250	473
AT5G23460	66
AT5G49390	171
AT5G66607	23
AT5G09690	133
AT5G59070	0
AT5G19610	0
AT5G10336	23
AT5G23210	1102
AT5G28450	1
AT5G24760	291
AT5G51000	0
AT5G15000	0
AT5G26730	8
AT5G20635	126
AT5G54110	456
AT5G06770	220
AT5G64720	10
AT5G40400	153
AT5G04840	95
AT5G42810	504
AT5G47920	116
AT5G37150	0
AT5G18230	2069
AT5G23160	2
AT5G59550	299
AT5G24940	28
AT5G38317	0
AT5G15380	6
AT5G65540	351
AT5G52080	0
AT5G04030	0
AT5G17550	204
AT5G46770	3
AT5G01180	94
AT5G26880	2165
AT5G22200	3
AT5G21050	26
AT5G47660	757
AT5G52610	0
AT5G48320	74
AT5G18030	57
AT5G52605	0
AT5G43500	459
AT5G66350	331
AT5G64430	707
AT5G35390	4
AT5G64813	748
AT5G25900	927
AT5G09410	1381
AT5G11970	88
AT5G15533	0
AT5G09995	188
AT5G44050	32
AT5G44930	323
AT5G65240	551
AT5G37410	87
AT5G03840	33
AT5G60800	376
AT5G42242	0
AT5G22570	20
AT5G39160	7
AT5G18040	538
AT5G44970	0
AT5G20340	0
AT5G48270	1
AT5G09550	0
AT5G05900	14
AT5G17810	8
AT5G39820	10
AT5G23720	405
AT5G51540	535
AT5G64260	1350
AT5G61030	3645
AT5G01960	998
AT5G64000	0
AT5G18430	35
AT5G25170	186
AT5G21950	44
AT5G45113	1
AT5G05510	173
AT5G03890	33
AT5G03000	2
AT5G22608	123
AT5G36950	597
AT5G17160	648
AT5G51220	665
AT5G47330	262
AT5G03450	448
AT5G13030	2119
AT5G51530	23
AT5G44290	1127
AT5G09380	340
AT5G60500	0
AT5G38140	215
AT5G22100	1011
AT5G60850	781
AT5G16480	99
AT5G49220	549
AT5G18760	374
AT5G45277	0
AT5G11460	188
AT5G59160	977
AT5G62310	73
AT5G57380	5
AT5G14760	487
AT5G47260	0
AT5G64520	252
AT5G08000	354
AT5G35570	561
AT5G26850	829
AT5G14590	2568
AT5G08400	289
AT5G42010	109
AT5G13200	952
AT5G26690	5
AT5G60750	295
AT5G62730	1359
AT5G16980	177
AT5G54430	1419
AT5G65160	80
AT5G36430	0
AT5G25230	142
AT5G24650	2462
AT5G03100	167
AT5G39980	423
AT5G66560	0
AT5G51820	2815
AT5G44500	364
AT5G06570	80
AT5G48840	346
AT5G16453	6
AT5G05735	0
AT5G39920	0
AT5G62550	371
AT5G53830	205
AT5G59330	4
AT5G50750	12
AT5G49230	245
AT5G46300	0
AT5G11530	467
AT5G44635	524
AT5G57590	562
AT5G22400	269
AT5G26780	1138
AT5G07510	2
AT5G48990	257
AT5G38865	236
AT5G13150	83
AT5G46280	742
AT5G47390	578
AT5G66675	278
AT5G23970	0
AT5G09360	2
AT5G49820	704
AT5G28237	3
AT5G07590	322
AT5G37250	1
AT5G60140	9
AT5G57930	2243
AT5G02540	48
AT5G03995	48
AT5G13220	38
AT5G18170	514
AT5G35200	905
AT5G03290	1893
AT5G55160	1957
AT5G24710	1984
AT5G61070	35
AT5G20580	263
AT5G42090	27
AT5G13760	271
AT5G03220	132
AT5G52890	239
AT5G26280	1872
AT5G48280	0
AT5G49980	1643
AT5G19860	1961
AT5G01870	421
AT5G57400	11
AT5G03070	368
AT5G41600	883
AT5G20430	0
AT5G01470	437
AT5G42330	106
AT5G53790	0
AT5G23650	0
AT5G38930	93
AT5G08670	14118
AT5G45930	763
AT5G02910	142
AT5G47820	1439
AT5G20380	707
AT5G48190	0
AT5G36330	0
AT5G17500	0
AT5G39910	0
AT5G25120	758
AT5G59305	0
AT5G65930	818
AT5G03780	204
AT5G11670	5135
AT5G53170	3652
AT5G46360	0
AT5G17280	0
AT5G01220	2783
AT5G61340	370
AT5G17150	22
AT5G48500	392
AT5G11700	1849
AT5G24352	98
AT5G07225	0
AT5G15130	130
AT5G11540	119
AT5G10260	23
AT5G46220	42
AT5G07180	548
AT5G09390	605
AT5G54420	0
AT5G37930	255
AT5G23550	264
AT5G15440	418
AT5G48660	73
AT5G49870	8
AT5G58784	2
AT5G15850	0
AT5G28380	0
AT5G10310	46
AT5G24900	8
AT5G44180	2100
AT5G38430	17784
AT5G15470	434
AT5G62940	214
AT5G43960	1674
AT5G16430	0
AT5G39560	0
AT5G50140	1
AT5G60350	6
AT5G44440	0
AT5G46825	15
AT5G11980	542
AT5G17990	1906
AT5G47290	0
AT5G53742	5
AT5G63085	0
AT5G54145	79
AT5G22370	445
AT5G60100	501
AT5G61050	0
AT5G39350	285
AT5G11170	4246
AT5G57390	142
AT5G25060	2677
AT5G44563	0
AT5G25757	1136
AT5G17880	627
AT5G02180	236
AT5G18160	0
AT5G43640	5
AT5G66620	118
AT5G65790	86
AT5G58850	0
AT5G46330	300
AT5G57450	51
AT5G47720	497
AT5G45650	1341
AT5G35995	267
AT5G03850	2540
AT5G23180	3
AT5G27120	3098
AT5G17070	345
AT5G52655	0
AT5G38760	0
AT5G18050	19
AT5G03690	295
AT5G61610	54
AT5G50490	0
AT5G08630	931
AT5G12050	168
AT5G45830	14
AT5G58412	0
AT5G41220	338
AT5G46880	121
AT5G47110	3623
AT5G67410	21
AT5G19980	372
AT5G28030	182
AT5G62850	2
AT5G27910	8
AT5G36390	0
AT5G10130	90
AT5G67265	0
AT5G03760	877
AT5G27370	0
AT5G11340	1702
AT5G32440	930
AT5G08260	2607
AT5G06990	27
AT5G54670	445
AT5G20165	379
AT5G18070	209
AT5G52660	182
AT5G34869	0
AT5G18550	424
AT5G62440	1021
AT5G19370	1241
AT5G19172	0
AT5G52030	150
AT5G39810	3
AT5G14140	170
AT5G57887	13
AT5G53800	1916
AT5G27890	244
AT5G21960	2
AT5G17330	1664
AT5G61260	29
AT5G42905	0
AT5G16960	33
AT5G27300	214
AT5G15330	196
AT5G57880	111
AT5G28442	44
AT5G07100	105
AT5G34905	0
AT5G08510	297
AT5G57655	1859
AT5G08610	3353
AT5G56230	18
AT5G59460	273
AT5G39970	219
AT5G57170	401
AT5G11370	5
AT5G49410	148
AT5G24750	128
AT5G04910	511
AT5G57120	2908
AT5G38390	0
AT5G20020	5870
AT5G12450	2
AT5G37190	871
AT5G42790	2142
AT5G44450	687
AT5G35980	2045
AT5G64905	2
AT5G13290	162
AT5G60890	972
AT5G11280	699
AT5G23580	549
AT5G12920	83
AT5G06670	470
AT5G63930	595
AT5G45770	48
AT5G16900	83
AT5G25630	1697
AT5G44973	0
AT5G06900	0
AT5G60020	342
AT5G43260	351
AT5G18404	16
AT5G40315	0
AT5G57070	503
AT5G48570	20671
AT5G26090	2
AT5G16450	350
AT5G10435	0
AT5G67290	1162
AT5G40310	0
AT5G11310	394
AT5G09740	471
AT5G65040	108
AT5G65220	6086
AT5G11060	750
AT5G39880	6
AT5G39990	577
AT5G49890	874
AT5G54215	0
AT5G25920	5
AT5G52545	80
AT5G63500	268
AT5G60700	499
AT5G65370	0
AT5G43350	1555
AT5G62998	6
AT5G55050	650
AT5G41400	605
AT5G35067	0
AT5G05110	604
AT5G24870	342
AT5G24370	0
AT5G11680	1457
AT5G56570	0
AT5G02470	309
AT5G16920	0
AT5G55500	716
AT5G11160	123
AT5G55400	366
AT5G10890	79
AT5G17140	0
AT5G11180	3
AT5G43200	3
AT5G28040	540
AT5G38660	1047
AT5G46640	149
AT5G61412	53
AT5G55610	460
AT5G65410	562
AT5G23520	262
AT5G12290	697
AT5G40720	215
AT5G42504	0
AT5G58920	816
AT5G65110	2192
AT5G52330	25
AT5G22540	7
AT5G03580	0
AT5G17180	4
AT5G62200	1326
AT5G39530	987
AT5G45050	783
AT5G66090	3535
AT5G38690	251
AT5G05770	2
AT5G15240	17
AT5G42720	1758
AT5G01250	38
AT5G10490	1030
AT5G38396	10
AT5G50020	615
AT5G11920	57
AT5G67280	690
AT5G25940	347
AT5G02150	259
AT5G44640	0
AT5G43980	147
AT5G16290	1224
AT5G49800	71
AT5G11100	718
AT5G10090	5
AT5G24165	2091
AT5G40500	262
AT5G27710	316
AT5G24600	28
AT5G40990	15
AT5G43930	730
AT5G52882	552
AT5G01940	111
AT5G08505	0
AT5G55630	414
AT5G26742	14809
AT5G46340	580
AT5G01630	263
AT5G42060	747
AT5G13500	708
AT5G48350	1
AT5G50940	14
AT5G52810	228
AT5G60120	1217
AT5G44340	3934
AT5G48920	248
AT5G04420	679
AT5G60510	0
AT5G44200	940
AT5G17580	90
AT5G60210	495
AT5G43550	0
AT5G58080	12
AT5G52360	0
AT5G52920	3182
AT5G62030	493
AT5G45860	14
AT5G03350	387
AT5G46295	3
AT5G24690	4608
AT5G18900	641
AT5G43175	2
AT5G23200	603
AT5G64480	348
AT5G20280	5683
AT5G07140	122
AT5G08141	0
AT5G59890	998
AT5G54550	4
AT5G02570	0
AT5G13770	2468
AT5G65687	248
AT5G16210	1215
AT5G57520	3
AT5G24316	3
AT5G46700	567
AT5G06310	130
AT5G16320	167
AT5G41140	733
AT5G04250	242
AT5G55430	0
AT5G52410	492
AT5G57569	0
AT5G18520	1390
AT5G08230	1081
AT5G07790	227
AT5G60620	1152
AT5G63595	56
AT5G24000	246
AT5G03910	571
AT5G45560	190
AT5G50710	0
AT5G24660	1203
AT5G64300	1484
AT5G06440	634
AT5G10946	124
AT5G20630	5255
AT5G43525	0
AT5G12030	3451
AT5G59220	276
AT5G66690	1140
AT5G02680	73
AT5G42900	1190
AT5G62690	3583
AT5G18880	0
AT5G06800	88
AT5G02850	259
AT5G57123	11
AT5G06130	1845
AT5G59140	1504
AT5G04895	636
AT5G56730	413
AT5G12130	616
AT5G13720	477
AT5G17460	334
AT5G62560	383
AT5G45890	7
AT5G06350	544
AT5G49680	245
AT5G14602	2
AT5G24070	18
AT5G22794	119
AT5G50840	352
AT5G39860	5
AT5G46250	4370
AT5G18060	19
AT5G12420	184
AT5G56368	0
AT5G41680	9
AT5G22355	25
AT5G01300	19
AT5G41370	655
AT5G58060	561
AT5G01600	2952
AT5G21920	601
AT5G11640	630
AT5G11840	443
AT5G37680	240
AT5G37540	322
AT5G52490	0
AT5G05260	6
AT5G25995	11
AT5G35220	1823
AT5G28919	0
AT5G39710	328
AT5G09820	536
AT5G66100	665
AT5G03160	1600
AT5G42840	53
AT5G66360	439
AT5G12930	259
AT5G21100	1709
AT5G14100	202
AT5G36722	0
AT5G18350	3
AT5G67010	4
AT5G46670	0
AT5G21105	7160
AT5G26000	14201
AT5G20690	34
AT5G44530	399
AT5G41950	1041
AT5G15685	2
AT5G24770	1044
AT5G07480	1
AT5G50470	0
AT5G38330	0
AT5G45690	8
AT5G48590	303
AT5G14720	1191
AT5G38197	0
AT5G08650	2378
AT5G56460	232
AT5G42740	1625
AT5G18650	776
AT5G55110	31
AT5G65530	122
AT5G22420	0
AT5G25360	436
AT5G22060	3787
AT5G17000	1010
AT5G53520	0
AT5G39480	1
AT5G57820	6
AT5G02090	23
AT5G65260	1807
AT5G35913	0
AT5G65490	1496
AT5G23575	2006
AT5G26320	0
AT5G14850	221
AT5G66530	1161
AT5G62490	5
AT5G53045	504
AT5G13340	218
AT5G14690	250
AT5G54940	5518
AT5G14430	1530
AT5G22070	337
AT5G50220	0
AT5G39030	149
AT5G11470	210
AT5G62360	156
AT5G58820	0
AT5G25070	779
AT5G23830	205
AT5G02780	38
AT5G01160	532
AT5G19050	388
AT5G44410	289
AT5G26150	0
AT5G38700	32
AT5G36150	3
AT5G55180	698
AT5G12440	739
AT5G57200	2
AT5G44480	118
AT5G27247	2
AT5G66860	1921
AT5G42890	1690
AT5G17970	26
AT5G56070	0
AT5G62190	11314
AT5G48520	417
AT5G51420	1
AT5G63030	827
AT5G23330	336
AT5G13210	306
AT5G28220	298
AT5G43880	547
AT5G50361	1
AT5G41340	509
AT5G39390	0
AT5G16020	4
AT5G48850	786
AT5G13570	486
AT5G46490	653
AT5G12100	432
AT5G40570	168
AT5G57410	373
AT5G20700	17061
AT5G09445	1
AT5G17830	12
AT5G56600	1819
AT5G10350	1467
AT5G35750	629
AT5G35620	1787
AT5G51700	346
AT5G61997	0
AT5G11720	1411
AT5G63560	270
AT5G22900	0
AT5G04010	5
AT5G60945	0
AT5G17680	26
AT5G05220	16
AT5G42150	1114
AT5G48515	0
AT5G36440	0
AT5G53490	907
AT5G64120	2562
AT5G60290	21
AT5G41380	24
AT5G56430	2
AT5G40120	0
AT5G15140	6
AT5G43570	29
AT5G40480	2752
AT5G07620	53
AT5G61970	1116
AT5G55280	2316
AT5G41040	556
AT5G39300	0
AT5G36810	0
AT5G42680	235
AT5G20045	13
AT5G45090	9
AT5G06070	3
AT5G25390	3
AT5G17920	36961
AT5G66480	217
AT5G18390	122
AT5G11490	1149
AT5G02770	4899
AT5G01100	103
AT5G06400	44
AT5G39950	3833
AT5G13880	98
AT5G63740	0
AT5G35810	0
AT5G22480	419
AT5G59920	280
AT5G10120	0
AT5G36470	0
AT5G63140	102
AT5G60150	190
AT5G56350	2313
AT5G16730	2018
AT5G43400	630
AT5G51130	273
AT5G10510	269
AT5G65290	447
AT5G46915	19
AT5G23860	1012
AT5G37650	0
AT5G04937	0
AT5G25620	367
AT5G17520	356
AT5G41470	37
AT5G43490	4
AT5G22470	1
AT5G13490	3231
AT5G42070	191
AT5G40155	0
AT5G27560	659
AT5G28740	2008
AT5G67400	268
AT5G52220	157
AT5G22140	122
AT5G63790	1176
AT5G25910	10
AT5G49420	3
AT5G38940	262
AT5G01460	675
AT5G23700	28
AT5G19470	299
AT5G16660	1359
AT5G08250	20
AT5G64630	107
AT5G04980	87
AT5G19330	2217
AT5G11416	1
AT5G22010	973
AT5G17360	28
AT5G26240	789
AT5G38110	274
AT5G23800	177
AT5G66052	386
AT5G18440	406
AT5G11860	610
AT5G63630	381
AT5G09240	34
AT5G51870	0
AT5G16820	337
AT5G20590	872
AT5G03170	275
AT5G24630	228
AT5G59960	559
AT5G52230	227
AT5G56010	7594
AT5G46940	0
AT5G57020	1120
AT5G41960	511
AT5G61560	71
AT5G07080	171
AT5G65990	1156
AT5G17610	601
AT5G04240	709
AT5G02500	32907
AT5G05180	787
AT5G44565	3
AT5G13780	2638
AT5G16110	1179
AT5G53260	0
AT5G45310	10
AT5G51750	2177
AT5G02560	215
AT5G42965	8
AT5G05310	249
AT5G43100	1241
AT5G67610	1747
AT5G51970	3646
AT5G16260	901
AT5G55480	606
AT5G50230	464
AT5G54870	1130
AT5G48050	13
AT5G28370	0
AT5G08380	3002
AT5G39550	477
AT5G17890	1347
AT5G49215	224
AT5G43630	1456
AT5G66990	1
AT5G51940	1020
AT5G08340	343
AT5G64610	741
AT5G45160	919
AT5G46000	4
AT5G62140	612
AT5G03820	0
AT5G54850	86
AT5G37900	0
AT5G52180	0
AT5G03730	2288
AT5G01010	2221
AT5G03060	13
AT5G17523	0
AT5G15740	1122
AT5G62165	4
AT5G55290	602
AT5G23660	1315
AT5G49450	95
AT5G28960	1
AT5G10650	505
AT5G05390	24
AT5G55130	772
AT5G51300	2124
AT5G40250	793
AT5G41763	30
AT5G22490	5
AT5G36670	0
AT5G04730	0
AT5G46370	3
AT5G39230	1
AT5G41870	258
AT5G46410	922
AT5G58310	82
AT5G24640	10
AT5G23070	576
AT5G36500	0
AT5G19400	2410
AT5G06140	1211
AT5G50443	2
AT5G18340	117
AT5G02250	1291
AT5G60790	4471
AT5G55190	3955
AT5G50270	6
AT5G19920	458
AT5G09310	315
AT5G41020	1085
AT5G16720	370
AT5G59560	391
AT5G45800	1790
AT5G17600	452
AT5G03500	324
AT5G02995	0
AT5G63900	9
AT5G36170	1245
AT5G06600	2387
AT5G02650	296
AT5G64667	10
AT5G19820	4350
AT5G60805	0
AT5G40880	393
AT5G06530	329
AT5G50030	4
AT5G07572	8
AT5G53150	1288
AT5G20440	0
AT5G43000	2
AT5G15920	489
AT5G23570	1048
AT5G53050	460
AT5G33290	348
AT5G23100	295
AT5G03520	812
AT5G11360	2
AT5G50290	29
AT5G44785	832
AT5G57280	705
AT5G17340	0
AT5G45550	554
AT5G16270	1654
AT5G22030	822
AT5G45400	304
AT5G19175	0
AT5G04770	84
AT5G66980	6
AT5G46680	146
AT5G50345	0
AT5G53770	657
AT5G24280	701
AT5G64310	1510
AT5G19875	519
AT5G58090	1687
AT5G06950	350
AT5G52240	1905
AT5G35970	981
AT5G64170	1231
AT5G51470	18
AT5G25770	374
AT5G45573	0
AT5G38360	286
AT5G50210	920
AT5G35840	1373
AT5G42980	23570
AT5G22145	0
AT5G20140	547
AT5G03435	140
AT5G15300	74
AT5G47930	5231
AT5G30490	477
AT5G22670	0
AT5G50150	589
AT5G14980	2
AT5G36190	0
AT5G54035	0
AT5G60860	89
AT5G09650	7358
AT5G46030	1560
AT5G36490	0
AT5G47670	11
AT5G04070	198
AT5G36240	0
AT5G49310	8
AT5G08370	196
AT5G02720	0
AT5G40830	706
AT5G02280	182
AT5G23060	8302
AT5G65560	385
AT5G38743	18
AT5G40410	24
AT5G45700	123
AT5G57660	1576
AT5G66940	22
AT5G40630	56
AT5G16380	242
AT5G13900	60
AT5G32670	2
AT5G02710	554
AT5G07170	4
AT5G30360	0
AT5G03455	1493
AT5G54520	151
AT5G55820	527
AT5G44950	2
AT5G60820	183
AT5G56480	0
AT5G09480	322
AT5G23535	1348
AT5G65200	192
AT5G27410	637
AT5G08580	443
AT5G39490	2
AT5G24420	45
AT5G61800	61
AT5G01445	88
AT5G02940	1281
AT5G12080	2570
AT5G07010	46
AT5G01530	54048
AT5G53810	37
AT5G28820	0
AT5G19160	71
AT5G11430	663
AT5G49170	23
AT5G09225	427
AT5G08765	0
AT5G07805	0
AT5G03485	5
AT5G03525	0
AT5G07115	9
AT5G02425	72
AT5G02485	1
AT5G06455	0
AT5G09825	0
AT5G06635	1
AT5G00790	14
AT5G03515	1
AT5G07865	5
AT5G06875	0
AT5G07995	1
AT5G01045	21
AT5G08585	0
AT5G05235	1
AT5G05445	3
AT5G08165	0
AT5G03935	0
AT5G07445	0
AT5G02015	1
AT5G08975	2
AT5G05875	1
AT5G04715	1
AT5G00985	20
AT5G04205	6
AT5G00795	0
AT5G04865	0
AT5G08945	0
AT5G08665	0
AT5G05415	6
AT5G06735	0
AT5G00975	5
AT5G06495	0
AT5G06065	0
AT5G03215	0
AT5G09835	0
AT5G08485	0
AT5G08895	0
AT5G00940	0
AT5G04785	1
AT5G08265	0
AT5G05135	0
AT5G07555	5
AT5G06285	0
AT5G01575	0
AT5G02205	1
AT5G03615	1
AT5G07935	0
AT5G01855	0
AT5G06925	0
AT5G06785	0
AT5G00835	0
AT5G08455	0
AT5G01705	0
AT5G08955	0
AT5G04575	1
AT5G03915	0
AT5G08465	0
AT5G02765	0
AT5G03785	0
AT5G03275	0
AT5G04025	0
AT5G04595	0
AT5G07795	0
AT5G07845	1
AT5G09695	0
AT5G04325	0
AT5G06715	1
AT5G03645	0
AT5G06035	0
AT5G03565	0
AT5G07635	0
AT5G06345	0
AT5G03405	0
AT5G05625	0
AT5G03335	0
AT5G01395	0
AT5G07715	0
AT5G09190	14
AT5G01605	0
AT5G05605	0
AT5G01655	1
AT5G05065	0
AT5G06945	0
AT5G05835	0
AT5G09965	2
AT5G02075	2
AT5G04245	0
AT5G09205	0
AT5G04725	1
AT5G08385	0
AT5G05045	0
AT5G09465	0
AT5G04165	3
AT5G04815	4
AT5G00970	0
AT5G03465	0
AT5G09955	4
AT5G06405	0
AT5G01065	0
AT5G05545	23
AT5G01275	1
AT5G03395	0
AT5G01285	0
AT5G07905	0
AT5G03815	0
AT5G06545	0
AT5G07605	0
AT5G05925	0
AT5G04385	0
AT5G05335	0
AT5G07035	1
AT5G02865	2
AT5G08935	0
AT5G08065	0
AT5G01475	0
AT5G09455	0
AT5G06045	0
AT5G01155	0
AT5G09415	1
AT5G09425	0
AT5G00810	0
AT5G04855	0
AT5G05905	0
AT5G02835	0
AT5G07395	0
AT5G00845	0
AT5G08815	1
AT5G08735	0
AT5G05015	0
AT5G09675	3
AT5G06475	0
AT5G03075	0
AT5G05825	0
AT5G05855	0
AT5G04635	0
AT5G03325	0
AT5G07465	2
AT5G05805	0
AT5G04435	0
AT5G03095	0
AT5G05935	0
AT5G09895	0
AT5G07695	0
AT5G06595	0
AT5G07565	0
AT5G10965	163
AT5G02965	0
AT5G08645	0
AT5G05425	1
AT5G06855	0
AT5G01405	0
AT5G08445	0
AT5G05195	1
AT5G03845	0
AT5G03035	0
AT5G08855	8
AT5G07925	0
AT5G04225	0
AT5G08195	0
AT5G07195	0
AT5G04825	2
AT5G07705	0
AT5G06015	0
AT5G07495	0
AT5G02885	1
AT5G03055	0
AT5G02045	0
AT5G05555	0
AT5G06325	0
AT5G03595	0
AT5G08775	1
AT5G05755	0
AT5G04695	0
AT5G05275	6
AT5G01885	0
AT5G09775	0
AT5G01995	0
AT5G08655	0
AT5G09025	0
AT5G08970	0
AT5G03715	0
AT5G08755	0
AT5G02925	0
AT5G02805	0
AT5G02185	0
AT5G03625	0
AT5G04125	0
AT5G06885	0
AT5G05125	0
AT5G07295	2
AT5G06335	0
AT5G04615	0
AT5G03945	0
AT5G01665	0
AT5G05395	3
AT5G03685	0
AT5G01775	21
AT5G09605	0
AT5G01795	0
AT5G09235	0
AT5G00995	0
AT5G09215	0
AT5G09070	0
AT5G01385	0
AT5G05215	0
AT5G01245	3
AT5G03955	0
AT5G07915	0
AT5G00960	0
AT5G07185	0
AT5G05535	0
AT5G06795	0
AT5G07155	0
AT5G02795	0
AT5G08705	0
AT5G05325	0
AT5G09015	0
AT5G01685	0
AT5G06775	5
AT5G01485	0
AT5G09035	0
AT5G04585	0
AT5G07435	0
AT5G04445	0
AT5G06145	0
AT5G03115	0
AT5G04705	2
AT5G06425	0
AT5G08205	0
AT5G04035	0
AT5G09335	4
AT5G02345	0
AT5G04515	0
AT5G08375	0
AT5G06965	0
AT5G07615	0
AT5G05815	0
AT5G06415	1
AT5G08910	0
AT5G04675	0
AT5G08685	0
AT5G05585	0
AT5G04755	0
AT5G09875	0
AT5G04215	0
AT5G07535	0
AT5G05205	0
AT5G07485	0
AT5G09050	0
AT5G07945	0
AT5G04765	0
AT5G09110	0
AT5G08435	2
AT5G09145	0
AT5G01725	0
AT5G00955	0
AT5G02365	0
AT5G06575	0
AT5G03135	0
AT5G03695	0
AT5G09090	0
AT5G03605	1
AT5G08940	0
AT5G05455	0
AT5G06985	0
AT5G00740	0
AT5G08225	0
AT5G02775	0
AT5G07745	0
AT5G04365	0
AT5G01345	13
AT5G03765	0
AT5G00745	0
AT5G09105	0
AT5G04925	0
AT5G07835	0
AT5G08930	1
AT5G07955	4
AT5G06005	0
AT5G06025	0
AT5G07005	0
AT5G09715	0
AT5G02275	0
AT5G01105	0
AT5G09545	0
AT5G05565	0
AT5G03105	0
AT5G03925	1
AT5G07145	0
AT5G07425	0
AT5G08900	0
AT5G03155	0
AT5G06435	0
AT5G08105	2
AT5G07855	0
AT5G04775	0
AT5G09645	0
AT5G09705	0
AT5G00910	1
AT5G03025	0
AT5G06915	0
AT5G02945	0
AT5G01965	0
AT5G08015	0
AT5G09555	0
AT5G02495	0
AT5G06255	0
AT5G01415	0
AT5G09295	109
AT5G07325	2
AT5G01925	0
AT5G05255	0
AT5G04075	5
AT5G09165	0
AT5G00805	0
AT5G02935	0
AT5G08725	0
AT5G02335	0
AT5G02215	0
AT5G02645	5
AT5G05485	0
AT5G02465	0
AT5G03735	0
AT5G05105	5
AT5G08635	0
AT5G08715	0
AT5G08215	0
AT5G01825	0
AT5G08745	0
AT5G09375	0
AT5G07665	0
AT5G05895	0
AT5G02715	0
AT5G06745	0
AT5G06975	0
AT5G05155	0
AT5G07815	0
AT5G03005	0
AT5G05465	2
AT5G05845	0
AT5G03205	1
AT5G08675	0
AT5G02405	0
AT5G06085	0
AT5G04345	0
AT5G03295	0
AT5G00825	15
AT5G04135	0
AT5G09325	0
AT5G05695	0
AT5G06465	1
AT5G09100	0
AT5G02145	0
AT5G00950	1
AT5G03045	1
AT5G09635	0
AT5G05745	0
AT5G00840	0
AT5G06525	0
AT5G05495	0
AT5G04405	1
AT5G01425	0
AT5G02635	1
AT5G09045	0
AT5G06205	0
AT5G07385	0
AT5G07355	0
AT5G07205	0
AT5G08890	0
AT5G05525	4
AT5G05885	0
AT5G08915	0
AT5G03535	0
AT5G05265	0
AT5G06515	0
AT5G02395	0
AT5G05955	0
AT5G04115	0
AT5G09265	0
AT5G02265	0
AT5G07785	0
AT5G09065	9
AT5G07125	1
AT5G06880	0
AT5G04665	1
AT5G05475	0
AT5G07575	0
AT5G08605	0
AT5G05175	0
AT5G04195	0
AT5G09735	2
AT5G05705	0
AT5G01805	0
AT5G04795	0
AT5G08395	0
AT5G09915	0
AT5G05055	0
AT5G09255	0
AT5G06075	0
AT5G06995	0
AT5G00930	0
AT5G06185	0
AT5G09125	20
AT5G01565	0
AT5G09085	0
AT5G02685	0
AT5G08595	0
AT5G06585	46
AT5G09200	0
AT5G09095	0
AT5G03125	0
AT5G00935	0
AT5G09040	0
AT5G05075	0
AT5G02175	0
AT5G00855	6
AT5G03385	0
AT5G02855	0
AT5G02085	0
AT5G05515	0
AT5G01055	0
AT5G05725	2
AT5G02955	0
AT5G09885	0
AT5G02785	0
AT5G00730	0
AT5G09245	0
AT5G07255	0
AT5G01975	0
AT5G06275	3
AT5G09475	2
AT5G06935	0
AT5G01325	0
AT5G09765	0
AT5G09435	1
AT5G06365	0
AT5G00850	0
AT5G09365	0
AT5G08965	2
AT5G06705	0
AT5G00980	61
AT5G08035	0
AT5G04845	1
AT5G03015	0
AT5G02055	5
AT5G09815	2
AT5G03575	0
AT5G00735	0
AT5G08095	0
AT5G09615	0
AT5G06655	0
AT5G04685	0
AT5G05765	4
AT5G01585	1
AT5G09305	1
AT5G01115	0
AT5G00770	0
AT5G04055	8
AT5G03065	0
AT5G00775	0
AT5G01865	0
AT5G04355	7
AT5G03085	25
AT5G01465	0
AT5G05665	0
AT5G07585	0
AT5G09060	0
AT5G09055	1
AT5G02745	0
AT5G01535	0
AT5G06615	0
AT5G08905	0
AT5G02735	0
AT5G04625	0
AT5G07595	0
AT5G05685	0
AT5G05645	0
AT5G04605	0
AT5G03755	0
AT5G08045	0
AT5G06445	0
AT5G06535	1
AT5G02375	0
AT5G01455	0
AT5G01235	4
AT5G07455	8
AT5G08985	0
AT5G05095	0
AT5G02985	0
AT5G09665	0
AT5G04065	13
AT5G01985	0
AT5G08995	0
AT5G00800	0
AT5G04505	0
AT5G09505	7
AT5G02355	0
AT5G01955	0
AT5G08785	0
AT5G08085	0
AT5G06845	27
AT5G09195	28
AT5G01695	0
AT5G01875	0
AT5G01635	0
AT5G07365	1
AT5G06675	0
AT5G07825	0
AT5G04525	0
AT5G06765	1
AT5G08475	0
AT5G04495	0
AT5G08845	0
AT5G09170	0
AT5G04745	1
AT5G08615	0
AT5G00925	0
AT5G01265	0
AT5G03965	0
AT5G08875	3
AT5G04175	0
AT5G05865	0
AT5G09865	0
AT5G02445	0
AT5G02535	0
AT5G02115	0
AT5G03315	1
AT5G06245	0
AT5G06395	0
AT5G03835	0
AT5G09185	0
AT5G48775	25
AT5G04005	0
AT5G65575	125
AT5G03975	0
AT5G00880	0
AT5G63195	0
AT5G09535	6
AT5G00820	0
AT5G64572	0
AT5G08820	0
AT5G09395	0
AT5G02455	0
AT5G00780	4
AT5G41612	0
AT5G01945	2
AT5G03668	1
AT5G49152	1
AT5G08175	0
AT5G03875	32
AT5G38212	18
AT5G01545	9
AT5G03255	0
AT5G09385	10
AT5G03825	0
AT5G02875	16
AT5G01675	1
AT5G05435	105
AT5G44562	0
AT5G07015	0
AT5G09030	0
AT5G08920	0
AT5G04375	0
AT5G01005	0
AT5G00905	0
AT5G00865	4
AT5G03175	13
AT5G09155	0
AT5G00990	0
AT5G09565	0
AT5G00815	0
AT5G01295	0
AT5G36002	0
AT5G00920	0
AT5G04015	0
AT5G09285	0
AT5G08235	4
AT5G07265	0
AT5G09855	0
AT5G01645	0
AT5G09405	0
AT5G01595	23
AT5G09845	0
AT5G09120	0
AT5G02905	0
AT5G08885	0
AT5G02195	0
AT5G08275	0
AT5G15022	15
AT5G03195	0
AT5G19221	0
AT5G06865	3
AT5G09785	10
AT5G01815	0
AT5G08825	0
AT5G07025	0
AT5G03165	11
AT5G03585	5
AT5G08880	0
AT5G06695	0
AT5G02705	4
AT5G08960	0
AT5G09925	0
AT5G08835	0
AT5G07525	2
AT5G00870	0
AT5G01175	124
AT5G07885	0
AT5G09685	0
AT5G01215	0
AT5G01095	0
AT5G09160	0
AT5G01255	0
AT5G07515	0
AT5G08830	0
AT5G01375	0
AT5G08870	0
AT5G45472	3
AT5G06295	4
AT5G02225	3
AT5G04185	0
AT5G67488	2
AT5G02525	4
AT5G40348	0
AT5G66558	3
AT5G07975	0
AT5G07985	0
AT5G01732	0
AT5G01555	0
AT5G02125	1
AT5G06665	0
AT5G01542	0
AT5G59732	0
AT5G09275	0
AT5G02515	56
AT5G09135	0
AT5G07152	0
AT5G06505	0
AT5G08840	0
AT5G09175	4
AT5G02095	0
AT5G00785	0
AT5G08135	15
AT5G00900	0
AT5G01435	0
AT5G09443	4
AT5G02695	0
AT5G18245	39
AT5G02605	6
AT5G03635	0
AT5G18255	87
AT5G42092	0
AT5G01315	0
AT5G07895	0
AT5G01205	0
AT5G08980	0
AT5G03235	3
AT5G03245	0
AT5G01125	2
AT5G03805	0
AT5G54569	15
AT5G53048	54
AT5G03985	7
AT5G01935	0
AT5G02755	0
AT5G04905	0
AT5G06155	0
AT5G15845	34
AT5G06385	0
AT5G00895	0
AT5G02595	0
AT5G05995	0
AT5G08990	1
AT5G07285	19
AT5G06235	0
AT5G03185	0
AT5G08285	0
AT5G16235	0
AT5G01615	0
AT5G02415	27
AT5G09150	0
AT5G26146	6
AT5G49138	0
AT5G00875	17
AT5G07275	0
AT5G00860	0
AT5G60022	20
AT5G00965	0
AT5G03375	0
AT5G01835	0
AT5G02105	0
AT5G08950	0
AT5G02155	1
AT5G59662	20
AT5G04335	0
AT5G08425	0
AT5G01765	1
AT5G02895	0
AT5G20225	3
AT5G09595	0
AT5G05975	2
AT5G02555	0
AT5G04935	117
AT5G41905	7
AT5G04995	7
AT5G41663	20
AT5G04975	0
AT5G59505	0
AT5G24825	2
AT5G04275	3
AT5G06105	0
AT5G04955	0
AT5G02035	0
AT5G03305	1
AT5G06175	0
AT5G10945	18
AT5G07055	0
AT5G01915	0
AT5G01735	0
AT5G04915	0
AT5G14565	9
AT5G14545	0
AT5G04965	23
AT5G07655	0
AT5G55835	1
AT5G26147	0
AT5G07965	0
AT5G39635	0
AT5G40384	3
AT5G11977	0
AT5G03145	2
AT5G07075	0
AT5G39693	0
AT5G26038	0
AT5G08255	0
AT5G62848	0
AT5G52797	2
AT5G05505	0
AT5G08210	17
AT5G66045	4
AT5G62162	0
AT5G08800	0
AT5G46845	71
AT5G04415	0
AT5G01747	49
AT5G45307	0
AT5G23065	13
AT5G15833	0
AT5G05005	34
AT5G05185	0
AT5G03425	0
AT5G50717	0
AT5G03475	6
AT5G01755	0
AT5G03225	4
AT5G35407	18
AT5G08185	17
AT5G08925	0
AT5G03265	0
AT5G13887	8
AT5G58465	2
AT5G60408	0
AT5G06605	0
AT5G04255	0
AT5G27807	3
AT5G07065	0
AT5G05035	0
AT5G43603	0
AT5G05315	0
AT5G63715	0
AT5G08717	0
AT5G03552	16
AT5G08712	4
AT5G04145	0
AT5G05915	0
AT5G04985	9
AT5G07875	2
AT5G01745	0
AT5G01785	0
AT5G06565	0
AT5G08865	0
AT5G05375	0
AT5G01495	1
AT5G51174	10
AT5G09130	0
AT5G44286	0
AT5G02675	2
AT5G52471	22
AT5G02315	0
AT5G08805	2
AT5G58595	24
AT5G06305	1
AT5G06835	3
AT5G02325	0
AT5G08850	0
AT5G09020	0
AT5G08860	0
AT5G02295	0
AT5G09000	0
AT5G53902	0
AT5G09515	0
AT5G07725	14
AT5G66564	9
AT5G00755	14
AT5G08515	0
AT5G04945	0
AT5G07105	10
AT5G66567	0
AT5G09005	0
AT5G54075	0
AT5G13225	0
AT5G02305	0
AT5G07095	13
AT5G02665	8
AT5G10572	0
AT5G02915	0
AT5G01515	5
AT5G01195	0
AT5G05385	0
AT5G41471	1
AT5G00760	0
AT5G01505	4
AT5G00765	2
AT5G04425	15
AT5G02575	132
AT5G00750	0
AT5G09495	0
AT5G01165	0
AT5G01145	3
AT5G06825	16
AT5G04545	0
AT5G08525	8
AT5G07735	12
AT5G08495	7
AT5G02565	86
AT5G66562	3
AT5G06115	0
AT5G02655	0
AT5G01135	1
AT5G09945	0
AT5G08810	0
AT5G02255	1
AT5G04085	0
AT5G07345	0
AT5G09010	0
AT5G04465	3
AT5G02245	0
AT5G04105	0
AT5G04315	0
AT5G04455	0
AT5G09585	0
AT5G06815	0
AT5G46315	1
AT5G40395	0
AT5G09140	0
AT5G61455	1
AT5G08025	0
AT5G07775	0
AT5G07335	0
AT5G08115	0
AT5G07415	0
AT5G06055	0
AT5G04305	0
AT5G01845	0
AT5G09080	0
AT5G07405	0
AT5G40545	0
AT5G46105	2
AT5G02815	0
AT5G02025	0
AT5G55505	0
AT5G07315	0
AT5G51055	0
AT5G41265	0
AT5G65305	0
AT5G44375	0
AT5G65615	0
AT5G10525	0
AT5G05985	0
AT5G41675	0
AT5G61345	0
AT5G25625	0
AT5G54365	0
AT5G18005	0
AT5G65015	0
AT5G40945	0
AT5G11325	0
AT5G65445	0
AT5G15175	0
AT5G02435	0
AT5G55045	3
AT5G13845	0
AT5G48465	0
AT5G59385	0
AT5G67455	0
AT5G14035	0
AT5G18085	0
AT5G03775	0
AT5G38905	0
AT5G60285	2
AT5G20854	0
AT5G09975	0
AT5G10455	0
AT5G18015	0
AT5G11225	0
AT5G56975	0
AT5G07135	0
AT5G45745	0
AT5G46595	0
AT5G45715	0
AT5G02725	0
AT5G60966	0
AT5G52355	0
AT5G43455	0
AT5G59055	0
AT5G20858	0
AT5G02615	0
AT5G37795	0
AT5G01365	0
AT5G44705	0
AT5G38155	0
AT5G16375	0
AT5G52495	0
AT5G61445	0
AT5G06125	1
AT5G50995	0
AT5G61835	0
AT5G07675	0
AT5G19095	0
AT5G20852	0
AT5G25585	0
AT5G03745	0
AT5G66817	0
AT5G22315	10
AT5G54375	0
AT5G64735	0
AT5G05945	0
AT5G09655	0
AT5G15805	0
AT5G57885	0
AT5G10235	0
AT5G03705	2
AT5G64855	0
AT5G48835	0
AT5G06685	0
AT5G44283	0
AT5G18755	0
AT5G55055	0
AT5G64505	0
AT5G32017	0
AT5G54865	0
AT5G48675	0
AT5G21378	0
AT5G60963	0
AT5G03452	0
AT5G52815	0
AT5G39895	0
AT5G65535	0
AT5G08075	0
AT5G50805	0
AT5G09755	0
AT5G05795	0
AT5G20856	0
AT5G56365	0
AT5G46325	0
AT5G03445	0
AT5G59395	0
AT5G66755	0
AT5G39535	0
AT5G41605	0
AT5G66535	0
AT5G02385	0
AT5G53487	0
AT5G23665	0
AT5G11475	0
AT5G63145	0
AT5G15815	0
AT5G59945	0
AT5G56745	0
AT5G07625	0
AT5G66568	0
AT5G14495	0
AT5G35605	0
AT5G27715	0
AT5G43535	0
AT5G09345	0
AT5G49435	0
AT5G58495	0
AT5G02505	0
AT5G50190	0
AT5G57735	0
AT5G02825	1
AT5G07322	79
AT5G06165	5
AT5G48412	538
AT5G44569	48
AT5G00885	0
AT5G45475	0
AT5G40316	2
AT5G33399	24
AT5G06955	0
AT5G08125	0
AT5G49615	1
AT5G08575	0
AT5G28824	0
AT5G37485	23
AT5G43403	86
AT5G38005	63
AT5G02135	0
AT5G34871	4
AT5G28262	116
AT5G43725	28
AT5G23410	180
AT5G05295	0
AT5G22788	45
AT5G33439	0
AT5G06095	0
AT5G05785	4
AT5G24205	61
AT5G03285	166
AT5G24206	38
AT5G23155	61
AT5G02975	0
AT5G40275	2
AT5G10278	17
AT5G24735	272
AT3G18710	215
AT3G07950	1112
AT3G51870	713
AT3G18310	256
AT3G25717	473
AT3G48330	742
AT3G46440	1709
AT3G53910	0
AT3G16830	957
AT3G03305	342
AT3G03272	5
AT3G28960	10
AT3G10210	180
AT3G09680	131
AT3G63470	83
AT3G46920	653
AT3G57080	244
AT3G13820	7
AT3G49770	1
AT3G56070	2792
AT3G15251	1
AT3G02780	2518
AT3G52460	131
AT3G55380	1129
AT3G44560	0
AT3G56520	0
AT3G27970	2
AT3G17420	554
AT3G08780	344
AT3G55660	153
AT3G48480	36
AT3G02740	594
AT3G63400	1828
AT3G06130	453
AT3G05660	149
AT3G17140	0
AT3G24110	38
AT3G20920	1133
AT3G54830	205
AT3G09190	106
AT3G05545	1792
AT3G26470	94
AT3G51100	776
AT3G29580	3
AT3G28370	304
AT3G26840	518
AT3G29010	81
AT3G10450	609
AT3G14510	11
AT3G28930	303
AT3G52950	829
AT3G57620	0
AT3G50670	2926
AT3G44080	0
AT3G50370	4066
AT3G09550	89
AT3G07568	626
AT3G48670	831
AT3G11270	670
AT3G08530	5448
AT3G22380	7702
AT3G05140	17
AT3G29750	0
AT3G54500	1480
AT3G52760	297
AT3G27460	191
AT3G62780	48
AT3G28210	319
AT3G47675	46
AT3G25060	38
AT3G26240	433
AT3G04860	110
AT3G55990	165
AT3G43940	0
AT3G09920	357
AT3G54900	1234
AT3G16500	1024
AT3G12910	1
AT3G18510	262
AT3G25730	138
AT3G48680	1041
AT3G63360	6
AT3G18010	53
AT3G01250	0
AT3G46070	8
AT3G19120	489
AT3G21305	0
AT3G01840	3
AT3G14290	783
AT3G23090	259
AT3G08690	1322
AT3G48540	108
AT3G48343	2
AT3G54300	517
AT3G36659	0
AT3G58970	999
AT3G13010	4
AT3G01820	1531
AT3G54630	0
AT3G45720	0
AT3G15548	0
AT3G54530	13
AT3G62900	1339
AT3G54410	2
AT3G22320	1257
AT3G57440	17
AT3G09700	475
AT3G50390	12
AT3G23070	1429
AT3G14360	272
AT3G01550	69
AT3G58010	370
AT3G03740	661
AT3G53900	584
AT3G08970	768
AT3G62620	192
AT3G51780	756
AT3G14880	0
AT3G45600	617
AT3G25573	0
AT3G59110	684
AT3G04570	237
AT3G10320	55
AT3G02640	288
AT3G03110	838
AT3G28917	7
AT3G19960	1413
AT3G14820	0
AT3G45630	1328
AT3G18905	0
AT3G20560	492
AT3G12050	4468
AT3G03341	71
AT3G50120	30
AT3G15970	1262
AT3G01970	217
AT3G47670	142
AT3G26810	1515
AT3G27190	720
AT3G26512	0
AT3G10130	483
AT3G54826	346
AT3G08040	503
AT3G10680	80
AT3G52590	6668
AT3G54920	2466
AT3G22040	0
AT3G47836	1344
AT3G44570	17
AT3G02590	3
AT3G18430	818
AT3G44735	285
AT3G57570	472
AT3G28300	0
AT3G23830	1276
AT3G32980	5131
AT3G25030	91
AT3G62200	726
AT3G54060	25
AT3G19830	709
AT3G43810	2772
AT3G03780	4373
AT3G01030	6
AT3G54110	1629
AT3G44230	0
AT3G24780	67
AT3G06150	490
AT3G52750	1599
AT3G13600	31
AT3G15380	1094
AT3G45390	68
AT3G13222	595
AT3G56660	13
AT3G28680	0
AT3G51880	1273
AT3G18035	1205
AT3G14400	1832
AT3G18840	34
AT3G16590	9
AT3G10845	0
AT3G12010	1052
AT3G56390	0
AT3G19660	92
AT3G04990	1
AT3G46840	1
AT3G58710	110
AT3G29100	105
AT3G58810	130
AT3G05640	232
AT3G28330	20
AT3G24440	721
AT3G27500	21
AT3G01185	0
AT3G61190	94
AT3G15010	4768
AT3G50840	251
AT3G51171	1
AT3G60100	2
AT3G17440	598
AT3G10350	873
AT3G46086	0
AT3G17030	329
AT3G12145	236
AT3G01080	18
AT3G60190	1687
AT3G49990	1118
AT3G55580	78
AT3G03180	88
AT3G42786	0
AT3G25655	3
AT3G44718	0
AT3G04010	223
AT3G02270	0
AT3G42770	0
AT3G08650	2519
AT3G48231	0
AT3G61150	737
AT3G12970	65
AT3G61980	109
AT3G15115	86
AT3G33530	1443
AT3G18210	1290
AT3G01410	261
AT3G05720	18
AT3G05320	184
AT3G47110	75
AT3G31350	0
AT3G11430	35
AT3G56210	910
AT3G04290	1123
AT3G11150	7
AT3G03540	0
AT3G09940	114
AT3G51860	3002
AT3G27700	730
AT3G60120	2
AT3G23260	59
AT3G43860	2
AT3G43880	0
AT3G09020	32
AT3G48195	402
AT3G51960	90
AT3G09520	105
AT3G25540	568
AT3G23590	1244
AT3G42180	50
AT3G27720	6
AT3G21510	341
AT3G13710	0
AT3G01880	0
AT3G50050	216
AT3G08960	825
AT3G54700	3
AT3G24310	45
AT3G20898	85
AT3G24516	0
AT3G26934	3
AT3G59980	642
AT3G22430	410
AT3G17060	5
AT3G15530	1267
AT3G55750	2862
AT3G60860	1329
AT3G05020	574
AT3G02920	164
AT3G14550	75
AT3G33293	0
AT3G03080	0
AT3G51150	427
AT3G46620	590
AT3G49570	603
AT3G62770	697
AT3G05270	589
AT3G57760	85
AT3G10330	670
AT3G23810	3602
AT3G49190	14
AT3G44300	1128
AT3G26290	2527
AT3G12080	3366
AT3G19490	1257
AT3G04420	466
AT3G18170	61
AT3G02470	14266
AT3G18050	1026
AT3G26616	0
AT3G51370	2066
AT3G63052	0
AT3G29633	40
AT3G11470	216
AT3G53990	2939
AT3G13210	37
AT3G24890	107
AT3G61090	63
AT3G24070	461
AT3G13610	129
AT3G10120	0
AT3G20580	4
AT3G54680	351
AT3G50960	105
AT3G45190	1800
AT3G44340	1932
AT3G60570	0
AT3G60790	3
AT3G06540	727
AT3G43340	0
AT3G27210	290
AT3G16670	595
AT3G29050	0
AT3G19070	1
AT3G52350	0
AT3G53030	632
AT3G17380	108
AT3G23380	3
AT3G20810	891
AT3G07440	375
AT3G27425	0
AT3G47580	66
AT3G23640	1540
AT3G54730	23
AT3G08870	108
AT3G53120	279
AT3G52930	6836
AT3G01085	4
AT3G19780	766
AT3G14330	788
AT3G43890	3
AT3G06740	189
AT3G17450	795
AT3G03050	1598
AT3G12587	661
AT3G07170	371
AT3G04970	225
AT3G14470	215
AT3G12240	3
AT3G54260	1422
AT3G27360	82
AT3G55810	3
AT3G27480	0
AT3G13130	38
AT3G19030	790
AT3G46650	6
AT3G04720	5927
AT3G18900	236
AT3G23770	0
AT3G43540	553
AT3G43270	763
AT3G11170	4334
AT3G15578	0
AT3G23190	60
AT3G23130	0
AT3G10340	99
AT3G01690	1538
AT3G01460	922
AT3G44280	177
AT3G58430	135
AT3G60220	64
AT3G62220	348
AT3G48410	151
AT3G28850	160
AT3G17150	0
AT3G58290	0
AT3G62180	1
AT3G14480	0
AT3G18620	180
AT3G03560	671
AT3G15358	35
AT3G09310	46
AT3G10110	322
AT3G26500	61
AT3G13760	90
AT3G62690	121
AT3G50620	188
AT3G46860	0
AT3G04200	3
AT3G11680	1
AT3G29230	884
AT3G52610	268
AT3G48720	118
AT3G18660	137
AT3G62499	11
AT3G58100	203
AT3G22060	148
AT3G10915	744
AT3G62360	2500
AT3G29570	0
AT3G62980	1508
AT3G49100	190
AT3G28770	175
AT3G17320	3
AT3G61280	25
AT3G01750	128
AT3G44115	0
AT3G10460	0
AT3G26710	2558
AT3G29360	2184
AT3G18070	27
AT3G45577	0
AT3G24800	579
AT3G22810	266
AT3G59330	113
AT3G18960	44
AT3G29636	3
AT3G12810	1592
AT3G27080	720
AT3G02100	1
AT3G25585	1122
AT3G57260	530
AT3G28920	805
AT3G22590	652
AT3G14930	3358
AT3G26250	0
AT3G45690	1
AT3G42473	0
AT3G06778	65
AT3G50480	2564
AT3G29791	2
AT3G51240	2
AT3G51330	268
AT3G53830	759
AT3G09630	9357
AT3G50830	723
AT3G15770	189
AT3G25220	1137
AT3G17655	3
AT3G21490	0
AT3G57370	2
AT3G25493	0
AT3G30845	0
AT3G23690	860
AT3G16260	1293
AT3G03800	0
AT3G55610	2354
AT3G20190	33
AT3G58460	790
AT3G03170	102
AT3G47750	155
AT3G13435	65
AT3G12850	0
AT3G32260	0
AT3G12977	42
AT3G23470	205
AT3G10390	739
AT3G26820	14
AT3G19550	6
AT3G50460	1
AT3G44590	1042
AT3G07220	654
AT3G21840	0
AT3G27840	0
AT3G30385	0
AT3G17230	0
AT3G14860	1576
AT3G43572	0
AT3G59950	693
AT3G13120	4393
AT3G55005	158
AT3G47250	1675
AT3G59750	63
AT3G04870	1884
AT3G53430	5070
AT3G01720	841
AT3G42723	8
AT3G07850	20
AT3G11420	743
AT3G13030	288
AT3G14410	288
AT3G21880	6
AT3G04470	1437
AT3G60810	529
AT3G63420	197
AT3G16800	174
AT3G63160	3744
AT3G17410	894
AT3G58930	470
AT3G21350	437
AT3G11825	0
AT3G17690	58
AT3G49780	90
AT3G14950	12
AT3G23250	126
AT3G56730	48
AT3G06690	99
AT3G03060	1191
AT3G16525	0
AT3G31900	0
AT3G21920	0
AT3G10950	3
AT3G27590	4
AT3G14810	460
AT3G22190	1124
AT3G48760	626
AT3G30180	575
AT3G49170	711
AT3G10720	909
AT3G29430	1
AT3G27416	0
AT3G15930	0
AT3G26930	0
AT3G21210	43
AT3G16100	781
AT3G10370	1423
AT3G50660	385
AT3G28070	349
AT3G23780	838
AT3G53611	0
AT3G43148	0
AT3G60310	358
AT3G02400	0
AT3G53610	867
AT3G50940	144
AT3G61172	0
AT3G60160	340
AT3G54100	354
AT3G09270	90
AT3G01980	610
AT3G45780	5173
AT3G16840	1984
AT3G23560	343
AT3G27680	0
AT3G19710	2249
AT3G53920	1123
AT3G50860	234
AT3G03490	465
AT3G30320	0
AT3G06610	971
AT3G04110	188
AT3G57800	515
AT3G20480	55
AT3G52190	1209
AT3G47090	70
AT3G26395	104
AT3G62230	8
AT3G49910	8286
AT3G25011	4
AT3G45760	0
AT3G17227	3
AT3G62000	302
AT3G05630	569
AT3G27060	1182
AT3G12570	910
AT3G06240	346
AT3G02820	301
AT3G06930	781
AT3G62540	24
AT3G22460	132
AT3G13229	0
AT3G57640	39
AT3G06190	915
AT3G14430	211
AT3G22050	0
AT3G45200	0
AT3G49240	0
AT3G49680	1552
AT3G27310	335
AT3G44763	0
AT3G51850	1227
AT3G13780	219
AT3G50510	0
AT3G19160	0
AT3G18291	0
AT3G56060	535
AT3G23510	82
AT3G30222	0
AT3G27030	400
AT3G09470	816
AT3G47590	406
AT3G46355	0
AT3G04240	1801
AT3G21890	129
AT3G49070	29
AT3G62420	1554
AT3G13000	304
AT3G48208	0
AT3G15950	1455
AT3G02160	154
AT3G24500	1074
AT3G32960	0
AT3G05710	374
AT3G59010	55
AT3G57460	8
AT3G29060	1
AT3G54310	1
AT3G14310	8519
AT3G25420	0
AT3G12480	563
AT3G58720	152
AT3G01070	122
AT3G57450	977
AT3G03700	0
AT3G57110	7
AT3G18570	4
AT3G63460	4545
AT3G21330	38
AT3G27331	0
AT3G58020	238
AT3G29173	64
AT3G04735	0
AT3G58540	0
AT3G14595	634
AT3G33528	25
AT3G08810	57
AT3G23460	2
AT3G51140	1926
AT3G24090	265
AT3G44670	1521
AT3G60800	452
AT3G52330	2
AT3G12220	8
AT3G04750	421
AT3G13682	221
AT3G56230	12
AT3G52850	4470
AT3G25230	11400
AT3G09820	5512
AT3G56170	269
AT3G10730	396
AT3G20940	13
AT3G17310	636
AT3G04160	453
AT3G18235	0
AT3G15210	580
AT3G28610	10
AT3G11860	7
AT3G10200	88
AT3G54640	1373
AT3G52630	239
AT3G03550	445
AT3G16510	68
AT3G23910	429
AT3G16710	66
AT3G63140	7079
AT3G18910	255
AT3G18915	0
AT3G16970	0
AT3G58875	46
AT3G53620	903
AT3G53380	252
AT3G06483	1181
AT3G61370	261
AT3G56110	313
AT3G13630	0
AT3G44265	5
AT3G06390	92
AT3G19390	207
AT3G42880	0
AT3G15460	354
AT3G63200	1176
AT3G11110	97
AT3G59090	630
AT3G15355	546
AT3G53190	1205
AT3G11397	317
AT3G02530	1900
AT3G51030	209
AT3G25790	56
AT3G26445	0
AT3G45900	319
AT3G47890	1112
AT3G14030	0
AT3G47060	567
AT3G56590	902
AT3G43170	1
AT3G01450	159
AT3G58910	0
AT3G48460	435
AT3G17880	885
AT3G26610	63
AT3G20790	582
AT3G07273	238
AT3G63500	1764
AT3G49750	107
AT3G47510	184
AT3G03826	0
AT3G15020	1678
AT3G61530	240
AT3G10116	1
AT3G21240	489
AT3G31925	0
AT3G48425	257
AT3G27355	0
AT3G20270	249
AT3G55900	22
AT3G21310	56
AT3G49480	1
AT3G55980	1014
AT3G63030	331
AT3G59295	0
AT3G30220	0
AT3G54990	116
AT3G20820	966
AT3G19500	25
AT3G16020	38
AT3G22890	8764
AT3G46970	13472
AT3G01950	0
AT3G51550	4642
AT3G59340	2
AT3G11040	189
AT3G20310	1084
AT3G22640	0
AT3G45450	0
AT3G44260	233
AT3G01370	2810
AT3G15150	247
AT3G49380	11
AT3G14190	142
AT3G28820	1
AT3G15060	218
AT3G47130	2
AT3G02430	0
AT3G05470	281
AT3G27170	1621
AT3G20280	292
AT3G60870	9
AT3G57010	404
AT3G22090	46
AT3G50310	147
AT3G28007	30
AT3G07400	701
AT3G15860	0
AT3G26980	445
AT3G20900	0
AT3G58380	11
AT3G20590	12
AT3G61826	0
AT3G56740	332
AT3G09120	1
AT3G17400	2
AT3G18282	9
AT3G55060	326
AT3G52830	0
AT3G56790	5
AT3G51920	663
AT3G43990	0
AT3G04400	11344
AT3G19320	8
AT3G11660	830
AT3G18030	255
AT3G58250	0
AT3G53450	16
AT3G15720	295
AT3G09750	2
AT3G57930	380
AT3G44090	0
AT3G53510	211
AT3G06590	483
AT3G11080	81
AT3G29450	0
AT3G43580	119
AT3G17650	1103
AT3G60620	281
AT3G16660	1987
AT3G45245	0
AT3G02480	1427
AT3G24170	3550
AT3G05210	426
AT3G12680	412
AT3G01160	1253
AT3G13880	211
AT3G05110	14
AT3G48520	144
AT3G07420	579
AT3G13460	8803
AT3G10150	101
AT3G62050	152
AT3G15290	937
AT3G28480	901
AT3G05910	1836
AT3G52230	1415
AT3G07710	0
AT3G66656	0
AT3G51690	0
AT3G52000	0
AT3G02540	2250
AT3G25840	1984
AT3G52910	185
AT3G27999	0
AT3G05690	642
AT3G05170	109
AT3G12660	0
AT3G32380	0
AT3G57780	277
AT3G22680	261
AT3G02280	464
AT3G19230	19
AT3G15590	2561
AT3G45410	125
AT3G11380	2
AT3G47140	0
AT3G05000	515
AT3G24150	276
AT3G20530	7
AT3G59250	102
AT3G25610	311
AT3G63170	1236
AT3G60600	1774
AT3G50750	348
AT3G12720	9
AT3G53170	170
AT3G06145	104
AT3G26090	332
AT3G49860	30
AT3G27880	150
AT3G08750	0
AT3G63010	477
AT3G07110	5730
AT3G20170	190
AT3G05700	232
AT3G42660	738
AT3G47300	219
AT3G04945	0
AT3G45020	119
AT3G18740	3548
AT3G19880	0
AT3G13857	3
AT3G61060	147
AT3G53280	642
AT3G21530	234
AT3G28785	6
AT3G42790	1104
AT3G53340	374
AT3G43583	0
AT3G21760	0
AT3G48570	236
AT3G21690	2863
AT3G29370	4
AT3G62430	99
AT3G30540	0
AT3G17626	95
AT3G44440	23
AT3G23550	13
AT3G50690	1197
AT3G11520	197
AT3G25250	21
AT3G53970	1965
AT3G09560	949
AT3G01140	8
AT3G01430	132
AT3G01475	1
AT3G63070	1067
AT3G18630	80
AT3G61120	1
AT3G10530	1265
AT3G26450	0
AT3G24508	0
AT3G56460	1261
AT3G48630	0
AT3G55370	227
AT3G09160	33
AT3G03460	145
AT3G22530	0
AT3G13490	1307
AT3G05130	1019
AT3G51680	5
AT3G14770	111
AT3G31550	0
AT3G21520	44
AT3G14450	303
AT3G43550	0
AT3G05230	287
AT3G49650	167
AT3G02560	2089
AT3G53065	0
AT3G22450	39
AT3G28200	942
AT3G52270	3
AT3G15990	436
AT3G27220	762
AT3G19570	414
AT3G27930	569
AT3G27440	7
AT3G14067	3956
AT3G12955	37
AT3G61730	2
AT3G24465	0
AT3G60960	246
AT3G23140	0
AT3G57970	0
AT3G01860	626
AT3G49400	241
AT3G24580	0
AT3G15550	195
AT3G56630	935
AT3G29140	11
AT3G24605	1
AT3G46300	0
AT3G47840	68
AT3G52250	1587
AT3G46390	0
AT3G01170	275
AT3G46770	6
AT3G57060	340
AT3G49620	11
AT3G24280	1
AT3G27010	262
AT3G55646	22
AT3G17930	2348
AT3G07130	726
AT3G51510	2114
AT3G48180	113
AT3G10470	18
AT3G23840	218
AT3G45580	0
AT3G61410	48
AT3G59020	2647
AT3G24810	95
AT3G53250	4
AT3G23000	1551
AT3G27670	958
AT3G01328	0
AT3G27630	28
AT3G08500	35
AT3G48190	735
AT3G21160	680
AT3G04830	1107
AT3G18690	104
AT3G21130	0
AT3G48560	11876
AT3G24120	280
AT3G10880	89
AT3G21405	0
AT3G54970	418
AT3G57310	2
AT3G54890	74338
AT3G15395	371
AT3G54430	0
AT3G07430	2577
AT3G22250	0
AT3G13445	484
AT3G53050	0
AT3G10840	336
AT3G28580	74
AT3G02380	197
AT3G12370	644
AT3G13175	68
AT3G57587	0
AT3G08590	8307
AT3G20997	0
AT3G26680	179
AT3G22820	38
AT3G16470	1140
AT3G01220	161
AT3G13540	0
AT3G62695	0
AT3G43720	630
AT3G09100	1011
AT3G04500	556
AT3G56260	64
AT3G48320	217
AT3G59650	616
AT3G59140	866
AT3G15500	61
AT3G03940	2046
AT3G29310	577
AT3G22970	2072
AT3G05120	1132
AT3G23175	134
AT3G30290	1
AT3G05550	16
AT3G47950	158
AT3G44770	32
AT3G52120	695
AT3G13420	73
AT3G15190	3990
AT3G50090	0
AT3G32050	0
AT3G47760	1
AT3G01050	534
AT3G05530	2849
AT3G55600	115
AT3G45490	1
AT3G59530	255
AT3G43291	0
AT3G18810	0
AT3G05280	656
AT3G03650	107
AT3G18530	6
AT3G62710	5
AT3G59960	2
AT3G26870	0
AT3G58240	0
AT3G24480	4111
AT3G50710	8
AT3G51570	19
AT3G59780	5345
AT3G28410	0
AT3G62570	45
AT3G49040	0
AT3G26700	315
AT3G06035	275
AT3G01380	879
AT3G03410	2
AT3G22183	0
AT3G16290	3707
AT3G20390	6252
AT3G63410	7755
AT3G52730	2674
AT3G22240	708
AT3G62615	0
AT3G25890	549
AT3G58200	172
AT3G01520	1388
AT3G24542	1
AT3G53240	287
AT3G62740	122
AT3G32150	0
AT3G42830	0
AT3G54363	67
AT3G19800	1132
AT3G02660	665
AT3G24315	314
AT3G16110	608
AT3G28280	0
AT3G59670	622
AT3G02120	61
AT3G54400	4126
AT3G10040	767
AT3G22030	0
AT3G57340	656
AT3G26742	19
AT3G50760	119
AT3G58620	604
AT3G51710	74
AT3G25650	0
AT3G58210	8
AT3G06470	446
AT3G61830	282
AT3G25400	216
AT3G16550	0
AT3G24982	5
AT3G62810	1289
AT3G06560	1
AT3G05760	468
AT3G56570	171
AT3G04220	33
AT3G22790	948
AT3G10270	1113
AT3G25720	0
AT3G27025	81
AT3G27473	5
AT3G61640	551
AT3G08010	610
AT3G15740	4
AT3G62250	8467
AT3G47650	2418
AT3G01760	3
AT3G28970	465
AT3G54800	5
AT3G45280	13
AT3G08770	1453
AT3G32280	0
AT3G16175	104
AT3G29380	0
AT3G28880	191
AT3G13225	710
AT3G52800	892
AT3G55490	161
AT3G43210	570
AT3G28430	527
AT3G61340	6
AT3G09220	778
AT3G57920	0
AT3G42148	0
AT3G28715	1314
AT3G05345	317
AT3G26539	72
AT3G03500	30
AT3G11490	392
AT3G06500	816
AT3G02620	155
AT3G56500	4
AT3G51290	137
AT3G31910	0
AT3G48050	1907
AT3G48835	135
AT3G13480	210
AT3G10815	10
AT3G16200	372
AT3G20555	0
AT3G51250	933
AT3G06550	1811
AT3G18940	615
AT3G03140	479
AT3G59920	4342
AT3G42160	1
AT3G60390	153
AT3G57550	1097
AT3G03600	681
AT3G52105	32
AT3G19220	471
AT3G18490	5513
AT3G44235	0
AT3G15650	756
AT3G44050	674
AT3G57740	8
AT3G57220	490
AT3G48187	94
AT3G21500	9
AT3G08600	256
AT3G30200	0
AT3G61970	51
AT3G07760	439
AT3G17020	4359
AT3G59890	683
AT3G51520	1462
AT3G07005	0
AT3G46000	1493
AT3G52430	376
AT3G11670	1606
AT3G58000	19
AT3G57330	1779
AT3G63540	6552
AT3G19720	3219
AT3G05410	214
AT3G17190	6
AT3G26085	375
AT3G60820	1907
AT3G51540	19
AT3G32200	0
AT3G53075	0
AT3G55480	1750
AT3G58585	0
AT3G07340	238
AT3G18700	0
AT3G46140	2
AT3G30430	0
AT3G02250	801
AT3G12030	0
AT3G11990	0
AT3G62720	466
AT3G46900	124
AT3G50580	0
AT3G01810	922
AT3G53740	9163
AT3G04280	0
AT3G57600	60
AT3G25940	375
AT3G20993	0
AT3G50220	100
AT3G27050	456
AT3G29200	874
AT3G10740	1392
AT3G20230	1341
AT3G60250	718
AT3G09000	810
AT3G06480	1082
AT3G61940	0
AT3G55800	6607
AT3G33494	1
AT3G24710	0
AT3G16460	1025
AT3G07550	282
AT3G24690	0
AT3G48660	25
AT3G26100	948
AT3G49870	767
AT3G50880	318
AT3G57900	1
AT3G02240	8
AT3G63350	6
AT3G63180	887
AT3G07580	54
AT3G59120	9
AT3G47410	0
AT3G50920	690
AT3G02750	1511
AT3G61350	129
AT3G59940	8
AT3G15490	0
AT3G13160	560
AT3G51480	177
AT3G61760	116
AT3G49115	0
AT3G52500	4757
AT3G48870	6966
AT3G60420	0
AT3G18090	522
AT3G09330	0
AT3G53840	34
AT3G09950	77
AT3G04940	854
AT3G43800	1149
AT3G25830	0
AT3G27960	288
AT3G53110	2330
AT3G45500	2
AT3G59830	11
AT3G58180	654
AT3G11030	283
AT3G27870	312
AT3G46670	0
AT3G12410	15
AT3G24450	54
AT3G26235	28
AT3G11230	423
AT3G05937	124
AT3G61570	256
AT3G27490	5
AT3G10610	786
AT3G08680	1262
AT3G44210	0
AT3G55950	125
AT3G54980	415
AT3G18730	264
AT3G56670	0
AT3G03520	505
AT3G04650	932
AT3G14730	265
AT3G58990	696
AT3G23980	590
AT3G03230	6
AT3G58470	440
AT3G47540	180
AT3G55450	549
AT3G09670	358
AT3G49900	150
AT3G61962	0
AT3G29785	0
AT3G13672	38
AT3G42990	0
AT3G62460	391
AT3G23240	5
AT3G26620	0
AT3G18400	133
AT3G45460	0
AT3G15351	170
AT3G58640	1309
AT3G12640	827
AT3G03710	1657
AT3G16820	0
AT3G17830	579
AT3G28345	1773
AT3G14840	1964
AT3G55740	209
AT3G46830	395
AT3G23390	2502
AT3G09380	0
AT3G08860	658
AT3G05900	0
AT3G54880	210
AT3G16620	637
AT3G45930	230
AT3G27350	448
AT3G63130	683
AT3G49730	133
AT3G23715	0
AT3G17820	3176
AT3G61300	0
AT3G59740	2
AT3G14790	530
AT3G16230	509
AT3G22410	204
AT3G52550	11
AT3G30350	38
AT3G18850	339
AT3G03820	57
AT3G12190	5
AT3G51470	90
AT3G47720	18
AT3G23145	0
AT3G51280	323
AT3G29110	1
AT3G13890	0
AT3G47680	806
AT3G25980	378
AT3G63220	260
AT3G49550	256
AT3G22160	128
AT3G49430	1448
AT3G14380	26
AT3G25910	1296
AT3G50560	43
AT3G50630	202
AT3G46470	0
AT3G09260	13870
AT3G04740	1080
AT3G45851	0
AT3G51320	258
AT3G14750	159
AT3G58480	12
AT3G52150	4175
AT3G22337	0
AT3G07940	541
AT3G48040	238
AT3G42800	21
AT3G61510	0
AT3G06660	697
AT3G24290	1
AT3G62830	1480
AT3G07880	1493
AT3G21120	0
AT3G14570	603
AT3G26310	116
AT3G20040	175
AT3G05890	277
AT3G51460	1222
AT3G27390	709
AT3G07510	35
AT3G11590	1256
AT3G14900	2218
AT3G23600	4034
AT3G10780	6
AT3G46060	1554
AT3G45970	857
AT3G14940	1603
AT3G26200	19
AT3G11773	1
AT3G56100	76
AT3G47120	574
AT3G17090	1253
AT3G56250	71
AT3G01329	4
AT3G10030	1538
AT3G04854	37
AT3G14520	4
AT3G03570	426
AT3G03640	1684
AT3G42170	796
AT3G28620	24
AT3G15120	1027
AT3G15880	1563
AT3G08950	483
AT3G07190	214
AT3G62170	8
AT3G54580	4625
AT3G62950	0
AT3G58270	370
AT3G26570	3833
AT3G51642	12
AT3G54020	236
AT3G54840	1039
AT3G07090	1463
AT3G62680	334
AT3G12800	2763
AT3G25870	268
AT3G17980	24
AT3G44766	1
AT3G45050	531
AT3G50020	0
AT3G12620	705
AT3G05850	492
AT3G14560	207
AT3G09860	2810
AT3G59280	1276
AT3G28150	211
AT3G10540	432
AT3G28050	1710
AT3G15240	84
AT3G11400	2476
AT3G53460	15845
AT3G48980	123
AT3G01324	0
AT3G43505	0
AT3G59680	144
AT3G43083	0
AT3G53210	167
AT3G19610	0
AT3G10290	55
AT3G28810	0
AT3G03960	2728
AT3G47940	213
AT3G50430	304
AT3G05770	12
AT3G17180	4
AT3G02210	276
AT3G48250	392
AT3G57700	0
AT3G46580	205
AT3G01910	3989
AT3G15760	81
AT3G61898	117
AT3G25480	865
AT3G59970	3431
AT3G50500	2250
AT3G58400	0
AT3G44290	9
AT3G17712	158
AT3G52640	805
AT3G25850	0
AT3G21990	0
AT3G04080	991
AT3G18370	1113
AT3G46230	7738
AT3G09180	311
AT3G50700	453
AT3G47340	59
AT3G23685	0
AT3G15170	7
AT3G08580	32434
AT3G44620	1058
AT3G51310	1041
AT3G18720	7
AT3G13790	1531
AT3G53420	14459
AT3G50060	314
AT3G04060	159
AT3G01311	17
AT3G23430	1033
AT3G48230	0
AT3G59540	3616
AT3G13650	345
AT3G54850	431
AT3G45170	0
AT3G04550	3079
AT3G50440	1378
AT3G61290	0
AT3G48360	787
AT3G48310	937
AT3G32410	0
AT3G16750	166
AT3G02180	1227
AT3G63093	3
AT3G14395	10
AT3G63530	408
AT3G11310	0
AT3G19615	1
AT3G53140	0
AT3G46590	908
AT3G05730	710
AT3G62870	9258
AT3G48100	111
AT3G07350	360
AT3G11510	4378
AT3G27040	1
AT3G18715	7
AT3G05180	569
AT3G15040	323
AT3G51830	558
AT3G22770	0
AT3G06320	842
AT3G57850	0
AT3G20015	360
AT3G24160	4167
AT3G61710	600
AT3G52510	9
AT3G13380	590
AT3G61140	1655
AT3G09830	303
AT3G13040	1092
AT3G09430	41
AT3G14650	2516
AT3G03847	0
AT3G14270	1815
AT3G06250	561
AT3G29033	0
AT3G23800	154
AT3G44006	1
AT3G15410	617
AT3G56480	545
AT3G10195	1
AT3G09720	807
AT3G49530	569
AT3G21060	724
AT3G57140	183
AT3G10380	2056
AT3G15130	204
AT3G24670	325
AT3G13845	238
AT3G59320	60
AT3G61740	430
AT3G57830	290
AT3G29160	673
AT3G42950	446
AT3G11940	7399
AT3G49440	0
AT3G44700	8
AT3G54240	2
AT3G28570	19
AT3G15220	585
AT3G47170	0
AT3G50530	810
AT3G47930	1007
AT3G50340	501
AT3G49540	12
AT3G54010	1239
AT3G04000	312
AT3G02810	1
AT3G02730	1644
AT3G27230	1493
AT3G43590	563
AT3G23320	1
AT3G12580	16415
AT3G57670	81
AT3G16240	5187
AT3G55720	53
AT3G49820	5
AT3G18240	775
AT3G04630	1180
AT3G12470	0
AT3G26120	7
AT3G14890	407
AT3G09770	996
AT3G07720	404
AT3G29645	8
AT3G17910	411
AT3G52260	195
AT3G06400	4385
AT3G45275	0
AT3G46700	89
AT3G18250	48
AT3G01500	29872
AT3G16930	0
AT3G27320	450
AT3G52900	598
AT3G54740	285
AT3G17225	49
AT3G29670	115
AT3G28170	9
AT3G49140	2277
AT3G26110	1
AT3G20000	1537
AT3G50950	1113
AT3G10560	3
AT3G19180	544
AT3G15356	481
AT3G27180	639
AT3G23605	111
AT3G50770	146
AT3G49330	13
AT3G01390	2868
AT3G60350	978
AT3G23900	1019
AT3G15750	97
AT3G23970	24
AT3G50590	1490
AT3G44580	41
AT3G01020	0
AT3G15420	80
AT3G57590	245
AT3G03773	252
AT3G49130	100
AT3G48120	218
AT3G16350	196
AT3G20110	68
AT3G55280	1432
AT3G66652	656
AT3G17890	167
AT3G14680	627
AT3G26060	5816
AT3G06760	450
AT3G53540	980
AT3G49950	37
AT3G21260	203
AT3G55590	0
AT3G19430	265
AT3G09200	10720
AT3G04360	25
AT3G12920	248
AT3G57950	19
AT3G58420	2
AT3G49360	288
AT3G15840	3345
AT3G25670	13
AT3G50000	2466
AT3G01660	161
AT3G59150	172
AT3G20910	282
AT3G07980	389
AT3G30842	5
AT3G55140	586
AT3G18130	1627
AT3G21680	68
AT3G06730	659
AT3G47620	1435
AT3G57980	251
AT3G58390	1
AT3G20970	561
AT3G58440	2
AT3G25190	56
AT3G29830	0
AT3G54910	629
AT3G48580	72
AT3G32180	0
AT3G18770	195
AT3G21400	232
AT3G24880	578
AT3G51644	2
AT3G21465	382
AT3G52520	32
AT3G06530	2128
AT3G49250	276
AT3G07770	12357
AT3G23110	404
AT3G56410	0
AT3G60410	739
AT3G12430	0
AT3G61630	369
AT3G20930	559
AT3G12340	441
AT3G19840	767
AT3G49055	4
AT3G28700	334
AT3G02990	99
AT3G26550	65
AT3G52050	626
AT3G51450	388
AT3G49180	388
AT3G55550	4
AT3G47610	1250
AT3G23100	290
AT3G19050	1080
AT3G07060	355
AT3G09320	386
AT3G24520	0
AT3G51350	66
AT3G29080	0
AT3G57390	321
AT3G17390	8528
AT3G63255	0
AT3G27160	4194
AT3G14120	1368
AT3G23920	1750
AT3G01480	3238
AT3G11130	4133
AT3G19100	1975
AT3G45030	1899
AT3G61160	104
AT3G43980	768
AT3G43410	0
AT3G25120	538
AT3G45610	71
AT3G13290	1310
AT3G44490	0
AT3G10140	310
AT3G51660	484
AT3G61440	10926
AT3G58030	1218
AT3G43220	697
AT3G50240	459
AT3G09960	32
AT3G57300	1262
AT3G46210	536
AT3G55515	8
AT3G62330	785
AT3G26640	252
AT3G26147	0
AT3G22370	1119
AT3G18750	605
AT3G62990	4
AT3G53890	2766
AT3G05680	1512
AT3G52880	12196
AT3G01260	9
AT3G59550	133
AT3G26370	1004
AT3G44960	63
AT3G45740	577
AT3G48280	303
AT3G05350	779
AT3G18550	4
AT3G11650	179
AT3G22942	211
AT3G03950	1651
AT3G23290	334
AT3G44680	425
AT3G03890	793
AT3G29410	8
AT3G58050	1023
AT3G25590	388
AT3G13740	471
AT3G19410	0
AT3G58170	543
AT3G12060	13
AT3G28600	1
AT3G50850	49
AT3G44540	157
AT3G43833	0
AT3G45300	742
AT3G61550	226
AT3G11220	398
AT3G50180	0
AT3G07480	2442
AT3G47660	7
AT3G14130	155
AT3G12260	3310
AT3G16785	956
AT3G21940	0
AT3G17700	250
AT3G48780	1149
AT3G57630	360
AT3G30387	0
AT3G50808	0
AT3G09870	9
AT3G06170	700
AT3G07540	849
AT3G61600	962
AT3G25597	55
AT3G54340	12
AT3G04520	723
AT3G59220	273
AT3G14170	129
AT3G15080	381
AT3G16730	221
AT3G54650	791
AT3G42960	0
AT3G27000	336
AT3G06860	3530
AT3G24870	592
AT3G55180	0
AT3G19970	364
AT3G18518	0
AT3G11700	1727
AT3G62300	905
AT3G03480	20
AT3G48131	7
AT3G47600	161
AT3G14060	310
AT3G61680	50
AT3G10590	41
AT3G58130	179
AT3G20240	586
AT3G02890	583
AT3G10572	484
AT3G13228	0
AT3G44990	3565
AT3G13800	276
AT3G19340	964
AT3G52060	573
AT3G53700	670
AT3G43645	0
AT3G15920	566
AT3G22345	0
AT3G19890	1
AT3G16080	4128
AT3G13310	558
AT3G49000	807
AT3G48940	2
AT3G41762	344
AT3G56720	1382
AT3G20120	350
AT3G19370	1384
AT3G53750	471
AT3G10050	1237
AT3G13640	28
AT3G12500	1243
AT3G21910	0
AT3G61540	401
AT3G52920	473
AT3G30770	23
AT3G20520	32
AT3G63110	317
AT3G12120	24151
AT3G10860	10268
AT3G30725	82
AT3G23530	1054
AT3G17730	33
AT3G23122	0
AT3G16432	0
AT3G42565	0
AT3G12550	341
AT3G08660	55
AT3G17350	163
AT3G54210	7393
AT3G55050	325
AT3G10430	0
AT3G06430	1289
AT3G12530	234
AT3G11920	1
AT3G59900	194
AT3G24010	320
AT3G14280	79
AT3G11890	573
AT3G04130	311
AT3G11580	293
AT3G19200	23
AT3G21290	480
AT3G28155	22
AT3G27415	1
AT3G12230	3
AT3G56050	1156
AT3G21420	443
AT3G14390	1801
AT3G24929	31
AT3G12250	181
AT3G29740	0
AT3G23680	0
AT3G45470	0
AT3G21825	0
AT3G04540	0
AT3G62510	16
AT3G23633	0
AT3G62640	1
AT3G23150	1142
AT3G59380	1286
AT3G06880	677
AT3G55700	22
AT3G02010	0
AT3G47350	1473
AT3G53310	80
AT3G26080	197
AT3G17261	0
AT3G26350	125
AT3G56120	432
AT3G22720	0
AT3G60150	128
AT3G57240	36
AT3G19035	0
AT3G03130	333
AT3G49740	0
AT3G14230	3212
AT3G60970	2
AT3G12690	344
AT3G47220	12
AT3G26010	10
AT3G19530	0
AT3G12890	6
AT3G45870	46
AT3G52380	4956
AT3G16150	46
AT3G52480	59
AT3G25740	212
AT3G22180	279
AT3G25265	0
AT3G05390	55
AT3G54720	641
AT3G15000	9144
AT3G05860	12
AT3G16250	966
AT3G20130	156
AT3G20490	273
AT3G01640	437
AT3G13390	2
AT3G01327	0
AT3G13850	36
AT3G03030	184
AT3G62060	511
AT3G22845	1448
AT3G24513	2
AT3G02340	298
AT3G57130	35
AT3G59580	85
AT3G24750	16
AT3G45180	7
AT3G45880	87
AT3G05310	0
AT3G43110	28
AT3G43430	129
AT3G06280	0
AT3G01330	219
AT3G47295	69
AT3G48600	141
AT3G26920	394
AT3G57690	3
AT3G15780	98
AT3G63080	626
AT3G22310	3016
AT3G28690	1726
AT3G60500	791
AT3G19553	349
AT3G15390	168
AT3G58160	484
AT3G60260	312
AT3G45750	295
AT3G24000	418
AT3G01400	174
AT3G46260	0
AT3G29250	151
AT3G52470	1353
AT3G62260	227
AT3G47850	450
AT3G56770	19
AT3G09570	904
AT3G30280	0
AT3G25780	301
AT3G53130	785
AT3G24715	185
AT3G53010	13
AT3G21000	24
AT3G42995	0
AT3G25810	0
AT3G61890	179
AT3G16890	242
AT3G26220	314
AT3G60020	0
AT3G13020	120
AT3G49080	975
AT3G48070	1076
AT3G15690	687
AT3G55790	0
AT3G21300	890
AT3G59100	1546
AT3G04380	259
AT3G62110	490
AT3G06340	652
AT3G26600	507
AT3G59450	13
AT3G17860	118
AT3G19508	306
AT3G19270	476
AT3G61720	0
AT3G07140	1475
AT3G60490	39
AT3G56750	495
AT3G25110	477
AT3G24210	36
AT3G14300	2
AT3G04430	0
AT3G07560	2197
AT3G27280	3086
AT3G46370	118
AT3G48390	125
AT3G19010	948
AT3G59840	1105
AT3G53680	225
AT3G02520	1567
AT3G55360	1257
AT3G61080	453
AT3G45850	835
AT3G23740	311
AT3G49725	681
AT3G25820	0
AT3G48170	3454
AT3G16690	16
AT3G61620	440
AT3G44703	0
AT3G14910	292
AT3G11390	5
AT3G14460	115
AT3G18773	73
AT3G04020	214
AT3G07640	736
AT3G18280	2339
AT3G56950	455
AT3G06545	1
AT3G58900	394
AT3G14075	523
AT3G48475	0
AT3G07120	39
AT3G55040	711
AT3G62590	149
AT3G19820	7579
AT3G22230	4862
AT3G24080	2741
AT3G57040	283
AT3G18380	403
AT3G05810	941
AT3G22350	0
AT3G05620	178
AT3G03150	652
AT3G21280	158
AT3G27185	0
AT3G15800	75
AT3G02090	9240
AT3G26115	293
AT3G26890	1318
AT3G42140	0
AT3G62350	0
AT3G20800	575
AT3G18440	963
AT3G60650	12
AT3G50980	5
AT3G48344	4
AT3G20557	0
AT3G13170	62
AT3G55080	395
AT3G48640	8
AT3G28840	76
AT3G22990	561
AT3G45310	1096
AT3G23480	10
AT3G28830	11
AT3G01960	5
AT3G09370	358
AT3G18990	728
AT3G23420	0
AT3G56880	1068
AT3G59660	757
AT3G59820	4459
AT3G03720	744
AT3G49880	340
AT3G27980	0
AT3G12520	901
AT3G48210	410
AT3G61850	234
AT3G15580	967
AT3G19580	101
AT3G04260	1639
AT3G01650	447
AT3G22260	186
AT3G25970	88
AT3G08610	4365
AT3G26460	71
AT3G07180	992
AT3G24590	722
AT3G43180	0
AT3G46616	7
AT3G14350	1688
AT3G16010	389
AT3G55650	1
AT3G13784	492
AT3G56370	1162
AT3G27520	151
AT3G10240	0
AT3G47460	193
AT3G28130	358
AT3G59690	27
AT3G15670	12
AT3G02060	1705
AT3G04690	216
AT3G03930	13
AT3G01600	504
AT3G18650	0
AT3G47550	495
AT3G03320	242
AT3G07670	552
AT3G46510	979
AT3G11530	544
AT3G21351	218
AT3G13150	384
AT3G58060	9
AT3G19560	1
AT3G55000	486
AT3G28875	24
AT3G10020	3528
AT3G55840	31
AT3G07610	476
AT3G55780	0
AT3G11370	13
AT3G42550	0
AT3G14710	20
AT3G29240	2289
AT3G01890	347
AT3G45130	3
AT3G26650	27477
AT3G55880	114
AT3G54150	28
AT3G30775	771
AT3G13062	815
AT3G25530	852
AT3G25014	0
AT3G47450	1722
AT3G21640	347
AT3G01900	20
AT3G15520	710
AT3G10900	0
AT3G13070	1639
AT3G07930	160
AT3G11800	642
AT3G19540	732
AT3G16720	358
AT3G15300	167
AT3G19650	541
AT3G20080	399
AT3G29400	326
AT3G62880	323
AT3G56610	0
AT3G24575	2
AT3G47960	1278
AT3G60370	613
AT3G01830	1
AT3G22490	0
AT3G04545	0
AT3G29630	36
AT3G07000	66
AT3G47500	609
AT3G02840	11
AT3G29637	22
AT3G02030	291
AT3G01513	11
AT3G08520	2645
AT3G25550	0
AT3G21600	271
AT3G52710	377
AT3G47200	54
AT3G20395	59
AT3G15518	6
AT3G45240	977
AT3G49760	12
AT3G02510	519
AT3G15870	0
AT3G24600	7
AT3G62600	4443
AT3G17280	75
AT3G07750	781
AT3G05970	1559
AT3G53550	0
AT3G04460	542
AT3G55566	0
AT3G16040	9
AT3G13050	320
AT3G16910	1444
AT3G28040	1155
AT3G26800	5
AT3G16360	333
AT3G03760	0
AT3G28470	0
AT3G61182	0
AT3G60440	419
AT3G02360	3820
AT3G45680	130
AT3G43870	0
AT3G43700	243
AT3G52280	662
AT3G04310	168
AT3G06870	0
AT3G50685	1167
AT3G57180	929
AT3G62970	309
AT3G12590	555
AT3G63240	143
AT3G05520	836
AT3G63340	1095
AT3G52210	269
AT3G56490	1747
AT3G28230	6
AT3G15352	194
AT3G25930	86
AT3G16120	2
AT3G54780	150
AT3G48730	4697
AT3G43790	160
AT3G62190	804
AT3G11290	545
AT3G48060	673
AT3G54620	1343
AT3G51730	1255
AT3G51620	748
AT3G23080	1127
AT3G09930	0
AT3G54490	0
AT3G28455	160
AT3G23540	680
AT3G48080	19
AT3G55920	273
AT3G52080	1
AT3G13770	63
AT3G53720	277
AT3G48990	3967
AT3G19290	731
AT3G57500	29
AT3G17080	0
AT3G61829	0
AT3G48790	37
AT3G20650	308
AT3G25290	522
AT3G22150	1282
AT3G24020	22
AT3G19690	0
AT3G08790	1
AT3G07860	603
AT3G44690	332
AT3G21700	204
AT3G17155	0
AT3G50420	153
AT3G01015	17
AT3G28120	0
AT3G30260	0
AT3G26720	1463
AT3G01100	1190
AT3G10585	0
AT3G12740	955
AT3G11260	71
AT3G09540	289
AT3G20350	649
AT3G04210	651
AT3G49720	1533
AT3G25710	179
AT3G59910	1600
AT3G47520	2179
AT3G13075	0
AT3G13320	767
AT3G23700	1444
AT3G47770	2
AT3G14540	13
AT3G16565	237
AT3G29255	0
AT3G13950	30
AT3G42060	1
AT3G16880	0
AT3G09035	244
AT3G15070	288
AT3G07010	269
AT3G45710	50
AT3G61660	5
AT3G17580	16
AT3G14090	314
AT3G49940	1296
AT3G27890	896
AT3G19510	625
AT3G11710	5699
AT3G24220	0
AT3G20740	555
AT3G54660	2753
AT3G15400	111
AT3G06010	1549
AT3G22020	0
AT3G63430	128
AT3G14140	18
AT3G55960	620
AT3G21295	273
AT3G57610	2468
AT3G19085	5
AT3G03790	1285
AT3G10000	35
AT3G13590	91
AT3G23870	32
AT3G28660	211
AT3G25900	392
AT3G50845	29
AT3G44405	14
AT3G50300	168
AT3G29260	0
AT3G20960	177
AT3G45830	628
AT3G23120	211
AT3G60050	367
AT3G18160	325
AT3G16160	26
AT3G06260	14
AT3G27710	11
AT3G08920	537
AT3G47050	12
AT3G55400	1382
AT3G61028	15
AT3G11770	395
AT3G20420	79
AT3G46980	594
AT3G28650	46
AT3G22830	44
AT3G09710	134
AT3G44730	355
AT3G17205	1096
AT3G50780	392
AT3G23360	1
AT3G10527	0
AT3G25140	1977
AT3G14440	98
AT3G04443	0
AT3G44261	0
AT3G13230	1152
AT3G60180	162
AT3G12545	5
AT3G51040	237
AT3G62550	844
AT3G27690	1403
AT3G58530	395
AT3G58780	23
AT3G24060	0
AT3G47190	1
AT3G19565	0
AT3G02630	2015
AT3G52290	141
AT3G04930	646
AT3G15095	1694
AT3G22333	0
AT3G28180	782
AT3G06120	16
AT3G57910	323
AT3G47020	0
AT3G61111	9
AT3G55850	472
AT3G25577	10
AT3G54380	467
AT3G61860	1423
AT3G52320	0
AT3G23860	7
AT3G53950	451
AT3G16780	2722
AT3G27290	45
AT3G55260	541
AT3G15510	230
AT3G19670	1353
AT3G01290	636
AT3G02140	144
AT3G49510	38
AT3G50130	5
AT3G11980	0
AT3G11500	616
AT3G13990	1290
AT3G05290	584
AT3G01323	0
AT3G57650	2329
AT3G28925	0
AT3G19090	13
AT3G44800	18
AT3G47830	61
AT3G14100	4712
AT3G04900	0
AT3G55410	4172
AT3G56780	12
AT3G60660	160
AT3G43300	2054
AT3G01620	0
AT3G57210	7
AT3G09210	1710
AT3G56830	101
AT3G48860	645
AT3G13700	0
AT3G46270	37
AT3G09980	1261
AT3G01510	507
AT3G18460	0
AT3G22540	11
AT3G15604	0
AT3G12760	2324
AT3G18120	0
AT3G10940	944
AT3G55940	68
AT3G53600	2
AT3G05741	1
AT3G13224	1055
AT3G19900	728
AT3G22070	0
AT3G63020	0
AT3G61177	0
AT3G19595	0
AT3G46130	164
AT3G09490	84
AT3G49460	0
AT3G12870	126
AT3G53810	184
AT3G23167	1
AT3G52010	0
AT3G02255	0
AT3G05980	49
AT3G20020	400
AT3G60690	302
AT3G52530	32
AT3G08850	2152
AT3G49845	8
AT3G23340	448
AT3G28740	820
AT3G51130	600
AT3G06650	2692
AT3G26900	1841
AT3G06780	93
AT3G59000	229
AT3G05260	2
AT3G43950	0
AT3G12400	546
AT3G09250	530
AT3G30823	0
AT3G54520	2
AT3G45443	192
AT3G29590	249
AT3G01700	16
AT3G10300	729
AT3G59850	33
AT3G51640	1057
AT3G26430	12
AT3G03240	4
AT3G28940	2282
AT3G16450	1134
AT3G27110	355
AT3G19380	266
AT3G45980	584
AT3G63490	6195
AT3G61950	114
AT3G44870	0
AT3G43500	1
AT3G52941	0
AT3G22760	560
AT3G53630	2715
AT3G18420	1528
AT3G06850	542
AT3G46660	0
AT3G62700	2304
AT3G47570	480
AT3G57720	57
AT3G26420	4
AT3G54480	1293
AT3G58510	2233
AT3G28140	420
AT3G01420	7911
AT3G44480	1594
AT3G08760	444
AT3G07195	22
AT3G14220	845
AT3G20410	915
AT3G62340	1
AT3G20730	11
AT3G49305	0
AT3G04300	11
AT3G47820	167
AT3G06110	472
AT3G48800	364
AT3G19130	1674
AT3G48400	0
AT3G25460	0
AT3G11070	1003
AT3G23230	0
AT3G05920	66
AT3G29560	0
AT3G03010	334
AT3G57890	1503
AT3G55680	0
AT3G27730	139
AT3G54280	1343
AT3G29763	0
AT3G14660	3092
AT3G06620	942
AT3G06840	57
AT3G03510	1
AT3G14370	47
AT3G50520	550
AT3G25580	438
AT3G51380	23
AT3G05570	275
AT3G59640	262
AT3G27660	50
AT3G27835	1
AT3G26730	1343
AT3G24225	2
AT3G12200	738
AT3G62280	29
AT3G45510	0
AT3G58980	132
AT3G23955	5
AT3G56300	91
AT3G05740	156
AT3G29350	690
AT3G09760	412
AT3G45430	36
AT3G50720	5
AT3G09030	407
AT3G62310	1579
AT3G60590	270
AT3G53070	0
AT3G22110	1902
AT3G08800	216
AT3G14420	20081
AT3G62840	2900
AT3G13970	91
AT3G50790	472
AT3G09510	0
AT3G58740	0
AT3G51500	355
AT3G15359	0
AT3G10670	1956
AT3G62760	10
AT3G46870	241
AT3G55250	994
AT3G14960	311
AT3G24740	707
AT3G46690	46
AT3G49340	2
AT3G21410	0
AT3G61590	256
AT3G62790	1529
AT3G04140	237
AT3G23172	0
AT3G10986	10
AT3G55910	15
AT3G03100	3445
AT3G52420	495
AT3G20360	0
AT3G10113	0
AT3G49160	167
AT3G21650	321
AT3G18980	475
AT3G46640	1857
AT3G21430	613
AT3G57840	0
AT3G17668	249
AT3G16340	632
AT3G62290	10127
AT3G03330	745
AT3G51080	121
AT3G54420	127
AT3G63215	0
AT3G04950	201
AT3G25240	94
AT3G17480	0
AT3G56150	6659
AT3G53260	2692
AT3G13450	645
AT3G13570	756
AT3G43840	24
AT3G54610	369
AT3G09080	66
AT3G59260	0
AT3G03590	84
AT3G26380	588
AT3G30300	952
AT3G11020	61
AT3G26960	293
AT3G04660	12
AT3G06790	782
AT3G20780	344
AT3G11820	434
AT3G60966	23
AT3G05580	373
AT3G56560	0
AT3G02440	0
AT3G50010	144
AT3G58877	0
AT3G05440	0
AT3G59710	42
AT3G19590	346
AT3G12350	369
AT3G20630	1697
AT3G17250	265
AT3G12820	19
AT3G53200	39
AT3G56980	118
AT3G59455	0
AT3G27820	3820
AT3G53390	560
AT3G08880	178
AT3G25620	63
AT3G59440	0
AT3G24420	9
AT3G47290	1049
AT3G03420	659
AT3G11930	1155
AT3G54470	2113
AT3G55935	1
AT3G56930	296
AT3G26050	76
AT3G61610	234
AT3G51770	778
AT3G16050	703
AT3G44120	109
AT3G47380	6
AT3G05975	0
AT3G54860	545
AT3G16770	5357
AT3G46540	1303
AT3G61270	179
AT3G05800	227
AT3G25560	365
AT3G44880	1218
AT3G24900	8
AT3G17210	1717
AT3G15260	666
AT3G18295	158
AT3G60080	539
AT3G55320	593
AT3G55310	0
AT3G52440	1
AT3G58690	283
AT3G07200	154
AT3G02190	581
AT3G27910	0
AT3G62020	330
AT3G51720	299
AT3G44020	343
AT3G21660	28
AT3G56440	108
AT3G48209	0
AT3G57465	0
AT3G32930	1294
AT3G59350	1038
AT3G21140	665
AT3G05510	343
AT3G30165	0
AT3G44860	31
AT3G56580	342
AT3G57785	179
AT3G01150	595
AT3G47390	471
AT3G56240	2467
AT3G60740	879
AT3G13720	210
AT3G45840	19
AT3G17220	26
AT3G10630	196
AT3G27550	639
AT3G48200	2533
AT3G08840	1073
AT3G52780	43
AT3G22080	0
AT3G07370	440
AT3G28460	521
AT3G46310	0
AT3G56430	540
AT3G48970	72
AT3G56700	2
AT3G53350	147
AT3G21730	0
AT3G08947	334
AT3G44769	6
AT3G55630	601
AT3G24517	0
AT3G19910	732
AT3G12770	19
AT3G52600	1
AT3G45093	0
AT3G49830	38
AT3G22710	0
AT3G15480	604
AT3G04960	86
AT3G13980	121
AT3G19020	299
AT3G55200	376
AT3G12420	2
AT3G52160	11
AT3G59070	0
AT3G49370	84
AT3G10800	1085
AT3G06460	6
AT3G44070	0
AT3G10420	986
AT3G57280	817
AT3G06510	2107
AT3G46710	6
AT3G50250	0
AT3G02245	2
AT3G44370	366
AT3G55670	0
AT3G26780	970
AT3G24065	0
AT3G10790	7
AT3G57730	0
AT3G12160	4
AT3G08640	1441
AT3G63250	645
AT3G07520	194
AT3G56130	688
AT3G44940	161
AT3G31560	0
AT3G17970	965
AT3G43920	280
AT3G16440	84
AT3G18100	336
AT3G12540	16
AT3G58300	0
AT3G44010	4349
AT3G16990	326
AT3G10750	4
AT3G05725	0
AT3G50540	2
AT3G47040	19
AT3G03910	4
AT3G12630	1616
AT3G25920	8488
AT3G52075	0
AT3G13240	90
AT3G50100	124
AT3G21590	0
AT3G04450	223
AT3G12560	440
AT3G02870	1333
AT3G01780	1214
AT3G61030	0
AT3G12950	808
AT3G60280	11
AT3G30247	0
AT3G51560	10
AT3G25150	2155
AT3G57090	630
AT3G51060	27
AT3G48850	22
AT3G01920	341
AT3G58500	2427
AT3G23440	33
AT3G24630	100
AT3G01200	82
AT3G59790	5
AT3G18360	5
AT3G07590	407
AT3G57870	3130
AT3G25760	622
AT3G46550	905
AT3G09880	543
AT3G11910	1847
AT3G25020	337
AT3G21570	3
AT3G16900	3
AT3G52560	1179
AT3G21790	944
AT3G44435	0
AT3G62080	310
AT3G27495	0
AT3G13662	1
AT3G03870	124
AT3G59050	727
AT3G17270	0
AT3G44330	2081
AT3G25080	3
AT3G56530	0
AT3G48150	502
AT3G08490	7
AT3G21950	11
AT3G52390	344
AT3G13520	3153
AT3G62650	747
AT3G44310	54126
AT3G56810	170
AT3G20860	260
AT3G22057	0
AT3G48110	1849
AT3G27470	615
AT3G60140	119
AT3G29320	13010
AT3G04810	781
AT3G57420	597
AT3G54550	1
AT3G44635	0
AT3G55150	61
AT3G47430	640
AT3G16090	426
AT3G52525	56
AT3G06990	36
AT3G13430	216
AT3G06350	1883
AT3G48950	0
AT3G09600	157
AT3G18500	262
AT3G12860	656
AT3G04030	123
AT3G17500	0
AT3G49410	230
AT3G24330	0
AT3G50550	303
AT3G31950	0
AT3G45140	20799
AT3G49551	17
AT3G29796	0
AT3G18020	288
AT3G27920	1
AT3G45640	707
AT3G20150	466
AT3G52020	0
AT3G49060	386
AT3G23330	278
AT3G48340	477
AT3G07690	293
AT3G05590	13029
AT3G21150	75
AT3G17170	1498
AT3G10970	1428
AT3G57230	337
AT3G50400	49
AT3G10180	136
AT3G56310	2351
AT3G15830	8
AT3G04820	560
AT3G15280	1
AT3G24770	789
AT3G56710	101
AT3G18870	172
AT3G03270	5128
AT3G21540	940
AT3G54590	2698
AT3G48298	0
AT3G27100	385
AT3G29070	0
AT3G44704	0
AT3G57710	309
AT3G04610	1621
AT3G57070	355
AT3G01610	711
AT3G22690	209
AT3G21370	3
AT3G57190	537
AT3G15250	7
AT3G24700	0
AT3G05540	0
AT3G32130	0
AT3G28750	41
AT3G44110	10329
AT3G12880	1
AT3G46790	840
AT3G03350	126
AT3G50870	14
AT3G08510	2371
AT3G49150	0
AT3G59590	0
AT3G13437	52
AT3G43970	14
AT3G61050	1843
AT3G28780	0
AT3G58590	144
AT3G48020	23
AT3G51910	33
AT3G06890	55
AT3G26020	558
AT3G09990	0
AT3G28950	317
AT3G05960	0
AT3G27090	4715
AT3G57510	0
AT3G59570	127
AT3G02230	1996
AT3G61170	81
AT3G20760	3
AT3G61870	3202
AT3G06040	931
AT3G62450	601
AT3G07970	17
AT3G08700	20
AT3G59870	460
AT3G16430	57
AT3G20950	0
AT3G54870	62
AT3G32330	0
AT3G23310	720
AT3G28320	2
AT3G03850	16
AT3G09150	343
AT3G15360	4089
AT3G14990	3656
AT3G51400	99
AT3G19920	8
AT3G53860	97
AT3G15910	0
AT3G51010	1013
AT3G04184	23
AT3G55100	6
AT3G42725	33
AT3G10010	354
AT3G62890	123
AT3G28670	417
AT3G03000	73
AT3G47210	37
AT3G17670	83
AT3G05450	2
AT3G55420	341
AT3G05010	130
AT3G46220	434
AT3G50810	81
AT3G23940	4710
AT3G28420	93
AT3G45920	0
AT3G02910	0
AT3G22420	509
AT3G05880	2013
AT3G61920	51
AT3G44970	827
AT3G02242	0
AT3G23270	0
AT3G07680	1438
AT3G57400	833
AT3G09660	236
AT3G20670	658
AT3G23630	43
AT3G22100	68
AT3G52090	1658
AT3G25700	329
AT3G21055	10452
AT3G22235	123
AT3G28922	0
AT3G23060	14
AT3G21620	0
AT3G03280	17
AT3G29638	40
AT3G61780	1387
AT3G29760	419
AT3G01680	601
AT3G62140	270
AT3G49470	1334
AT3G60990	0
AT3G29720	0
AT3G08030	3220
AT3G48810	161
AT3G59845	0
AT3G44430	407
AT3G03860	715
AT3G45252	0
AT3G13065	56
AT3G02050	2135
AT3G56470	48
AT3G24340	113
AT3G20030	0
AT3G48220	0
AT3G18200	58
AT3G62630	438
AT3G52980	0
AT3G58840	965
AT3G10985	1705
AT3G18780	4243
AT3G59030	1
AT3G48550	54
AT3G54030	491
AT3G22425	333
AT3G47480	92
AT3G44220	47
AT3G07030	1423
AT3G28910	361
AT3G42860	295
AT3G26782	261
AT3G24270	0
AT3G13227	1
AT3G09405	78
AT3G05050	1013
AT3G62010	2131
AT3G22900	41
AT3G46150	15
AT3G10760	455
AT3G27540	123
AT3G23580	989
AT3G55677	0
AT3G14970	0
AT3G52960	5073
AT3G52070	0
AT3G16650	588
AT3G03120	341
AT3G13870	2042
AT3G60030	1387
AT3G14010	1277
AT3G16117	0
AT3G29810	1053
AT3G46613	0
AT3G29690	0
AT3G25545	471
AT3G23255	109
AT3G06370	204
AT3G30805	0
AT3G26932	133
AT3G54460	1778
AT3G24510	0
AT3G59990	2526
AT3G47400	152
AT3G61500	0
AT3G19330	80
AT3G24240	488
AT3G06290	777
AT3G19600	0
AT3G50740	3848
AT3G58310	0
AT3G13410	4069
AT3G42570	0
AT3G32030	5
AT3G52360	212
AT3G48900	98
AT3G17040	2309
AT3G17010	2
AT3G59160	0
AT3G57560	731
AT3G51190	10
AT3G19400	295
AT3G53770	0
AT3G01331	0
AT3G11720	233
AT3G26130	31
AT3G02885	78
AT3G45940	10
AT3G16530	327
AT3G22565	11
AT3G21980	0
AT3G13340	1098
AT3G20620	278
AT3G07570	291
AT3G15370	0
AT3G55605	347
AT3G08636	0
AT3G54140	573
AT3G02720	1137
AT3G43153	0
AT3G23010	25
AT3G62390	206
AT3G45560	0
AT3G53640	0
AT3G46720	72
AT3G27640	81
AT3G01240	3
AT3G26180	1550
AT3G07565	447
AT3G10360	623
AT3G21610	327
AT3G56320	150
AT3G12610	572
AT3G22800	391
AT3G18680	3282
AT3G13830	0
AT3G57540	135
AT3G27770	1367
AT3G17640	240
AT3G53960	109
AT3G61770	531
AT3G02460	305
AT3G55240	905
AT3G06200	652
AT3G22935	0
AT3G46360	0
AT3G49200	0
AT3G45590	148
AT3G60940	30
AT3G20870	628
AT3G03580	369
AT3G63088	11
AT3G57990	777
AT3G25520	13542
AT3G46020	52
AT3G23490	1403
AT3G09400	9
AT3G22960	4065
AT3G10690	1742
AT3G30305	7
AT3G48590	238
AT3G60760	0
AT3G19240	1124
AT3G18390	6459
AT3G54050	7969
AT3G54450	0
AT3G29770	309
AT3G61230	0
AT3G10650	2212
AT3G06640	7
AT3G04070	285
AT3G23220	0
AT3G13200	1246
AT3G07870	344
AT3G13920	6816
AT3G59600	916
AT3G10930	67
AT3G28450	403
AT3G08900	3
AT3G61900	15
AT3G61470	43335
AT3G12380	581
AT3G46050	0
AT3G51325	13
AT3G49600	824
AT3G18485	7
AT3G10500	493
AT3G18230	560
AT3G10080	316
AT3G45330	12
AT3G60850	424
AT3G25040	1075
AT3G45620	601
AT3G17550	0
AT3G46320	120
AT3G49645	376
AT3G22125	0
AT3G54350	895
AT3G43574	0
AT3G13470	43024
AT3G51820	1814
AT3G03440	138
AT3G32160	0
AT3G15140	479
AT3G12320	193
AT3G30530	5
AT3G58680	4795
AT3G52660	859
AT3G46480	2
AT3G52740	251
AT3G49601	2353
AT3G60130	566
AT3G29680	143
AT3G46200	217
AT3G24180	1366
AT3G04670	1173
AT3G02690	1085
AT3G17750	688
AT3G15534	10
AT3G42390	0
AT3G24840	305
AT3G45790	1
AT3G44740	127
AT3G02490	442
AT3G14340	0
AT3G44980	0
AT3G46400	0
AT3G63230	0
AT3G15790	180
AT3G15357	291
AT3G25270	2
AT3G13674	51
AT3G23350	0
AT3G63450	247
AT3G48420	3142
AT3G05727	578
AT3G09530	1
AT3G51950	2151
AT3G19300	194
AT3G07160	3388
AT3G19620	255
AT3G06020	85
AT3G62930	21
AT3G01710	383
AT3G49350	456
AT3G01800	700
AT3G57000	1545
AT3G58220	631
AT3G52570	200
AT3G09055	5
AT3G60110	249
AT3G51740	334
AT3G51390	437
AT3G14452	7
AT3G61380	243
AT3G58940	168
AT3G02170	807
AT3G05500	541
AT3G58570	1461
AT3G58790	204
AT3G60900	116
AT3G44240	0
AT3G52620	13
AT3G05870	230
AT3G18670	22
AT3G04770	603
AT3G03776	6
AT3G26855	5
AT3G47730	1258
AT3G44630	925
AT3G27580	363
AT3G43260	0
AT3G06270	435
AT3G17120	363
AT3G18957	0
AT3G21770	1764
AT3G24050	1148
AT3G04903	0
AT3G43960	336
AT3G25960	0
AT3G53400	383
AT3G45110	0
AT3G59700	143
AT3G26830	302
AT3G50570	39
AT3G23930	169
AT3G52790	41
AT3G56890	43
AT3G60328	0
AT3G53020	7267
AT3G55530	383
AT3G02070	345
AT3G29152	0
AT3G23300	1843
AT3G17717	141
AT3G22300	430
AT3G55640	264
AT3G18060	1938
AT3G54170	484
AT3G20450	40
AT3G53060	0
AT3G49320	686
AT3G51650	746
AT3G54130	344
AT3G47910	2909
AT3G22700	7
AT3G53305	0
AT3G08670	550
AT3G19310	5
AT3G26410	566
AT3G04170	0
AT3G09810	1004
AT3G53980	1375
AT3G08910	503
AT3G53870	6280
AT3G01560	869
AT3G43503	0
AT3G62320	2
AT3G60460	0
AT3G04880	551
AT3G51895	484
AT3G10510	17
AT3G60360	838
AT3G56340	5007
AT3G60720	131
AT3G46100	700
AT3G54230	1196
AT3G57270	2
AT3G29020	0
AT3G48930	4825
AT3G07290	163
AT3G04190	0
AT3G24535	29
AT3G07600	4
AT3G27510	70
AT3G60700	1
AT3G48750	910
AT3G07500	147
AT3G25165	1
AT3G09800	199
AT3G23960	0
AT3G29455	0
AT3G49980	5
AT3G45570	0
AT3G21320	0
AT3G62070	113
AT3G17590	361
AT3G60270	2
AT3G20050	3982
AT3G20610	0
AT3G58580	781
AT3G17465	1660
AT3G09850	2013
AT3G25090	3
AT3G42940	0
AT3G20720	807
AT3G04320	7
AT3G14590	249
AT3G20880	1
AT3G25800	1449
AT3G06030	344
AT3G49840	335
AT3G16680	2
AT3G26860	2
AT3G63290	197
AT3G20070	214
AT3G30230	0
AT3G51980	702
AT3G01310	2115
AT3G14362	6
AT3G55170	1340
AT3G27430	3097
AT3G23727	0
AT3G18180	0
AT3G53232	13
AT3G04910	2017
AT3G61800	686
AT3G20370	502
AT3G27400	98
AT3G19630	568
AT3G58280	0
AT3G44485	0
AT3G22730	0
AT3G03970	187
AT3G62380	0
AT3G52940	518
AT3G53500	2073
AT3G06868	44
AT3G25860	1903
AT3G53760	391
AT3G60090	2
AT3G05330	125
AT3G26510	660
AT3G58650	278
AT3G63095	0
AT3G01326	0
AT3G11460	112
AT3G19860	1065
AT3G24560	139
AT3G16380	1
AT3G16610	47
AT3G28380	2
AT3G20160	13
AT3G20770	2279
AT3G17620	3
AT3G03360	222
AT3G58730	3379
AT3G28193	0
AT3G20210	6
AT3G14760	89
AT3G56080	617
AT3G45230	272
AT3G53342	0
AT3G28900	1201
AT3G55690	132
AT3G22980	792
AT3G01319	0
AT3G14610	363
AT3G10060	973
AT3G49020	8
AT3G12600	846
AT3G26740	8331
AT3G21270	225
AT3G50890	131
AT3G20100	2721
AT3G12940	162
AT3G47700	356
AT3G27785	1
AT3G07800	185
AT3G19000	714
AT3G14780	106
AT3G46930	227
AT3G21220	528
AT3G22480	453
AT3G46340	1
AT3G59180	1
AT3G01530	3
AT3G19740	1554
AT3G05420	1128
AT3G13580	2326
AT3G52300	9819
AT3G27906	534
AT3G23370	270
AT3G43670	407
AT3G52450	89
AT3G59230	4
AT3G12990	272
AT3G61310	410
AT3G25130	327
AT3G48160	91
AT3G10850	3609
AT3G12710	163
AT3G05935	0
AT3G51790	516
AT3G27070	3
AT3G60000	1
AT3G47710	4
AT3G47341	0
AT3G55540	0
AT3G50190	33
AT3G49800	666
AT3G29970	91
AT3G15890	139
AT3G24730	225
AT3G10770	1548
AT3G55110	244
AT3G44950	10
AT3G11300	0
AT3G11000	136
AT3G44150	559
AT3G61790	410
AT3G59930	20
AT3G46160	6
AT3G24514	0
AT3G23805	162
AT3G06960	534
AT3G29340	0
AT3G48030	360
AT3G47360	162
AT3G14981	0
AT3G13960	72
AT3G44530	460
AT3G25660	2030
AT3G13280	34
AT3G02080	4820
AT3G57860	368
AT3G46520	1
AT3G26270	0
AT3G63270	345
AT3G53300	0
AT3G15111	0
AT3G48960	1
AT3G60040	111
AT3G51600	10357
AT3G12345	1459
AT3G29034	134
AT3G02550	1125
AT3G07020	879
AT3G28990	0
AT3G56870	124
AT3G27831	0
AT3G18215	724
AT3G58090	167
AT3G01940	11
AT3G59360	543
AT3G56860	3521
AT3G53530	53
AT3G21390	147
AT3G61480	868
AT3G23570	943
AT3G44790	44
AT3G17630	145
AT3G27600	0
AT3G05300	3
AT3G05380	836
AT3G10990	0
AT3G26125	0
AT3G56550	86
AT3G23123	0
AT3G28490	0
AT3G59730	2234
AT3G23760	389
AT3G17950	173
AT3G58190	5
AT3G27809	0
AT3G10600	5
AT3G59245	0
AT3G19680	647
AT3G16810	1489
AT3G55254	0
AT3G10280	1
AT3G46410	0
AT3G42050	5635
AT3G52220	1188
AT3G10890	0
AT3G29090	875
AT3G47000	996
AT3G17152	1
AT3G60200	205
AT3G11405	0
AT3G04050	34
AT3G51670	2238
AT3G07360	868
AT3G46080	28
AT3G47070	2702
AT3G29631	0
AT3G26320	175
AT3G12490	1915
AT3G59435	3
AT3G17800	1654
AT3G28550	5379
AT3G01790	934
AT3G28560	4
AT3G47560	744
AT3G59210	681
AT3G54510	40
AT3G28630	40
AT3G52810	0
AT3G07700	1668
AT3G32920	14
AT3G07100	3418
AT3G58830	518
AT3G02770	258
AT3G15820	299
AT3G19055	0
AT3G44200	772
AT3G62470	273
AT3G14530	25
AT3G45530	57
AT3G48500	3181
AT3G29300	5
AT3G44820	171
AT3G27900	5
AT3G16895	0
AT3G02370	132
AT3G20250	586
AT3G25855	19
AT3G24030	354
AT3G52680	109
AT3G10490	815
AT3G09390	15976
AT3G25510	228
AT3G43150	0
AT3G13100	198
AT3G62730	54
AT3G05370	266
AT3G47470	57579
AT3G22620	459
AT3G04780	405
AT3G44160	717
AT3G10250	261
AT3G55340	1158
AT3G53330	0
AT3G04370	19
AT3G54220	664
AT3G43570	0
AT3G02310	3
AT3G28520	0
AT3G56690	587
AT3G23710	486
AT3G30383	0
AT3G43280	0
AT3G18950	24
AT3G27940	9
AT3G60286	22
AT3G21945	0
AT3G21090	99
AT3G54090	2743
AT3G07530	100
AT3G09970	553
AT3G52905	160
AT3G53294	0
AT3G58610	11885
AT3G01961	0
AT3G61810	0
AT3G48830	398
AT3G52340	610
AT3G08020	995
AT3G08990	101
AT3G28250	1
AT3G13930	2885
AT3G50080	331
AT3G24790	3
AT3G17360	541
AT3G02410	27
AT3G58330	0
AT3G02000	0
AT3G05190	194
AT3G19850	130
AT3G53270	409
AT3G13690	1040
AT3G11050	397
AT3G30460	37
AT3G22910	230
AT3G47690	217
AT3G24610	0
AT3G50230	27
AT3G28190	0
AT3G58860	14
AT3G25470	1291
AT3G59420	340
AT3G60330	306
AT3G46910	1
AT3G13350	780
AT3G44660	0
AT3G57072	0
AT3G52840	1472
AT3G30739	0
AT3G25805	604
AT3G17920	368
AT3G26950	1622
AT3G24620	0
AT3G48740	2447
AT3G62530	5017
AT3G50373	0
AT3G21340	6
AT3G20180	37
AT3G15980	1443
AT3G63280	186
AT3G09280	4
AT3G10405	1066
AT3G55190	0
AT3G59060	1600
AT3G09040	229
AT3G20460	35
AT3G16370	2772
AT3G07390	1024
AT3G45910	0
AT3G01210	665
AT3G46960	795
AT3G48260	13
AT3G46565	0
AT3G18880	91
AT3G17520	44
AT3G01130	2484
AT3G01850	675
AT3G61650	493
AT3G46280	687
AT3G43682	0
AT3G56180	0
AT3G46040	1897
AT3G59500	547
AT3G45673	0
AT3G11325	0
AT3G53800	752
AT3G25500	802
AT3G03726	4
AT3G27325	945
AT3G15620	67
AT3G29385	0
AT3G22231	5
AT3G24530	447
AT3G22275	0
AT3G25727	0
AT3G06000	0
AT3G06820	350
AT3G44460	24
AT3G43420	0
AT3G09925	188
AT3G45150	0
AT3G17130	24
AT3G06950	530
AT3G60890	84
AT3G12180	161
AT3G24570	234
AT3G11550	58
AT3G11570	6
AT3G45890	366
AT3G48510	36
AT3G52561	5
AT3G59370	22
AT3G19360	225
AT3G45060	37
AT3G26910	365
AT3G17770	853
AT3G22520	770
AT3G62160	8
AT3G19440	323
AT3G10440	310
AT3G18260	98
AT3G13433	3
AT3G46730	18
AT3G45770	1699
AT3G48346	2
AT3G06450	1068
AT3G05625	410
AT3G01360	274
AT3G14200	679
AT3G27503	0
AT3G02220	1083
AT3G51270	1461
AT3G12840	0
AT3G51590	1
AT3G18970	180
AT3G05155	8
AT3G29635	0
AT3G47780	451
AT3G54085	3
AT3G09590	0
AT3G48610	1335
AT3G49710	200
AT3G02390	0
AT3G01090	994
AT3G55890	39
AT3G32190	0
AT3G59390	166
AT3G58340	2
AT3G10230	989
AT3G11200	1287
AT3G55010	1446
AT3G22436	0
AT3G55330	1022
AT3G09690	290
AT3G55500	115
AT3G05220	4361
AT3G59040	997
AT3G46740	4607
AT3G02110	1098
AT3G52040	71
AT3G26630	509
AT3G14040	19
AT3G06680	1017
AT3G43600	1773
AT3G51440	145
AT3G17710	157
AT3G43160	0
AT3G50123	0
AT3G15440	0
AT3G62580	1319
AT3G56940	23898
AT3G15680	387
AT3G17330	621
AT3G50350	131
AT3G44850	555
AT3G56040	2902
AT3G12670	1186
AT3G20660	286
AT3G13404	9
AT3G60830	704
AT3G02790	0
AT3G16960	0
AT3G22470	110
AT3G50030	30
AT3G45320	0
AT3G01570	47
AT3G58140	2322
AT3G51180	136
AT3G52490	118
AT3G44805	15
AT3G17760	3
AT3G56090	1296
AT3G13670	2663
AT3G42153	0
AT3G06985	0
AT3G01990	75
AT3G06490	22
AT3G26690	411
AT3G53590	3
AT3G01300	498
AT3G20840	65
AT3G55390	148
AT3G45100	624
AT3G43837	0
AT3G04350	753
AT3G08943	1273
AT3G13110	1558
AT3G18000	2108
AT3G08000	122
AT3G07310	728
AT3G07410	537
AT3G22170	2103
AT3G23245	1
AT3G44710	1
AT3G56650	369
AT3G28635	37
AT3G15353	6745
AT3G04480	641
AT3G03880	288
AT3G15354	783
AT3G06230	0
AT3G01590	765
AT3G60540	83
AT3G60320	1474
AT3G20540	1892
AT3G03370	107
AT3G55220	335
AT3G08505	193
AT3G61040	0
AT3G22670	0
AT3G25430	315
AT3G43490	0
AT3G44610	219
AT3G21230	206
AT3G24140	225
AT3G16870	368
AT3G12980	961
AT3G30340	21
AT3G22085	0
AT3G16520	4056
AT3G01322	0
AT3G12835	0
AT3G16320	437
AT3G29780	18
AT3G05670	1213
AT3G23180	106
AT3G06435	112
AT3G53790	0
AT3G23820	3006
AT3G17840	889
AT3G28291	0
AT3G18580	245
AT3G29075	398
AT3G16330	226
AT3G19940	0
AT3G22860	47
AT3G48205	0
AT3G06720	3450
AT3G09910	7
AT3G05150	20
AT3G22010	0
AT3G53710	1091
AT3G13090	80
AT3G19552	0
AT3G46490	30
AT3G56840	185
AT3G22270	842
AT3G15900	137
AT3G01670	430
AT3G44665	0
AT3G48880	479
AT3G54690	405
AT3G61690	1299
AT3G14490	1
AT3G05490	1033
AT3G05365	8
AT3G20155	0
AT3G03990	710
AT3G18320	201
AT3G11780	1060
AT3G11690	293
AT3G43230	686
AT3G10974	0
AT3G25260	5
AT3G53180	845
AT3G53520	620
AT3G15430	675
AT3G61490	205
AT3G42560	0
AT3G14150	290
AT3G11330	942
AT3G24640	2
AT3G57680	43
AT3G12000	0
AT3G04100	0
AT3G05070	778
AT3G44760	0
AT3G26040	26
AT3G53940	550
AT3G13680	105
AT3G46850	0
AT3G32090	0
AT3G02200	1345
AT3G13782	93
AT3G06300	678
AT3G01280	4423
AT3G45160	813
AT3G06970	3
AT3G14720	1095
AT3G43630	0
AT3G12090	215
AT3G23990	11791
AT3G29375	445
AT3G11840	44
AT3G22104	431
AT3G51970	52
AT3G61390	0
AT3G05100	438
AT3G58560	1560
AT3G23620	1487
AT3G63320	3
AT3G42155	0
AT3G06210	512
AT3G48490	132
AT3G60730	12
AT3G09450	26
AT3G07210	243
AT3G03405	0
AT3G53650	78
AT3G27150	522
AT3G09340	0
AT3G49300	4
AT3G11880	695
AT3G46500	12
AT3G53080	0
AT3G51410	17
AT3G11320	296
AT3G09735	520
AT3G17680	232
AT3G25880	40
AT3G58950	3
AT3G11810	537
AT3G02650	796
AT3G02130	859
AT3G24190	1504
AT3G29290	825
AT3G48770	46
AT3G27250	35
AT3G61320	770
AT3G07820	29
AT3G21630	621
AT3G16410	123
AT3G27270	62
AT3G50360	824
AT3G53235	33
AT3G44180	0
AT3G46530	1525
AT3G04120	18453
AT3G45010	1367
AT3G10550	370
AT3G24430	2070
AT3G29130	175
AT3G04340	5146
AT3G26330	111
AT3G28100	381
AT3G26744	1356
AT3G17530	4
AT3G19080	417
AT3G46845	123
AT3G52540	22
AT3G54710	188
AT3G04270	0
AT3G15909	0
AT3G48710	596
AT3G50210	713
AT3G56360	4057
AT3G19790	280
AT3G09840	8803
AT3G16630	1055
AT3G11560	1386
AT3G11830	3862
AT3G28918	2
AT3G50970	113
AT3G05840	2368
AT3G50170	0
AT3G56990	1510
AT3G04440	0
AT3G52526	13
AT3G23650	0
AT3G04620	70
AT3G05990	817
AT3G21850	2
AT3G03750	0
AT3G57410	2365
AT3G25505	15
AT3G22560	105
AT3G49220	4284
AT3G28870	0
AT3G58490	738
AT3G01010	0
AT3G48090	482
AT3G05160	425
AT3G43190	578
AT3G17810	1377
AT3G22220	615
AT3G26480	136
AT3G58410	1
AT3G12830	109
AT3G45243	0
AT3G57750	236
AT3G50800	40
AT3G13882	1125
AT3G03810	450
AT3G01175	6
AT3G26490	177
AT3G50140	5
AT3G14205	1158
AT3G12780	19211
AT3G46780	9837
AT3G04840	8999
AT3G04181	18
AT3G05040	921
AT3G26935	1357
AT3G04760	927
AT3G11850	340
AT3G01120	6678
AT3G46666	1
AT3G06080	395
AT3G10870	294
AT3G20680	271
AT3G28980	3
AT3G14640	47
AT3G09500	12268
AT3G57200	48
AT3G13330	1057
AT3G27020	944
AT3G29390	2037
AT3G44555	0
AT3G54540	1942
AT3G13500	0
AT3G06980	2638
AT3G20510	752
AT3G21580	282
AT3G53480	1404
AT3G49960	237
AT3G58520	195
AT3G07380	0
AT3G49500	1749
AT3G44930	0
AT3G61930	4
AT3G21175	608
AT3G53850	210
AT3G22580	0
AT3G04510	16
AT3G04800	56
AT3G55570	0
AT3G51430	667
AT3G55520	380
AT3G06570	469
AT3G11160	2
AT3G44320	506
AT3G06220	9
AT3G25882	57
AT3G54190	1190
AT3G58960	0
AT3G42075	0
AT3G13400	33
AT3G28530	0
AT3G56380	0
AT3G62120	3078
AT3G07522	0
AT3G15610	716
AT3G21180	15
AT3G50730	0
AT3G60340	1799
AT3G10160	825
AT3G14670	5
AT3G63000	1065
AT3G62090	8
AT3G19260	250
AT3G11950	200
AT3G07900	36
AT3G16555	0
AT3G30210	0
AT3G55020	1412
AT3G55120	1068
AT3G22415	48
AT3G14210	53725
AT3G02980	66
AT3G23400	3751
AT3G03200	24
AT3G01630	17
AT3G51070	0
AT3G15450	431
AT3G20830	144
AT3G18330	2
AT3G28390	0
AT3G44428	0
AT3G29575	128
AT3G44510	36
AT3G59080	457
AT3G17430	688
AT3G22510	0
AT3G04790	1550
AT3G11060	0
AT3G16400	2894
AT3G50280	47
AT3G55350	238
AT3G47440	6
AT3G18610	460
AT3G23880	85
AT3G02450	1662
AT3G58260	3
AT3G12960	6
AT3G11120	1297
AT3G49420	202
AT3G49010	6027
AT3G03770	1443
AT3G56920	1
AT3G62920	76
AT3G21800	0
AT3G25990	33
AT3G58230	0
AT3G01516	39
AT3G16760	924
AT3G44785	0
AT3G51090	248
AT3G03020	381
AT3G61450	32
AT3G24260	0
AT3G03920	3808
AT3G44716	33
AT3G02493	0
AT3G47920	0
AT3G28890	68
AT3G54180	324
AT3G22650	0
AT3G23050	2518
AT3G49110	480
AT3G26237	6
AT3G11480	0
AT3G16140	5204
AT3G19930	604
AT3G18760	715
AT3G16480	1103
AT3G33393	0
AT3G26580	3284
AT3G18480	680
AT3G11640	13
AT3G02700	478
AT3G01770	2452
AT3G11165	18
AT3G56160	1274
AT3G57790	223
AT3G60630	503
AT3G19870	684
AT3G19190	644
AT3G11945	628
AT3G12020	917
AT3G09230	255
AT3G56400	409
AT3G17660	119
AT3G07790	1333
AT3G25716	0
AT3G03470	631
AT3G60550	53
AT3G46810	15
AT3G22142	0
AT3G02555	244
AT3G02600	785
AT3G56820	188
AT3G26390	0
AT3G57880	2060
AT3G57580	120
AT3G15730	5831
AT3G19770	479
AT3G58700	1355
AT3G15660	1585
AT3G27475	2
AT3G52170	434
AT3G62410	1474
AT3G03840	14
AT3G53560	2581
AT3G30390	5077
AT3G24093	0
AT3G22053	0
AT3G22421	0
AT3G03900	194
AT3G62040	295
AT3G20890	303
AT3G23200	97
AT3G22930	148
AT3G17765	0
AT3G14000	249
AT3G18590	0
AT3G27027	68
AT3G30840	0
AT3G49790	145
AT3G48140	8691
AT3G51630	1237
AT3G57100	6
AT3G57360	171
AT3G29800	1
AT3G42630	306
AT3G45950	0
AT3G12040	61
AT3G63440	3
AT3G27420	336
AT3G47030	35
AT3G56010	583
AT3G56000	34
AT3G60980	302
AT3G09050	217
AT3G54200	319
AT3G49640	336
AT3G07425	7
AT3G55830	611
AT3G47160	861
AT3G62660	1289
AT3G10190	510
AT3G20140	2
AT3G21670	910
AT3G23730	1036
AT3G01730	1
AT3G49590	677
AT3G12650	227
AT3G48920	51
AT3G59300	738
AT3G19640	1005
AT3G47833	1161
AT3G46240	0
AT3G22550	1281
AT3G19350	3
AT3G01540	12234
AT3G05360	396
AT3G11745	71
AT3G48010	7
AT3G10439	0
AT3G19990	867
AT3G21780	0
AT3G16210	13
AT3G52720	546
AT3G61960	732
AT3G53220	142
AT3G49690	42
AT3G56600	3
AT3G46760	4
AT3G53370	630
AT3G24068	2
AT3G12210	478
AT3G52310	13
AT3G09900	446
AT3G57380	99
AT3G02950	687
AT3G12915	577
AT3G20200	107
AT3G20980	0
AT3G50410	182
AT3G45210	546
AT3G60480	259
AT3G52100	551
AT3G45090	802
AT3G44755	0
AT3G49520	0
AT3G02300	1407
AT3G26990	445
AT3G27610	260
AT3G27560	485
AT3G19210	274
AT3G50070	1055
AT3G05165	4248
AT3G19980	546
AT3G57470	1088
AT3G60950	0
AT3G43250	3
AT3G10185	6
AT3G54820	748
AT3G22840	1001
AT3G28080	264
AT3G60975	0
AT3G13080	2720
AT3G18470	0
AT3G63120	558
AT3G24495	596
AT3G32400	2
AT3G47080	551
AT3G24660	427
AT3G55470	199
AT3G16000	2998
AT3G25905	33
AT3G44400	338
AT3G06410	1066
AT3G54160	54
AT3G05200	249
AT3G49700	0
AT3G28790	10
AT3G28020	0
AT3G22000	0
AT3G27329	0
AT3G18640	804
AT3G18350	363
AT3G13620	217
AT3G21360	150
AT3G47180	52
AT3G54390	394
AT3G21473	0
AT3G16220	100
AT3G15090	559
AT3G61990	253
AT3G20500	1545
AT3G57250	1
AT3G02930	328
AT3G60920	6
AT3G10710	141
AT3G22660	1174
AT3G11964	2910
AT3G58350	64
AT3G54290	354
AT3G53580	1878
AT3G12300	459
AT3G03290	14
AT3G07960	122
AT3G24230	3
AT3G12360	845
AT3G07740	365
AT3G18150	0
AT3G33520	273
AT3G44910	0
AT3G12150	254
AT3G27380	2863
AT3G57960	1
AT3G05080	0
AT3G52030	575
AT3G54940	1
AT3G50200	7
AT3G56680	1376
AT3G06770	315
AT3G24250	0
AT3G04855	3
AT3G23660	895
AT3G63210	521
AT3G57490	900
AT3G49890	313
AT3G61750	234
AT3G30370	0
AT3G46190	1
AT3G47800	800
AT3G55860	0
AT3G62130	962
AT3G19760	4766
AT3G18290	3016
AT3G10820	396
AT3G02150	252
AT3G42780	0
AT3G48450	4
AT3G07040	242
AT3G18140	797
AT3G49580	1044
AT3G04230	620
AT3G16700	69
AT3G04090	1873
AT3G26340	441
AT3G42150	258
AT3G20470	2140
AT3G32047	6
AT3G19520	1027
AT3G25750	0
AT3G11402	109
AT3G46600	991
AT3G10310	365
AT3G29639	297
AT3G62500	84
AT3G14463	0
AT3G48890	1748
AT3G43740	365
AT3G46010	2414
AT3G12203	5
AT3G43610	935
AT3G21070	655
AT3G01320	1348
AT3G61400	2
AT3G62440	0
AT3G26790	4
AT3G05750	550
AT3G21165	0
AT3G12070	121
AT3G44900	29
AT3G10700	478
AT3G48700	180
AT3G55070	497
AT3G09090	1737
AT3G01270	20
AT3G44830	8
AT3G25690	2820
AT3G53690	58
AT3G21960	0
AT3G44380	185
AT3G06310	732
AT3G61910	0
AT3G47640	255
AT3G61360	191
AT3G12510	0
AT3G51200	0
AT3G20865	41
AT3G60910	578
AT3G04850	294
AT3G16490	68
AT3G16920	436
AT3G02500	81
AT3G14415	8737
AT3G17611	458
AT3G16070	7
AT3G52140	4695
AT3G22780	814
AT3G45960	62
AT3G63310	1540
AT3G23950	0
AT3G45290	57
AT3G51930	72
AT3G14740	123
AT3G62240	838
AT3G44130	0
AT3G26150	5
AT3G16560	673
AT3G55870	2
AT3G23170	302
AT3G16570	1249
AT3G52970	0
AT3G03690	199
AT3G18110	1146
AT3G20690	4
AT3G02040	1397
AT3G53490	143
AT3G09650	1180
AT3G58820	121
AT3G19420	1347
AT3G28270	2326
AT3G25440	221
AT3G10410	5495
AT3G59810	342
AT3G27410	6
AT3G20700	0
AT3G26880	0
AT3G55460	2051
AT3G60010	13
AT3G02800	20
AT3G60380	920
AT3G02975	0
AT3G14240	2679
AT3G26360	313
AT3G28590	2
AT3G17720	1
AT3G45285	0
AT3G46560	1456
AT3G54070	0
AT3G03310	728
AT3G60400	244
AT3G51700	0
AT3G21371	0
AT3G60450	648
AT3G17790	2088
AT3G63480	332
AT3G56020	1374
AT3G30380	322
AT3G63300	247
AT3G20320	952
AT3G49230	3
AT3G58750	1907
AT3G20600	98
AT3G19450	1836
AT3G11540	1237
AT3G14080	437
AT3G11760	411
AT3G28220	109
AT3G17780	780
AT3G20400	0
AT3G14020	127
AT3G47630	429
AT3G19274	0
AT3G05930	1
AT3G62940	725
AT3G56760	537
AT3G52370	563
AT3G32896	0
AT3G48300	12
AT3G32904	0
AT3G59190	104
AT3G08930	1891
AT3G15180	702
AT3G60840	438
AT3G44350	7
AT3G02860	560
AT3G54760	2229
AT3G27240	4419
AT3G58550	553
AT3G45400	174
AT3G42628	1
AT3G11210	213
AT3G21820	288
AT3G07620	5
AT3G63260	585
AT3G07070	29
AT3G27925	1536
AT3G44170	0
AT3G44100	778
AT3G05790	379
AT3G06455	200
AT3G06830	2
AT3G49155	0
AT3G15050	17
AT3G15570	355
AT3G58360	2
AT3G02125	1
AT3G28958	2
AT3G46570	0
AT3G06436	1
AT3G07730	122
AT3G61571	5
AT3G60060	0
AT3G56970	102
AT3G21710	111
AT3G61100	530
AT3G18790	885
AT3G24503	2644
AT3G29797	0
AT3G23410	1200
AT3G08720	522
AT3G25170	3
AT3G20550	823
AT3G13275	124
AT3G19470	194
AT3G05775	0
AT3G20380	144
AT3G04250	0
AT3G66654	571
AT3G46110	63
AT3G48440	275
AT3G47530	210
AT3G50260	164
AT3G46735	0
AT3G54320	344
AT3G61010	1069
AT3G07050	2045
AT3G25012	0
AT3G12900	0
AT3G16130	0
AT3G61117	0
AT3G42310	0
AT3G04920	4526
AT3G30720	585
AT3G10220	340
AT3G59170	0
AT3G48000	8133
AT3G28243	0
AT3G26210	314
AT3G61035	0
AT3G11440	95
AT3G08820	155
AT3G22330	2828
AT3G15940	1152
AT3G25010	82
AT3G52115	115
AT3G44920	0
AT3G55130	329
AT3G24360	65
AT3G08620	285
AT3G26000	1245
AT3G28540	733
AT3G24515	468
AT3G17470	632
AT3G03340	743
AT3G04390	0
AT3G08560	14
AT3G54560	383
AT3G14600	3220
AT3G12460	18
AT3G52820	33
AT3G60245	9253
AT3G30520	0
AT3G51230	30
AT3G26660	0
AT3G03160	781
AT3G53290	0
AT3G50290	14
AT3G46330	39
AT3G17365	272
AT3G45670	1
AT3G21110	528
AT3G19170	10415
AT3G19150	493
AT3G24350	570
AT3G53730	462
AT3G45645	0
AT3G57170	590
AT3G05340	138
AT3G60415	43
AT3G28720	1770
AT3G18820	1877
AT3G13750	4366
AT3G50160	1
AT3G47010	154
AT3G11250	1082
AT3G44810	0
AT3G01930	1062
AT3G23030	670
AT3G50910	1061
AT3G51800	3872
AT3G24506	482
AT3G21250	1498
AT3G55513	0
AT3G47870	0
AT3G15630	55
AT3G45440	25
AT3G24860	149
AT3G02677	1
AT3G02320	627
AT3G24040	865
AT3G54670	1070
AT3G61580	4587
AT3G22022	0
AT3G12130	622
AT3G28710	2324
AT3G57660	1474
AT3G13530	557
AT3G22200	3196
AT3G15700	20
AT3G06330	257
AT3G01470	2241
AT3G27300	1246
AT3G13300	2530
AT3G58630	296
AT3G28415	0
AT3G21200	1780
AT3G50470	14
AT3G16980	16
AT3G51940	268
AT3G09863	3
AT3G13730	293
AT3G02065	719
AT3G05746	0
AT3G61180	609
AT3G04040	43
AT3G60070	132
AT3G11750	87
AT3G61200	1708
AT3G07150	76
AT3G21450	0
AT3G19950	387
AT3G19250	37
AT3G61220	1584
AT3G03730	0
AT3G26770	134
AT3G29185	1341
AT3G01180	1127
AT3G43440	122
AT3G11900	430
AT3G49670	878
AT3G28290	0
AT3G63520	6680
AT3G14980	479
AT3G04330	11
AT3G52860	396
AT3G24550	2886
AT3G55210	9
AT3G48380	690
AT3G58660	2938
AT3G04410	0
AT3G49045	0
AT3G07840	0
AT3G43660	0
AT3G25640	99
AT3G53230	2355
AT3G43750	0
AT3G58770	48
AT3G54360	2886
AT3G09480	106
AT3G03620	0
AT3G05610	6
AT3G27330	227
AT3G15160	487
AT3G62960	2
AT3G16940	733
AT3G15110	667
AT3G26160	5
AT3G27620	171
AT3G44753	14
AT3G06090	0
AT3G09070	649
AT3G02580	818
AT3G22400	135
AT3G14160	335
AT3G14172	1610
AT3G07450	2
AT3G03670	0
AT3G26190	0
AT3G04943	0
AT3G12775	1
AT3G21100	297
AT3G22961	2
AT3G55430	1581
AT3G10640	479
AT3G09640	3151
AT3G55160	1680
AT3G16857	909
AT3G27860	60
AT3G24540	2
AT3G54080	222
AT3G56190	4679
AT3G53820	0
AT3G09730	143
AT3G60290	56
AT3G09890	303
AT3G11180	1
AT3G22870	0
AT3G18520	1061
AT3G06630	174
AT3G22920	2
AT3G52580	1337
AT3G66658	840
AT3G04560	427
AT3G07920	11
AT3G59760	1239
AT3G48185	63
AT3G19613	0
AT3G29035	158
AT3G62150	653
AT3G58070	22
AT3G13403	3
AT3G58800	222
AT3G46880	3
AT3G50150	1
AT3G53090	971
AT3G53360	146
AT3G57810	741
AT3G43470	0
AT3G03090	419
AT3G26618	1146
AT3G26520	17890
AT3G44780	0
AT3G11740	0
AT3G53320	264
AT3G08550	891
AT3G13677	142
AT3G29190	1
AT3G05060	2909
AT3G24463	226
AT3G49810	405
AT3G07660	1706
AT3G20330	1300
AT3G09162	35
AT3G47980	155
AT3G11100	554
AT3G45260	361
AT3G44190	647
AT3G07630	910
AT3G07810	2000
AT3G51580	632
AT3G56290	580
AT3G18775	0
AT3G21865	638
AT3G49210	158
AT3G60670	29
AT3G01230	1
AT3G49930	22
AT3G62610	16
AT3G46630	453
AT3G60510	272
AT3G58415	0
AT3G19700	3
AT3G12290	3213
AT3G52890	1067
AT3G06700	3578
AT3G17070	231
AT3G29330	31
AT3G31402	0
AT3G61110	3362
AT3G07320	313
AT3G19184	38
AT3G30820	2
AT3G44840	0
AT3G51110	395
AT3G02960	0
AT3G02673	0
AT3G24760	391
AT3G45810	0
AT3G16850	1370
AT3G54770	119
AT3G59410	640
AT3G28730	2220
AT3G05240	0
AT3G26760	76
AT3G02020	1687
AT3G07890	925
AT3G17940	1544
AT3G50930	292
AT3G06085	0
AT3G02680	148
AT3G56960	362
AT3G04710	1042
AT3G54440	1397
AT3G01415	0
AT3G15200	48
AT3G44326	25
AT3G43910	0
AT3G17340	317
AT3G24650	4
AT3G56891	18
AT3G61175	0
AT3G14467	2
AT3G10090	662
AT3G46290	515
AT3G02570	722
AT3G06050	2662
AT3G47100	33
AT3G54040	851
AT3G18600	2130
AT3G28310	3
AT3G49920	118
AT3G53780	264
AT3G44935	0
AT3G05090	1294
AT3G57030	565
AT3G51220	36
AT3G03190	0
AT3G43415	0
AT3G20010	907
AT3G21740	532
AT3G17300	537
AT3G50650	249
AT3G60520	157
AT3G16540	3
AT3G57050	1455
AT3G26070	2857
AT3G59130	2
AT3G01740	909
AT3G53000	318
AT3G06060	423
AT3G07250	1
AT3G51300	12
AT3G21750	1005
AT3G54270	85
AT3G23210	232
AT3G16600	1
AT3G58450	1
AT3G58370	0
AT3G58920	2
AT3G16390	26
AT3G23750	1331
AT3G24100	6316
AT3G15540	79
AT3G10455	0
AT3G03530	67
AT3G49260	321
AT3G53930	349
AT3G28335	3
AT3G49490	1741
AT3G04600	1572
AT3G55270	1088
AT3G20640	191
AT3G09790	21
AT3G29790	0
AT3G61415	418
AT3G21560	1893
AT3G25221	1
AT3G03430	0
AT3G13510	668
AT3G25100	122
AT3G07460	1068
AT3G24320	559
AT3G43480	0
AT3G02260	4084
AT3G48820	464
AT3G55440	17911
AT3G27950	1
AT3G27200	269
AT3G12390	1459
AT3G17510	830
AT3G61260	1156
AT3G09130	0
AT3G05460	0
AT3G55730	232
AT3G09455	335
AT3G46450	857
AT3G13860	4682
AT3G21870	143
AT3G04890	336
AT3G61460	720
AT3G62210	26
AT3G49310	602
AT3G09360	372
AT3G18535	354
AT3G09440	3756
AT3G11600	173
AT3G03220	522
AT3G18300	14
AT3G13840	6
AT3G60710	18
AT3G10570	56
AT3G23890	1946
AT3G18560	74
AT3G09140	1
AT3G01490	648
AT3G02290	275
AT3G42670	862
AT3G12685	195
AT3G61840	4
AT3G07990	132
AT3G43930	6
AT3G28640	206
AT3G42130	0
AT3G55230	458
AT3G25160	0
AT3G56800	2798
AT3G26750	130
AT3G53150	6
AT3G26300	735
AT3G13900	18
AT3G44250	0
AT3G20290	1139
AT3G10620	451
AT3G16950	674
AT3G05820	29
AT3G21170	0
AT3G01440	673
AT3G18450	0
AT3G09032	61
AT3G29170	220
AT3G59510	12
AT3G03400	0
AT3G45820	1
AT3G53410	298
AT3G01325	0
AT3G51000	991
AT3G16170	514
AT3G02670	4
AT3G26850	372
AT3G58600	821
AT3G16640	36263
AT3G56200	771
AT3G21930	0
AT3G21190	590
AT3G18890	2823
AT3G48290	8
AT3G01350	86
AT3G55930	0
AT3G59880	140
AT3G59610	0
AT3G12700	1317
AT3G12833	15
AT3G23635	14
AT3G09580	299
AT3G14225	0
AT3G23325	366
AT3G61700	1348
AT3G50610	7
AT3G58850	34
AT3G03040	619
AT3G20260	595
AT3G14050	576
AT3G59270	6
AT3G08980	60
AT3G11591	4
AT3G53440	219
AT3G05030	832
AT3G59290	527
AT3G10980	365
AT3G56620	177
AT3G16300	9
AT3G11630	6625
AT3G28360	8
AT3G48530	1050
AT3G22120	3
AT3G44695	3
AT3G60680	129
AT3G02850	24
AT3G51420	1727
AT3G19140	0
AT3G51490	43
AT3G04730	1641
AT3G50820	16856
AT3G60560	0
AT3G11870	0
AT3G13560	449
AT3G31430	0
AT3G02970	1
AT3G45525	0
AT3G29280	118
AT3G55770	2834
AT3G07650	1152
AT3G56030	179
AT3G54120	36
AT3G05950	0
AT3G29030	316
AT3G27260	1180
AT3G26135	22
AT3G21080	16
AT3G28510	8
AT3G20935	17
AT3G63390	555
AT3G22360	2
AT3G59800	324
AT3G14690	2876
AT3G49050	535
AT3G61820	2983
AT3G28340	113
AT3G21830	1
AT3G62528	2
AT3G03380	3141
AT3G13898	1
AT3G57350	725
AT3G16712	7
AT3G03300	770
AT3G54065	0
AT3G11340	260
AT3G52990	3250
AT3G07270	977
AT3G46380	0
AT3G53470	490
AT3G21970	0
AT3G03660	99
AT3G17560	1
AT3G61420	528
AT3G57320	286
AT3G45480	0
AT3G45080	7
AT3G32940	479
AT3G03828	0
AT3G13940	667
AT3G11010	535
AT3G57770	98
AT3G62370	394
AT3G58670	469
AT3G13190	183
AT3G55252	0
AT3G60240	5221
AT3G60640	178
AT3G23020	391
AT3G62910	2263
AT3G12170	51
AT3G02330	145
AT3G56510	757
AT3G07490	0
AT3G24255	180
AT3G57160	124
AT3G51610	663
AT3G46940	353
AT3G56850	603
AT3G60780	0
AT3G08940	25609
AT3G10810	796
AT3G10520	1968
AT3G13360	998
AT3G46820	380
AT3G05675	175
AT3G11960	759
AT3G44600	1300
AT3G29270	346
AT3G43520	2481
AT3G42850	10
AT3G63510	717
AT3G46800	3
AT3G09300	1024
AT3G06180	131
AT3G25600	196
AT3G08630	313
AT3G27830	5828
AT3G56540	0
AT3G58040	797
AT3G62100	38
AT3G10910	58
AT3G45700	13
AT3G59630	367
AT3G54570	3
AT3G43290	0
AT3G15030	1055
AT3G59470	361
AT3G20475	122
AT3G21470	41
AT3G51340	51
AT3G11090	268
AT3G51360	8
AT3G61560	358
AT3G27650	38
AT3G45555	0
AT3G43120	1
AT3G18220	0
AT3G23610	62
AT3G59770	1197
AT3G05940	370
AT3G48270	0
AT3G53040	20
AT3G26540	368
AT3G05600	94
AT3G46430	2060
AT3G22850	1756
AT3G56330	551
AT3G48675	0
AT3G22210	48
AT3G09085	125
AT3G15605	39
AT3G05400	518
AT3G30525	0
AT3G46420	0
AT3G16580	6
AT3G42870	0
AT3G46460	675
AT3G50900	94
AT3G45000	4
AT3G46170	4
AT3G63060	46
AT3G04680	387
AT3G43850	0
AT3G27340	839
AT3G02645	2
AT3G06440	293
AT3G59460	0
AT3G46750	4
AT3G06160	18
AT3G12140	849
AT3G57520	6612
AT3G13060	445
AT3G45800	3
AT3G13140	1
AT3G50925	0
AT3G60210	2220
AT3G42640	250
AT3G05650	741
AT3G24820	259
AT3G18040	658
AT3G27530	1392
AT3G20090	164
AT3G05430	130
AT3G16280	38
AT3G23160	192
AT3G19460	347
AT3G49290	270
AT3G55510	604
AT3G11620	247
AT3G46990	108
AT3G60470	5
AT3G61240	1370
AT3G01190	277
AT3G24300	218
AT3G30730	44
AT3G15810	1450
AT3G06140	169
AT3G57150	6291
AT3G47740	10
AT3G25013	103
AT3G07300	1311
AT3G47420	2280
AT3G02875	357
AT3G45420	456
AT3G08570	149
AT3G21900	0
AT3G01572	4
AT3G59400	10
AT3G28674	0
AT3G51020	2
AT3G46090	41
AT3G46610	776
AT3G04980	160
AT3G01060	949
AT3G48430	843
AT3G13810	343
AT3G05250	264
AT3G10480	497
AT3G28857	40
AT3G28500	122
AT3G29765	0
AT3G09060	153
AT3G63050	25
AT3G62670	1
AT3G55760	1591
AT3G09240	29
AT3G50110	310
AT3G04640	174
AT3G16860	162
AT3G22630	878
AT3G52240	452
AT3G55672	0
AT3G17600	47
AT3G19480	1088
AT3G25410	534
AT3G23450	1382
AT3G17609	202
AT3G16030	237
AT3G55820	22
AT3G17675	5
AT3G60300	2497
AT3G02710	934
AT3G20440	2150
AT3G48690	3318
AT3G49270	1
AT3G46617	5
AT3G50640	16
AT3G56270	314
AT3G15850	3961
AT3G06420	466
AT3G25180	4
AT3G52770	20
AT3G26030	737
AT3G61430	4319
AT3G56910	2394
AT3G28956	147
AT3G28060	1
AT3G59490	238
AT3G62400	2377
AT3G43400	0
AT3G09780	79
AT3G57120	180
AT3G17100	834
AT3G09740	987
AT3G51840	3314
AT3G20340	1
AT3G26230	151
AT3G04490	821
AT3G11410	1124
AT3G26590	327
AT3G54600	1264
AT3G57787	0
AT3G47490	802
AT3G14630	9
AT3G27570	2185
AT3G47150	1
AT3G48620	15
AT3G02880	823
AT3G58150	25
AT3G52110	104
AT3G18860	1589
AT3G17490	0
AT3G12730	147
AT3G04580	461
AT3G07910	812
AT3G27120	140
AT3G17570	1
AT3G04180	0
AT3G30160	0
AT3G20570	355
AT3G13660	0
AT3G58120	361
AT3G19280	200
AT3G06895	0
AT3G44720	1457
AT3G21810	354
AT3G14620	1728
AT3G09922	94
AT3G12100	375
AT3G30580	5
AT3G09620	2
AT3G61210	135
AT3G44450	534
AT3G56350	7
AT3G15635	0
AT3G30235	0
AT3G49970	13
AT3G05936	28
AT3G19040	86
AT3G13432	7
AT3G15710	336
AT3G22880	808
AT3G63150	1237
AT3G49120	7472
AT3G07525	123
AT3G26440	723
AT3G07470	850
AT3G20362	0
AT3G22950	557
AT3G17540	0
AT3G44550	41
AT3G23280	1068
AT3G62030	9493
AT3G60961	4
AT3G12280	999
AT3G52130	0
AT3G07080	355
AT3G09290	12
AT3G28760	209
AT3G49850	378
AT3G29794	0
AT3G29305	0
AT3G49660	148
AT3G47990	788
AT3G06070	96
AT3G50270	496
AT3G07780	656
AT3G15640	1279
AT3G63370	501
AT3G17000	742
AT3G03450	160
AT3G11280	916
AT3G26560	1905
AT3G59620	0
AT3G06750	366
AT3G52400	407
AT3G02830	2325
AT3G18524	402
AT3G57062	360
AT3G03250	4159
AT3G14110	1581
AT3G54960	1448
AT3G14250	0
AT3G27850	4854
AT3G20430	570
AT3G20750	0
AT3G59240	0
AT3G13220	0
AT3G27810	0
AT3G15340	184
AT3G63190	2702
AT3G16420	2958
AT3G56450	245
AT3G62850	1
AT3G44713	169
AT3G20060	969
AT3G54930	119
AT3G10525	170
AT3G21380	2
AT3G03260	37
AT3G08710	476
AT3G62860	206
AT3G25770	6424
AT3G16060	1016
AT3G55030	446
AT3G02350	1655
AT3G01435	364
AT3G17240	2448
AT3G53160	75
AT3G45650	143
AT3G48350	241
AT3G51760	78
AT3G48470	129
AT3G13910	299
AT3G57940	855
AT3G52700	1
AT3G60580	40
AT3G04530	134
AT3G21460	8
AT3G25280	0
AT3G55290	211
AT3G10595	0
AT3G46030	782
AT3G50990	0
AT3G08890	163
AT3G10580	1
AT3G28223	0
AT3G22750	534
AT3G26670	533
AT3G28853	0
AT3G01580	105
AT3G53880	292
AT3G46950	143
AT3G01870	7
AT3G14320	1
AT3G12270	1019
AT3G28899	0
AT3G06910	180
AT3G52690	0
AT3G03210	183
AT3G57290	4148
AT3G06100	10
AT3G53670	824
AT3G54750	413
AT3G45860	50
AT3G07330	912
AT3G05035	8
AT3G61723	0
AT3G49142	132
AT3G04150	0
AT3G14580	138
AT3G16180	421
AT3G55970	2
AT3G08740	6267
AT3G44890	2977
AT3G10070	244
AT3G25490	0
AT3G57530	648
AT3G14260	3
AT3G16310	2099
AT3G61520	512
AT3G28030	553
AT3G51990	197
AT3G05685	47
AT3G57480	150
AT3G10605	18
AT3G51120	922
AT3G13772	1346
AT3G11450	2492
AT3G14850	69
AT3G22570	0
AT3G62820	202
AT3G13370	0
AT3G26400	1231
AT3G22740	56
AT3G07255	1
AT3G02760	1970
AT3G05425	0
AT3G52180	2171
AT3G25210	246
AT3G27740	1665
AT3G24490	695
AT3G54810	1227
AT3G51530	313
AT3G46180	218
AT3G47370	2692
AT3G59480	9
AT3G18930	252
AT3G10960	138
AT3G30705	0
AT3G13235	1163
AT3G12750	313
AT3G18190	2505
AT3G25050	3
AT3G25680	338
AT3G55665	0
AT3G47860	1772
AT3G26140	0
AT3G17900	893
AT3G21860	2
AT3G13180	710
AT3G23670	513
AT3G53100	551
AT3G14070	83
AT3G18340	0
AT3G45540	0
AT3G06600	40
AT3G18800	251
AT3G56640	374
AT3G09350	594
AT3G45730	56
AT3G26170	1573
AT3G29180	1441
AT3G49796	1
AT3G57430	357
AT3G33187	0
AT3G51810	9
AT3G45248	0
AT3G58880	1
AT3G09010	96
AT3G12440	3
AT3G19515	587
AT3G54000	264
AT3G17265	0
AT3G63090	247
AT3G46890	18
AT3G22440	4674
AT3G53570	508
AT3G04700	19
AT3G47790	95
AT3G29040	0
AT3G05480	93
AT3G14870	196
AT3G61250	31
AT3G61670	659
AT3G45040	317
AT3G23637	0
AT3G62560	1471
AT3G26280	595
AT3G15350	466
AT3G59310	58
AT3G17850	1745
AT3G50040	159
AT3G51160	855
AT3G52155	343
AT3G14180	751
AT3G29000	69
AT3G22290	956
AT3G54950	330
AT3G21215	1428
AT3G22500	2
AT3G16740	884
AT3G25570	285
AT3G08730	1734
AT3G54790	531
AT3G11730	947
AT3G63380	375
AT3G58320	0
AT3G18410	3580
AT3G15270	11
AT3G16190	980
AT3G62750	1038
AT3G03980	442
AT3G55090	140
AT3G25070	470
AT3G57020	1229
AT3G61070	758
AT3G06670	1859
AT3G01040	492
AT3G61130	2076
AT3G11350	1
AT3G52200	1187
AT3G23165	0
AT3G16270	1011
AT3G15960	0
AT3G32420	2
AT3G50320	0
AT3G05327	18
AT3G06810	1158
AT3G48240	18
AT3G15470	698
AT3G22940	0
AT3G02940	23
AT3G60770	3888
AT3G13226	368
AT3G01340	873
AT3G10260	304
AT3G18080	8279
AT3G54250	240
AT3G09410	522
AT3G03610	193
AT3G60750	26896
AT3G58890	0
AT3G21720	1237
AT3G20710	37
AT3G10660	233
AT3G55620	2043
AT3G06019	0
AT3G20850	0
AT3G47810	1953
AT3G19663	8
AT3G01345	257
AT3G24130	0
AT3G55560	673
AT3G17370	0
AT3G17460	101
AT3G60880	1168
AT3G10400	0
AT3G45660	2
AT3G51260	2483
AT3G12110	444
AT3G50330	11
AT3G10920	5683
AT3G03830	2
AT3G55710	36
AT3G22600	525
AT3G46120	0
AT3G61113	32
AT3G49450	1
AT3G61880	60
AT3G44060	1
AT3G03070	1523
AT3G43710	0
AT3G28216	0
AT3G03680	395
AT3G19895	333
AT3G14700	74
AT3G45220	0
AT3G28860	3219
AT3G12930	1115
AT3G06380	674
AT3G04590	855
AT3G07830	1
AT3G49610	0
AT3G24830	7393
AT3G51210	0
AT3G14830	602
AT3G18165	1482
AT3G32040	83
AT3G59430	295
AT3G20220	0
AT3G21550	417
AT3G56140	912
AT3G27140	0
AT3G13550	262
AT3G27750	160
AT3G49390	921
AT3G59520	330
AT3G20300	252
AT3G03630	966
AT3G11240	355
AT3G59200	121
AT3G22723	0
AT3G06920	584
AT3G17740	1206
AT3G43432	0
AT3G56420	0
AT3G50380	1041
AT3G24460	368
AT3G19810	927
AT3G47965	128
AT3G49630	0
AT3G24200	734
AT3G18270	550
AT3G02610	31
AT3G21352	17
AT3G25719	0
AT3G07230	1856
AT3G06360	25
AT3G25200	0
AT3G49307	0
AT3G56900	348
AT3G06710	87
AT3G62270	2398
AT3G24850	0
AT3G46350	0
AT3G45990	0
AT3G25950	11
AT3G51890	201
AT3G18830	2781
AT3G02420	797
AT3G49030	0
AT3G45070	44
AT3G23790	417
AT3G05858	41
AT3G49560	2590
AT3G43240	890
AT3G30841	205
AT3G44750	2503
AT3G13440	938
AT3G58110	948
AT3G54925	0
AT3G58760	379
AT3G21480	361
AT3G44140	0
AT3G51050	1770
AT3G26940	0
AT3G14920	1146
AT3G06580	1347
AT3G09110	0
AT3G06520	144
AT3G52870	908
AT3G02900	512
AT3G26355	0
AT3G56220	27
AT3G17160	749
AT3G26922	75
AT3G50450	0
AT3G60530	628
AT3G48840	0
AT3G05560	3211
AT3G63040	0
AT3G11385	7
AT3G62800	274
AT3G49744	0
AT3G07260	25
AT3G05830	161
AT3G51750	69
AT3G46680	3
AT3G13276	99
AT3G05780	9
AT3G08360	2
AT3G06725	0
AT3G04265	0
AT3G02625	0
AT3G05965	0
AT3G07965	0
AT3G07765	1
AT3G05735	0
AT3G06525	0
AT3G04365	0
AT3G03165	6
AT3G04335	0
AT3G08345	2
AT3G03655	0
AT3G03285	0
AT3G02155	0
AT3G08875	2
AT3G05275	0
AT3G09525	2
AT3G07495	2
AT3G08310	0
AT3G04385	0
AT3G03035	0
AT3G01285	0
AT3G06285	0
AT3G06055	0
AT3G04245	0
AT3G05605	0
AT3G09605	0
AT3G01655	0
AT3G01105	0
AT3G04565	5
AT3G06855	0
AT3G04325	0
AT3G06185	0
AT3G03835	0
AT3G05705	0
AT3G06605	0
AT3G07675	6
AT3G08175	0
AT3G08050	0
AT3G05555	0
AT3G05485	0
AT3G06405	0
AT3G07665	0
AT3G06685	0
AT3G08745	0
AT3G07745	0
AT3G08315	0
AT3G04205	0
AT3G05995	22
AT3G02135	0
AT3G08450	0
AT3G01445	0
AT3G05025	0
AT3G06765	0
AT3G05315	0
AT3G01195	0
AT3G08755	0
AT3G04675	0
AT3G02685	0
AT3G01885	0
AT3G03605	5
AT3G03805	0
AT3G05645	0
AT3G01565	0
AT3G06555	0
AT3G01295	24
AT3G03915	0
AT3G06395	0
AT3G08355	0
AT3G08140	0
AT3G01585	4
AT3G02325	0
AT3G06155	0
AT3G09025	1
AT3G02415	0
AT3G02235	1
AT3G06575	0
AT3G07775	0
AT3G05205	3
AT3G06955	9
AT3G07645	0
AT3G06165	0
AT3G08455	5
AT3G04665	0
AT3G05305	0
AT3G08465	0
AT3G01075	0
AT3G02985	0
AT3G03705	0
AT3G03005	0
AT3G05085	0
AT3G02665	0
AT3G07295	0
AT3G09095	1
AT3G04625	0
AT3G07325	1
AT3G01965	0
AT3G01625	0
AT3G08775	0
AT3G02995	0
AT3G03985	0
AT3G04345	0
AT3G03825	0
AT3G03465	0
AT3G03715	0
AT3G03505	0
AT3G01125	0
AT3G07985	0
AT3G08925	0
AT3G06275	0
AT3G08325	0
AT3G01855	0
AT3G02145	0
AT3G05945	88
AT3G08190	0
AT3G09695	0
AT3G05455	0
AT3G01315	0
AT3G03875	0
AT3G08200	2
AT3G08855	0
AT3G04925	0
AT3G08330	0
AT3G08155	0
AT3G06535	0
AT3G01275	0
AT3G09415	13
AT3G08420	0
AT3G06385	0
AT3G06625	0
AT3G04145	0
AT3G08035	0
AT3G08380	0
AT3G08845	0
AT3G01975	0
AT3G06475	0
AT3G09075	0
AT3G07075	0
AT3G00995	0
AT3G09935	0
AT3G02745	2
AT3G05495	0
AT3G05385	0
AT3G05925	13
AT3G07225	0
AT3G04775	2
AT3G05795	0
AT3G04425	0
AT3G08185	1
AT3G04725	0
AT3G02735	0
AT3G07165	1
AT3G01535	0
AT3G03345	1
AT3G05635	14
AT3G01865	1
AT3G09675	0
AT3G05825	0
AT3G02815	0
AT3G04395	0
AT3G04475	0
AT3G05785	0
AT3G01365	0
AT3G08255	0
AT3G05105	0
AT3G08295	0
AT3G08100	0
AT3G02655	0
AT3G05595	4
AT3G01575	0
AT3G09185	3
AT3G02405	0
AT3G07815	0
AT3G04875	0
AT3G03075	0
AT3G09835	0
AT3G05475	0
AT3G02695	3
AT3G01395	1
AT3G08105	0
AT3G03085	0
AT3G09445	0
AT3G05535	1
AT3G06905	0
AT3G08130	0
AT3G03195	0
AT3G01845	1
AT3G02595	0
AT3G04005	0
AT3G02945	0
AT3G01595	0
AT3G04745	1
AT3G06585	0
AT3G05195	0
AT3G04085	9
AT3G06695	0
AT3G01305	0
AT3G09265	0
AT3G05375	0
AT3G07945	0
AT3G05695	0
AT3G00970	13
AT3G03755	0
AT3G09335	0
AT3G07555	1
AT3G06415	0
AT3G04595	0
AT3G08265	0
AT3G02705	5
AT3G09125	0
AT3G06115	0
AT3G06095	0
AT3G01805	0
AT3G04645	0
AT3G03665	0
AT3G06745	0
AT3G04235	0
AT3G05665	0
AT3G04805	0
AT3G08825	0
AT3G05005	0
AT3G04955	0
AT3G03945	0
AT3G08135	0
AT3G09345	6
AT3G08965	0
AT3G06245	3
AT3G06045	0
AT3G08065	179
AT3G07475	0
AT3G08390	0
AT3G08250	1
AT3G08935	0
AT3G08725	0
AT3G06925	0
AT3G04045	0
AT3G01385	0
AT3G07435	0
AT3G07275	1
AT3G08110	0
AT3G03555	0
AT3G01425	14
AT3G06835	7
AT3G04895	0
AT3G04415	0
AT3G09705	0
AT3G02895	6
AT3G01735	0
AT3G06375	0
AT3G03735	0
AT3G03455	0
AT3G02805	0
AT3G01665	0
AT3G06975	0
AT3G05915	3
AT3G06075	0
AT3G03355	0
AT3G06315	25
AT3G04845	0
AT3G05895	0
AT3G09555	5
AT3G07585	0
AT3G08005	0
AT3G09315	0
AT3G06755	10
AT3G05395	6
AT3G02835	0
AT3G04125	0
AT3G01835	0
AT3G04975	2
AT3G04225	0
AT3G02055	0
AT3G01225	0
AT3G02825	0
AT3G05465	0
AT3G03205	0
AT3G06735	0
AT3G09065	0
AT3G01765	0
AT3G03635	0
AT3G07955	0
AT3G05235	0
AT3G01985	0
AT3G07465	18
AT3G09765	0
AT3G08430	0
AT3G01255	0
AT3G07085	0
AT3G06635	6
AT3G08915	0
AT3G06795	23
AT3G05045	0
AT3G09195	0
AT3G03045	0
AT3G04585	0
AT3G06715	0
AT3G08765	0
AT3G01095	0
AT3G03365	0
AT3G08460	0
AT3G04495	0
AT3G09825	0
AT3G08395	0
AT3G01785	0
AT3G06675	1
AT3G06515	1
AT3G05505	0
AT3G08415	0
AT3G04575	0
AT3G04505	0
AT3G08815	0
AT3G08025	0
AT3G06845	0
AT3G09665	0
AT3G07975	0
AT3G06465	93
AT3G05855	0
AT3G02775	0
AT3G03775	0
AT3G03495	0
AT3G08090	0
AT3G07395	0
AT3G03115	0
AT3G02425	0
AT3G06205	0
AT3G02905	0
AT3G02635	0
AT3G08905	4
AT3G09545	3
AT3G04795	0
AT3G04555	0
AT3G05745	0
AT3G08985	0
AT3G02615	0
AT3G06255	0
AT3G01235	12
AT3G06295	0
AT3G03995	0
AT3G04515	0
AT3G08080	0
AT3G09015	0
AT3G06485	0
AT3G03795	0
AT3G05815	0
AT3G07865	0
AT3G08435	0
AT3G06355	4124
AT3G04455	0
AT3G05845	0
AT3G03685	0
AT3G09045	0
AT3G05135	0
AT3G08335	0
AT3G02785	0
AT3G09785	28
AT3G06495	4
AT3G06025	0
AT3G09205	0
AT3G06265	0
AT3G07405	0
AT3G05125	0
AT3G07335	0
AT3G01025	2
AT3G04115	4
AT3G08535	0
AT3G09105	1
AT3G03435	0
AT3G04295	0
AT3G07845	0
AT3G07245	0
AT3G06785	0
AT3G07855	0
AT3G04935	0
AT3G08125	0
AT3G07905	0
AT3G02195	0
AT3G08160	0
AT3G09435	0
AT3G05885	8
AT3G09565	0
AT3G06425	1
AT3G04065	2
AT3G06015	0
AT3G01675	0
AT3G05265	2
AT3G05225	0
AT3G04375	0
AT3G09365	0
AT3G04995	0
AT3G07505	0
AT3G09465	0
AT3G06225	0
AT3G06065	0
AT3G01555	0
AT3G05805	0
AT3G06935	0
AT3G07415	0
AT3G09945	0
AT3G08835	0
AT3G09855	2
AT3G07125	0
AT3G05445	0
AT3G09115	0
AT3G07345	0
AT3G07235	0
AT3G01115	5
AT3G03325	4
AT3G07995	0
AT3G06215	0
AT3G03525	0
AT3G06615	0
AT3G09775	20
AT3G03375	0
AT3G08545	2
AT3G03645	0
AT3G07135	1
AT3G05245	0
AT3G08715	0
AT3G04305	0
AT3G09245	2
AT3G06815	1
AT3G03615	0
AT3G02265	0
AT3G03935	3
AT3G04095	0
AT3G08290	0
AT3G07915	0
AT3G02605	0
AT3G02395	0
AT3G03335	0
AT3G08205	0
AT3G04705	0
AT3G05765	0
AT3G06805	0
AT3G07155	0
AT3G07895	2
AT3G08585	0
AT3G08120	0
AT3G08370	0
AT3G03925	1
AT3G09355	0
AT3G09485	0
AT3G01815	0
AT3G09685	0
AT3G05055	3
AT3G05095	0
AT3G09255	0
AT3G06775	0
AT3G04435	0
AT3G06565	0
AT3G07045	5
AT3G03055	0
AT3G08280	0
AT3G09395	0
AT3G02345	0
AT3G04405	0
AT3G07655	0
AT3G06235	0
AT3G08595	0
AT3G04315	0
AT3G05655	5
AT3G03295	0
AT3G04815	3
AT3G03595	0
AT3G08260	0
AT3G09755	0
AT3G08495	0
AT3G09425	0
AT3G08270	0
AT3G05295	3
AT3G06135	0
AT3G01645	0
AT3G03515	0
AT3G03725	0
AT3G09325	1
AT3G09845	0
AT3G08340	0
AT3G01775	0
AT3G05175	1
AT3G03905	0
AT3G07935	1
AT3G05955	4
AT3G03675	0
AT3G05585	0
AT3G06645	0
AT3G00975	0
AT3G08115	28
AT3G04215	0
AT3G07545	0
AT3G06655	0
AT3G03765	0
AT3G08055	0
AT3G06915	0
AT3G02955	0
AT3G09475	0
AT3G08085	0
AT3G04355	1
AT3G02585	0
AT3G02475	0
AT3G04195	0
AT3G02115	0
AT3G08170	1
AT3G08895	0
AT3G04685	0
AT3G01615	0
AT3G08975	0
AT3G03155	0
AT3G01005	0
AT3G08785	0
AT3G01605	0
AT3G01135	0
AT3G01525	0
AT3G02075	0
AT3G03745	0
AT3G08705	0
AT3G01925	0
AT3G01905	0
AT3G02565	0
AT3G09645	0
AT3G52072	30
AT3G07835	0
AT3G09625	0
AT3G07925	0
AT3G08635	16
AT3G08405	3
AT3G09155	0
AT3G03702	11
AT3G46668	41
AT3G09815	0
AT3G01895	0
AT3G13061	0
AT3G09305	2
AT3G03895	0
AT3G07355	0
AT3G03385	0
AT3G08235	0
AT3G07885	0
AT3G27990	198
AT3G04135	0
AT3G01202	3
AT3G02485	1
AT3G03975	0
AT3G02845	0
AT3G09635	0
AT3G02275	0
AT3G51238	0
AT3G02575	0
AT3G04695	1
AT3G04785	0
AT3G02095	0
AT3G06325	0
AT3G56408	8
AT3G07825	8
AT3G08240	16
AT3G02855	0
AT3G01142	0
AT3G02755	0
AT3G09875	0
AT3G09745	3
AT3G07105	0
AT3G01795	41
AT3G01755	0
AT3G52535	84
AT3G08215	0
AT3G02105	0
AT3G08795	4
AT3G52605	0
AT3G09965	0
AT3G02035	0
AT3G04285	5
AT3G03955	0
AT3G03135	4
AT3G20978	35
AT3G03145	0
AT3G04965	7
AT3G03475	2
AT3G08470	0
AT3G63445	160
AT3G09275	0
AT3G01165	0
AT3G07795	0
AT3G08225	0
AT3G51075	28
AT3G09575	0
AT3G04755	12
AT3G01485	0
AT3G03865	0
AT3G04035	0
AT3G09895	0
AT3G08245	0
AT3G04255	0
AT3G09655	0
AT3G09905	0
AT3G09795	0
AT3G04015	0
AT3G02465	0
AT3G09145	4
AT3G08515	0
AT3G19002	1
AT3G03815	3
AT3G08480	0
AT3G04615	0
AT3G03025	16
AT3G04635	0
AT3G02765	0
AT3G08665	0
AT3G08805	0
AT3G08645	0
AT3G08220	8
AT3G21755	63
AT3G01045	0
AT3G21781	0
AT3G12502	1
AT3G09985	3
AT3G02935	0
AT3G49668	0
AT3G05905	9
AT3G07625	0
AT3G58795	0
AT3G02225	12
AT3G08300	2
AT3G08230	0
AT3G46658	3
AT3G07315	0
AT3G05285	4
AT3G07785	0
AT3G02545	6
AT3G01945	1
AT3G03125	0
AT3G59695	0
AT3G22121	0
AT3G01515	0
AT3G07205	23
AT3G03095	0
AT3G08475	0
AT3G01035	21
AT3G01215	0
AT3G04055	1
AT3G01375	13
AT3G09135	0
AT3G02535	0
AT3G04185	0
AT3G01065	0
AT3G07365	0
AT3G08350	0
AT3G07705	0
AT3G03785	0
AT3G09295	0
AT3G08070	0
AT3G01495	0
AT3G04275	7
AT3G01935	0
AT3G01915	0
AT3G04025	0
AT3G08655	1
AT3G07875	15
AT3G04825	0
AT3G02085	0
AT3G02305	1
AT3G04915	0
AT3G01505	0
AT3G08685	5
AT3G02365	0
AT3G08045	3
AT3G05932	2
AT3G08525	3
AT3G03965	62
AT3G01995	0
AT3G02505	0
AT3G08400	0
AT3G03105	15
AT3G01745	3
AT3G22072	0
AT3G04835	0
AT3G57965	65
AT3G02015	7
AT3G09725	8
AT3G07305	0
AT3G07175	4
AT3G29644	150
AT3G24332	0
AT3G09175	0
AT3G07375	0
AT3G02165	0
AT3G02295	0
AT3G08425	6
AT3G54625	5
AT3G02455	1
AT3G05575	0
AT3G08675	0
AT3G02925	0
AT3G02025	0
AT3G01635	0
AT3G07805	0
AT3G59068	16
AT3G07385	0
AT3G24518	0
AT3G02525	0
AT3G08365	0
AT3G07615	0
AT3G05015	0
AT3G02495	1
AT3G02285	5
AT3G01545	0
AT3G02915	0
AT3G05145	0
AT3G09495	0
AT3G09955	11
AT3G03215	0
AT3G01055	0
AT3G01205	0
AT3G05075	0
AT3G03225	7
AT3G08075	0
AT3G02215	0
AT3G03265	17
AT3G03275	1
AT3G09995	0
AT3G03535	0
AT3G07605	0
AT3G55734	0
AT3G07065	0
AT3G26812	0
AT3G09515	3
AT3G63375	27
AT3G04655	0
AT3G06595	0
AT3G48057	0
AT3G18895	0
AT3G23326	2
AT3G51375	2
AT3G26813	0
AT3G08150	0
AT3G23125	1
AT3G06445	0
AT3G26816	0
AT3G04765	0
AT3G55512	0
AT3G03235	0
AT3G03255	0
AT3G26819	0
AT3G53016	0
AT3G07515	0
AT3G18217	67
AT3G48201	4
AT3G07095	0
AT3G03245	0
AT3G44444	8
AT3G11435	0
AT3G05515	0
AT3G10745	21
AT3G26815	0
AT3G13405	6
AT3G13724	3
AT3G53015	0
AT3G09285	0
AT3G07695	0
AT3G61897	27
AT3G26818	0
AT3G03625	11
AT3G09615	0
AT3G07685	0
AT3G06345	5109
AT3G05985	1
AT3G59884	19
AT3G22886	14
AT3G08285	0
AT3G14385	0
AT3G18827	0
AT3G07755	0
AT3G47347	14
AT3G02795	0
AT3G03415	2
AT3G24615	0
AT3G02725	2
AT3G08275	30
AT3G05335	12
AT3G50825	67
AT3G08165	48
AT3G02205	0
AT3G07725	18
AT3G24614	0
AT3G05355	45
AT3G09865	0
AT3G05715	20
AT3G02045	0
AT3G01155	0
AT3G02385	0
AT3G13525	0
AT3G27865	13
AT3G04165	21
AT3G03445	0
AT3G21805	14
AT3G01313	3
AT3G14475	0
AT3G24612	0
AT3G01145	0
AT3G08485	0
AT3G03425	0
AT3G02435	7
AT3G05325	10
AT3G02445	16
AT3G00985	0
AT3G09225	0
AT3G01316	2
AT3G58193	1
AT3G04985	0
AT3G58196	0
AT3G03175	0
AT3G08210	2
AT3G04175	54
AT3G07735	15
AT3G04155	6
AT3G47342	5
AT3G03585	0
AT3G47348	224
AT3G07715	34
AT3G08735	0
AT3G56825	2
AT3G57645	0
AT3G57765	0
AT3G05115	0
AT3G08945	0
AT3G56705	0
AT3G04905	0
AT3G08615	0
AT3G01715	0
AT3G08695	0
AT3G01695	0
AT3G06900	0
AT3G08575	0
AT3G13855	0
AT3G14735	5
AT3G07265	0
AT3G08605	0
AT3G09005	5
AT3G60805	0
AT3G10415	0
AT3G52345	0
AT3G27555	0
AT3G62285	0
AT3G55795	0
AT3G28695	0
AT3G05525	0
AT3G11505	0
AT3G05755	0
AT3G62735	0
AT3G18952	0
AT3G09505	0
AT3G06105	0
AT3G62245	0
AT3G13335	0
AT3G07185	0
AT3G06335	0
AT3G45955	0
AT3G01705	0
AT3G19235	0
AT3G60075	0
AT3G44955	0
AT3G03845	0
AT3G26747	1
AT3G28685	0
AT3G59415	0
AT3G59923	0
AT3G20655	0
AT3G27845	0
AT3G52955	0
AT3G61715	0
AT3G07055	0
AT3G20885	0
AT3G11395	0
AT3G50895	0
AT3G48275	2
AT3G02335	0
AT3G27825	0
AT3G56085	0
AT3G59926	0
AT3G15055	0
AT3G04525	1
AT3G14855	0
AT3G03852	0
AT3G52565	0
AT3G07115	0
AT3G21475	0
AT3G48745	0
AT3G09595	0
AT3G45965	0
AT3G50835	0
AT3G50665	0
AT3G52765	0
AT3G09585	0
AT3G45935	0
AT3G46875	0
AT3G53965	0
AT3G61825	0
AT3G55735	0
AT3G61105	0
AT3G49925	0
AT3G29095	0
AT3G02715	0
AT3G13223	0
AT3G53775	0
AT3G06665	0
AT3G58165	0
AT3G10015	1
AT3G58035	0
AT3G11285	0
AT3G50505	0
AT3G10035	0
AT3G63006	0
AT3G48515	0
AT3G61755	0
AT3G61545	0
AT3G51135	0
AT3G12385	0
AT3G07025	0
AT3G25715	0
AT3G15585	0
AT3G18815	0
AT3G12585	2
AT3G52285	0
AT3G30345	0
AT3G02315	0
AT3G16552	0
AT3G51265	0
AT3G05835	0
AT3G46585	0
AT3G63003	0
AT3G41979	0
AT3G41768	39864
AT3G54366	188
AT3G18362	0
AT3G60972	1
AT3G55485	3
AT3G61118	2
AT3G53365	26
AT3G06125	161
AT3G27884	12
AT3G26612	144
AT3G12965	1212
AT3G44765	6
AT3G15536	4
AT3G06962	2
AT3G05152	5
AT3G41761	0
AT3G07215	135
AT3G46614	15
AT3G14185	1
AT3G13277	361
AT3G17185	250
AT3G03695	0
AT3G07635	8
AT3G59765	57
AT3G05185	1
AT3G60238	0
AT3G57157	41
AT3G08410	1
AT3G04485	57
AT3G61198	14
AT3G05215	0
AT3G03065	0
AT3G07485	6
AT3G44798	82
AT3G04535	1
AT3G60176	1
AT3G52748	99
AT3G52742	0
AT3G00980	0
AT3G25795	6
AT3G45638	3
AT3G02832	34
AT3G48115	119
AT3G11415	4
AT2G43120	282
AT2G21390	3179
AT2G21930	3
AT2G18870	0
AT2G38310	2648
AT2G26900	5555
AT2G32710	255
AT2G16970	6
AT2G46620	316
AT2G43750	4078
AT2G24490	293
AT2G15080	1255
AT2G37678	215
AT2G46225	364
AT2G27700	0
AT2G16953	0
AT2G22320	0
AT2G37260	102
AT2G04031	0
AT2G16130	0
AT2G47560	38
AT2G37390	195
AT2G06050	926
AT2G35250	0
AT2G38390	277
AT2G25250	339
AT2G15710	0
AT2G33520	1
AT2G26330	1578
AT2G39280	744
AT2G47730	2915
AT2G02310	0
AT2G07719	3
AT2G23160	0
AT2G40900	487
AT2G39140	1084
AT2G46440	130
AT2G17630	483
AT2G21105	0
AT2G15470	0
AT2G47790	1459
AT2G19190	28
AT2G41835	164
AT2G45130	192
AT2G39110	209
AT2G38910	0
AT2G44360	253
AT2G36060	1156
AT2G07684	1
AT2G32950	762
AT2G24420	1047
AT2G40950	958
AT2G40750	56
AT2G05100	18750
AT2G28960	97
AT2G04842	1185
AT2G20690	1074
AT2G45580	1
AT2G31360	9534
AT2G01830	375
AT2G31865	244
AT2G16710	496
AT2G29080	2043
AT2G46280	2715
AT2G19870	988
AT2G14210	10
AT2G28520	952
AT2G22345	0
AT2G44440	251
AT2G16580	40
AT2G30730	0
AT2G23690	40
AT2G40710	52
AT2G30925	0
AT2G31265	0
AT2G02930	5
AT2G32040	894
AT2G13275	0
AT2G34940	14
AT2G18720	174
AT2G20320	614
AT2G16190	0
AT2G27300	20
AT2G31800	1231
AT2G46420	1862
AT2G37805	2
AT2G36420	265
AT2G33580	235
AT2G38010	488
AT2G20625	0
AT2G19490	263
AT2G35320	612
AT2G47400	15528
AT2G40360	8191
AT2G42240	251
AT2G35270	76
AT2G46330	986
AT2G27035	56
AT2G03300	0
AT2G35610	929
AT2G30460	182
AT2G19560	377
AT2G31740	954
AT2G14880	1321
AT2G39725	153
AT2G38660	379
AT2G16505	0
AT2G07785	0
AT2G41082	45
AT2G25330	8
AT2G28560	15
AT2G21140	470
AT2G01300	33
AT2G35240	1132
AT2G35960	89
AT2G33400	284
AT2G02180	668
AT2G42690	2025
AT2G39570	1345
AT2G23060	9
AT2G22120	308
AT2G47470	6103
AT2G45110	0
AT2G03955	0
AT2G46890	293
AT2G39770	1969
AT2G24180	1803
AT2G29970	510
AT2G40340	333
AT2G03620	155
AT2G27930	28
AT2G25055	2
AT2G03230	0
AT2G34770	614
AT2G01540	251
AT2G16880	350
AT2G43790	703
AT2G33793	82
AT2G44030	0
AT2G45650	3
AT2G28350	521
AT2G44080	360
AT2G18400	495
AT2G39210	903
AT2G47040	35
AT2G28630	134
AT2G03290	11
AT2G39320	13
AT2G36200	403
AT2G21090	351
AT2G34140	70
AT2G05642	1
AT2G45450	256
AT2G26695	68
AT2G34325	14
AT2G16005	15
AT2G29790	0
AT2G07734	0
AT2G03880	29
AT2G20784	0
AT2G37790	904
AT2G45760	9
AT2G03932	0
AT2G32910	1131
AT2G34160	490
AT2G29040	0
AT2G05810	9
AT2G30750	20
AT2G37010	2
AT2G26820	12
AT2G24340	0
AT2G14395	1
AT2G28880	262
AT2G21490	3
AT2G24700	70
AT2G21280	1039
AT2G01290	351
AT2G12935	1
AT2G03500	109
AT2G03937	0
AT2G15760	51
AT2G07701	0
AT2G37660	6873
AT2G36160	5013
AT2G24800	6
AT2G20450	3725
AT2G35780	1277
AT2G31020	106
AT2G27775	319
AT2G24410	2
AT2G36740	530
AT2G38130	597
AT2G34650	109
AT2G27570	0
AT2G35020	657
AT2G16535	0
AT2G31670	1986
AT2G18880	1
AT2G16400	1199
AT2G43880	15
AT2G19260	314
AT2G02220	751
AT2G14820	33
AT2G14945	0
AT2G28725	0
AT2G42130	543
AT2G22941	0
AT2G23130	549
AT2G16940	2816
AT2G21030	7
AT2G22310	128
AT2G32300	192
AT2G02630	49
AT2G14000	0
AT2G31082	0
AT2G42475	0
AT2G03830	7
AT2G04622	0
AT2G01990	323
AT2G36750	1059
AT2G40720	86
AT2G39010	5876
AT2G27380	8
AT2G33000	83
AT2G27535	28
AT2G24030	92
AT2G21890	21
AT2G34870	0
AT2G37370	10
AT2G06908	0
AT2G15580	992
AT2G13430	11
AT2G01320	1895
AT2G07621	108
AT2G37610	10
AT2G42350	69
AT2G28710	24
AT2G24740	3
AT2G17350	314
AT2G43795	0
AT2G33260	8
AT2G40070	790
AT2G07674	476
AT2G40380	537
AT2G46110	95
AT2G46660	90
AT2G39720	673
AT2G44195	13
AT2G47844	15
AT2G25830	1186
AT2G39435	81
AT2G03240	598
AT2G04378	372
AT2G31210	0
AT2G47880	7
AT2G07560	0
AT2G28140	132
AT2G07631	0
AT2G18320	0
AT2G02080	403
AT2G39910	245
AT2G39090	351
AT2G35620	1101
AT2G23670	0
AT2G17190	1500
AT2G15400	108
AT2G43330	310
AT2G11623	0
AT2G43370	309
AT2G04230	362
AT2G37650	255
AT2G31141	122
AT2G18970	1
AT2G20208	0
AT2G30380	14
AT2G34440	0
AT2G04870	0
AT2G01905	36
AT2G46430	766
AT2G14288	0
AT2G41460	297
AT2G42500	1636
AT2G32240	2429
AT2G47650	1620
AT2G46308	0
AT2G36970	408
AT2G37630	1652
AT2G27790	95
AT2G17420	4074
AT2G02250	6
AT2G45590	1002
AT2G03180	0
AT2G29410	23
AT2G33570	482
AT2G41590	3
AT2G34320	1
AT2G39930	1233
AT2G18500	87
AT2G19530	126
AT2G33160	0
AT2G21470	615
AT2G24710	4
AT2G16890	628
AT2G26790	251
AT2G25600	8
AT2G23090	6469
AT2G46520	1692
AT2G44581	0
AT2G19180	426
AT2G26690	2366
AT2G24530	193
AT2G34340	143
AT2G02290	0
AT2G33460	10
AT2G24020	1417
AT2G44730	378
AT2G36960	460
AT2G11626	0
AT2G19760	1745
AT2G24200	6105
AT2G05790	2435
AT2G41231	0
AT2G13960	37
AT2G01880	55
AT2G34700	3
AT2G31470	1
AT2G31820	1303
AT2G42530	213
AT2G20310	361
AT2G11773	0
AT2G42410	1
AT2G34180	12
AT2G05400	1
AT2G42975	96
AT2G38750	226
AT2G37570	953
AT2G20400	319
AT2G28180	0
AT2G44890	0
AT2G18490	6
AT2G46940	29
AT2G30820	75
AT2G36560	1
AT2G30290	0
AT2G26520	30
AT2G43745	18
AT2G13440	934
AT2G44525	240
AT2G33150	6867
AT2G24480	0
AT2G17740	26
AT2G31425	0
AT2G01850	2075
AT2G15010	1
AT2G44925	1
AT2G42600	6814
AT2G39590	0
AT2G13985	0
AT2G25990	0
AT2G07690	1693
AT2G07640	0
AT2G38960	508
AT2G43570	2605
AT2G40760	604
AT2G18150	453
AT2G29260	120
AT2G47580	955
AT2G26580	208
AT2G32415	623
AT2G25565	0
AT2G05752	0
AT2G30150	402
AT2G36710	20
AT2G32380	334
AT2G07360	1727
AT2G40080	725
AT2G04790	145
AT2G25482	0
AT2G19350	133
AT2G07695	450
AT2G42960	95
AT2G29870	0
AT2G46600	542
AT2G15260	0
AT2G21080	114
AT2G35615	0
AT2G35770	48
AT2G02390	1627
AT2G01780	0
AT2G25735	12
AT2G25409	0
AT2G07777	3
AT2G29320	545
AT2G46470	981
AT2G35080	0
AT2G47930	72
AT2G36630	382
AT2G27860	2584
AT2G32850	831
AT2G18530	7
AT2G01008	278
AT2G39060	0
AT2G34670	119
AT2G35310	16
AT2G32150	193
AT2G17010	4
AT2G34030	3
AT2G22155	0
AT2G40670	32
AT2G36440	0
AT2G18700	422
AT2G20463	0
AT2G01021	0
AT2G13422	0
AT2G23260	0
AT2G42040	332
AT2G25180	598
AT2G37520	1055
AT2G23370	364
AT2G07721	98
AT2G39220	345
AT2G22920	103
AT2G34655	11
AT2G34300	1694
AT2G41820	1309
AT2G29065	83
AT2G36695	2
AT2G41280	0
AT2G08986	0
AT2G33240	91
AT2G10455	0
AT2G26360	32
AT2G42120	278
AT2G02240	2
AT2G44690	82
AT2G07120	0
AT2G22990	2016
AT2G17290	632
AT2G19960	1
AT2G11015	0
AT2G32788	0
AT2G15630	117
AT2G44390	3
AT2G22125	3024
AT2G39550	478
AT2G40830	924
AT2G22140	80
AT2G24850	89
AT2G31320	437
AT2G18730	1082
AT2G16230	24
AT2G24120	3355
AT2G24510	0
AT2G42885	0
AT2G38690	1
AT2G36895	375
AT2G39870	849
AT2G23150	371
AT2G40630	348
AT2G39670	1506
AT2G24692	0
AT2G01090	446
AT2G35736	203
AT2G45000	570
AT2G38700	1315
AT2G27389	5
AT2G20260	6386
AT2G16380	150
AT2G01520	100
AT2G22850	1
AT2G45360	10
AT2G46020	3581
AT2G04040	325
AT2G38050	305
AT2G16405	508
AT2G23770	66
AT2G20930	323
AT2G44175	0
AT2G31430	0
AT2G34010	41
AT2G22760	3
AT2G04050	311
AT2G07798	630
AT2G35510	985
AT2G03070	601
AT2G27190	1554
AT2G32200	2
AT2G33670	0
AT2G45610	3
AT2G14080	793
AT2G24090	2951
AT2G40370	69
AT2G05760	242
AT2G15900	589
AT2G35550	50
AT2G26160	10
AT2G03560	0
AT2G35585	50
AT2G19520	1504
AT2G38320	127
AT2G40260	106
AT2G17830	144
AT2G33410	2470
AT2G35820	304
AT2G26400	3
AT2G02320	0
AT2G41310	543
AT2G33835	319
AT2G20635	198
AT2G42710	1656
AT2G10615	0
AT2G12280	0
AT2G23910	369
AT2G20880	9
AT2G28230	343
AT2G33250	1906
AT2G28440	152
AT2G01400	83
AT2G26260	615
AT2G13290	484
AT2G37580	270
AT2G47450	5894
AT2G37320	128
AT2G23780	508
AT2G36550	0
AT2G45050	365
AT2G16910	5
AT2G17430	36
AT2G03730	385
AT2G27320	0
AT2G20921	0
AT2G43950	983
AT2G40113	50
AT2G45550	1
AT2G43810	618
AT2G33990	198
AT2G28240	289
AT2G17250	872
AT2G46370	1317
AT2G35630	2898
AT2G31760	1
AT2G38610	651
AT2G02070	1187
AT2G22426	0
AT2G18420	0
AT2G17650	50
AT2G42550	0
AT2G31710	219
AT2G41475	622
AT2G47280	0
AT2G18060	92
AT2G05160	4
AT2G43410	825
AT2G23290	231
AT2G17900	561
AT2G19620	169
AT2G18290	489
AT2G32750	15
AT2G46580	592
AT2G47680	292
AT2G44370	68
AT2G37190	2933
AT2G19720	482
AT2G16500	3136
AT2G36305	308
AT2G21180	209
AT2G04850	265
AT2G19060	1
AT2G19045	0
AT2G32560	2590
AT2G29350	240
AT2G36340	311
AT2G07830	0
AT2G20613	1
AT2G35200	8
AT2G25355	371
AT2G07774	708
AT2G29420	202
AT2G33560	216
AT2G24765	1048
AT2G30810	0
AT2G07180	1308
AT2G27950	1157
AT2G04920	0
AT2G04890	156
AT2G17036	117
AT2G48060	1474
AT2G41770	349
AT2G29480	0
AT2G20815	124
AT2G25685	0
AT2G30500	849
AT2G34185	16
AT2G38440	1245
AT2G03850	0
AT2G25300	196
AT2G16440	1233
AT2G40980	484
AT2G22830	299
AT2G35760	116
AT2G36360	726
AT2G03110	78
AT2G32830	254
AT2G18020	13297
AT2G39420	397
AT2G46590	478
AT2G43490	644
AT2G35460	6
AT2G05105	0
AT2G28940	225
AT2G31490	4072
AT2G07725	98
AT2G25360	1
AT2G20520	7
AT2G40840	6692
AT2G40510	3178
AT2G04830	0
AT2G38270	1778
AT2G16950	2128
AT2G15820	1046
AT2G19940	1283
AT2G28840	6349
AT2G21500	272
AT2G28225	1
AT2G36320	669
AT2G32070	611
AT2G25890	0
AT2G05335	0
AT2G41750	0
AT2G35215	0
AT2G36010	210
AT2G44470	0
AT2G05850	4
AT2G01890	1066
AT2G41650	1483
AT2G42000	0
AT2G42900	36
AT2G33170	578
AT2G25790	913
AT2G22860	65
AT2G42640	196
AT2G44930	20
AT2G40150	144
AT2G37280	198
AT2G40316	692
AT2G45530	30
AT2G07698	5163
AT2G03040	3
AT2G15290	1852
AT2G35160	258
AT2G16640	2281
AT2G35600	45
AT2G47320	1243
AT2G34780	976
AT2G43090	3512
AT2G47760	881
AT2G47900	844
AT2G47010	772
AT2G35580	0
AT2G30350	364
AT2G42800	51
AT2G39200	66
AT2G28780	79
AT2G38970	408
AT2G07440	0
AT2G35210	44
AT2G05990	2024
AT2G34840	280
AT2G16980	45
AT2G34570	299
AT2G28085	0
AT2G30410	633
AT2G15730	176
AT2G17680	0
AT2G35980	10
AT2G25200	254
AT2G45740	2147
AT2G37050	2672
AT2G47950	18
AT2G11778	60
AT2G25580	374
AT2G29180	684
AT2G37620	446
AT2G46760	112
AT2G41250	584
AT2G35120	1340
AT2G22640	159
AT2G45405	0
AT2G06166	0
AT2G01500	0
AT2G21750	0
AT2G44410	545
AT2G03520	0
AT2G41630	1999
AT2G28040	1
AT2G45180	16655
AT2G23445	0
AT2G26120	4
AT2G01120	268
AT2G26550	438
AT2G43200	241
AT2G15090	1443
AT2G27505	9
AT2G04360	556
AT2G26940	0
AT2G41225	2
AT2G26250	2738
AT2G30080	166
AT2G45340	862
AT2G34640	1819
AT2G32520	1551
AT2G26150	392
AT2G15970	3143
AT2G35765	1
AT2G01900	81
AT2G28755	0
AT2G37450	352
AT2G29670	6203
AT2G18980	491
AT2G47110	5208
AT2G31190	672
AT2G18120	53
AT2G34500	67
AT2G41920	2
AT2G04621	0
AT2G07672	0
AT2G30570	24033
AT2G20780	936
AT2G31160	108
AT2G11000	481
AT2G26040	152
AT2G35030	225
AT2G06990	1304
AT2G05120	911
AT2G29710	18
AT2G43235	163
AT2G04650	74
AT2G44750	295
AT2G40450	9
AT2G18040	2113
AT2G03220	536
AT2G23820	520
AT2G12905	0
AT2G19220	0
AT2G39705	274
AT2G18740	978
AT2G44550	0
AT2G47590	7225
AT2G15690	426
AT2G43220	0
AT2G20725	694
AT2G41370	249
AT2G37940	669
AT2G38890	1
AT2G25760	2478
AT2G10955	0
AT2G07708	0
AT2G46494	3
AT2G43800	1217
AT2G37070	46
AT2G36355	42
AT2G48120	282
AT2G15780	4
AT2G14920	6
AT2G19660	27
AT2G48140	389
AT2G35520	691
AT2G23990	0
AT2G20060	1421
AT2G01045	0
AT2G16595	49
AT2G20510	6
AT2G04020	0
AT2G15240	496
AT2G19910	230
AT2G40390	51
AT2G28110	204
AT2G36640	52
AT2G45770	945
AT2G30790	208
AT2G40060	1734
AT2G25110	3176
AT2G20100	202
AT2G31725	212
AT2G46450	928
AT2G18710	2854
AT2G40490	2483
AT2G42465	1
AT2G24350	107
AT2G32230	3607
AT2G19790	1443
AT2G03610	2
AT2G04045	0
AT2G30400	22
AT2G29760	230
AT2G45120	50
AT2G22795	1775
AT2G14700	0
AT2G01200	23
AT2G45490	178
AT2G28671	8
AT2G41140	1118
AT2G23580	0
AT2G04235	201
AT2G28100	247
AT2G26850	0
AT2G06000	439
AT2G36885	975
AT2G29600	1
AT2G17785	0
AT2G31270	265
AT2G25460	126
AT2G33810	0
AT2G42370	0
AT2G34310	766
AT2G36300	403
AT2G44040	819
AT2G36780	134
AT2G29628	0
AT2G24080	0
AT2G19930	292
AT2G02750	182
AT2G16520	0
AT2G03150	3051
AT2G28605	521
AT2G26960	0
AT2G24195	3
AT2G38620	105
AT2G40530	26
AT2G02690	9
AT2G37435	1
AT2G42140	0
AT2G33080	9
AT2G04046	0
AT2G33655	0
AT2G33610	728
AT2G40165	0
AT2G07661	11
AT2G44540	0
AT2G05270	4
AT2G34120	0
AT2G43770	937
AT2G34730	906
AT2G38600	20
AT2G07170	310
AT2G10025	0
AT2G18000	105
AT2G34990	2
AT2G38580	411
AT2G06520	14186
AT2G47485	57
AT2G07806	317
AT2G17890	2
AT2G30800	695
AT2G44180	352
AT2G40940	1555
AT2G14100	52
AT2G11520	629
AT2G03450	237
AT2G07724	0
AT2G31970	1870
AT2G39450	416
AT2G33233	0
AT2G47360	123
AT2G39975	0
AT2G36590	10
AT2G21800	160
AT2G23590	14
AT2G32170	1080
AT2G41350	234
AT2G01800	0
AT2G45330	589
AT2G19860	1073
AT2G27060	842
AT2G35800	1448
AT2G35658	58
AT2G25420	260
AT2G33220	2618
AT2G01390	189
AT2G41960	1140
AT2G32220	449
AT2G18840	499
AT2G23800	2
AT2G31460	0
AT2G34330	0
AT2G21150	1664
AT2G44480	28
AT2G23510	0
AT2G22890	86
AT2G23321	0
AT2G21850	222
AT2G18810	2
AT2G39490	4
AT2G46910	292
AT2G47070	1952
AT2G45520	1011
AT2G01980	590
AT2G43920	325
AT2G26510	782
AT2G30300	4
AT2G19150	17
AT2G44990	7
AT2G32760	267
AT2G13542	0
AT2G14255	589
AT2G14720	2263
AT2G30110	3795
AT2G26270	156
AT2G40540	1399
AT2G18193	534
AT2G32060	2696
AT2G24010	18
AT2G22490	1232
AT2G04675	0
AT2G27130	123
AT2G26730	1086
AT2G05410	0
AT2G12200	0
AT2G46540	1324
AT2G26650	597
AT2G04930	0
AT2G16460	287
AT2G46040	279
AT2G43910	2601
AT2G42340	50
AT2G14290	14
AT2G43050	17
AT2G25770	1
AT2G01960	2
AT2G25270	575
AT2G45630	191
AT2G33175	43
AT2G02960	494
AT2G46320	457
AT2G07636	0
AT2G28210	42
AT2G01667	0
AT2G25010	288
AT2G44820	551
AT2G25740	721
AT2G22241	0
AT2G18721	0
AT2G31690	0
AT2G38250	198
AT2G07681	43
AT2G19400	239
AT2G18360	259
AT2G17265	545
AT2G32275	2
AT2G05070	20976
AT2G25570	477
AT2G46060	423
AT2G36830	11896
AT2G41300	172
AT2G04160	2951
AT2G02370	222
AT2G33850	791
AT2G46250	701
AT2G17560	1087
AT2G04340	546
AT2G01970	2103
AT2G14170	1377
AT2G01720	1598
AT2G19240	54
AT2G09970	1
AT2G18620	42
AT2G03820	2243
AT2G30760	23
AT2G16650	448
AT2G07750	1
AT2G24617	0
AT2G46650	703
AT2G31050	0
AT2G47000	895
AT2G33385	43
AT2G33310	528
AT2G34600	22
AT2G42955	41
AT2G38150	0
AT2G25190	318
AT2G04515	14
AT2G44870	1155
AT2G13905	0
AT2G44100	3965
AT2G36100	301
AT2G07827	255
AT2G38450	435
AT2G39310	2919
AT2G03567	2
AT2G04062	0
AT2G36720	1040
AT2G07715	947
AT2G18600	106
AT2G17700	478
AT2G42320	965
AT2G46050	27
AT2G47940	2858
AT2G05320	346
AT2G29860	0
AT2G15490	97
AT2G19470	1128
AT2G44980	391
AT2G20362	45
AT2G01060	1003
AT2G22475	449
AT2G44400	3
AT2G45290	1644
AT2G34250	8830
AT2G28920	2
AT2G28580	1
AT2G18250	433
AT2G44420	159
AT2G23660	0
AT2G27390	0
AT2G20110	161
AT2G29200	1392
AT2G28190	1062
AT2G44330	4
AT2G38240	15
AT2G35810	311
AT2G15220	140
AT2G24762	1247
AT2G25880	170
AT2G21370	986
AT2G46735	85
AT2G11010	0
AT2G44020	229
AT2G03810	181
AT2G41500	860
AT2G40930	960
AT2G15910	624
AT2G01379	0
AT2G46765	0
AT2G32660	23
AT2G18640	1
AT2G40435	92
AT2G31240	686
AT2G29730	149
AT2G27960	638
AT2G25530	219
AT2G21640	1030
AT2G38230	2545
AT2G05180	27
AT2G23430	271
AT2G41220	2844
AT2G35920	1380
AT2G19690	152
AT2G45240	1648
AT2G32350	0
AT2G05520	12020
AT2G41420	714
AT2G34430	17332
AT2G04220	0
AT2G07702	0
AT2G11851	0
AT2G18170	480
AT2G43620	4875
AT2G06960	0
AT2G03840	0
AT2G37025	18
AT2G43945	1255
AT2G16930	584
AT2G43465	115
AT2G31230	350
AT2G38290	885
AT2G27330	179
AT2G22600	50
AT2G03530	122
AT2G18350	193
AT2G14120	2712
AT2G28250	243
AT2G30933	48
AT2G20300	753
AT2G05786	0
AT2G19310	2797
AT2G18685	0
AT2G38410	555
AT2G27980	881
AT2G05117	0
AT2G40890	2629
AT2G32780	2
AT2G02660	2
AT2G41520	603
AT2G34390	20
AT2G07667	742
AT2G24280	1573
AT2G17170	0
AT2G11225	2813
AT2G41060	866
AT2G39940	713
AT2G45910	1214
AT2G12480	12
AT2G37330	177
AT2G17470	21
AT2G31980	134
AT2G18750	1219
AT2G03170	0
AT2G38905	2
AT2G15670	0
AT2G40520	649
AT2G02790	644
AT2G25210	2655
AT2G22530	393
AT2G15590	1
AT2G18080	0
AT2G05970	0
AT2G07739	1297
AT2G23360	194
AT2G22050	0
AT2G26640	580
AT2G46700	518
AT2G35330	1192
AT2G35410	1613
AT2G42450	417
AT2G05510	6446
AT2G26380	3
AT2G21810	0
AT2G33730	1631
AT2G37810	0
AT2G31440	316
AT2G16620	0
AT2G40400	2378
AT2G30440	1058
AT2G13790	620
AT2G26280	1509
AT2G11005	0
AT2G17480	794
AT2G20618	0
AT2G13800	381
AT2G21960	961
AT2G02050	2944
AT2G02970	698
AT2G40030	461
AT2G43230	35
AT2G30840	108
AT2G15610	0
AT2G30020	378
AT2G43510	400
AT2G09990	2346
AT2G36854	0
AT2G02795	0
AT2G05330	0
AT2G41950	506
AT2G43640	378
AT2G21010	0
AT2G15025	0
AT2G04900	848
AT2G38760	96
AT2G02700	8
AT2G47520	94
AT2G19365	0
AT2G35170	104
AT2G04350	1507
AT2G28305	250
AT2G39700	3908
AT2G33550	1000
AT2G04425	0
AT2G03590	32
AT2G25450	6600
AT2G28050	118
AT2G47440	937
AT2G32280	431
AT2G22170	3382
AT2G20550	32
AT2G02455	3
AT2G04495	17
AT2G17860	2
AT2G35670	0
AT2G43030	4478
AT2G14910	3102
AT2G04030	32005
AT2G03020	212
AT2G29690	756
AT2G13100	961
AT2G44745	11
AT2G38100	13
AT2G07673	0
AT2G34110	0
AT2G37160	816
AT2G42380	268
AT2G39030	193
AT2G34790	266
AT2G26670	1673
AT2G05915	0
AT2G33500	362
AT2G33760	79
AT2G41730	73
AT2G41830	281
AT2G28610	9
AT2G14500	0
AT2G46850	6
AT2G31081	0
AT2G13680	59
AT2G47690	2460
AT2G47230	423
AT2G34170	359
AT2G28426	2
AT2G29640	104
AT2G43270	13
AT2G18300	763
AT2G38020	718
AT2G45980	785
AT2G20130	327
AT2G32550	474
AT2G31680	508
AT2G20030	12
AT2G33705	0
AT2G47090	313
AT2G29263	0
AT2G28220	0
AT2G17510	693
AT2G40110	142
AT2G22650	407
AT2G26660	366
AT2G17820	837
AT2G34210	67
AT2G28010	0
AT2G16070	618
AT2G15450	0
AT2G35935	0
AT2G18969	0
AT2G12550	225
AT2G45960	14841
AT2G22690	252
AT2G03640	921
AT2G16810	0
AT2G19830	1556
AT2G27150	367
AT2G42080	180
AT2G18130	0
AT2G24450	0
AT2G33880	3
AT2G10550	0
AT2G44760	2011
AT2G04039	417
AT2G16770	186
AT2G27410	2
AT2G33620	1024
AT2G23960	66
AT2G41180	0
AT2G14289	0
AT2G36110	3
AT2G38060	44
AT2G20840	225
AT2G31005	0
AT2G26130	16
AT2G44620	1150
AT2G21550	53
AT2G18690	185
AT2G47890	525
AT2G37240	1657
AT2G14050	94
AT2G40600	602
AT2G21300	2089
AT2G20140	1297
AT2G37910	0
AT2G03780	520
AT2G20920	1350
AT2G16030	0
AT2G42460	1
AT2G20850	841
AT2G23070	2238
AT2G01130	329
AT2G44210	3555
AT2G31410	1771
AT2G03310	542
AT2G35910	142
AT2G36430	358
AT2G28620	331
AT2G20430	0
AT2G26800	1493
AT2G26310	120
AT2G05840	1746
AT2G04420	11
AT2G42510	142
AT2G30310	1
AT2G04810	0
AT2G03931	0
AT2G27420	152
AT2G07644	55
AT2G34740	0
AT2G19950	560
AT2G29679	0
AT2G21630	205
AT2G14560	657
AT2G18340	8
AT2G12875	0
AT2G22400	1125
AT2G44810	0
AT2G47970	1048
AT2G48080	104
AT2G24690	437
AT2G41930	1
AT2G41400	0
AT2G36840	125
AT2G41550	133
AT2G46140	299
AT2G04840	0
AT2G02990	122
AT2G19130	295
AT2G10535	0
AT2G22880	0
AT2G34080	122
AT2G14110	235
AT2G32860	577
AT2G39340	811
AT2G41170	141
AT2G18990	339
AT2G20660	0
AT2G43320	227
AT2G41640	171
AT2G26340	1289
AT2G19630	3
AT2G40920	834
AT2G25150	21
AT2G42865	90
AT2G21100	40
AT2G22440	0
AT2G45280	213
AT2G21120	835
AT2G37020	462
AT2G29700	532
AT2G31420	1
AT2G21060	1561
AT2G27313	0
AT2G18780	161
AT2G47850	898
AT2G31955	449
AT2G46495	13
AT2G25000	172
AT2G01735	121
AT2G45200	815
AT2G04740	510
AT2G36930	756
AT2G39270	479
AT2G33330	646
AT2G01180	275
AT2G33770	2966
AT2G07696	0
AT2G23985	18
AT2G26170	726
AT2G29950	0
AT2G47990	844
AT2G17033	787
AT2G17920	3
AT2G05632	110
AT2G32180	0
AT2G42210	3227
AT2G18090	1120
AT2G12945	0
AT2G25905	0
AT2G38460	110
AT2G36000	1656
AT2G12290	0
AT2G27402	50
AT2G36760	18
AT2G15620	6711
AT2G36920	0
AT2G13547	0
AT2G26230	672
AT2G32370	5
AT2G13540	1245
AT2G25090	128
AT2G40010	326
AT2G07728	227
AT2G27370	60
AT2G37950	36
AT2G15370	11
AT2G32020	20
AT2G46130	8
AT2G28570	385
AT2G30695	335
AT2G16290	1
AT2G34100	2
AT2G40410	580
AT2G39355	0
AT2G22942	0
AT2G25080	3643
AT2G34490	502
AT2G36610	5
AT2G37080	1206
AT2G33210	4352
AT2G24940	7359
AT2G35350	683
AT2G32770	36
AT2G37980	48
AT2G22250	466
AT2G31510	1460
AT2G07505	0
AT2G16120	0
AT2G32010	252
AT2G35660	221
AT2G30140	595
AT2G25215	1
AT2G05060	0
AT2G18190	119
AT2G24270	7658
AT2G13295	0
AT2G36770	183
AT2G42930	0
AT2G01580	19
AT2G06555	3
AT2G43460	5743
AT2G41355	0
AT2G38365	0
AT2G01913	70
AT2G02570	1719
AT2G07613	0
AT2G03800	346
AT2G26890	1939
AT2G37530	100
AT2G46740	45
AT2G17260	112
AT2G26020	0
AT2G03120	1667
AT2G28400	115
AT2G38080	1121
AT2G42590	5960
AT2G38695	68
AT2G16510	1257
AT2G17990	1438
AT2G03870	480
AT2G47500	654
AT2G21420	1
AT2G22807	0
AT2G30220	4
AT2G47210	693
AT2G36985	17
AT2G47120	0
AT2G41490	355
AT2G42620	607
AT2G19020	0
AT2G01918	64
AT2G19980	3
AT2G21040	5
AT2G40660	1554
AT2G19610	8
AT2G10260	0
AT2G32530	1087
AT2G14285	320
AT2G46340	2265
AT2G22370	176
AT2G44140	540
AT2G21240	619
AT2G42660	37
AT2G21830	198
AT2G17070	6
AT2G17580	514
AT2G20810	649
AT2G15740	1
AT2G16800	641
AT2G44060	4824
AT2G12880	0
AT2G02170	540
AT2G02810	1799
AT2G04700	1428
AT2G05900	0
AT2G18070	0
AT2G01740	124
AT2G20515	101
AT2G31090	223
AT2G46610	525
AT2G38740	264
AT2G47630	496
AT2G33280	27
AT2G07779	363
AT2G26680	442
AT2G35110	1485
AT2G29810	0
AT2G39520	0
AT2G44150	366
AT2G11522	0
AT2G25297	0
AT2G16370	920
AT2G24100	344
AT2G28680	0
AT2G19230	0
AT2G39970	1302
AT2G21170	12136
AT2G02147	3
AT2G43445	92
AT2G42540	449
AT2G40500	0
AT2G34720	400
AT2G39000	502
AT2G26860	412
AT2G31070	450
AT2G14870	0
AT2G13690	397
AT2G33590	948
AT2G44580	68
AT2G03410	1
AT2G39190	1427
AT2G23100	135
AT2G45990	579
AT2G19770	3
AT2G47270	13
AT2G10602	0
AT2G14282	0
AT2G24870	15
AT2G39620	35
AT2G39990	1592
AT2G44920	721
AT2G19080	737
AT2G27180	11
AT2G17055	11
AT2G31990	88
AT2G35343	9
AT2G16365	1586
AT2G21710	524
AT2G46190	0
AT2G17620	39
AT2G31570	2105
AT2G23950	651
AT2G27280	2
AT2G45500	334
AT2G15660	0
AT2G43760	419
AT2G29605	0
AT2G22750	0
AT2G26240	376
AT2G36620	3125
AT2G21950	48
AT2G17540	267
AT2G01590	374
AT2G01370	0
AT2G33780	0
AT2G28020	0
AT2G40700	1052
AT2G16900	410
AT2G02760	2623
AT2G04305	352
AT2G06645	0
AT2G40230	92
AT2G18245	341
AT2G33090	0
AT2G38570	109
AT2G27540	0
AT2G30700	732
AT2G12461	113
AT2G14660	210
AT2G15980	193
AT2G28650	93
AT2G42180	0
AT2G28160	30
AT2G39370	89
AT2G36580	2199
AT2G27010	54
AT2G43261	0
AT2G42430	55
AT2G07628	0
AT2G27810	1349
AT2G43720	101
AT2G07629	1690
AT2G30340	118
AT2G26070	226
AT2G20670	732
AT2G37500	816
AT2G39855	1
AT2G23140	462
AT2G28200	204
AT2G07638	571
AT2G22180	0
AT2G29290	603
AT2G39440	136
AT2G39820	21
AT2G14890	3750
AT2G41360	4
AT2G46390	4415
AT2G07680	320
AT2G38870	2215
AT2G38800	3530
AT2G33420	6
AT2G16090	447
AT2G24680	117
AT2G26560	16
AT2G23148	0
AT2G07771	0
AT2G34315	0
AT2G25312	0
AT2G47540	91
AT2G17130	472
AT2G25050	453
AT2G19030	0
AT2G44880	139
AT2G15640	0
AT2G33070	1
AT2G05910	69
AT2G21430	303
AT2G14160	1
AT2G41415	0
AT2G33720	0
AT2G21350	41
AT2G41800	197
AT2G25480	384
AT2G35970	2
AT2G18370	501
AT2G30740	1484
AT2G43980	478
AT2G01175	35
AT2G24640	489
AT2G17440	789
AT2G03965	3
AT2G04550	411
AT2G31880	514
AT2G16960	0
AT2G27680	4652
AT2G46930	1187
AT2G46550	851
AT2G27580	489
AT2G45660	157
AT2G07652	270
AT2G33530	583
AT2G27480	100
AT2G17300	196
AT2G31770	0
AT2G02150	374
AT2G29170	53
AT2G40200	39
AT2G40820	235
AT2G07215	0
AT2G35360	223
AT2G23440	0
AT2G45406	0
AT2G32160	27
AT2G20000	482
AT2G29500	149640
AT2G44630	90
AT2G44230	131
AT2G46800	3019
AT2G33450	1669
AT2G07981	0
AT2G28700	7
AT2G35530	369
AT2G19893	0
AT2G40280	584
AT2G17845	5
AT2G31085	1
AT2G32740	1
AT2G21070	390
AT2G04620	343
AT2G41670	381
AT2G02640	0
AT2G33680	153
AT2G04940	531
AT2G39782	0
AT2G24600	131
AT2G24320	6
AT2G01150	351
AT2G39890	739
AT2G42770	778
AT2G31870	261
AT2G47170	3025
AT2G38720	76
AT2G44340	4
AT2G25120	0
AT2G40220	1
AT2G22570	274
AT2G30615	1
AT2G07738	126
AT2G17870	1685
AT2G34910	62
AT2G28290	3477
AT2G27100	2657
AT2G25730	2958
AT2G17210	81
AT2G18510	2710
AT2G25170	2135
AT2G27690	35
AT2G39080	1696
AT2G13360	13782
AT2G32905	2
AT2G28310	891
AT2G39580	2193
AT2G43140	94
AT2G38170	6958
AT2G07705	0
AT2G23834	0
AT2G39640	0
AT2G16450	2
AT2G32260	1865
AT2G44910	20
AT2G44280	133
AT2G06210	1243
AT2G42100	0
AT2G33750	4
AT2G18790	2202
AT2G20420	3728
AT2G43255	1
AT2G17972	5
AT2G06906	1
AT2G02380	18
AT2G35965	0
AT2G07671	0
AT2G32900	469
AT2G46670	0
AT2G33390	209
AT2G42220	8940
AT2G21780	17
AT2G21580	2980
AT2G39240	23
AT2G10553	2
AT2G42470	0
AT2G44490	2070
AT2G20250	182
AT2G13125	0
AT2G26970	241
AT2G31130	158
AT2G26440	877
AT2G06845	2
AT2G38510	0
AT2G46150	41
AT2G39170	344
AT2G39790	0
AT2G33640	79
AT2G31380	313
AT2G33020	5
AT2G22425	691
AT2G22330	715
AT2G05590	415
AT2G29000	4
AT2G15790	2862
AT2G47020	579
AT2G17230	1470
AT2G46400	141
AT2G31862	0
AT2G25140	1650
AT2G41660	409
AT2G29820	0
AT2G05440	10057
AT2G44770	466
AT2G46950	20
AT2G34920	80
AT2G40320	309
AT2G20010	658
AT2G20970	0
AT2G27220	0
AT2G17695	656
AT2G32990	263
AT2G28340	0
AT2G15830	58
AT2G22000	108
AT2G01560	0
AT2G24130	0
AT2G36230	551
AT2G17723	0
AT2G19570	0
AT2G06265	0
AT2G46270	482
AT2G28320	996
AT2G27770	148
AT2G37800	0
AT2G32100	174
AT2G42820	111
AT2G14510	18
AT2G43670	35
AT2G28030	0
AT2G42560	32
AT2G32190	197
AT2G39300	173
AT2G28480	350
AT2G23680	192
AT2G31790	1505
AT2G09388	2
AT2G23118	0
AT2G29485	0
AT2G21720	0
AT2G28090	0
AT2G02230	667
AT2G11215	137
AT2G41880	123
AT2G39960	736
AT2G33010	7
AT2G29830	1
AT2G37930	91
AT2G26810	130
AT2G17530	677
AT2G41905	322
AT2G21270	1188
AT2G47390	6070
AT2G42520	1244
AT2G04750	0
AT2G38590	0
AT2G19390	602
AT2G14935	0
AT2G20170	0
AT2G27590	110
AT2G20580	3464
AT2G38670	1496
AT2G23180	122
AT2G40970	229
AT2G07760	0
AT2G35100	338
AT2G42065	9
AT2G46000	144
AT2G37380	84
AT2G18260	64
AT2G07599	337
AT2G28930	352
AT2G24970	66
AT2G04034	0
AT2G24240	248
AT2G27290	2406
AT2G24330	470
AT2G35450	882
AT2G04395	1
AT2G38025	607
AT2G41780	117
AT2G10560	0
AT2G30990	1086
AT2G45300	1479
AT2G45135	74
AT2G28510	1062
AT2G39795	366
AT2G38500	13
AT2G20570	3415
AT2G24860	249
AT2G21510	11
AT2G42680	6272
AT2G27160	0
AT2G43940	130
AT2G41620	1039
AT2G19920	137
AT2G20620	2
AT2G28625	0
AT2G37975	204
AT2G22460	2
AT2G38650	1688
AT2G23340	1145
AT2G18680	10
AT2G01420	511
AT2G45920	609
AT2G13640	0
AT2G14265	0
AT2G02955	450
AT2G35150	197
AT2G38430	90
AT2G05310	1327
AT2G03936	0
AT2G47300	243
AT2G46510	597
AT2G07000	1
AT2G32610	18
AT2G20360	4084
AT2G04090	57
AT2G43680	3549
AT2G06025	394
AT2G07768	7
AT2G30860	11265
AT2G29100	2
AT2G23190	25
AT2G38810	363
AT2G33255	567
AT2G40100	789
AT2G16860	1368
AT2G19170	335
AT2G44670	616
AT2G17880	43
AT2G47750	65
AT2G47250	1753
AT2G24696	2
AT2G29780	0
AT2G23380	772
AT2G46030	688
AT2G35700	177
AT2G41790	1724
AT2G40740	2
AT2G28390	847
AT2G25230	0
AT2G19460	110
AT2G11270	7
AT2G24840	0
AT2G43710	3762
AT2G44220	0
AT2G18160	1943
AT2G35730	11
AT2G18140	0
AT2G29510	1071
AT2G06570	0
AT2G04530	1094
AT2G39750	923
AT2G07820	0
AT2G42260	64
AT2G43900	1147
AT2G28380	831
AT2G47800	1119
AT2G47190	7
AT2G36980	85
AT2G27385	540
AT2G20940	379
AT2G30970	4549
AT2G20710	89
AT2G42300	517
AT2G01190	695
AT2G22950	0
AT2G45570	54
AT2G20240	136
AT2G23970	7
AT2G25720	367
AT2G30580	464
AT2G35390	850
AT2G41480	167
AT2G43690	143
AT2G30880	465
AT2G37400	785
AT2G46560	1427
AT2G21455	0
AT2G31215	0
AT2G07689	2
AT2G27500	1033
AT2G20630	895
AT2G43160	3187
AT2G14740	1076
AT2G26740	2340
AT2G02860	661
AT2G13950	0
AT2G29630	12679
AT2G26110	585
AT2G27710	4070
AT2G46840	38
AT2G07617	0
AT2G42280	366
AT2G48121	26
AT2G27940	0
AT2G15390	60
AT2G31100	2
AT2G40440	1
AT2G09838	1
AT2G45690	471
AT2G03050	92
AT2G17080	11
AT2G17790	1311
AT2G02490	0
AT2G21725	0
AT2G37730	1
AT2G20480	145
AT2G27310	235
AT2G15430	762
AT2G01490	1344
AT2G19740	1634
AT2G16835	0
AT2G21230	467
AT2G04540	251
AT2G19320	2
AT2G40090	617
AT2G16850	472
AT2G27040	1402
AT2G47380	2105
AT2G07020	0
AT2G17940	8
AT2G31590	10
AT2G21340	2118
AT2G38880	198
AT2G26140	2897
AT2G16340	0
AT2G46690	495
AT2G20410	282
AT2G39840	537
AT2G24150	2505
AT2G26470	245
AT2G34690	1401
AT2G35070	17
AT2G42200	147
AT2G26700	108
AT2G48070	1471
AT2G38350	0
AT2G29560	731
AT2G40780	125
AT2G26750	5
AT2G15535	0
AT2G42090	0
AT2G45880	771
AT2G45243	0
AT2G33775	7
AT2G35930	105
AT2G07676	91
AT2G36450	0
AT2G44710	1686
AT2G19010	0
AT2G43350	667
AT2G26710	262
AT2G29620	35
AT2G24693	0
AT2G36250	3071
AT2G15350	1
AT2G34860	2493
AT2G30040	155
AT2G14690	2
AT2G18330	1229
AT2G29680	178
AT2G28830	128
AT2G23600	1443
AT2G29770	0
AT2G40560	0
AT2G41980	453
AT2G37310	345
AT2G20873	0
AT2G04380	0
AT2G35380	76
AT2G22070	108
AT2G22720	1306
AT2G25169	1
AT2G21560	355
AT2G41890	383
AT2G41330	65
AT2G21400	10
AT2G04080	273
AT2G17240	1722
AT2G02590	144
AT2G39290	496
AT2G06420	0
AT2G44090	1158
AT2G03360	16
AT2G36180	0
AT2G40020	142
AT2G41342	0
AT2G30210	455
AT2G38780	580
AT2G22121	0
AT2G21410	1650
AT2G16592	0
AT2G02160	5843
AT2G34220	44
AT2G33230	3
AT2G35490	3386
AT2G43740	0
AT2G07825	6
AT2G23890	489
AT2G47240	768
AT2G43550	510
AT2G06255	8
AT2G23810	715
AT2G33585	182
AT2G07662	4057
AT2G07795	126
AT2G41900	1439
AT2G32130	5
AT2G07625	0
AT2G38540	20359
AT2G44270	563
AT2G41451	6
AT2G27140	155
AT2G07200	0
AT2G32645	0
AT2G23390	1225
AT2G22090	187
AT2G14960	16
AT2G13150	0
AT2G01260	290
AT2G36070	1219
AT2G12940	0
AT2G38420	172
AT2G01860	223
AT2G18660	218
AT2G31305	187
AT2G21870	8073
AT2G32235	90
AT2G05430	1
AT2G24560	15
AT2G32980	352
AT2G37290	46
AT2G44700	51
AT2G18220	1400
AT2G13450	1
AT2G02560	2087
AT2G32810	908
AT2G37590	81
AT2G41610	0
AT2G35900	593
AT2G22910	699
AT2G34280	0
AT2G26180	312
AT2G20562	50
AT2G45010	485
AT2G02100	7347
AT2G47245	1
AT2G03330	156
AT2G29190	1702
AT2G41000	187
AT2G32620	12
AT2G38300	138
AT2G38070	99
AT2G24430	27
AT2G23320	664
AT2G26490	0
AT2G42170	114
AT2G23550	26
AT2G07280	0
AT2G21480	0
AT2G15050	1548
AT2G02400	158
AT2G33820	244
AT2G41150	203
AT2G24310	0
AT2G25980	462
AT2G06500	0
AT2G02040	671
AT2G31840	2099
AT2G20950	664
AT2G45620	1140
AT2G20230	1843
AT2G17840	964
AT2G07646	25
AT2G01650	423
AT2G43590	311
AT2G21520	2721
AT2G35075	54
AT2G25630	0
AT2G35480	86
AT2G17600	0
AT2G29300	78
AT2G37550	798
AT2G20380	1
AT2G22960	0
AT2G19580	80
AT2G19820	0
AT2G45695	359
AT2G33130	0
AT2G27920	239
AT2G15280	230
AT2G31920	10
AT2G39100	165
AT2G36540	19
AT2G40210	1
AT2G42780	274
AT2G35155	663
AT2G01640	179
AT2G18910	335
AT2G02300	1
AT2G35635	3503
AT2G28405	0
AT2G37195	96
AT2G42010	682
AT2G38860	1072
AT2G37230	1471
AT2G26990	1263
AT2G19440	25
AT2G07623	0
AT2G02820	399
AT2G38380	1774
AT2G38940	1050
AT2G19330	10
AT2G18950	950
AT2G40160	50
AT2G22470	1164
AT2G01940	185
AT2G41810	3
AT2G43400	405
AT2G33540	755
AT2G28355	0
AT2G24960	399
AT2G25610	765
AT2G32210	202
AT2G17320	649
AT2G39415	1
AT2G15300	267
AT2G21237	2
AT2G25130	5
AT2G36325	0
AT2G22680	323
AT2G40330	419
AT2G02540	89
AT2G03720	39
AT2G48100	1431
AT2G38480	109
AT2G33435	953
AT2G02450	228
AT2G02440	0
AT2G02148	224
AT2G20835	34
AT2G27430	39
AT2G01330	284
AT2G32360	0
AT2G20350	0
AT2G35555	40
AT2G26530	89
AT2G41860	0
AT2G39760	602
AT2G42980	29
AT2G27145	0
AT2G29900	211
AT2G21220	9
AT2G32290	46
AT2G40116	3
AT2G03550	608
AT2G39850	566
AT2G17750	0
AT2G30470	818
AT2G18900	1627
AT2G01554	0
AT2G26320	0
AT2G44110	70
AT2G06200	22
AT2G07641	136
AT2G42750	950
AT2G05050	0
AT2G20750	107
AT2G33270	2
AT2G39445	132
AT2G12462	144
AT2G28760	194
AT2G02520	2
AT2G36400	509
AT2G24880	0
AT2G02060	160
AT2G30130	13
AT2G24980	1039
AT2G24630	165
AT2G27200	453
AT2G02710	760
AT2G14270	0
AT2G46200	135
AT2G40290	2016
AT2G04660	113
AT2G16575	1
AT2G22410	170
AT2G14390	0
AT2G32680	61
AT2G19890	8
AT2G45400	656
AT2G26480	63
AT2G19800	682
AT2G47960	1663
AT2G02580	9
AT2G25820	7
AT2G21465	0
AT2G28740	410
AT2G03980	134
AT2G36890	57
AT2G33740	1493
AT2G32540	957
AT2G46720	108
AT2G28970	15
AT2G45830	114
AT2G03250	1
AT2G39390	3447
AT2G01023	2
AT2G04410	2061
AT2G23900	4
AT2G02120	126
AT2G32000	584
AT2G47220	268
AT2G30920	359
AT2G20080	6
AT2G16225	0
AT2G39130	548
AT2G45060	527
AT2G30940	0
AT2G41705	543
AT2G41440	412
AT2G34290	0
AT2G35420	12
AT2G29720	351
AT2G28260	100
AT2G03340	674
AT2G41840	13530
AT2G19640	428
AT2G01340	187
AT2G44993	0
AT2G30770	43
AT2G07741	0
AT2G38090	168
AT2G01950	1099
AT2G26050	0
AT2G17150	450
AT2G42760	323
AT2G44560	1
AT2G36190	3
AT2G03630	2
AT2G13560	3165
AT2G25940	168
AT2G06667	0
AT2G15230	430
AT2G15110	0
AT2G16586	61
AT2G37140	0
AT2G41040	305
AT2G31910	20
AT2G34610	104
AT2G33205	74
AT2G46640	102
AT2G27670	0
AT2G41945	543
AT2G13555	0
AT2G30710	466
AT2G39530	11
AT2G19420	0
AT2G12475	0
AT2G29060	89
AT2G25160	36
AT2G32630	105
AT2G03821	1
AT2G24550	589
AT2G47260	142
AT2G24170	243
AT2G41410	3547
AT2G41700	1362
AT2G17590	1
AT2G31110	341
AT2G32250	249
AT2G34925	28
AT2G20590	67
AT2G26590	1005
AT2G19880	597
AT2G07340	504
AT2G38195	4
AT2G43060	217
AT2G16430	1657
AT2G44660	555
AT2G37430	6
AT2G34580	3
AT2G23400	2
AT2G47770	34
AT2G07050	1233
AT2G14095	46
AT2G44510	447
AT2G02340	3
AT2G23270	0
AT2G24300	209
AT2G43080	373
AT2G32890	0
AT2G07634	0
AT2G25640	643
AT2G15042	28
AT2G34880	3
AT2G24615	0
AT2G22480	951
AT2G02650	0
AT2G38530	17672
AT2G31560	804
AT2G37130	577
AT2G10931	70
AT2G17310	0
AT2G01140	7899
AT2G43360	748
AT2G46230	851
AT2G23700	184
AT2G04115	0
AT2G40910	0
AT2G42650	411
AT2G44520	1537
AT2G46070	149
AT2G16740	659
AT2G30010	297
AT2G37585	209
AT2G14460	282
AT2G32470	0
AT2G40580	1
AT2G31810	1256
AT2G17960	0
AT2G39460	4239
AT2G24400	13
AT2G29070	206
AT2G23520	461
AT2G45350	68
AT2G27285	566
AT2G03750	523
AT2G36480	556
AT2G25590	423
AT2G40420	95
AT2G32650	336
AT2G28470	1828
AT2G14695	0
AT2G01690	841
AT2G33040	7138
AT2G25950	688
AT2G43150	6734
AT2G25910	2437
AT2G32720	473
AT2G39950	753
AT2G46710	455
AT2G22360	2294
AT2G07713	0
AT2G01280	14
AT2G14670	1
AT2G06040	644
AT2G34200	64
AT2G22810	0
AT2G46820	8935
AT2G25350	248
AT2G20280	2057
AT2G46360	3
AT2G23420	552
AT2G18410	400
AT2G17380	909
AT2G29050	262
AT2G19500	25
AT2G01220	1401
AT2G02020	300
AT2G36030	0
AT2G37760	1909
AT2G47420	1550
AT2G30105	417
AT2G26080	6145
AT2G31432	0
AT2G41515	0
AT2G04480	6
AT2G25605	273
AT2G01275	73
AT2G46220	2141
AT2G17705	120
AT2G44610	1309
AT2G23470	232
AT2G02635	1
AT2G04038	7
AT2G42570	709
AT2G39380	2
AT2G14860	160
AT2G19700	1
AT2G37740	8
AT2G18590	0
AT2G23010	199
AT2G28850	5
AT2G48010	377
AT2G17060	19
AT2G44850	57
AT2G19000	0
AT2G30230	163
AT2G39020	1776
AT2G21840	88
AT2G19810	103
AT2G32670	17
AT2G36810	1148
AT2G43500	222
AT2G39660	619
AT2G26870	197
AT2G31945	19
AT2G02280	0
AT2G35890	20
AT2G22930	58
AT2G13760	9
AT2G28315	123
AT2G41870	282
AT2G18876	350
AT2G30060	1314
AT2G10556	0
AT2G24950	0
AT2G01080	446
AT2G37180	3242
AT2G42030	837
AT2G15029	4
AT2G38840	647
AT2G27720	4235
AT2G35140	196
AT2G34710	1058
AT2G39980	188
AT2G43580	3
AT2G37090	156
AT2G26865	0
AT2G31040	1784
AT2G40650	1214
AT2G35612	1
AT2G35470	351
AT2G06005	144
AT2G28590	84
AT2G37000	18
AT2G15000	781
AT2G42290	302
AT2G14835	807
AT2G14765	0
AT2G25680	96
AT2G40480	215
AT2G23840	314
AT2G17030	227
AT2G39518	32
AT2G18960	24125
AT2G44590	16
AT2G47610	6664
AT2G24520	519
AT2G27840	1243
AT2G36870	1353
AT2G02730	294
AT2G19340	13
AT2G13105	0
AT2G29490	294
AT2G48130	455
AT2G23230	0
AT2G26210	280
AT2G23050	61
AT2G40850	53
AT2G33370	3546
AT2G42920	556
AT2G19360	0
AT2G35340	289
AT2G20870	6
AT2G13810	1
AT2G33190	0
AT2G13370	2371
AT2G47160	959
AT2G17905	0
AT2G42840	2461
AT2G46240	1224
AT2G34540	26
AT2G47410	2009
AT2G45190	696
AT2G46880	43
AT2G05830	1200
AT2G27470	729
AT2G43070	862
AT2G46375	0
AT2G47550	95
AT2G05635	0
AT2G31450	198
AT2G37540	661
AT2G30430	0
AT2G42880	2055
AT2G43530	606
AT2G34360	20
AT2G02880	332
AT2G03010	137
AT2G18850	235
AT2G32310	1
AT2G17390	3685
AT2G03680	3314
AT2G48110	1055
AT2G07190	0
AT2G20585	539
AT2G42580	646
AT2G18390	1200
AT2G37750	61
AT2G23220	0
AT2G35190	666
AT2G47830	255
AT2G41100	496
AT2G41200	280
AT2G31750	0
AT2G14775	120
AT2G05250	30
AT2G45040	23
AT2G01440	671
AT2G18010	1
AT2G07707	0
AT2G45270	395
AT2G02500	479
AT2G20720	0
AT2G40610	88
AT2G20050	1296
AT2G34238	9
AT2G05720	0
AT2G17975	379
AT2G37870	1423
AT2G45380	1008
AT2G20597	4
AT2G23560	108
AT2G38470	541
AT2G43240	231
AT2G37680	230
AT2G42190	621
AT2G01870	195
AT2G36460	7382
AT2G31180	25
AT2G02030	1
AT2G18860	297
AT2G16990	118
AT2G17660	13
AT2G34380	221
AT2G01730	191
AT2G01035	0
AT2G36500	18
AT2G40590	2408
AT2G43420	900
AT2G03430	291
AT2G29980	3038
AT2G10965	1
AT2G16630	320
AT2G45810	1416
AT2G07658	0
AT2G20760	1204
AT2G40570	302
AT2G42670	383
AT2G18480	24
AT2G43290	458
AT2G47330	859
AT2G38550	1580
AT2G41690	3
AT2G05294	0
AT2G31035	0
AT2G17090	0
AT2G45440	1183
AT2G27070	0
AT2G24650	785
AT2G39120	98
AT2G04780	454
AT2G07732	48
AT2G30270	234
AT2G34850	62
AT2G41505	23
AT2G48075	21
AT2G19670	613
AT2G05350	2
AT2G25660	966
AT2G32690	5388
AT2G10020	0
AT2G19680	635
AT2G37300	119
AT2G17340	853
AT2G23120	4740
AT2G45250	876
AT2G14680	441
AT2G42230	591
AT2G10450	0
AT2G28460	46
AT2G45320	94
AT2G28890	786
AT2G16280	702
AT2G34470	1519
AT2G41600	520
AT2G27020	2497
AT2G42870	49
AT2G39470	1321
AT2G41530	3171
AT2G02765	341
AT2G01680	773
AT2G33845	314
AT2G19450	1231
AT2G36210	22
AT2G30620	1234
AT2G29740	83
AT2G36220	42
AT2G37710	501
AT2G41560	1158
AT2G36120	15147
AT2G13840	406
AT2G41910	0
AT2G18670	186
AT2G37150	532
AT2G01660	241
AT2G14760	5
AT2G24830	799
AT2G26720	0
AT2G31700	0
AT2G29370	55
AT2G44070	28
AT2G16780	958
AT2G26420	81
AT2G04170	141
AT2G31310	0
AT2G01510	244
AT2G18230	830
AT2G41375	0
AT2G29530	1017
AT2G02910	409
AT2G32270	93
AT2G39630	473
AT2G21650	8
AT2G06090	0
AT2G01070	798
AT2G32940	92
AT2G47885	0
AT2G20070	1
AT2G38110	96
AT2G23142	0
AT2G15270	383
AT2G36295	15
AT2G07800	0
AT2G29654	0
AT2G13895	0
AT2G24535	11
AT2G29220	0
AT2G46970	104
AT2G34190	126
AT2G04450	239
AT2G17360	7571
AT2G40955	96
AT2G22730	102
AT2G07655	285
AT2G32800	160
AT2G34820	0
AT2G41090	3405
AT2G04070	49
AT2G39260	1284
AT2G13570	7
AT2G25295	0
AT2G45070	2387
AT2G29550	2273
AT2G03190	0
AT2G05530	0
AT2G26880	0
AT2G26450	8
AT2G13900	0
AT2G44450	326
AT2G42730	91
AT2G24440	262
AT2G37110	2185
AT2G40690	298
AT2G03823	0
AT2G38180	253
AT2G42400	382
AT2G12900	0
AT2G31953	0
AT2G34890	1
AT2G41105	0
AT2G34230	50
AT2G45790	1540
AT2G24500	1385
AT2G30680	4
AT2G04680	39
AT2G21195	430
AT2G03380	98
AT2G18630	598
AT2G38340	18
AT2G16720	202
AT2G24780	0
AT2G18030	294
AT2G48160	2306
AT2G38330	783
AT2G40460	1234
AT2G20330	2716
AT2G16016	0
AT2G31340	276
AT2G41020	424
AT2G32640	372
AT2G34317	0
AT2G37860	1528
AT2G38185	95
AT2G27900	1513
AT2G34240	65
AT2G40880	715
AT2G34460	1181
AT2G13770	28
AT2G14610	1083
AT2G01410	19
AT2G20142	50
AT2G30090	0
AT2G03470	806
AT2G36090	266
AT2G12205	0
AT2G14710	0
AT2G17220	702
AT2G29120	572
AT2G22510	114
AT2G11462	0
AT2G43730	0
AT2G19090	245
AT2G01430	41
AT2G28900	4171
AT2G03460	2
AT2G38280	3881
AT2G46170	1145
AT2G42910	1538
AT2G33870	0
AT2G45430	192
AT2G38730	460
AT2G36670	298
AT2G05230	20
AT2G15185	0
AT2G45940	21
AT2G21185	0
AT2G27315	0
AT2G16300	1
AT2G43130	393
AT2G29525	96
AT2G18550	7
AT2G30490	8358
AT2G11620	1
AT2G24230	278
AT2G22970	232
AT2G16570	244
AT2G46160	82
AT2G46915	658
AT2G02770	0
AT2G18380	80
AT2G23000	1410
AT2G29140	1942
AT2G14045	380
AT2G28000	36552
AT2G22230	540
AT2G29210	2663
AT2G25060	951
AT2G17270	138
AT2G01790	1
AT2G18570	192
AT2G47180	4061
AT2G04063	0
AT2G16700	1620
AT2G21385	1440
AT2G45720	263
AT2G39410	6
AT2G39900	997
AT2G47700	1222
AT2G13965	230
AT2G24250	127
AT2G04795	123
AT2G39250	117
AT2G41473	0
AT2G30575	408
AT2G40640	330
AT2G44065	865
AT2G34357	2658
AT2G46210	0
AT2G28600	1107
AT2G27610	106
AT2G16200	0
AT2G31650	387
AT2G41080	210
AT2G42330	1438
AT2G18460	0
AT2G13600	216
AT2G03260	69
AT2G16530	210
AT2G42270	2595
AT2G26010	0
AT2G37600	1063
AT2G07290	0
AT2G28640	0
AT2G43450	0
AT2G32340	211
AT2G41340	104
AT2G24255	11
AT2G25840	1172
AT2G25240	38
AT2G34224	10
AT2G32880	324
AT2G47640	578
AT2G31335	1
AT2G06983	0
AT2G07110	0
AT2G34930	911
AT2G40960	394
AT2G26540	741
AT2G22190	254
AT2G07727	213
AT2G36310	490
AT2G03280	259
AT2G41445	7
AT2G45410	3
AT2G20190	2086
AT2G29250	0
AT2G37920	692
AT2G46460	0
AT2G19146	4
AT2G31960	3702
AT2G07691	1
AT2G32140	63
AT2G40730	1397
AT2G29380	3
AT2G37420	463
AT2G25340	0
AT2G22805	0
AT2G46100	385
AT2G06530	1320
AT2G20150	4
AT2G20800	97
AT2G07787	248
AT2G45510	715
AT2G40790	3
AT2G02023	0
AT2G05645	0
AT2G20020	1644
AT2G03913	0
AT2G38160	147
AT2G28910	5800
AT2G26500	10789
AT2G06095	0
AT2G12405	0
AT2G46870	146
AT2G42150	14
AT2G29130	79
AT2G28540	1108
AT2G26460	669
AT2G01818	83
AT2G25700	0
AT2G15360	0
AT2G37460	419
AT2G20290	214
AT2G41260	6
AT2G15327	0
AT2G16490	0
AT2G25185	2
AT2G30630	6
AT2G38400	471
AT2G30250	553
AT2G04570	208
AT2G45970	689
AT2G27110	504
AT2G38920	25
AT2G44260	0
AT2G47350	365
AT2G24720	56
AT2G15320	350
AT2G16019	0
AT2G15460	0
AT2G21770	67
AT2G25290	344
AT2G46920	757
AT2G15325	0
AT2G34020	160
AT2G25900	172
AT2G24620	0
AT2G42720	81
AT2G22940	0
AT2G33800	7095
AT2G24610	80
AT2G23530	202
AT2G46300	6
AT2G31350	1159
AT2G25810	88
AT2G03600	1
AT2G33300	0
AT2G31400	5972
AT2G29430	0
AT2G03160	0
AT2G22055	2
AT2G04270	887
AT2G23987	0
AT2G04060	0
AT2G20465	0
AT2G39830	236
AT2G14620	65
AT2G26350	401
AT2G11205	0
AT2G35950	11
AT2G31150	1156
AT2G42455	0
AT2G30280	426
AT2G02498	0
AT2G33340	2831
AT2G33790	88
AT2G16600	12244
AT2G31850	0
AT2G30930	220
AT2G45670	664
AT2G19160	485
AT2G19270	530
AT2G32885	2
AT2G36020	4
AT2G21590	506
AT2G42890	706
AT2G40310	0
AT2G20820	2944
AT2G33980	116
AT2G25070	609
AT2G32840	180
AT2G02620	32
AT2G26515	28
AT2G23350	7708
AT2G47870	10
AT2G23540	204
AT2G13620	0
AT2G43430	378
AT2G32090	340
AT2G01460	586
AT2G07675	2
AT2G46080	582
AT2G30720	230
AT2G26840	229
AT2G27800	72
AT2G29310	368
AT2G27360	378
AT2G31900	70
AT2G30830	1
AT2G02840	0
AT2G12170	26
AT2G41997	0
AT2G40130	72
AT2G24681	18
AT2G22122	66
AT2G31890	1552
AT2G27000	126
AT2G37270	4709
AT2G05380	5653
AT2G31345	0
AT2G45403	3
AT2G04880	600
AT2G27650	1
AT2G42740	511
AT2G22770	143
AT2G03420	0
AT2G01770	0
AT2G16390	238
AT2G12465	0
AT2G37470	367
AT2G11890	1567
AT2G29590	186
AT2G21200	20
AT2G15880	2567
AT2G36050	61
AT2G22420	158
AT2G37250	2488
AT2G30432	0
AT2G15770	0
AT2G23740	709
AT2G44650	1624
AT2G28860	1
AT2G23030	408
AT2G02000	62
AT2G43865	1
AT2G25620	613
AT2G31600	229
AT2G43870	67
AT2G45870	78
AT2G47150	0
AT2G41540	605
AT2G02780	207
AT2G38710	790
AT2G05540	209
AT2G43930	58
AT2G44430	422
AT2G32970	588
AT2G39480	618
AT2G34480	9301
AT2G43780	943
AT2G04800	52
AT2G21250	3933
AT2G37200	1196
AT2G04240	248
AT2G28950	2062
AT2G18100	99
AT2G31730	423
AT2G30424	43
AT2G01600	1072
AT2G25650	216
AT2G29995	107
AT2G29110	1
AT2G15890	1481
AT2G31940	16
AT2G28870	32
AT2G43386	0
AT2G20990	5122
AT2G45560	1667
AT2G23830	0
AT2G21820	262
AT2G42610	232
AT2G37925	24
AT2G05185	42
AT2G07626	22
AT2G27507	0
AT2G45260	392
AT2G45420	17
AT2G36815	3
AT2G38640	342
AT2G27050	1668
AT2G47460	532
AT2G21990	3
AT2G15170	0
AT2G22340	1
AT2G14060	0
AT2G36910	3083
AT2G07654	0
AT2G31030	0
AT2G27350	1247
AT2G26975	285
AT2G15860	738
AT2G36570	1001
AT2G42395	81
AT2G40120	149
AT2G28660	264
AT2G25490	2086
AT2G20370	674
AT2G28170	0
AT2G20270	930
AT2G13350	1
AT2G43020	2331
AT2G43970	17433
AT2G30505	41
AT2G01270	1774
AT2G35880	1040
AT2G34750	2389
AT2G22088	7
AT2G20805	1
AT2G44578	2
AT2G02800	1453
AT2G20495	198
AT2G42070	582
AT2G41940	283
AT2G35050	2270
AT2G21600	483
AT2G03440	978
AT2G40350	16
AT2G33840	1199
AT2G33490	544
AT2G01930	408
AT2G14755	0
AT2G38255	35
AT2G03480	613
AT2G41510	20
AT2G25800	833
AT2G01100	2180
AT2G02470	590
AT2G34450	91
AT2G21680	0
AT2G05755	219
AT2G29660	442
AT2G22870	526
AT2G44250	1
AT2G33120	758
AT2G19780	129
AT2G10625	0
AT2G25690	185
AT2G30260	912
AT2G01505	53
AT2G41417	0
AT2G23080	436
AT2G28105	63
AT2G05710	12944
AT2G35230	502
AT2G36170	1612
AT2G25540	10
AT2G17720	1015
AT2G40550	527
AT2G37780	0
AT2G17570	185
AT2G37990	1679
AT2G30960	117
AT2G31250	36
AT2G38900	0
AT2G18830	0
AT2G16485	1968
AT2G43520	75
AT2G47780	75
AT2G03000	0
AT2G27990	32
AT2G03200	102
AT2G35000	42
AT2G15310	66
AT2G13610	358
AT2G21655	0
AT2G16020	0
AT2G47200	0
AT2G25710	417
AT2G05580	6
AT2G18890	178
AT2G35710	19
AT2G46535	319
AT2G44000	24
AT2G28080	483
AT2G14520	254
AT2G43190	95
AT2G17120	331
AT2G25280	567
AT2G31010	508
AT2G20490	1436
AT2G40770	465
AT2G43280	286
AT2G35280	0
AT2G43480	11
AT2G44300	267
AT2G23980	703
AT2G27450	1373
AT2G41430	10587
AT2G25920	247
AT2G32580	753
AT2G31170	613
AT2G39510	178
AT2G23570	3
AT2G27260	411
AT2G22465	0
AT2G47050	29
AT2G29880	0
AT2G23945	5
AT2G43630	1534
AT2G21540	295
AT2G47140	76
AT2G07706	408
AT2G01760	242
AT2G18560	290
AT2G33360	268
AT2G11271	0
AT2G40050	5
AT2G43250	195
AT2G11810	333
AT2G23760	495
AT2G33050	0
AT2G24625	0
AT2G31720	6
AT2G19040	0
AT2G45840	1
AT2G26030	281
AT2G31540	5
AT2G27030	1878
AT2G31660	2490
AT2G45900	118
AT2G18920	0
AT2G36700	0
AT2G22290	2
AT2G48030	334
AT2G33855	667
AT2G42830	2
AT2G07775	238
AT2G46995	0
AT2G22900	351
AT2G30942	31
AT2G21900	7
AT2G38220	5
AT2G46567	0
AT2G44600	61
AT2G34620	527
AT2G18760	480
AT2G39690	82
AT2G22780	2384
AT2G46830	936
AT2G23210	0
AT2G35740	0
AT2G31370	1009
AT2G15530	700
AT2G02680	185
AT2G43600	15
AT2G28410	135
AT2G07714	28
AT2G06105	14
AT2G39710	274
AT2G02510	1923
AT2G17980	1485
AT2G04100	213
AT2G20790	902
AT2G18328	53
AT2G42700	508
AT2G31780	4
AT2G42060	9
AT2G41380	220
AT2G45950	464
AT2G21380	1749
AT2G11405	1
AT2G38465	306
AT2G19210	2
AT2G36130	947
AT2G21210	532
AT2G42110	3
AT2G17305	0
AT2G17160	0
AT2G24260	506
AT2G06541	0
AT2G21910	0
AT2G37480	1659
AT2G42990	0
AT2G26370	5
AT2G22145	0
AT2G19650	224
AT2G24590	760
AT2G01480	595
AT2G35830	799
AT2G28420	9
AT2G04520	1846
AT2G20980	242
AT2G27750	1
AT2G43610	478
AT2G45310	0
AT2G06425	3
AT2G35680	1044
AT2G46860	3
AT2G44240	1
AT2G39920	144
AT2G07722	303
AT2G19990	24
AT2G35720	688
AT2G47810	1
AT2G24390	308
AT2G16270	223
AT2G42440	2
AT2G37510	163
AT2G34520	773
AT2G44120	4554
AT2G20680	162
AT2G28810	415
AT2G22060	3
AT2G21690	0
AT2G27780	0
AT2G18915	374
AT2G42725	1
AT2G07632	0
AT2G34530	84
AT2G19050	0
AT2G12400	563
AT2G30000	994
AT2G46455	34
AT2G37100	132
AT2G15440	167
AT2G29890	383
AT2G30870	4481
AT2G43960	41
AT2G03565	3
AT2G24190	169
AT2G01170	674
AT2G43820	1472
AT2G22560	244
AT2G39800	1847
AT2G03030	0
AT2G43010	793
AT2G27970	567
AT2G41760	149
AT2G46490	1411
AT2G25260	52
AT2G02140	1
AT2G17050	26
AT2G13650	215
AT2G31957	1
AT2G35500	2295
AT2G47910	918
AT2G14846	0
AT2G23640	0
AT2G11025	0
AT2G01210	137
AT2G46493	4
AT2G25520	1621
AT2G38360	386
AT2G34630	732
AT2G35733	4
AT2G29910	177
AT2G19900	150
AT2G18050	46
AT2G43990	90
AT2G07749	0
AT2G05940	401
AT2G03760	250
AT2G27460	519
AT2G01470	1519
AT2G34960	48
AT2G39375	0
AT2G11200	0
AT2G42950	273
AT2G47130	110
AT2G16790	132
AT2G40990	0
AT2G14750	1105
AT2G18025	3
AT2G43210	490
AT2G45470	1159
AT2G24645	66
AT2G14540	0
AT2G27510	1676
AT2G21610	0
AT2G26830	294
AT2G41450	69
AT2G22660	1550
AT2G39050	303
AT2G33690	0
AT2G24683	9
AT2G22800	52
AT2G37770	290
AT2G02720	2
AT2G24050	1538
AT2G35540	305
AT2G41970	43
AT2G07656	158
AT2G13463	0
AT2G36530	27397
AT2G16750	162
AT2G43040	205
AT2G45750	241
AT2G43560	1324
AT2G09840	4
AT2G44010	79
AT2G44860	3745
AT2G23170	332
AT2G39180	119
AT2G19550	2
AT2G14580	6
AT2G28070	938
AT2G04500	6
AT2G02061	28
AT2G45100	326
AT2G21530	969
AT2G17525	457
AT2G29125	24
AT2G24290	399
AT2G35345	21
AT2G05170	915
AT2G03670	330
AT2G20770	62
AT2G21050	1290
AT2G36330	207
AT2G23200	224
AT2G31300	256
AT2G47620	606
AT2G19280	292
AT2G19590	530
AT2G15180	0
AT2G27170	857
AT2G32930	324
AT2G33710	51
AT2G04925	0
AT2G23240	0
AT2G47720	0
AT2G21260	43
AT2G07310	0
AT2G41070	238
AT2G22820	0
AT2G05600	0
AT2G30530	304
AT2G21920	0
AT2G45220	122
AT2G17850	61
AT2G20540	107
AT2G19120	294
AT2G34400	179
AT2G46410	39
AT2G25780	0
AT2G31480	4
AT2G37880	15
AT2G02103	1
AT2G17640	335
AT2G35060	1320
AT2G30160	405
AT2G19070	0
AT2G02026	0
AT2G33100	22
AT2G20530	2220
AT2G41720	1579
AT2G01570	1367
AT2G17280	207
AT2G25220	38
AT2G44800	0
AT2G28330	62
AT2G28550	2347
AT2G15560	705
AT2G17690	54
AT2G27120	20
AT2G17800	855
AT2G33700	499
AT2G30560	13
AT2G16060	486
AT2G24810	0
AT2G30170	561
AT2G05753	0
AT2G25964	72
AT2G46980	410
AT2G34040	1493
AT2G46505	1294
AT2G18196	63
AT2G16660	1720
AT2G20605	0
AT2G40935	165
AT2G39865	0
AT2G32730	3568
AT2G20560	1645
AT2G13660	0
AT2G42005	26
AT2G04137	1
AT2G12646	76
AT2G16220	0
AT2G04630	779
AT2G27660	383
AT2G22610	451
AT2G18240	199
AT2G44970	905
AT2G32440	239
AT2G17770	10
AT2G45460	378
AT2G16050	137
AT2G01360	0
AT2G01620	529
AT2G46810	329
AT2G05360	0
AT2G36680	393
AT2G14850	263
AT2G03580	0
AT2G27520	0
AT2G25560	394
AT2G02010	471
AT2G22590	80
AT2G28370	651
AT2G29400	4213
AT2G24540	0
AT2G37410	2449
AT2G40765	1401
AT2G11815	2
AT2G38120	1210
AT2G43100	1863
AT2G34060	36
AT2G23096	1
AT2G32410	392
AT2G36900	646
AT2G30370	40
AT2G13510	0
AT2G31550	19
AT2G37170	3352
AT2G29570	554
AT2G46290	187
AT2G05920	3412
AT2G26430	837
AT2G39730	86045
AT2G26200	1376
AT2G29940	39
AT2G28120	217
AT2G38140	2360
AT2G14692	0
AT2G23410	6
AT2G27080	446
AT2G41240	172
AT2G10920	2
AT2G40095	98
AT2G37690	1553
AT2G02835	0
AT2G34260	512
AT2G25370	1
AT2G20900	665
AT2G26770	818
AT2G34000	0
AT2G14900	923
AT2G18938	15
AT2G31985	5
AT2G41210	273
AT2G37340	3830
AT2G42850	11
AT2G07665	453
AT2G17442	134
AT2G37640	809
AT2G40000	590
AT2G46570	30
AT2G47980	1741
AT2G47115	0
AT2G43890	0
AT2G18470	38
AT2G03890	1683
AT2G19385	777
AT2G24210	0
AT2G07565	0
AT2G19510	0
AT2G27600	2343
AT2G44050	1936
AT2G25670	2626
AT2G45640	1637
AT2G36880	4513
AT2G35690	677
AT2G27250	1
AT2G04300	0
AT2G37440	47
AT2G30766	466
AT2G20700	8
AT2G30660	77
AT2G35650	419
AT2G34050	319
AT2G03822	0
AT2G32460	4
AT2G22520	0
AT2G36790	0
AT2G17140	249
AT2G39230	184
AT2G25850	1326
AT2G22905	5
AT2G39740	362
AT2G28270	0
AT2G47310	218
AT2G02493	0
AT2G36390	3576
AT2G23620	89
AT2G21190	840
AT2G27880	12
AT2G40800	706
AT2G46990	11
AT2G17020	421
AT2G06010	356
AT2G19750	2466
AT2G03350	447
AT2G37210	42
AT2G47530	21
AT2G26100	440
AT2G32790	3
AT2G20830	1133
AT2G41050	283
AT2G02090	1343
AT2G44198	0
AT2G04041	0
AT2G30050	1135
AT2G36290	1766
AT2G23300	168
AT2G25320	1098
AT2G03930	0
AT2G32590	193
AT2G20390	747
AT2G35040	2201
AT2G20160	1
AT2G03140	1346
AT2G31620	0
AT2G13550	48
AT2G13820	778
AT2G46090	540
AT2G06510	355
AT2G33350	3
AT2G36800	576
AT2G11045	0
AT2G43540	364
AT2G13980	0
AT2G34270	0
AT2G01630	701
AT2G17180	0
AT2G14530	277
AT2G04560	104
AT2G28060	206
AT2G34350	9
AT2G33480	307
AT2G34900	1496
AT2G34830	67
AT2G01750	521
AT2G13126	0
AT2G14810	0
AT2G31830	138
AT2G05655	2
AT2G03505	41
AT2G45680	0
AT2G36690	76
AT2G34555	0
AT2G41740	1398
AT2G37840	409
AT2G11035	84
AT2G30780	430
AT2G46530	214
AT2G13500	0
AT2G34680	1601
AT2G39330	45
AT2G20616	0
AT2G16676	2
AT2G41130	207
AT2G07637	1
AT2G22260	159
AT2G43110	393
AT2G31140	875
AT2G25870	2500
AT2G22450	1042
AT2G20650	332
AT2G38790	0
AT2G22010	915
AT2G41850	0
AT2G20860	5030
AT2G43310	19
AT2G41680	2251
AT2G27090	479
AT2G35605	651
AT2G23610	1102
AT2G29450	2047
AT2G28990	26
AT2G47060	304
AT2G33180	920
AT2G43180	416
AT2G27270	2
AT2G10970	0
AT2G30890	46
AT2G01610	206
AT2G29800	0
AT2G38630	234
AT2G02890	3
AT2G41110	293
AT2G05260	231
AT2G36724	0
AT2G25470	222
AT2G45700	678
AT2G06020	2
AT2G36660	118
AT2G17000	1
AT2G23460	848
AT2G31530	664
AT2G04865	1792
AT2G44640	1517
AT2G23940	347
AT2G19290	0
AT2G30520	3125
AT2G33685	0
AT2G24040	64
AT2G38770	1652
AT2G01250	7441
AT2G20340	234
AT2G21110	0
AT2G38560	791
AT2G20180	449
AT2G46310	209
AT2G48090	265
AT2G32960	193
AT2G03710	48
AT2G17710	247
AT2G14365	0
AT2G07772	0
AT2G20210	183
AT2G36026	107
AT2G48000	478
AT2G30480	848
AT2G33735	148
AT2G29440	297
AT2G04845	168
AT2G21790	1731
AT2G02950	301
AT2G02870	851
AT2G18540	0
AT2G10557	0
AT2G10440	0
AT2G33290	357
AT2G32765	104
AT2G19300	0
AT2G04390	2047
AT2G04860	291
AT2G47370	61
AT2G29580	783
AT2G38646	2
AT2G29750	226
AT2G33110	74
AT2G43440	21
AT2G10975	36
AT2G07040	0
AT2G21860	1301
AT2G39160	3
AT2G48150	14
AT2G45150	247
AT2G03060	194
AT2G30420	9
AT2G02610	24
AT2G21727	0
AT2G47570	0
AT2G47670	13
AT2G01710	543
AT2G18280	848
AT2G46680	1028
AT2G29960	1765
AT2G30900	1
AT2G28720	399
AT2G35260	5341
AT2G28430	549
AT2G41230	34
AT2G46750	330
AT2G28500	157
AT2G43390	6
AT2G45600	70
AT2G39360	544
AT2G23110	55
AT2G29360	718
AT2G44350	3829
AT2G04037	0
AT2G30590	636
AT2G36380	2962
AT2G25625	253
AT2G24945	304
AT2G21160	2740
AT2G40925	0
AT2G21290	1658
AT2G20825	10
AT2G26620	0
AT2G34510	783
AT2G26390	1
AT2G18520	250
AT2G38820	358
AT2G27760	331
AT2G23930	2328
AT2G02525	0
AT2G01920	0
AT2G29990	178
AT2G05140	0
AT2G32820	1
AT2G18110	1971
AT2G28815	29
AT2G19480	6557
AT2G47430	0
AT2G17760	458
AT2G28450	1165
AT2G35035	69
AT2G33510	263
AT2G29045	0
AT2G37960	38
AT2G43340	280
AT2G33630	1253
AT2G30395	26
AT2G27240	5
AT2G24570	427
AT2G14825	80
AT2G32050	7
AT2G07642	275
AT2G40715	20
AT2G30070	695
AT2G30650	1
AT2G31930	7
AT2G38950	940
AT2G36650	54
AT2G32500	314
AT2G37220	17638
AT2G29930	2
AT2G39350	337
AT2G36370	223
AT2G40300	516
AT2G45820	1290
AT2G43650	2460
AT2G45480	76
AT2G26300	1694
AT2G40995	0
AT2G24060	859
AT2G19730	5372
AT2G43860	0
AT2G21440	2025
AT2G31060	3062
AT2G25970	4691
AT2G06565	0
AT2G28790	828
AT2G10940	7674
AT2G07692	0
AT2G25100	381
AT2G05220	2915
AT2G30550	1029
AT2G47510	3234
AT2G40810	152
AT2G19380	109
AT2G24470	0
AT2G43840	110
AT2G44530	981
AT2G29840	0
AT2G35430	186
AT2G33796	0
AT2G01350	1609
AT2G14440	0
AT2G29925	0
AT2G14070	10
AT2G39430	257
AT2G35940	645
AT2G44940	186
AT2G22790	87
AT2G01910	740
AT2G03690	306
AT2G25344	0
AT2G01110	1384
AT2G18465	235
AT2G19430	382
AT2G14830	0
AT2G45170	408
AT2G45710	564
AT2G17670	472
AT2G45850	259
AT2G01810	6
AT2G26930	1177
AT2G36410	558
AT2G03090	476
AT2G38995	3
AT2G47030	15
AT2G22430	4370
AT2G16385	67
AT2G41120	141
AT2G45030	1990
AT2G31290	146
AT2G03933	0
AT2G29330	145
AT2G33320	241
AT2G44740	38
AT2G32295	434
AT2G07718	80
AT2G33470	1329
AT2G02695	0
AT2G26190	329
AT2G15130	27
AT2G41390	0
AT2G25440	5
AT2G26600	607
AT2G17950	2
AT2G14800	43
AT2G02350	159
AT2G44735	82
AT2G28130	284
AT2G44900	957
AT2G07659	57
AT2G40475	275
AT2G33380	390
AT2G22980	162
AT2G29470	4
AT2G20890	4311
AT2G17110	422
AT2G40205	8
AT2G17450	346
AT2G37060	427
AT2G29735	0
AT2G37040	4036
AT2G16015	0
AT2G36835	718
AT2G42940	0
AT2G34585	609
AT2G02410	360
AT2G02850	68
AT2G07240	2
AT2G32785	0
AT2G11910	2971
AT2G30950	12423
AT2G36270	191
AT2G30985	0
AT2G36850	2913
AT2G33860	876
AT2G37720	1
AT2G31220	0
AT2G32480	948
AT2G06675	0
AT2G24670	1
AT2G42490	3368
AT2G37125	0
AT2G45800	0
AT2G40815	149
AT2G39805	614
AT2G29850	0
AT2G04910	0
AT2G16360	2
AT2G18210	16
AT2G25737	497
AT2G45160	711
AT2G32030	18
AT2G19850	2
AT2G22040	0
AT2G22620	79
AT2G10930	13
AT2G03510	793
AT2G26060	771
AT2G05630	590
AT2G33200	3
AT2G15500	0
AT2G20440	400
AT2G18450	70
AT2G37560	63
AT2G45930	27
AT2G30330	245
AT2G22200	52
AT2G01450	1678
AT2G38000	409
AT2G39560	56
AT2G48020	432
AT2G27340	103
AT2G16018	0
AT2G26950	0
AT2G37700	8
AT2G35010	789
AT2G47920	65
AT2G29390	667
AT2G31610	5704
AT2G16250	343
AT2G31260	839
AT2G36470	252
AT2G47860	438
AT2G43700	158
AT2G16040	0
AT2G24140	39
AT2G47340	2
AT2G24285	2
AT2G10545	0
AT2G22540	1225
AT2G18180	82
AT2G34070	715
AT2G05620	1788
AT2G37035	357
AT2G11891	22
AT2G40085	86
AT2G32920	7939
AT2G19110	1134
AT2G33830	312
AT2G15680	0
AT2G16594	0
AT2G17787	472
AT2G17780	134
AT2G34980	35
AT2G38370	440
AT2G14260	1063
AT2G34370	1
AT2G43535	377
AT2G44200	639
AT2G16730	8
AT2G07648	57
AT2G18940	916
AT2G35370	6092
AT2G30600	1679
AT2G13630	0
AT2G37890	263
AT2G15340	0
AT2G07678	120
AT2G30200	1146
AT2G30120	204
AT2G40860	403
AT2G14247	77
AT2G02360	635
AT2G15480	258
AT2G40270	473
AT2G39650	224
AT2G33847	33
AT2G28150	494
AT2G24360	1621
AT2G06925	552
AT2G47490	479
AT2G29452	0
AT2G01240	0
AT2G30980	1249
AT2G26135	3
AT2G46960	5
AT2G46630	1047
AT2G41470	17
AT2G36490	90
AT2G42790	1439
AT2G27820	960
AT2G30320	931
AT2G43260	542
AT2G27830	388
AT2G18800	34
AT2G35850	0
AT2G42860	35
AT2G23348	53
AT2G33030	1
AT2G34186	0
AT2G22670	1962
AT2G26910	1848
AT2G42360	0
AT2G20875	19
AT2G47600	768
AT2G31580	219
AT2G12190	190
AT2G38830	86
AT2G27740	75
AT2G34590	4413
AT2G01670	1257
AT2G06850	1704
AT2G25310	1224
AT2G07773	104
AT2G40250	0
AT2G30540	56
AT2G30100	359
AT2G44460	882
AT2G17520	1365
AT2G39810	845
AT2G17410	1692
AT2G05370	0
AT2G21940	470
AT2G45140	873
AT2G44190	113
AT2G40620	167
AT2G35090	0
AT2G30385	0
AT2G01820	2721
AT2G45730	1056
AT2G35860	122
AT2G22740	229
AT2G45890	65
AT2G07627	0
AT2G32870	501
AT2G21730	69
AT2G34355	113
AT2G19802	0
AT2G47480	7
AT2G26760	217
AT2G34420	0
AT2G16870	148
AT2G14378	0
AT2G16920	984
AT2G18770	492
AT2G23630	38
AT2G02980	155
AT2G21970	839
AT2G11570	0
AT2G26780	1056
AT2G38680	224
AT2G05210	405
AT2G21235	3
AT2G35840	2617
AT2G44290	923
AT2G36145	1139
AT2G02550	0
AT2G13720	0
AT2G31018	0
AT2G42250	0
AT2G36255	0
AT2G24990	734
AT2G40180	18
AT2G22840	368
AT2G44840	14
AT2G46380	131
AT2G21130	1512
AT2G32390	678
AT2G39540	0
AT2G20960	1548
AT2G41990	38
AT2G45860	509
AT2G17040	343
AT2G37360	0
AT2G33600	170
AT2G44130	0
AT2G34970	1115
AT2G22630	3
AT2G19710	271
AT2G47820	140
AT2G22240	817
AT2G18270	0
AT2G35640	0
AT2G15960	472
AT2G22300	1000
AT2G17550	164
AT2G17200	2072
AT2G44790	896
AT2G17970	425
AT2G22160	0
AT2G04025	17
AT2G42390	347
AT2G35290	22
AT2G02515	0
AT2G44380	62
AT2G26290	100
AT2G45080	58
AT2G16760	33
AT2G34150	71
AT2G37120	398
AT2G10608	0
AT2G30910	319
AT2G42160	590
AT2G47840	717
AT2G22080	1026
AT2G36730	198
AT2G26610	4
AT2G27530	5521
AT2G32120	942
AT2G22030	2
AT2G40470	51
AT2G27550	779
AT2G04440	0
AT2G27230	1727
AT2G45540	1786
AT2G21980	0
AT2G21740	0
AT2G38152	4
AT2G32700	2555
AT2G41190	342
AT2G37670	107
AT2G35750	18
AT2G07669	148
AT2G17930	2262
AT2G03740	0
AT2G31500	3
AT2G24205	0
AT2G36260	0
AT2G40745	0
AT2G39040	3
AT2G13845	10
AT2G36990	1885
AT2G24370	2
AT2G29540	564
AT2G36350	463
AT2G34660	3042
AT2G32430	221
AT2G31280	832
AT2G22500	819
AT2G31981	0
AT2G04690	398
AT2G02740	466
AT2G06904	0
AT2G17730	286
AT2G40430	2136
AT2G24395	192
AT2G21620	1360
AT2G42480	0
AT2G39500	359
AT2G02497	4
AT2G03130	1
AT2G07633	133
AT2G44950	688
AT2G20500	0
AT2G46770	0
AT2G23450	479
AT2G46260	605
AT2G41710	463
AT2G32510	43
AT2G43470	2
AT2G40140	1173
AT2G03370	9
AT2G05420	2
AT2G29090	164
AT2G07776	0
AT2G46790	359
AT2G44310	1164
AT2G15318	4
AT2G47935	1
AT2G22100	442
AT2G26980	1269
AT2G35300	16
AT2G07140	0
AT2G46780	196
AT2G44500	499
AT2G10950	312
AT2G20470	3
AT2G39780	2140
AT2G27730	3942
AT2G01310	9
AT2G17500	616
AT2G24790	3083
AT2G32450	478
AT2G21320	620
AT2G17043	0
AT2G38490	12
AT2G30360	0
AT2G25930	1370
AT2G29650	1490
AT2G32487	158
AT2G21595	0
AT2G40004	0
AT2G41160	853
AT2G31083	3
AT2G20595	0
AT2G23310	652
AT2G27210	1237
AT2G24070	30
AT2G24220	79
AT2G29920	0
AT2G34560	1277
AT2G21450	30
AT2G18650	76
AT2G23067	0
AT2G38210	161
AT2G34825	0
AT2G46480	7
AT2G41290	358
AT2G36240	646
AT2G44570	24
AT2G26410	13
AT2G07810	0
AT2G38823	48
AT2G46500	1061
AT2G34123	0
AT2G25430	2343
AT2G15570	120
AT2G28670	26
AT2G44830	583
AT2G02480	439
AT2G39880	96
AT2G42310	1642
AT2G04280	3
AT2G35990	1
AT2G29020	685
AT2G30670	33
AT2G21880	31
AT2G30240	0
AT2G25510	5861
AT2G21330	24487
AT2G15695	453
AT2G28800	5091
AT2G01530	178
AT2G07815	0
AT2G27229	7
AT2G04430	149
AT2G44680	504
AT2G37820	6
AT2G07643	62
AT2G15345	0
AT2G16210	0
AT2G03320	0
AT2G23790	1152
AT2G19410	1
AT2G15420	2
AT2G21045	630
AT2G40170	11
AT2G23755	19
AT2G47710	2447
AT2G30390	1831
AT2G18200	0
AT2G34410	308
AT2G04190	8
AT2G32320	513
AT2G39851	0
AT2G42810	1149
AT2G35130	520
AT2G25500	0
AT2G24000	0
AT2G25410	0
AT2G32080	1727
AT2G19600	564
AT2G36950	2711
AT2G07835	618
AT2G35795	700
AT2G37030	0
AT2G32400	752
AT2G29340	1051
AT2G03270	410
AT2G40711	161
AT2G35790	599
AT2G29460	71
AT2G31200	1149
AT2G24580	594
AT2G38040	3999
AT2G25305	0
AT2G34810	294
AT2G44160	2666
AT2G03770	8
AT2G07687	409
AT2G24460	0
AT2G04066	2
AT2G26920	824
AT2G28490	0
AT2G32835	0
AT2G19540	1797
AT2G40190	278
AT2G33060	177
AT2G37900	86
AT2G29150	0
AT2G04400	860
AT2G23250	0
AT2G14635	0
AT2G31390	1298
AT2G27630	13
AT2G03210	0
AT2G01755	0
AT2G45210	142
AT2G21660	95724
AT2G25125	0
AT2G03570	0
AT2G02130	9917
AT2G37970	484
AT2G15020	193
AT2G43000	7
AT2G43850	275
AT2G30690	46
AT2G20120	335
AT2G24820	1597
AT2G03667	325
AT2G46900	1052
AT2G36080	814
AT2G23093	170
AT2G03390	1082
AT2G26000	346
AT2G20740	311
AT2G32600	1150
AT2G41010	552
AT2G04032	13
AT2G19970	157
AT2G28360	534
AT2G22270	257
AT2G43660	38
AT2G46180	517
AT2G39400	112
AT2G20610	1548
AT2G26570	1346
AT2G28690	56
AT2G20619	0
AT2G40240	126
AT2G07751	0
AT2G01050	0
AT2G34090	573
AT2G17370	317
AT2G27490	347
AT2G04195	0
AT2G08990	1
AT2G07595	0
AT2G09135	0
AT2G06395	0
AT2G09755	0
AT2G04835	0
AT2G05005	0
AT2G08365	0
AT2G09180	0
AT2G05495	0
AT2G07885	0
AT2G09170	12
AT2G03885	0
AT2G08465	0
AT2G08355	0
AT2G09955	0
AT2G08075	0
AT2G04085	0
AT2G08545	2
AT2G09265	1
AT2G08220	28
AT2G09270	1
AT2G05875	0
AT2G06365	0
AT2G08175	0
AT2G05865	0
AT2G09005	0
AT2G07645	0
AT2G09285	0
AT2G08450	2
AT2G09185	0
AT2G07285	0
AT2G09250	0
AT2G08675	0
AT2G04785	0
AT2G23040	208
AT2G05215	464
AT2G08160	0
AT2G09765	0
AT2G04745	0
AT2G08010	0
AT2G09770	0
AT2G04635	0
AT2G05885	0
AT2G08955	0
AT2G08880	0
AT2G08535	0
AT2G04685	0
AT2G08560	0
AT2G08645	0
AT2G08210	1
AT2G06655	0
AT2G09590	0
AT2G05575	0
AT2G04325	0
AT2G08835	0
AT2G07585	23
AT2G06175	0
AT2G08570	0
AT2G03945	0
AT2G08735	42
AT2G06725	0
AT2G05965	0
AT2G08890	2
AT2G07840	0
AT2G08385	0
AT2G06315	0
AT2G08945	1
AT2G08925	0
AT2G07940	0
AT2G08250	0
AT2G04175	0
AT2G06955	0
AT2G09750	0
AT2G06995	6
AT2G08165	0
AT2G05555	1
AT2G08830	0
AT2G05975	0
AT2G04665	0
AT2G08305	0
AT2G05395	7
AT2G09725	0
AT2G04345	0
AT2G04465	2
AT2G06415	0
AT2G09195	2
AT2G04005	0
AT2G09385	0
AT2G08895	0
AT2G08495	0
AT2G03985	0
AT2G06705	0
AT2G06575	0
AT2G09015	0
AT2G06035	0
AT2G04365	2
AT2G05945	0
AT2G07545	0
AT2G08950	37
AT2G04815	0
AT2G09255	0
AT2G05695	20
AT2G08415	0
AT2G09060	0
AT2G07960	0
AT2G06975	0
AT2G06495	0
AT2G05425	5
AT2G04505	2
AT2G24592	279
AT2G05905	0
AT2G04605	1
AT2G08200	0
AT2G09280	0
AT2G09550	0
AT2G04405	0
AT2G09835	3
AT2G08455	2
AT2G08310	0
AT2G09330	0
AT2G08155	0
AT2G08115	1
AT2G06585	0
AT2G05545	0
AT2G09555	0
AT2G09040	0
AT2G04225	0
AT2G06185	0
AT2G08095	1
AT2G05515	0
AT2G08705	0
AT2G08315	0
AT2G07555	0
AT2G07865	0
AT2G09620	0
AT2G08620	0
AT2G08995	0
AT2G08045	1
AT2G09625	0
AT2G09535	0
AT2G06435	0
AT2G08270	0
AT2G05785	0
AT2G09075	0
AT2G05405	0
AT2G04185	1
AT2G07085	0
AT2G07025	2
AT2G07225	0
AT2G05705	7
AT2G04205	1
AT2G07935	0
AT2G04215	0
AT2G09085	0
AT2G07445	0
AT2G09745	14
AT2G05665	13
AT2G07415	0
AT2G05925	0
AT2G08690	0
AT2G07995	0
AT2G08625	0
AT2G06505	0
AT2G07045	0
AT2G09050	0
AT2G09290	0
AT2G04655	0
AT2G06445	0
AT2G04895	0
AT2G08005	0
AT2G08265	0
AT2G07890	0
AT2G08985	0
AT2G08940	0
AT2G09295	0
AT2G06145	0
AT2G06905	6
AT2G09415	0
AT2G05855	0
AT2G09100	0
AT2G08260	0
AT2G08790	0
AT2G03995	0
AT2G06535	0
AT2G04485	0
AT2G07535	0
AT2G08935	0
AT2G05205	0
AT2G08070	0
AT2G08920	0
AT2G09760	2
AT2G09055	0
AT2G07970	0
AT2G04715	0
AT2G08245	0
AT2G04855	0
AT2G06225	1
AT2G05045	8
AT2G08280	0
AT2G04265	0
AT2G09775	0
AT2G09525	14
AT2G08505	0
AT2G07435	10
AT2G09375	0
AT2G05625	0
AT2G09965	0
AT2G09445	0
AT2G07990	0
AT2G09635	0
AT2G07375	0
AT2G07055	0
AT2G08360	0
AT2G04805	82
AT2G08290	0
AT2G03905	0
AT2G06065	20
AT2G08980	0
AT2G09165	20
AT2G09730	0
AT2G08485	0
AT2G09490	8
AT2G08090	0
AT2G09105	0
AT2G07945	0
AT2G06755	0
AT2G05725	0
AT2G09545	0
AT2G09115	0
AT2G08850	0
AT2G08085	0
AT2G06345	18
AT2G09355	0
AT2G09655	0
AT2G08400	0
AT2G09540	0
AT2G09065	0
AT2G06075	0
AT2G04255	0
AT2G06515	0
AT2G08550	3
AT2G06635	0
AT2G07035	0
AT2G09140	0
AT2G09780	0
AT2G08255	0
AT2G04915	0
AT2G05535	0
AT2G08460	0
AT2G08030	0
AT2G06485	2
AT2G04695	0
AT2G04825	0
AT2G08215	0
AT2G05085	0
AT2G08055	0
AT2G09650	0
AT2G06405	0
AT2G04945	0
AT2G04975	0
AT2G09630	0
AT2G09450	0
AT2G06945	2
AT2G08050	1
AT2G09320	1
AT2G04355	0
AT2G08565	0
AT2G08975	0
AT2G04435	2
AT2G08515	0
AT2G08105	0
AT2G05365	977
AT2G04735	4
AT2G06305	0
AT2G09515	5
AT2G04565	0
AT2G06605	1
AT2G08720	0
AT2G05585	0
AT2G07855	0
AT2G07135	1
AT2G06135	0
AT2G04155	0
AT2G08800	0
AT2G08150	0
AT2G06625	0
AT2G09390	0
AT2G04595	0
AT2G09615	1
AT2G09585	0
AT2G09715	0
AT2G07255	0
AT2G08190	0
AT2G06835	1
AT2G08490	0
AT2G08630	0
AT2G07900	0
AT2G08380	0
AT2G08300	0
AT2G08845	1
AT2G04985	0
AT2G09240	0
AT2G06815	0
AT2G09420	0
AT2G08775	0
AT2G06355	2
AT2G08195	0
AT2G05675	2
AT2G06745	0
AT2G04765	0
AT2G04875	1
AT2G06375	0
AT2G09220	0
AT2G07425	0
AT2G07860	0
AT2G08230	0
AT2G05075	29
AT2G08295	0
AT2G08430	0
AT2G05445	81
AT2G04335	0
AT2G09575	2
AT2G06685	0
AT2G08510	0
AT2G09720	0
AT2G08885	0
AT2G09825	0
AT2G08040	0
AT2G09125	0
AT2G08180	0
AT2G09235	1
AT2G09360	0
AT2G05015	0
AT2G05095	0
AT2G08100	102
AT2G08110	0
AT2G08410	0
AT2G07235	0
AT2G09570	0
AT2G09915	0
AT2G04315	0
AT2G05895	63
AT2G06475	1
AT2G05065	0
AT2G08540	0
AT2G07095	0
AT2G08320	2
AT2G09095	0
AT2G08445	3
AT2G04645	0
AT2G09410	0
AT2G09020	0
AT2G08820	88
AT2G08500	0
AT2G07005	0
AT2G07165	0
AT2G05125	0
AT2G08715	0
AT2G04905	0
AT2G05465	0
AT2G06695	0
AT2G08805	0
AT2G09245	0
AT2G08670	0
AT2G08395	0
AT2G09315	0
AT2G04615	0
AT2G09130	0
AT2G08870	0
AT2G09405	0
AT2G09875	0
AT2G05835	0
AT2G06085	0
AT2G04775	0
AT2G07870	0
AT2G09110	0
AT2G07905	0
AT2G09010	0
AT2G06935	3
AT2G06785	0
AT2G08875	0
AT2G08240	0
AT2G04885	0
AT2G08930	0
AT2G09480	0
AT2G07525	0
AT2G05035	1
AT2G08710	0
AT2G07385	0
AT2G04075	0
AT2G09210	0
AT2G08125	2
AT2G06595	0
AT2G06765	2
AT2G06115	0
AT2G09070	0
AT2G07985	0
AT2G08285	0
AT2G06385	0
AT2G04995	0
AT2G08590	0
AT2G05155	165
AT2G07925	0
AT2G06275	0
AT2G04095	0
AT2G09530	0
AT2G08825	0
AT2G06805	7
AT2G05505	0
AT2G07115	0
AT2G05485	0
AT2G09260	0
AT2G04015	0
AT2G08970	0
AT2G05825	0
AT2G09845	1
AT2G04575	0
AT2G09380	0
AT2G09160	0
AT2G08915	2
AT2G08475	0
AT2G31902	0
AT2G09000	0
AT2G09675	0
AT2G09045	0
AT2G09400	0
AT2G08205	1
AT2G09785	0
AT2G08330	0
AT2G09395	0
AT2G08135	1
AT2G09735	0
AT2G08745	0
AT2G09035	0
AT2G05255	0
AT2G13665	0
AT2G24755	539
AT2G09895	0
AT2G04145	0
AT2G16245	2
AT2G09975	0
AT2G08405	0
AT2G08480	0
AT2G09905	0
AT2G09560	0
AT2G08730	0
AT2G07345	1
AT2G08750	0
AT2G45315	0
AT2G06615	0
AT2G07335	0
AT2G35637	6
AT2G07805	0
AT2G06525	0
AT2G04125	0
AT2G09430	0
AT2G08575	13
AT2G08815	0
AT2G08000	0
AT2G09805	0
AT2G09305	4
AT2G08060	0
AT2G07275	0
AT2G14115	23
AT2G09740	0
AT2G09565	4
AT2G08525	0
AT2G45685	1
AT2G07845	0
AT2G09605	0
AT2G07355	1
AT2G06465	0
AT2G44798	43
AT2G08865	30
AT2G40008	0
AT2G09945	0
AT2G37555	4
AT2G42247	61
AT2G09230	0
AT2G09640	0
AT2G08420	0
AT2G08340	0
AT2G30362	18
AT2G04065	6
AT2G08960	0
AT2G06795	0
AT2G07265	2
AT2G08335	0
AT2G08965	0
AT2G09175	0
AT2G33051	10
AT2G07213	0
AT2G22955	0
AT2G08780	0
AT2G05812	11
AT2G09505	0
AT2G30984	0
AT2G06215	0
AT2G09425	0
AT2G09610	0
AT2G08685	0
AT2G09710	3
AT2G08680	0
AT2G07015	0
AT2G18917	0
AT2G33815	0
AT2G04555	2
AT2G35859	1
AT2G08440	1
AT2G07325	0
AT2G07495	0
AT2G09925	0
AT2G07305	0
AT2G10921	2
AT2G03895	0
AT2G37362	6
AT2G08655	0
AT2G05245	0
AT2G09325	0
AT2G09370	0
AT2G08795	0
AT2G09190	18
AT2G09455	5
AT2G04285	0
AT2G08435	43
AT2G08640	0
AT2G08345	0
AT2G11852	0
AT2G09665	0
AT2G08020	0
AT2G09510	4
AT2G08530	7
AT2G08740	0
AT2G09495	7
AT2G09225	13
AT2G07875	13
AT2G44255	0
AT2G42365	165
AT2G26692	9
AT2G08695	0
AT2G08130	0
AT2G09435	0
AT2G09795	286
AT2G07245	1
AT2G08635	5
AT2G26355	130
AT2G09645	0
AT2G08595	0
AT2G47895	17
AT2G07965	0
AT2G08700	0
AT2G24545	6
AT2G19572	3
AT2G41178	2
AT2G04852	54
AT2G09885	0
AT2G09470	0
AT2G09200	1
AT2G08665	0
AT2G07485	0
AT2G09300	0
AT2G04545	0
AT2G23672	1
AT2G09310	0
AT2G08350	11
AT2G09335	0
AT2G07950	5
AT2G08470	0
AT2G22821	4
AT2G32315	7
AT2G46572	0
AT2G09935	0
AT2G36792	6
AT2G07175	0
AT2G04295	0
AT2G31751	91
AT2G03975	0
AT2G04755	0
AT2G26882	0
AT2G09500	4
AT2G32179	42
AT2G08425	0
AT2G07515	0
AT2G04525	0
AT2G09090	4
AT2G08660	0
AT2G42835	3
AT2G09350	0
AT2G19582	8
AT2G09440	5
AT2G09205	8
AT2G07475	0
AT2G09345	0
AT2G03925	0
AT2G08520	0
AT2G08025	7
AT2G08650	26
AT2G21187	42
AT2G09660	0
AT2G35738	17
AT2G05914	67
AT2G05145	0
AT2G35945	0
AT2G04725	1
AT2G04535	2
AT2G09025	2
AT2G07850	0
AT2G08120	1
AT2G08015	0
AT2G03445	5
AT2G05615	0
AT2G47275	4
AT2G04935	0
AT2G22496	26
AT2G07915	0
AT2G02741	0
AT2G22668	0
AT2G46685	30
AT2G09150	4
AT2G46255	0
AT2G40805	1
AT2G24103	0
AT2G38325	3
AT2G08235	0
AT2G09995	0
AT2G10606	4
AT2G39885	0
AT2G05415	0
AT2G06665	0
AT2G16145	0
AT2G39175	8
AT2G07910	0
AT2G08275	0
AT2G47585	0
AT2G34208	0
AT2G08555	0
AT2G07195	0
AT2G47015	0
AT2G34204	0
AT2G41616	0
AT2G28056	0
AT2G03855	1
AT2G07895	0
AT2G09340	0
AT2G25171	0
AT2G09670	0
AT2G19425	0
AT2G25011	0
AT2G07315	0
AT2G08855	0
AT2G23347	23
AT2G07205	0
AT2G09120	0
AT2G26211	117
AT2G09080	0
AT2G25095	101
AT2G08035	3
AT2G05815	0
AT2G32273	0
AT2G32698	0
AT2G05605	0
AT2G34202	1
AT2G05455	0
AT2G08390	0
AT2G06855	0
AT2G07615	5
AT2G35387	7
AT2G08760	77
AT2G20723	37
AT2G08585	11
AT2G43139	1
AT2G17295	1
AT2G43138	4
AT2G08725	5
AT2G35747	0
AT2G08580	15
AT2G09815	1
AT2G35384	0
AT2G20722	17
AT2G08755	22
AT2G05765	82
AT2G05565	0
AT2G35742	89
AT2G08905	1
AT2G09460	0
AT2G08770	0
AT2G43141	0
AT2G08375	0
AT2G09685	0
AT2G07605	9
AT2G08860	0
AT2G08370	0
AT2G08900	6
AT2G08910	1
AT2G43137	4
AT2G04955	62
AT2G35744	39
AT2G08765	137
AT2G09690	0
AT2G09695	0
AT2G09705	0
AT2G20721	35
AT2G06865	0
AT2G09700	0
AT2G35382	4
AT2G05525	0
AT2G09465	0
AT2G09680	0
AT2G04965	86
AT2G04455	0
AT2G04375	0
AT2G07295	0
AT2G06455	0
AT2G07752	0
AT2G26090	0
AT2G28770	0
AT2G21670	0
AT2G22380	0
AT2G07756	0
AT2G46120	0
AT2G22580	0
AT2G24380	0
AT2G23020	0
AT2G27850	0
AT2G07755	0
AT2G33920	0
AT2G33910	4
AT2G29520	0
AT2G02900	0
AT2G07761	0
AT2G21700	0
AT2G30450	0
AT2G33960	0
AT2G36280	0
AT2G07793	0
AT2G39860	0
AT2G47740	0
AT2G03790	0
AT2G28730	0
AT2G07758	0
AT2G42970	0
AT2G05315	0
AT2G42420	0
AT2G03490	0
AT2G23650	0
AT2G07745	0
AT2G07746	1
AT2G03660	0
AT2G01160	0
AT2G45390	0
AT2G07762	4
AT2G38030	0
AT2G07757	0
AT2G07763	28
AT2G34950	0
AT2G07743	0
AT2G05355	0
AT2G39600	0
AT2G22280	0
AT2G29030	0
AT2G32110	0
AT2G43300	0
AT2G21570	0
AT2G39610	0
AT2G07748	1
AT2G34985	0
AT2G44320	0
AT2G47100	0
AT2G07764	0
AT2G22110	0
AT2G07792	23
AT2G36150	0
AT2G21360	0
AT2G36140	0
AT2G36600	0
AT2G27560	0
AT2G33970	0
AT2G33890	2
AT2G07765	41
AT2G42020	0
AT2G18310	0
AT2G03700	0
AT2G07753	0
AT2G30180	0
AT2G33650	0
AT2G33950	0
AT2G33930	0
AT2G33940	0
AT2G33900	2
AT2G07759	0
AT2G36520	0
AT2G33140	0
AT2G07766	0
AT2G36860	0
AT2G30190	0
AT2G07794	0
AT2G07754	5
AT2G33660	0
AT2G02600	0
AT2G25400	0
AT2G36510	0
AT2G15950	0
AT2G35220	0
AT2G16240	0
AT2G30850	0
AT2G17810	0
AT2G22220	0
AT2G45020	0
AT2G01010	4368
AT2G01020	2755
AT2G05995	8
AT2G01422	6
AT2G31585	87
AT2G46192	35
AT2G30115	1
AT2G04705	0
AT2G41312	59
AT2G09365	0
AT2G39675	102
AT2G18440	6154
AT2G22482	0
AT2G07405	0
AT2G07042	82
AT2G05685	0
AT2G43375	301
AT2G09475	1
AT2G32795	62
AT2G21188	123
AT2G08610	27
AT2G27400	339
AT2G24735	16
AT2G06002	38
AT2G15292	604
AT2G06562	0
AT2G05518	8
AT2G30945	54
AT2G14878	399
AT2G44995	34
AT2G15555	1
AT2G18735	144
AT2G07575	1
AT2G07975	0
AT2G42388	15
AT2G39681	487
AT2G09155	0
AT2G36307	92
AT2G45023	76
AT2G45245	21
AT2G19796	0
AT2G09215	0
AT2G10537	0
AT2G42485	135
AT2G15128	91
AT2G45780	13
AT2G42425	0
AT4G32100	0
AT4G25880	1708
AT4G03450	11
AT4G29950	681
AT4G08535	2
AT4G26490	0
AT4G16955	0
AT4G32710	461
AT4G25090	52
AT4G13720	969
AT4G08039	0
AT4G27340	1359
AT4G27830	644
AT4G19380	57
AT4G29180	60
AT4G31660	0
AT4G23200	67
AT4G29810	702
AT4G26560	2
AT4G23670	22066
AT4G02725	857
AT4G35440	618
AT4G26240	254
AT4G31950	1
AT4G10925	400
AT4G31690	1
AT4G34640	1463
AT4G03340	87
AT4G13550	935
AT4G15562	0
AT4G28600	976
AT4G27400	30
AT4G27260	558
AT4G27370	706
AT4G21470	1063
AT4G05220	0
AT4G04730	0
AT4G12485	0
AT4G34800	17
AT4G28340	1
AT4G03820	289
AT4G11020	0
AT4G05110	68
AT4G29940	549
AT4G23640	1044
AT4G32470	3883
AT4G29330	639
AT4G23590	4
AT4G35620	137
AT4G32660	661
AT4G19470	0
AT4G04360	99
AT4G17490	145
AT4G25310	24
AT4G08876	0
AT4G18550	135
AT4G12000	123
AT4G37760	1463
AT4G02510	11228
AT4G34750	331
AT4G28150	119
AT4G33040	154
AT4G19990	273
AT4G18380	325
AT4G27415	0
AT4G03635	127
AT4G34200	7281
AT4G12800	27294
AT4G30993	629
AT4G34350	4275
AT4G14368	6
AT4G38730	161
AT4G22320	160
AT4G11790	747
AT4G05130	12
AT4G02730	222
AT4G11175	579
AT4G21350	192
AT4G25670	447
AT4G30410	71
AT4G27140	5
AT4G16780	246
AT4G15830	309
AT4G09580	257
AT4G33905	38
AT4G02940	1440
AT4G02930	4319
AT4G38480	153
AT4G04555	0
AT4G04370	252
AT4G34970	43
AT4G33610	84
AT4G23882	0
AT4G33690	238
AT4G33490	1597
AT4G03495	0
AT4G27670	11547
AT4G33220	1538
AT4G24660	739
AT4G08810	1034
AT4G29580	2
AT4G14226	1
AT4G21600	107
AT4G05360	8
AT4G03350	0
AT4G24026	13
AT4G25970	1324
AT4G20440	2694
AT4G02482	62
AT4G32050	823
AT4G00690	264
AT4G35640	230
AT4G17920	11
AT4G33360	1073
AT4G00883	0
AT4G24900	230
AT4G03190	626
AT4G33735	0
AT4G01995	475
AT4G21320	2247
AT4G20575	0
AT4G28365	1
AT4G02300	0
AT4G03565	3
AT4G00530	121
AT4G15460	0
AT4G28170	6
AT4G31570	1566
AT4G01595	0
AT4G30280	455
AT4G10050	674
AT4G25160	25
AT4G15880	610
AT4G26620	698
AT4G02790	1697
AT4G19410	1149
AT4G20555	0
AT4G35520	189
AT4G10790	1639
AT4G37950	0
AT4G36250	2141
AT4G14680	926
AT4G17895	322
AT4G35100	7114
AT4G09090	0
AT4G33380	1484
AT4G14465	222
AT4G22580	303
AT4G16180	2694
AT4G15396	5
AT4G02860	650
AT4G14230	972
AT4G14810	0
AT4G38080	569
AT4G08980	1920
AT4G08590	638
AT4G15910	6232
AT4G30930	974
AT4G09110	0
AT4G03070	221
AT4G30500	126
AT4G10520	0
AT4G36490	49
AT4G20340	500
AT4G39340	4
AT4G33330	84
AT4G14250	1
AT4G17050	1240
AT4G09840	31
AT4G17190	340
AT4G34100	2982
AT4G03180	414
AT4G09490	61
AT4G08460	1266
AT4G35870	209
AT4G29440	473
AT4G26160	176
AT4G10630	210
AT4G33870	23
AT4G04640	11649
AT4G24230	406
AT4G34150	1033
AT4G16580	424
AT4G11393	0
AT4G18910	298
AT4G01320	1260
AT4G15310	0
AT4G09600	20
AT4G33250	3312
AT4G37040	1070
AT4G38060	414
AT4G05440	654
AT4G26950	100
AT4G16260	2028
AT4G38570	229
AT4G04490	98
AT4G20550	0
AT4G04601	0
AT4G26400	670
AT4G23510	131
AT4G27170	2
AT4G33120	6
AT4G19590	25
AT4G39390	323
AT4G26810	164
AT4G14455	343
AT4G18920	0
AT4G33280	157
AT4G13610	0
AT4G05380	75
AT4G28760	1569
AT4G24890	7
AT4G32070	870
AT4G26980	153
AT4G12500	103
AT4G30460	811
AT4G35165	1
AT4G24470	520
AT4G28560	60
AT4G21930	30
AT4G05180	19463
AT4G09770	10
AT4G02870	0
AT4G29770	195
AT4G29970	0
AT4G22110	6
AT4G20810	2
AT4G04955	170
AT4G20860	722
AT4G09300	90
AT4G34870	5814
AT4G35480	72
AT4G31800	756
AT4G01516	0
AT4G24620	3439
AT4G06643	2
AT4G24090	470
AT4G27650	598
AT4G38030	2
AT4G10850	8
AT4G27390	428
AT4G10140	219
AT4G01700	268
AT4G02120	980
AT4G23150	15
AT4G40040	2695
AT4G17860	1
AT4G10040	2254
AT4G19645	191
AT4G12005	4
AT4G04885	1059
AT4G23520	2
AT4G36090	420
AT4G30060	257
AT4G24500	355
AT4G31460	845
AT4G16970	312
AT4G01280	404
AT4G20590	0
AT4G23070	0
AT4G16070	353
AT4G14430	1465
AT4G37450	1360
AT4G37560	89
AT4G31780	1925
AT4G04985	0
AT4G39560	129
AT4G06598	111
AT4G32970	320
AT4G12050	128
AT4G16210	412
AT4G09930	0
AT4G33030	8898
AT4G16650	605
AT4G13885	62
AT4G08685	766
AT4G10115	0
AT4G05020	690
AT4G01671	0
AT4G37370	151
AT4G26790	43
AT4G22400	0
AT4G01970	37
AT4G39140	282
AT4G28280	1
AT4G14050	220
AT4G30760	824
AT4G18480	6669
AT4G17695	80
AT4G15415	530
AT4G11653	0
AT4G16360	772
AT4G14750	142
AT4G31615	56
AT4G24810	319
AT4G20530	0
AT4G18197	85
AT4G08530	0
AT4G34330	1
AT4G36520	1940
AT4G04910	1536
AT4G32540	6
AT4G36210	1380
AT4G04030	4
AT4G36060	16
AT4G36080	1079
AT4G33860	0
AT4G24000	81
AT4G25870	399
AT4G38760	1327
AT4G02390	423
AT4G31180	3702
AT4G20947	0
AT4G36920	474
AT4G12960	89
AT4G09060	100
AT4G18900	3
AT4G14010	0
AT4G30074	0
AT4G17370	2144
AT4G37670	190
AT4G16160	0
AT4G01100	3803
AT4G34630	627
AT4G22650	0
AT4G27010	1386
AT4G13100	369
AT4G09740	0
AT4G37510	2746
AT4G09730	2077
AT4G05030	0
AT4G01000	2184
AT4G29450	0
AT4G03460	12
AT4G11860	539
AT4G39680	2218
AT4G05100	30
AT4G01190	0
AT4G32880	1031
AT4G22170	1
AT4G22530	96
AT4G39800	2962
AT4G37430	0
AT4G35519	0
AT4G23360	0
AT4G19040	927
AT4G13330	384
AT4G30440	2351
AT4G22310	2711
AT4G13760	0
AT4G00889	0
AT4G03440	130
AT4G38330	95
AT4G04800	317
AT4G32520	2723
AT4G15570	1017
AT4G33420	575
AT4G35820	0
AT4G27420	0
AT4G38530	81
AT4G29910	229
AT4G38230	215
AT4G33900	0
AT4G28397	0
AT4G38710	2513
AT4G34210	29
AT4G01250	149
AT4G04080	1
AT4G27100	268
AT4G35940	467
AT4G36930	431
AT4G33520	2000
AT4G24220	7396
AT4G31350	602
AT4G40100	0
AT4G05475	5
AT4G36680	497
AT4G22490	2760
AT4G14500	652
AT4G40020	46
AT4G21850	347
AT4G10890	100
AT4G23493	236
AT4G15800	530
AT4G19260	0
AT4G10650	82
AT4G37770	25
AT4G35110	82
AT4G01830	1
AT4G19480	0
AT4G20735	0
AT4G37590	1131
AT4G18290	100
AT4G31630	1
AT4G17440	233
AT4G24130	412
AT4G01850	6375
AT4G14620	671
AT4G17270	681
AT4G36660	363
AT4G25590	2
AT4G38170	315
AT4G21895	1
AT4G34620	12667
AT4G02715	1005
AT4G10070	1059
AT4G12470	11941
AT4G26170	38
AT4G31405	104
AT4G03110	606
AT4G09860	0
AT4G10640	8
AT4G29035	0
AT4G00700	272
AT4G28080	9150
AT4G35080	817
AT4G19210	3812
AT4G00660	1390
AT4G22820	333
AT4G33660	411
AT4G36940	410
AT4G14070	2336
AT4G34700	5541
AT4G29750	1063
AT4G36900	489
AT4G26070	159
AT4G34135	583
AT4G21323	42
AT4G14600	211
AT4G30120	16
AT4G16515	0
AT4G12920	0
AT4G00752	312
AT4G19060	384
AT4G15080	1317
AT4G36830	221
AT4G28720	100
AT4G12510	0
AT4G28800	20
AT4G00335	314
AT4G09970	139
AT4G16141	976
AT4G21640	1
AT4G22980	73
AT4G02600	854
AT4G25620	853
AT4G25750	24
AT4G40042	403
AT4G16050	2
AT4G39060	2
AT4G04025	0
AT4G23240	34
AT4G38000	1
AT4G34690	3
AT4G36100	6
AT4G17410	788
AT4G14710	3330
AT4G03415	1644
AT4G31720	750
AT4G14905	381
AT4G32060	2260
AT4G21105	3661
AT4G31050	370
AT4G10613	0
AT4G17718	0
AT4G37780	9
AT4G03080	1856
AT4G29370	5
AT4G13640	436
AT4G24490	836
AT4G14520	112
AT4G13030	153
AT4G07445	0
AT4G10420	112
AT4G21310	47
AT4G25950	6
AT4G36280	206
AT4G12980	239
AT4G22540	537
AT4G22745	495
AT4G30960	6389
AT4G20703	0
AT4G33865	4162
AT4G12731	0
AT4G29610	206
AT4G38670	208
AT4G22080	17
AT4G34050	4462
AT4G27110	0
AT4G28670	2
AT4G26055	52
AT4G16000	18
AT4G28556	23
AT4G04610	4756
AT4G01010	196
AT4G25550	1405
AT4G39620	795
AT4G11810	6
AT4G20780	82
AT4G36400	241
AT4G30097	0
AT4G26500	0
AT4G10910	2
AT4G18375	71
AT4G11130	319
AT4G10780	4
AT4G04840	102
AT4G24715	0
AT4G37095	43
AT4G15180	2441
AT4G32620	1484
AT4G19185	269
AT4G14210	1935
AT4G08395	0
AT4G00550	356
AT4G17090	3175
AT4G17540	479
AT4G11890	26
AT4G00230	462
AT4G22030	0
AT4G28780	424
AT4G14170	117
AT4G20280	461
AT4G19620	4
AT4G37340	75
AT4G19520	364
AT4G11547	10
AT4G19270	0
AT4G18640	619
AT4G00210	27
AT4G21210	3093
AT4G36510	1
AT4G13990	157
AT4G32000	55
AT4G31860	855
AT4G11640	41
AT4G04960	435
AT4G39120	290
AT4G13195	152
AT4G37810	98
AT4G00234	0
AT4G25580	12
AT4G17480	36
AT4G37320	1086
AT4G17245	204
AT4G27595	464
AT4G11870	1
AT4G10100	296
AT4G26485	0
AT4G21040	0
AT4G27050	410
AT4G03630	0
AT4G13940	36910
AT4G37930	19870
AT4G37295	70
AT4G05450	139
AT4G33550	721
AT4G01910	81
AT4G11210	32
AT4G30660	199
AT4G29040	3499
AT4G20940	383
AT4G15400	30
AT4G11630	586
AT4G01395	1148
AT4G39550	250
AT4G25390	265
AT4G02290	1907
AT4G04970	809
AT4G03120	516
AT4G26320	39
AT4G31115	366
AT4G32450	807
AT4G19030	207
AT4G36190	516
AT4G33790	6
AT4G16110	248
AT4G28775	0
AT4G17085	205
AT4G37060	0
AT4G27960	1472
AT4G30330	480
AT4G16200	0
AT4G34590	1225
AT4G24190	27023
AT4G00190	0
AT4G37490	156
AT4G39770	37
AT4G39040	1442
AT4G14790	306
AT4G37630	66
AT4G25190	7
AT4G27700	2256
AT4G30200	1655
AT4G20545	0
AT4G26466	3
AT4G01080	755
AT4G27710	1344
AT4G38900	749
AT4G03040	0
AT4G38050	287
AT4G23740	1107
AT4G10740	0
AT4G31010	239
AT4G01435	9
AT4G25220	52
AT4G16165	0
AT4G37910	8334
AT4G28290	0
AT4G21745	1
AT4G34881	49
AT4G03560	2262
AT4G01330	641
AT4G05260	0
AT4G17030	547
AT4G37870	3380
AT4G35010	10
AT4G10810	270
AT4G02990	2031
AT4G26020	28
AT4G13540	152
AT4G11550	34
AT4G32900	418
AT4G34230	2098
AT4G21450	1090
AT4G21330	0
AT4G02180	32
AT4G09650	9318
AT4G24170	5
AT4G39110	497
AT4G28190	207
AT4G24430	76
AT4G31810	938
AT4G24410	27
AT4G31590	591
AT4G27970	157
AT4G26340	0
AT4G18596	5
AT4G12380	1
AT4G00280	0
AT4G18370	533
AT4G25030	1493
AT4G23750	421
AT4G28950	130
AT4G18280	1286
AT4G16850	82
AT4G22630	0
AT4G23760	589
AT4G34555	588
AT4G26730	4
AT4G22210	0
AT4G35685	45
AT4G32960	371
AT4G31930	158
AT4G36515	569
AT4G35760	873
AT4G37235	2
AT4G18470	27
AT4G17660	38
AT4G26470	88
AT4G37700	2
AT4G27290	25
AT4G38820	0
AT4G05340	0
AT4G28400	368
AT4G17810	148
AT4G14260	0
AT4G19730	1
AT4G12450	40
AT4G21220	69
AT4G15760	345
AT4G32090	0
AT4G39403	5
AT4G14140	28
AT4G17740	957
AT4G37160	42
AT4G14720	442
AT4G00020	306
AT4G33430	1475
AT4G13880	280
AT4G38340	46
AT4G22860	253
AT4G12170	0
AT4G38200	1227
AT4G28630	366
AT4G31740	0
AT4G29420	208
AT4G17780	4
AT4G05095	3
AT4G31040	3257
AT4G17785	9
AT4G02030	619
AT4G30160	1674
AT4G00430	7069
AT4G01390	7
AT4G23300	992
AT4G24805	202
AT4G30740	3
AT4G00893	9
AT4G17140	2369
AT4G38980	277
AT4G26000	635
AT4G02980	728
AT4G18395	0
AT4G08868	11
AT4G22600	0
AT4G30360	310
AT4G32410	7062
AT4G09200	0
AT4G38240	479
AT4G23900	0
AT4G08740	0
AT4G25480	95
AT4G39250	0
AT4G01130	177
AT4G14850	248
AT4G31550	757
AT4G23580	0
AT4G13810	278
AT4G22260	1142
AT4G30850	213
AT4G14090	359
AT4G17610	927
AT4G16270	59
AT4G15755	0
AT4G05010	79
AT4G09720	632
AT4G28540	1388
AT4G24700	145
AT4G12570	785
AT4G30150	1512
AT4G22760	195
AT4G01510	196
AT4G01200	29
AT4G30935	696
AT4G20970	8
AT4G02130	1116
AT4G09320	5899
AT4G19450	924
AT4G36220	3804
AT4G13650	312
AT4G29100	1156
AT4G31680	5
AT4G35050	1352
AT4G27550	3
AT4G18205	196
AT4G16015	32
AT4G22730	182
AT4G24750	1158
AT4G25820	987
AT4G35240	635
AT4G17180	303
AT4G32270	192
AT4G37050	20
AT4G23720	51
AT4G13590	1215
AT4G11100	1147
AT4G00165	20
AT4G18253	14
AT4G17960	187
AT4G00800	1823
AT4G30520	418
AT4G37483	48
AT4G17800	193
AT4G04605	0
AT4G16430	508
AT4G28090	0
AT4G21926	11
AT4G32890	244
AT4G11690	87
AT4G08910	21
AT4G33050	520
AT4G11060	514
AT4G31640	0
AT4G16660	9226
AT4G36120	371
AT4G08350	2878
AT4G10270	0
AT4G11310	2
AT4G31880	1960
AT4G39990	443
AT4G15520	265
AT4G00570	2804
AT4G14320	3898
AT4G05090	237
AT4G10860	8
AT4G22440	0
AT4G15000	7452
AT4G26440	6
AT4G16400	39
AT4G00650	240
AT4G09775	0
AT4G09460	232
AT4G09467	0
AT4G24440	835
AT4G15430	129
AT4G04614	301
AT4G21366	0
AT4G24820	3036
AT4G24690	7039
AT4G09560	317
AT4G29270	244
AT4G38600	4307
AT4G33700	847
AT4G02235	0
AT4G32285	1540
AT4G38880	11
AT4G23800	2199
AT4G37220	23
AT4G23290	599
AT4G15240	211
AT4G20700	17
AT4G09784	0
AT4G20707	7
AT4G26080	1366
AT4G34340	84
AT4G11911	0
AT4G22990	689
AT4G03550	1436
AT4G29210	1346
AT4G20310	265
AT4G12810	3
AT4G17340	1159
AT4G09260	3
AT4G35380	170
AT4G35740	303
AT4G20380	804
AT4G13075	0
AT4G01940	1134
AT4G21960	23563
AT4G01930	23
AT4G28370	359
AT4G10895	0
AT4G23496	75
AT4G23410	218
AT4G19880	874
AT4G03600	35
AT4G03570	0
AT4G37150	265
AT4G36850	394
AT4G28706	604
AT4G32590	3364
AT4G23160	70
AT4G38440	1657
AT4G18310	0
AT4G00560	582
AT4G39710	520
AT4G14103	106
AT4G11000	38
AT4G01750	475
AT4G24460	289
AT4G32080	1
AT4G23680	20743
AT4G27940	362
AT4G21240	0
AT4G24880	264
AT4G17010	374
AT4G31940	39
AT4G17585	1
AT4G18800	188
AT4G40010	99
AT4G17990	1
AT4G21620	1424
AT4G01350	133
AT4G01660	1002
AT4G16940	136
AT4G32910	1152
AT4G15236	32
AT4G27654	3
AT4G13095	0
AT4G08930	271
AT4G22380	615
AT4G01710	138
AT4G27380	563
AT4G36780	877
AT4G35320	157
AT4G01160	0
AT4G11940	0
AT4G39210	2823
AT4G15953	17
AT4G11120	1212
AT4G28620	3
AT4G23470	921
AT4G23820	1103
AT4G30100	2049
AT4G18740	240
AT4G03490	100
AT4G16560	1
AT4G10470	220
AT4G31270	210
AT4G14940	82
AT4G13570	11
AT4G02040	0
AT4G05210	63
AT4G05410	1097
AT4G12090	66
AT4G21970	0
AT4G39760	0
AT4G26550	126
AT4G32730	1306
AT4G24380	254
AT4G35140	402
AT4G23620	414
AT4G16983	0
AT4G35987	134
AT4G23810	298
AT4G22330	1112
AT4G09690	0
AT4G02710	824
AT4G17690	0
AT4G00355	557
AT4G09435	0
AT4G11510	0
AT4G11290	567
AT4G38400	99
AT4G39730	5916
AT4G20220	0
AT4G35510	266
AT4G13400	105
AT4G08510	559
AT4G32690	405
AT4G39870	321
AT4G24520	4815
AT4G32020	4362
AT4G31620	125
AT4G23950	212
AT4G12100	2
AT4G27220	8
AT4G33170	111
AT4G17250	403
AT4G36790	159
AT4G21710	3023
AT4G25280	346
AT4G26970	4551
AT4G01340	3
AT4G01895	38
AT4G24630	447
AT4G16840	70
AT4G11430	0
AT4G13670	2747
AT4G30370	88
AT4G23130	277
AT4G00695	66
AT4G18970	1173
AT4G27560	908
AT4G22755	555
AT4G24350	393
AT4G36560	0
AT4G38860	529
AT4G26380	2
AT4G39200	6759
AT4G30030	0
AT4G00960	0
AT4G01720	413
AT4G27490	340
AT4G23550	181
AT4G22214	2
AT4G24550	1529
AT4G20190	11
AT4G22250	194
AT4G37790	308
AT4G22790	90
AT4G34960	436
AT4G05553	0
AT4G39917	1
AT4G38580	449
AT4G21830	18
AT4G23180	654
AT4G20270	1432
AT4G33410	594
AT4G17230	865
AT4G28860	546
AT4G13430	7959
AT4G14650	18
AT4G24710	167
AT4G08430	0
AT4G39580	34
AT4G15165	48
AT4G07932	4
AT4G37260	658
AT4G36195	2562
AT4G11402	0
AT4G11180	0
AT4G36730	941
AT4G15955	381
AT4G11250	0
AT4G17650	508
AT4G36040	1764
AT4G26450	1156
AT4G40090	175
AT4G26540	200
AT4G19950	121
AT4G28200	2044
AT4G02680	1048
AT4G29240	111
AT4G34560	303
AT4G04200	341
AT4G08500	624
AT4G32700	346
AT4G37020	298
AT4G10300	1367
AT4G03090	677
AT4G20470	0
AT4G28420	4
AT4G08150	266
AT4G34240	1692
AT4G20325	168
AT4G32260	9216
AT4G10700	0
AT4G36460	0
AT4G09647	0
AT4G08470	607
AT4G00970	22
AT4G14400	134
AT4G24420	110
AT4G38280	481
AT4G31200	505
AT4G03960	466
AT4G22930	1020
AT4G20390	79
AT4G35260	1842
AT4G19080	78
AT4G25010	36
AT4G13270	504
AT4G00630	2659
AT4G02210	402
AT4G33585	2
AT4G19740	2
AT4G29070	420
AT4G37380	529
AT4G26720	642
AT4G19970	11
AT4G13870	67
AT4G31520	85
AT4G34670	9372
AT4G34490	1057
AT4G22750	966
AT4G19360	1
AT4G09120	1
AT4G12740	118
AT4G09250	0
AT4G08300	175
AT4G37800	5389
AT4G30670	730
AT4G30110	305
AT4G24770	14932
AT4G31250	18
AT4G29670	1289
AT4G39980	5086
AT4G03298	0
AT4G01883	220
AT4G34160	1483
AT4G19910	0
AT4G21630	0
AT4G29660	377
AT4G14910	337
AT4G26090	0
AT4G24790	438
AT4G17170	1193
AT4G39795	14
AT4G15640	874
AT4G28490	177
AT4G05310	0
AT4G19006	830
AT4G19420	1209
AT4G16024	0
AT4G34940	0
AT4G28300	1275
AT4G38930	1037
AT4G02425	168
AT4G05080	0
AT4G22350	660
AT4G40000	225
AT4G26710	2926
AT4G33580	898
AT4G11370	13
AT4G01140	7
AT4G18430	42
AT4G23340	31
AT4G09355	0
AT4G35900	48
AT4G19230	317
AT4G04770	3151
AT4G20060	229
AT4G25630	2201
AT4G21590	34
AT4G09830	899
AT4G21860	6043
AT4G16265	164
AT4G29680	1054
AT4G12300	553
AT4G15885	2
AT4G30020	1553
AT4G31410	533
AT4G37480	263
AT4G17220	53
AT4G05140	0
AT4G35030	138
AT4G13450	6
AT4G27540	361
AT4G21865	30
AT4G33010	15789
AT4G36530	543
AT4G36150	208
AT4G30480	593
AT4G39780	200
AT4G03360	0
AT4G18220	92
AT4G28660	1219
AT4G31500	2675
AT4G28270	485
AT4G11170	39
AT4G22700	0
AT4G35570	737
AT4G17980	17
AT4G36640	467
AT4G14615	1382
AT4G11820	1312
AT4G16060	277
AT4G12610	1528
AT4G39000	0
AT4G29103	0
AT4G18890	217
AT4G01535	7
AT4G03175	0
AT4G01580	221
AT4G37240	84
AT4G31875	0
AT4G23190	216
AT4G11280	419
AT4G05091	0
AT4G13960	0
AT4G06655	0
AT4G37500	0
AT4G36580	479
AT4G30580	1308
AT4G21780	13
AT4G23920	292
AT4G16330	677
AT4G38825	0
AT4G34710	21081
AT4G09020	3824
AT4G33590	3
AT4G36600	22
AT4G11420	4562
AT4G38120	811
AT4G19600	1395
AT4G11260	2360
AT4G01060	71
AT4G26290	0
AT4G20990	0
AT4G21430	614
AT4G14105	0
AT4G20760	204
AT4G28160	0
AT4G33980	464
AT4G09100	1
AT4G20160	6
AT4G05230	0
AT4G30270	2593
AT4G34540	199
AT4G36950	27
AT4G18260	103
AT4G21380	233
AT4G19670	912
AT4G10960	42
AT4G10450	1062
AT4G33950	605
AT4G00830	2020
AT4G37200	373
AT4G35770	72
AT4G21000	0
AT4G06599	512
AT4G18230	374
AT4G20610	0
AT4G34419	11
AT4G02280	134
AT4G09990	89
AT4G38405	0
AT4G35610	0
AT4G18050	262
AT4G03443	36
AT4G22640	1
AT4G21500	41
AT4G14272	0
AT4G40045	244
AT4G11680	471
AT4G14390	29
AT4G18570	1204
AT4G32210	578
AT4G22160	158
AT4G11745	0
AT4G38940	143
AT4G36440	1029
AT4G12950	4
AT4G39130	0
AT4G25500	1252
AT4G00925	0
AT4G24680	1918
AT4G25070	94
AT4G26820	0
AT4G17550	899
AT4G15510	436
AT4G11960	1563
AT4G28060	1921
AT4G38090	567
AT4G12190	2
AT4G14760	985
AT4G01170	1
AT4G13210	7
AT4G38320	227
AT4G23600	2105
AT4G21060	187
AT4G14820	217
AT4G05555	0
AT4G23885	751
AT4G10160	2
AT4G35370	7
AT4G29120	475
AT4G09510	389
AT4G28020	229
AT4G14310	595
AT4G10465	0
AT4G21090	344
AT4G36140	449
AT4G16830	2549
AT4G38260	626
AT4G27020	743
AT4G37440	1064
AT4G25830	163
AT4G31580	1409
AT4G29510	1495
AT4G05590	120
AT4G14360	1062
AT4G10570	577
AT4G23540	916
AT4G18823	0
AT4G35190	26
AT4G21770	512
AT4G23630	4221
AT4G23770	127
AT4G14530	2
AT4G26510	1141
AT4G20740	391
AT4G15870	0
AT4G30220	1513
AT4G09160	341
AT4G10955	43
AT4G01090	379
AT4G01740	90
AT4G05240	0
AT4G18620	0
AT4G24800	2245
AT4G26580	39
AT4G28050	269
AT4G17350	42
AT4G19170	1807
AT4G29990	113
AT4G19275	0
AT4G29960	547
AT4G03240	336
AT4G10710	2426
AT4G05060	275
AT4G14165	8
AT4G08250	19
AT4G11800	832
AT4G11950	24
AT4G14300	1918
AT4G37120	3052
AT4G15530	1497
AT4G35800	5453
AT4G25270	122
AT4G30040	0
AT4G27630	403
AT4G17240	366
AT4G24270	1424
AT4G24310	21
AT4G14713	174
AT4G01690	1872
AT4G25420	61
AT4G19960	676
AT4G35785	982
AT4G02090	77
AT4G19090	187
AT4G31390	875
AT4G21700	341
AT4G01310	5211
AT4G33970	150
AT4G30690	905
AT4G02380	1874
AT4G29010	3695
AT4G23910	454
AT4G17905	87
AT4G08400	87
AT4G33930	64
AT4G14780	47
AT4G16220	7
AT4G12590	1502
AT4G08540	645
AT4G33710	0
AT4G22620	5
AT4G17640	1049
AT4G10360	670
AT4G14730	3
AT4G21160	660
AT4G16760	3363
AT4G10600	94
AT4G25040	0
AT4G09350	233
AT4G02460	765
AT4G15245	0
AT4G15350	10
AT4G32350	469
AT4G34250	336
AT4G28755	0
AT4G23280	17
AT4G22720	549
AT4G33230	1
AT4G30470	845
AT4G21760	125
AT4G29548	0
AT4G02920	2985
AT4G20350	77
AT4G09190	0
AT4G00060	1232
AT4G34760	281
AT4G15130	202
AT4G22467	0
AT4G15545	3283
AT4G14080	3
AT4G32110	0
AT4G04630	146
AT4G39230	436
AT4G27320	1333
AT4G17600	2295
AT4G27460	24
AT4G21990	5114
AT4G12490	1208
AT4G33880	24
AT4G10020	2
AT4G35485	0
AT4G30700	149
AT4G15710	6
AT4G13395	47
AT4G10760	816
AT4G38460	1570
AT4G35600	202
AT4G12545	1
AT4G22115	0
AT4G11030	0
AT4G00238	626
AT4G36010	2087
AT4G21400	73
AT4G00920	4
AT4G22513	82
AT4G32340	667
AT4G19985	301
AT4G15802	1177
AT4G39530	153
AT4G37230	4
AT4G26455	632
AT4G20835	0
AT4G25780	69
AT4G15100	0
AT4G24860	43
AT4G29080	633
AT4G10130	160
AT4G37390	121
AT4G22370	8
AT4G15810	601
AT4G11760	0
AT4G06688	0
AT4G25710	988
AT4G08267	0
AT4G26100	929
AT4G15980	0
AT4G08960	436
AT4G03010	75
AT4G18040	1681
AT4G34070	726
AT4G05420	2006
AT4G29760	26
AT4G17770	1962
AT4G00490	1297
AT4G33820	0
AT4G27330	0
AT4G08320	236
AT4G16144	419
AT4G14580	600
AT4G08580	820
AT4G04700	70
AT4G29470	3
AT4G16530	1
AT4G15650	0
AT4G17310	90
AT4G23500	763
AT4G09430	18
AT4G38850	20
AT4G20170	463
AT4G27565	0
AT4G20620	0
AT4G35470	487
AT4G32510	108
AT4G00900	1569
AT4G12860	0
AT4G21080	0
AT4G02810	9
AT4G38590	3
AT4G25120	443
AT4G09450	0
AT4G26270	1122
AT4G00250	24
AT4G07350	0
AT4G24830	3002
AT4G27730	335
AT4G14550	220
AT4G00600	0
AT4G01550	338
AT4G18340	141
AT4G08380	0
AT4G10530	0
AT4G13730	532
AT4G35890	2498
AT4G27745	138
AT4G06479	0
AT4G12030	918
AT4G33840	0
AT4G12830	423
AT4G15075	0
AT4G27790	3
AT4G15550	1057
AT4G02220	1104
AT4G01120	673
AT4G26590	3
AT4G27640	1449
AT4G26920	0
AT4G23000	373
AT4G24990	501
AT4G16045	1
AT4G29340	74
AT4G22470	12
AT4G01440	127
AT4G29400	986
AT4G21440	3
AT4G38905	0
AT4G37880	580
AT4G28990	469
AT4G24100	473
AT4G35310	1350
AT4G01040	623
AT4G32330	1283
AT4G00680	91
AT4G33810	101
AT4G31530	1002
AT4G28350	104
AT4G05400	498
AT4G00340	1796
AT4G12520	7
AT4G01570	529
AT4G27860	594
AT4G36910	988
AT4G22505	1
AT4G04423	0
AT4G04180	510
AT4G22870	0
AT4G26880	7
AT4G12370	0
AT4G32490	0
AT4G22570	1109
AT4G05470	0
AT4G34900	402
AT4G10950	17
AT4G13955	0
AT4G00480	292
AT4G19870	169
AT4G03260	4300
AT4G10490	1
AT4G12870	167
AT4G27610	367
AT4G28470	2403
AT4G01460	121
AT4G24530	237
AT4G04580	0
AT4G23940	1004
AT4G17390	8309
AT4G28180	143
AT4G39380	88
AT4G26460	7
AT4G26965	226
AT4G29130	1494
AT4G19975	10
AT4G10305	0
AT4G16610	48
AT4G27060	631
AT4G26310	565
AT4G15440	82
AT4G27240	180
AT4G20930	205
AT4G19540	315
AT4G02360	35
AT4G31100	167
AT4G08520	1201
AT4G21340	28
AT4G32420	2273
AT4G20410	376
AT4G18100	7452
AT4G24250	88
AT4G04402	0
AT4G03130	73
AT4G17870	1604
AT4G28830	502
AT4G23390	0
AT4G17970	304
AT4G29273	0
AT4G22217	0
AT4G04720	1158
AT4G09780	5
AT4G39890	58
AT4G28220	418
AT4G13950	133
AT4G38920	4494
AT4G30890	1382
AT4G11410	266
AT4G12430	24
AT4G36870	821
AT4G01840	150
AT4G23420	73
AT4G00895	2700
AT4G01920	104
AT4G34300	3
AT4G21650	477
AT4G14695	22
AT4G34660	569
AT4G26200	294
AT4G08900	692
AT4G03580	0
AT4G08290	337
AT4G12940	0
AT4G22340	257
AT4G17720	688
AT4G00585	1266
AT4G11560	1631
AT4G00030	921
AT4G00580	0
AT4G23355	0
AT4G12750	1845
AT4G04260	103
AT4G14840	34
AT4G19630	3
AT4G34910	662
AT4G11070	0
AT4G25210	719
AT4G38290	85
AT4G32630	4
AT4G13520	8062
AT4G27410	173
AT4G37445	47
AT4G14145	300
AT4G17680	130
AT4G33460	468
AT4G16680	115
AT4G36750	906
AT4G16450	3026
AT4G15290	1
AT4G04680	17
AT4G22285	1542
AT4G18610	105
AT4G35450	3946
AT4G32295	113
AT4G08630	0
AT4G28330	22
AT4G16630	2231
AT4G36110	14
AT4G36270	170
AT4G05540	12
AT4G12460	544
AT4G02250	2
AT4G12790	1013
AT4G08700	230
AT4G32670	570
AT4G00740	1202
AT4G17730	683
AT4G04950	1181
AT4G03505	3
AT4G10210	0
AT4G39745	0
AT4G30610	355
AT4G11040	3
AT4G18080	1
AT4G36960	956
AT4G28740	430
AT4G34920	568
AT4G10000	362
AT4G12480	11626
AT4G25110	64
AT4G00150	772
AT4G37310	923
AT4G35790	2112
AT4G30825	867
AT4G36610	119
AT4G33500	1273
AT4G27300	549
AT4G13930	3438
AT4G09585	0
AT4G14630	44
AT4G33540	598
AT4G36990	2693
AT4G14980	36
AT4G18210	67
AT4G32390	1363
AT4G08867	1
AT4G15330	49
AT4G22165	0
AT4G00905	0
AT4G34190	2942
AT4G03430	4164
AT4G18930	649
AT4G08270	0
AT4G37990	44
AT4G22910	237
AT4G31730	265
AT4G14716	4834
AT4G32680	145
AT4G18500	0
AT4G10880	0
AT4G17590	0
AT4G12910	889
AT4G10120	1689
AT4G37000	1290
AT4G00295	0
AT4G19840	1515
AT4G33770	171
AT4G26670	1920
AT4G29800	57
AT4G24950	1
AT4G18250	16
AT4G23980	874
AT4G28610	685
AT4G15010	339
AT4G00260	0
AT4G28210	1084
AT4G20010	593
AT4G32750	143
AT4G22670	4406
AT4G00400	531
AT4G25690	324
AT4G05070	520
AT4G15380	46
AT4G34740	949
AT4G18750	352
AT4G34890	1396
AT4G18692	0
AT4G37360	0
AT4G01575	0
AT4G26660	318
AT4G16535	1
AT4G29283	0
AT4G02480	3942
AT4G30870	244
AT4G38250	0
AT4G14930	850
AT4G01220	320
AT4G35295	46
AT4G26180	161
AT4G32500	14
AT4G00850	102
AT4G00651	5
AT4G22770	177
AT4G34290	819
AT4G32840	393
AT4G32170	0
AT4G17910	872
AT4G08455	80
AT4G11480	9
AT4G28260	850
AT4G09920	102
AT4G04450	25
AT4G38430	2079
AT4G13770	5292
AT4G04110	0
AT4G29150	38
AT4G15730	210
AT4G39952	190
AT4G34410	0
AT4G01026	225
AT4G29380	857
AT4G03390	1406
AT4G15820	194
AT4G33090	3356
AT4G34400	28
AT4G23110	0
AT4G05460	459
AT4G07965	13
AT4G26260	1
AT4G30560	217
AT4G11140	88
AT4G20830	815
AT4G21920	3
AT4G32480	1092
AT4G40063	0
AT4G04860	339
AT4G35130	223
AT4G26130	1073
AT4G24240	1067
AT4G00110	327
AT4G02760	262
AT4G36760	1847
AT4G26850	5632
AT4G25050	3624
AT4G31480	2945
AT4G12240	145
AT4G33440	352
AT4G11150	6277
AT4G31070	104
AT4G26430	348
AT4G18110	0
AT4G29410	2390
AT4G17100	189
AT4G37682	36
AT4G35860	675
AT4G02690	4
AT4G00320	2
AT4G04710	7
AT4G02330	1247
AT4G09035	0
AT4G17900	385
AT4G08040	33
AT4G18330	27
AT4G16750	100
AT4G34000	1316
AT4G20130	1459
AT4G31920	423
AT4G16880	152
AT4G13420	27
AT4G19020	856
AT4G01800	3845
AT4G39650	1
AT4G31320	81
AT4G01735	6
AT4G19200	1198
AT4G18160	300
AT4G16470	81
AT4G12360	0
AT4G40011	0
AT4G16442	221
AT4G08560	0
AT4G21200	32
AT4G28690	143
AT4G23880	118
AT4G30950	8930
AT4G35905	160
AT4G17420	417
AT4G12130	389
AT4G30845	60
AT4G10550	453
AT4G18630	125
AT4G39260	18364
AT4G14350	1073
AT4G18975	615
AT4G21530	303
AT4G32530	2470
AT4G21940	146
AT4G20960	576
AT4G00810	2496
AT4G09630	630
AT4G09010	3557
AT4G18590	244
AT4G28910	1138
AT4G12010	435
AT4G15780	3571
AT4G33130	92
AT4G05071	5
AT4G32460	345
AT4G23060	137
AT4G21063	41
AT4G08895	0
AT4G39740	141
AT4G11850	868
AT4G19095	3
AT4G08691	4
AT4G01110	55
AT4G18501	13
AT4G13830	650
AT4G01990	338
AT4G25900	1182
AT4G18830	31
AT4G39470	972
AT4G03330	21
AT4G11650	4813
AT4G32200	469
AT4G29290	0
AT4G36720	146
AT4G33495	901
AT4G22305	64
AT4G07526	12
AT4G29630	1
AT4G16550	0
AT4G21515	0
AT4G23700	3
AT4G25490	30
AT4G29700	183
AT4G31770	201
AT4G26780	1460
AT4G33780	650
AT4G21880	635
AT4G16080	0
AT4G03740	0
AT4G32600	636
AT4G03250	263
AT4G30630	320
AT4G36800	1315
AT4G32030	852
AT4G01670	219
AT4G32800	106
AT4G34270	1074
AT4G16100	290
AT4G02405	186
AT4G35280	0
AT4G12670	451
AT4G16340	2227
AT4G26870	2818
AT4G02190	0
AT4G28110	14
AT4G12970	289
AT4G24615	0
AT4G20770	24
AT4G30710	136
AT4G32360	241
AT4G23460	1078
AT4G09360	0
AT4G24640	1
AT4G35410	176
AT4G31985	3428
AT4G09530	1
AT4G14190	123
AT4G04830	5115
AT4G18510	5
AT4G31970	2
AT4G25800	129
AT4G36791	10
AT4G27910	441
AT4G08028	0
AT4G16240	129
AT4G31160	1769
AT4G15030	656
AT4G29090	2
AT4G10240	0
AT4G21902	0
AT4G19460	124
AT4G22120	820
AT4G15630	355
AT4G17510	708
AT4G20450	4
AT4G02750	346
AT4G11373	0
AT4G22410	0
AT4G04750	248
AT4G13790	0
AT4G01703	0
AT4G11380	1816
AT4G13480	1
AT4G17215	49
AT4G13780	2722
AT4G10170	174
AT4G36480	700
AT4G14342	636
AT4G19003	470
AT4G06639	0
AT4G21510	58
AT4G29110	44
AT4G28085	6
AT4G24975	0
AT4G20090	354
AT4G17000	170
AT4G15450	125
AT4G35000	5022
AT4G19430	4159
AT4G25360	406
AT4G09545	0
AT4G13390	502
AT4G29060	13290
AT4G15490	933
AT4G30450	251
AT4G13980	225
AT4G08240	193
AT4G03400	2071
AT4G14040	3018
AT4G18150	0
AT4G29033	0
AT4G38470	756
AT4G12990	206
AT4G14970	211
AT4G03625	0
AT4G22758	64
AT4G02540	613
AT4G33800	10
AT4G20360	1
AT4G35550	385
AT4G02700	100
AT4G28650	23
AT4G16900	534
AT4G09750	638
AT4G35720	17
AT4G04620	724
AT4G19690	23
AT4G01770	6
AT4G09960	7
AT4G19180	573
AT4G35700	1
AT4G02840	636
AT4G13220	477
AT4G39790	21
AT4G09466	0
AT4G10620	622
AT4G39235	280
AT4G35840	387
AT4G38220	1677
AT4G24540	79
AT4G27520	3628
AT4G10410	2
AT4G30070	1
AT4G13680	7
AT4G38990	1
AT4G30910	556
AT4G13500	1029
AT4G32230	0
AT4G38005	0
AT4G09340	503
AT4G02640	925
AT4G37210	361
AT4G17790	436
AT4G10970	742
AT4G29390	277
AT4G05630	0
AT4G00290	306
AT4G10560	18
AT4G24972	252
AT4G21192	159
AT4G27080	1059
AT4G14785	0
AT4G26630	6858
AT4G31430	775
AT4G26680	53
AT4G27880	425
AT4G00220	42
AT4G21950	0
AT4G04890	1284
AT4G23430	256
AT4G20645	0
AT4G15990	4
AT4G26150	203
AT4G13380	0
AT4G23960	2
AT4G37435	0
AT4G03292	61
AT4G14723	19
AT4G13261	0
AT4G22105	0
AT4G13235	113
AT4G00880	46
AT4G37540	1085
AT4G31310	397
AT4G11360	223
AT4G31000	241
AT4G35490	1643
AT4G26910	1302
AT4G34500	427
AT4G10390	108
AT4G23080	0
AT4G23365	0
AT4G15040	0
AT4G36925	1
AT4G01950	330
AT4G12410	20
AT4G08990	21
AT4G25600	238
AT4G10510	3
AT4G00350	2
AT4G28703	1
AT4G03420	566
AT4G34380	17
AT4G14104	6
AT4G14440	1194
AT4G31420	570
AT4G25560	3
AT4G03220	1
AT4G27030	537
AT4G13840	1144
AT4G30067	0
AT4G20420	0
AT4G20080	0
AT4G08640	0
AT4G27435	305
AT4G13970	427
AT4G13266	0
AT4G04460	204
AT4G36105	2
AT4G02720	0
AT4G11740	786
AT4G01900	1060
AT4G37860	0
AT4G19350	323
AT4G24330	1459
AT4G33985	212
AT4G33945	467
AT4G28140	22
AT4G32940	1616
AT4G15340	50
AT4G03160	0
AT4G08263	1
AT4G10870	0
AT4G15960	59
AT4G00450	1631
AT4G39660	904
AT4G26050	0
AT4G20150	4441
AT4G02310	0
AT4G08570	108
AT4G00520	230
AT4G12110	616
AT4G22130	691
AT4G30540	2
AT4G09950	255
AT4G38270	863
AT4G16930	0
AT4G11530	96
AT4G00780	1337
AT4G00910	36
AT4G35810	12
AT4G32570	742
AT4G14560	153
AT4G00500	341
AT4G03113	0
AT4G33290	4
AT4G30840	669
AT4G34138	590
AT4G07950	282
AT4G25080	4307
AT4G35750	2349
AT4G27360	1
AT4G23100	5960
AT4G26230	5825
AT4G22710	62
AT4G16860	865
AT4G06744	642
AT4G27440	14151
AT4G15610	567
AT4G02880	525
AT4G33160	156
AT4G17565	0
AT4G23450	67
AT4G28940	14
AT4G20540	0
AT4G39050	1136
AT4G31830	2
AT4G28680	55
AT4G00270	665
AT4G36240	269
AT4G00370	2171
AT4G02170	8
AT4G19130	278
AT4G02070	730
AT4G16566	131
AT4G34580	142
AT4G03728	0
AT4G34980	1720
AT4G18190	0
AT4G25980	71
AT4G02740	559
AT4G30770	0
AT4G26555	642
AT4G19720	9
AT4G35920	1246
AT4G33210	1193
AT4G22235	0
AT4G23710	983
AT4G27270	157
AT4G22970	428
AT4G20920	47
AT4G28570	1093
AT4G20560	0
AT4G25730	3494
AT4G12540	124
AT4G26530	1555
AT4G38140	2
AT4G37180	1124
AT4G11880	24
AT4G01230	41
AT4G39820	357
AT4G33600	0
AT4G22780	261
AT4G16162	3
AT4G27530	7
AT4G28130	0
AT4G37290	2
AT4G27800	2352
AT4G32830	221
AT4G15280	28
AT4G01925	36
AT4G27600	2497
AT4G34790	8
AT4G14965	350
AT4G15417	6
AT4G13560	36
AT4G35020	283
AT4G24930	493
AT4G25510	0
AT4G16545	4
AT4G13090	0
AT4G23860	604
AT4G16230	5
AT4G25330	6
AT4G16420	882
AT4G18020	1264
AT4G39750	0
AT4G28510	2319
AT4G37690	4
AT4G30420	7
AT4G15020	526
AT4G33020	16
AT4G05150	1930
AT4G16720	9991
AT4G35025	0
AT4G27430	1626
AT4G32780	31
AT4G28640	241
AT4G35725	0
AT4G11220	1753
AT4G34840	259
AT4G16570	139
AT4G14301	0
AT4G10540	0
AT4G21030	0
AT4G39420	1578
AT4G32850	3656
AT4G25100	45572
AT4G15540	805
AT4G37580	154
AT4G30720	1558
AT4G25350	36
AT4G32320	463
AT4G35880	382
AT4G18060	647
AT4G01360	48
AT4G18940	22
AT4G13060	0
AT4G10265	132
AT4G26990	380
AT4G18270	480
AT4G29640	1
AT4G07410	1631
AT4G09030	33
AT4G11700	18
AT4G38500	737
AT4G16590	9
AT4G06676	434
AT4G14800	1360
AT4G16095	0
AT4G27510	46
AT4G20430	309
AT4G38010	234
AT4G25910	419
AT4G02110	324
AT4G23490	232
AT4G24970	269
AT4G10230	0
AT4G22090	0
AT4G27310	752
AT4G15320	2
AT4G08160	281
AT4G17890	896
AT4G30400	123
AT4G17670	232
AT4G19570	49
AT4G04980	0
AT4G00120	1
AT4G26220	63
AT4G14670	0
AT4G19050	40
AT4G08770	181
AT4G23840	363
AT4G35460	753
AT4G28550	94
AT4G11655	1
AT4G17486	663
AT4G31110	63
AT4G28395	0
AT4G03620	0
AT4G26570	754
AT4G27620	445
AT4G11190	130
AT4G09900	777
AT4G02020	1814
AT4G19810	1493
AT4G13345	387
AT4G33100	92
AT4G33560	583
AT4G24780	2440
AT4G27950	210
AT4G23370	0
AT4G24450	695
AT4G30880	0
AT4G21534	224
AT4G13240	0
AT4G12900	213
AT4G02820	458
AT4G16890	3129
AT4G25410	6
AT4G25640	2780
AT4G26280	0
AT4G17840	756
AT4G29790	936
AT4G03500	41
AT4G00180	472
AT4G14110	868
AT4G16540	215
AT4G24300	0
AT4G18390	733
AT4G22510	0
AT4G13750	1493
AT4G39850	2512
AT4G34950	2308
AT4G15750	0
AT4G37920	671
AT4G23790	358
AT4G33260	449
AT4G38213	14
AT4G35733	0
AT4G01960	287
AT4G30080	508
AT4G38130	3079
AT4G13010	2823
AT4G29037	0
AT4G34030	1218
AT4G12640	622
AT4G09810	152
AT4G15890	229
AT4G21560	396
AT4G39010	39
AT4G26960	162
AT4G36590	0
AT4G08190	2
AT4G13290	241
AT4G17520	5793
AT4G24580	84
AT4G38560	66
AT4G25130	9664
AT4G21820	268
AT4G10770	1130
AT4G03157	0
AT4G21840	1
AT4G31820	246
AT4G10090	169
AT4G39070	26
AT4G00980	59
AT4G08450	8
AT4G00342	0
AT4G34220	634
AT4G05170	15
AT4G12890	31
AT4G33910	518
AT4G19700	335
AT4G35360	708
AT4G08410	143
AT4G34720	2631
AT4G00232	2
AT4G00390	44
AT4G21900	278
AT4G02270	171
AT4G34370	865
AT4G16143	2454
AT4G19510	782
AT4G01180	8
AT4G03200	712
AT4G39160	1082
AT4G01985	349
AT4G24940	566
AT4G30210	2653
AT4G29350	11288
AT4G00315	0
AT4G14340	706
AT4G30290	408
AT4G30350	449
AT4G12280	1
AT4G33885	2
AT4G39955	434
AT4G38401	0
AT4G32580	1
AT4G22517	320
AT4G25290	459
AT4G00670	93
AT4G33320	1
AT4G23610	0
AT4G33465	0
AT4G12220	0
AT4G00890	4
AT4G05430	31
AT4G24030	1
AT4G34510	102
AT4G19800	1
AT4G28980	641
AT4G18465	480
AT4G13310	1
AT4G37470	910
AT4G14490	148
AT4G06526	0
AT4G19190	1070
AT4G19820	18
AT4G30000	165
AT4G38780	678
AT4G21110	938
AT4G17300	1448
AT4G11490	0
AT4G17150	736
AT4G39270	804
AT4G37420	6
AT4G28590	443
AT4G00755	505
AT4G23990	424
AT4G19890	266
AT4G20230	77
AT4G00820	264
AT4G29480	1754
AT4G23250	355
AT4G22740	1456
AT4G31890	401
AT4G17940	1087
AT4G25340	3986
AT4G21660	3081
AT4G35150	0
AT4G18770	1
AT4G28750	6134
AT4G16130	726
AT4G03170	0
AT4G11050	42
AT4G18870	0
AT4G35660	2
AT4G16990	3182
AT4G38100	751
AT4G12930	0
AT4G28100	395
AT4G27000	2739
AT4G20290	0
AT4G17570	578
AT4G14860	20
AT4G02733	0
AT4G31130	542
AT4G39675	77
AT4G32920	868
AT4G00170	673
AT4G15360	1
AT4G36050	200
AT4G35540	222
AT4G22050	8
AT4G24231	3
AT4G05050	8079
AT4G31280	0
AT4G17880	675
AT4G28890	129
AT4G24010	55
AT4G01240	28
AT4G23220	55
AT4G18905	973
AT4G10480	3142
AT4G13850	4187
AT4G14030	3643
AT4G36700	69
AT4G31470	36
AT4G03050	0
AT4G24740	1161
AT4G11110	1149
AT4G08140	1
AT4G10440	1
AT4G31210	1830
AT4G33390	2
AT4G08360	0
AT4G32208	42
AT4G16370	5400
AT4G39220	478
AT4G35420	220
AT4G37140	11
AT4G21190	1543
AT4G04350	1184
AT4G01050	7072
AT4G34260	4010
AT4G12620	316
AT4G15560	11050
AT4G18720	3
AT4G25990	378
AT4G02900	240
AT4G36070	4
AT4G12330	50
AT4G26010	310
AT4G03610	76
AT4G27870	1093
AT4G04745	244
AT4G30140	591
AT4G31020	38
AT4G19925	0
AT4G40060	1292
AT4G25660	430
AT4G01520	1
AT4G01730	501
AT4G19250	0
AT4G37830	6270
AT4G01030	82
AT4G33400	657
AT4G24370	249
AT4G18990	5
AT4G38380	710
AT4G01023	11
AT4G32535	18
AT4G30620	750
AT4G13360	1574
AT4G12850	72
AT4G14358	0
AT4G27160	0
AT4G25810	801
AT4G32120	323
AT4G21460	498
AT4G27740	81
AT4G00005	0
AT4G31715	0
AT4G29890	301
AT4G39960	1630
AT4G05190	402
AT4G20235	45
AT4G19010	229
AT4G24080	24
AT4G31196	0
AT4G24280	20056
AT4G34345	0
AT4G16957	337
AT4G34420	43
AT4G35580	846
AT4G32760	1835
AT4G01037	3345
AT4G36390	2104
AT4G01780	0
AT4G30510	154
AT4G22495	0
AT4G04020	6791
AT4G37610	78
AT4G15390	1956
AT4G18372	56
AT4G13150	359
AT4G38650	102
AT4G15740	3
AT4G02830	25
AT4G29930	157
AT4G32820	892
AT4G39810	50
AT4G15690	15
AT4G15720	19
AT4G37300	3502
AT4G26750	574
AT4G38540	18
AT4G24980	0
AT4G04920	1926
AT4G12600	4713
AT4G31900	20
AT4G31610	4
AT4G17243	0
AT4G15053	0
AT4G29840	1585
AT4G04940	1151
AT4G03153	0
AT4G12710	182
AT4G15093	352
AT4G08620	10
AT4G26483	0
AT4G11485	0
AT4G00525	20
AT4G30970	0
AT4G08485	0
AT4G27480	116
AT4G16770	381
AT4G10280	133
AT4G17020	562
AT4G02410	211
AT4G13490	0
AT4G26250	0
AT4G15735	0
AT4G15900	2474
AT4G31790	542
AT4G30230	59
AT4G30980	231
AT4G27040	373
AT4G21690	0
AT4G14370	121
AT4G11521	10
AT4G27990	1276
AT4G11990	116
AT4G19905	0
AT4G31990	5362
AT4G39510	486
AT4G19830	336
AT4G09520	366
AT4G38495	217
AT4G37608	91
AT4G21870	851
AT4G31230	18
AT4G24644	0
AT4G26210	858
AT4G22035	0
AT4G32272	305
AT4G11830	1386
AT4G09210	2
AT4G11543	1
AT4G04090	1
AT4G36690	6368
AT4G11930	8
AT4G12840	73
AT4G34550	5
AT4G18580	238
AT4G04330	99
AT4G26860	318
AT4G27580	21
AT4G29590	687
AT4G21890	105
AT4G36860	980
AT4G11440	211
AT4G35210	0
AT4G19390	257
AT4G24120	762
AT4G25740	3247
AT4G02370	868
AT4G07940	17
AT4G29880	42
AT4G38520	1299
AT4G16250	378
AT4G00200	92
AT4G20800	1
AT4G18180	0
AT4G13320	0
AT4G20535	0
AT4G18425	145
AT4G16640	7
AT4G35070	115
AT4G37840	0
AT4G38775	0
AT4G25150	62
AT4G01560	1639
AT4G07820	19
AT4G14540	516
AT4G21520	303
AT4G24960	712
AT4G31850	1515
AT4G25180	297
AT4G20880	1093
AT4G34600	256
AT4G34830	2695
AT4G01500	9
AT4G37330	582
AT4G35530	210
AT4G36030	0
AT4G10843	63
AT4G16765	336
AT4G20200	0
AT4G17200	0
AT4G07995	28
AT4G03520	6849
AT4G37090	1004
AT4G33666	5
AT4G05612	0
AT4G26110	5042
AT4G16090	0
AT4G18360	428
AT4G20140	344
AT4G13370	255
AT4G24260	204
AT4G25370	1589
AT4G12210	14
AT4G26145	0
AT4G36360	2970
AT4G38690	155
AT4G27845	0
AT4G10380	1254
AT4G20095	9
AT4G08730	0
AT4G01260	2
AT4G22300	275
AT4G14147	142
AT4G16695	555
AT4G00720	4362
AT4G03950	0
AT4G34930	21
AT4G09170	5
AT4G04957	0
AT4G20720	158
AT4G01890	0
AT4G32105	0
AT4G15250	0
AT4G38390	19
AT4G04540	6
AT4G15770	1058
AT4G11010	9028
AT4G16730	0
AT4G28430	68
AT4G21720	149
AT4G27840	200
AT4G26640	876
AT4G38810	599
AT4G23271	0
AT4G14130	396
AT4G36770	9
AT4G24110	514
AT4G01470	0
AT4G34680	159
AT4G21480	88
AT4G36710	246
AT4G22900	76
AT4G04404	0
AT4G35040	599
AT4G38790	841
AT4G02650	16
AT4G29000	310
AT4G33730	14
AT4G36550	290
AT4G26300	1954
AT4G33830	0
AT4G12760	409
AT4G10340	62605
AT4G21100	1222
AT4G13040	406
AT4G32610	1204
AT4G21490	11
AT4G17530	1091
AT4G06536	3
AT4G13920	0
AT4G30590	0
AT4G20000	27
AT4G02520	908
AT4G28870	0
AT4G23320	26
AT4G32380	0
AT4G29250	0
AT4G30570	291
AT4G29310	473
AT4G26610	494
AT4G39180	129
AT4G21130	0
AT4G15940	516
AT4G16295	0
AT4G00416	2
AT4G08280	719
AT4G09465	0
AT4G27350	365
AT4G26930	2
AT4G26890	12
AT4G15680	17
AT4G37410	268
AT4G34080	0
AT4G03510	366
AT4G21705	230
AT4G16820	0
AT4G12310	1156
AT4G09462	0
AT4G08870	3561
AT4G03940	304
AT4G33480	734
AT4G37530	855
AT4G39100	623
AT4G29560	106
AT4G24150	28
AT4G25440	467
AT4G16857	22
AT4G18140	320
AT4G12617	0
AT4G20670	0
AT4G18700	2950
AT4G18203	0
AT4G15215	104
AT4G14590	117
AT4G36795	2
AT4G39930	17
AT4G30600	2384
AT4G18760	312
AT4G30920	2255
AT4G34460	1195
AT4G27760	858
AT4G05620	0
AT4G12560	1326
AT4G25940	193
AT4G19110	4031
AT4G25540	165
AT4G25315	128
AT4G16745	83
AT4G23350	0
AT4G30830	43
AT4G23515	13
AT4G29740	19
AT4G31290	3139
AT4G31441	22
AT4G27070	727
AT4G20600	0
AT4G31670	584
AT4G37110	383
AT4G24040	82
AT4G37650	403
AT4G00090	858
AT4G15393	45
AT4G35980	242
AT4G30650	597
AT4G39520	2334
AT4G04670	649
AT4G33720	86
AT4G29520	1104
AT4G31355	75
AT4G19150	579
AT4G34215	648
AT4G15790	373
AT4G34860	335
AT4G24204	0
AT4G25515	258
AT4G08850	2671
AT4G27652	56
AT4G07825	616
AT4G17330	3953
AT4G16710	493
AT4G39940	1367
AT4G29360	516
AT4G20820	381
AT4G19550	94
AT4G36500	123
AT4G32930	1042
AT4G00770	5
AT4G29170	124
AT4G21010	0
AT4G19191	47
AT4G23090	0
AT4G35850	1649
AT4G05631	922
AT4G19920	10
AT4G29905	348
AT4G15840	923
AT4G13263	2
AT4G39320	29
AT4G19330	0
AT4G29980	0
AT4G15970	1
AT4G34780	0
AT4G10080	1181
AT4G33470	208
AT4G14740	429
AT4G13350	1007
AT4G18810	2275
AT4G14150	291
AT4G38370	290
AT4G00710	1734
AT4G22666	10
AT4G29140	431
AT4G38210	20
AT4G00940	53
AT4G27590	5
AT4G18950	812
AT4G04850	1079
AT4G15150	81
AT4G00040	1425
AT4G30640	38
AT4G16451	0
AT4G02655	0
AT4G22140	594
AT4G02430	1112
AT4G17210	1
AT4G31910	783
AT4G02590	800
AT4G01880	393
AT4G26140	451
AT4G15950	201
AT4G18660	2
AT4G19240	0
AT4G20260	4542
AT4G16310	1190
AT4G21180	412
AT4G39030	182
AT4G17160	1
AT4G22560	34
AT4G15733	0
AT4G31370	9
AT4G04632	0
AT4G00930	838
AT4G29160	1041
AT4G00140	0
AT4G15060	0
AT4G33530	1251
AT4G28815	6
AT4G01897	178
AT4G15410	611
AT4G18960	11
AT4G04190	140
AT4G27890	8
AT4G09800	2587
AT4G24974	1
AT4G31750	393
AT4G25300	50
AT4G31980	259
AT4G13630	741
AT4G36230	31
AT4G34650	64
AT4G01270	243
AT4G32870	62
AT4G17070	524
AT4G07835	0
AT4G26940	901
AT4G17760	96
AT4G15300	18
AT4G35220	1135
AT4G39460	2299
AT4G23650	3381
AT4G39860	405
AT4G00750	301
AT4G38070	1
AT4G11980	381
AT4G33110	1679
AT4G14815	0
AT4G08260	0
AT4G20520	0
AT4G31400	43
AT4G14900	1081
AT4G27120	608
AT4G29850	0
AT4G21120	50
AT4G08555	46
AT4G23210	16
AT4G00860	2651
AT4G38870	24
AT4G26120	51
AT4G19710	1307
AT4G36740	2
AT4G22212	108
AT4G30900	425
AT4G23890	605
AT4G30310	772
AT4G03965	15
AT4G08330	190
AT4G33990	223
AT4G31540	0
AT4G33070	838
AT4G04650	0
AT4G25845	2
AT4G38350	1702
AT4G04880	317
AT4G36810	0
AT4G27190	2
AT4G30320	46
AT4G33000	281
AT4G02770	21824
AT4G36670	286
AT4G04695	103
AT4G27980	22
AT4G00310	212
AT4G27920	0
AT4G31170	1092
AT4G09984	0
AT4G19660	901
AT4G11385	0
AT4G22950	22
AT4G12250	215
AT4G05530	754
AT4G10820	0
AT4G25430	1
AT4G30130	88
AT4G22360	361
AT4G14990	801
AT4G25850	30
AT4G36980	2035
AT4G24340	11
AT4G00870	38
AT4G37030	93
AT4G18600	283
AT4G13992	41
AT4G16807	61
AT4G09420	166
AT4G40050	782
AT4G39190	207
AT4G19610	1514
AT4G27450	735
AT4G18710	2421
AT4G33140	371
AT4G35783	41
AT4G14330	360
AT4G15140	115
AT4G17620	1001
AT4G25230	806
AT4G12420	3626
AT4G22880	974
AT4G17710	4
AT4G25470	94
AT4G24840	734
AT4G19980	11
AT4G29570	15
AT4G23930	77
AT4G30240	470
AT4G04810	201
AT4G16950	2056
AT4G11270	1473
AT4G10330	419
AT4G29220	2068
AT4G18840	159
AT4G04078	0
AT4G24180	34
AT4G03100	492
AT4G18530	257
AT4G30340	292
AT4G21215	377
AT4G07670	0
AT4G32375	0
AT4G33145	1
AT4G27660	38
AT4G08874	0
AT4G28460	2
AT4G33630	1093
AT4G13000	88
AT4G14410	1184
AT4G35290	340
AT4G10060	482
AT4G22460	0
AT4G36130	3500
AT4G16040	0
AT4G31870	32
AT4G35590	53
AT4G12400	5408
AT4G39090	12232
AT4G07515	0
AT4G16620	59
AT4G23560	1
AT4G30662	1
AT4G03230	525
AT4G17750	234
AT4G28410	88
AT4G39590	17
AT4G29830	285
AT4G15230	177
AT4G25720	330
AT4G36350	0
AT4G13260	40
AT4G19038	0
AT4G38040	534
AT4G04740	458
AT4G23015	0
AT4G29780	268
AT4G08025	0
AT4G39080	4816
AT4G30180	42
AT4G20460	162
AT4G28820	131
AT4G09589	0
AT4G09940	0
AT4G13130	33
AT4G20020	1643
AT4G24210	364
AT4G10500	156
AT4G09140	429
AT4G29600	20
AT4G12382	27
AT4G14605	361
AT4G12080	340
AT4G25200	6486
AT4G19045	188
AT4G07380	0
AT4G25433	17
AT4G25520	800
AT4G28730	545
AT4G34139	0
AT4G18860	0
AT4G37685	32
AT4G03150	190
AT4G13690	55
AT4G02735	0
AT4G03210	5150
AT4G02230	6108
AT4G08550	3
AT4G28240	294
AT4G13575	673
AT4G10610	603
AT4G30990	1700
AT4G34850	19
AT4G33940	515
AT4G13050	782
AT4G00730	1557
AT4G16480	299
AT4G37925	770
AT4G19490	1683
AT4G39970	513
AT4G13890	4
AT4G20320	162
AT4G38830	28
AT4G12060	1680
AT4G28500	33
AT4G21903	35
AT4G28310	316
AT4G36620	20
AT4G25960	1107
AT4G10750	310
AT4G34265	621
AT4G18030	1992
AT4G38062	268
AT4G01210	1190
AT4G04040	1092
AT4G28025	1673
AT4G08370	2
AT4G26060	263
AT4G26760	527
AT4G38660	665
AT4G21170	284
AT4G38490	964
AT4G29730	205
AT4G33565	173
AT4G29030	224
AT4G11610	94
AT4G07868	0
AT4G38180	47
AT4G17360	115
AT4G31073	0
AT4G12390	1091
AT4G26415	26
AT4G18090	1
AT4G14305	38
AT4G30940	167
AT4G31380	3
AT4G15470	2044
AT4G22830	530
AT4G00955	137
AT4G35170	0
AT4G29305	1
AT4G22610	13
AT4G28880	1091
AT4G23850	4328
AT4G11350	93
AT4G02420	143
AT4G16520	945
AT4G21326	273
AT4G13280	126
AT4G13180	863
AT4G05097	2
AT4G14420	1128
AT4G12650	2543
AT4G23373	0
AT4G39640	203
AT4G33180	254
AT4G00840	244
AT4G26830	22
AT4G31490	2028
AT4G20580	0
AT4G28920	0
AT4G01370	1260
AT4G21980	733
AT4G26390	6
AT4G04265	0
AT4G39830	67
AT4G22010	942
AT4G34520	0
AT4G28450	1947
AT4G04870	169
AT4G03945	0
AT4G10370	31
AT4G36890	635
AT4G10010	1
AT4G30300	0
AT4G37850	0
AT4G21070	311
AT4G33300	1952
AT4G13620	34
AT4G03115	99
AT4G28790	679
AT4G23780	10
AT4G22840	118
AT4G37250	280
AT4G10695	7
AT4G16215	2
AT4G28840	13
AT4G32640	1665
AT4G14675	1
AT4G04690	0
AT4G11920	99
AT4G37022	75
AT4G02850	54
AT4G39910	615
AT4G31700	7541
AT4G23230	63
AT4G19560	95
AT4G12780	1331
AT4G16008	33
AT4G21610	493
AT4G16195	0
AT4G21800	1649
AT4G18422	34
AT4G16670	76
AT4G08950	1399
AT4G24160	655
AT4G31240	452
AT4G09660	0
AT4G29920	223
AT4G23140	146
AT4G17430	303
AT4G02440	424
AT4G35250	1324
AT4G23895	188
AT4G17850	0
AT4G08230	1959
AT4G38960	61
AT4G12120	266
AT4G15070	116
AT4G10350	13
AT4G34470	7
AT4G24390	306
AT4G30730	1
AT4G15660	3
AT4G01820	2
AT4G14245	4
AT4G01640	0
AT4G22270	91
AT4G38781	0
AT4G16790	410
AT4G22940	28
AT4G02630	333
AT4G02000	6
AT4G31805	116
AT4G25170	716
AT4G00160	3
AT4G25920	0
AT4G32175	219
AT4G26900	1717
AT4G20650	0
AT4G09670	2242
AT4G11450	264
AT4G32280	7
AT4G27250	9
AT4G11211	221
AT4G14690	139
AT4G22180	0
AT4G14225	0
AT4G10680	0
AT4G28520	1
AT4G03566	0
AT4G32342	0
AT4G13820	53
AT4G28811	5
AT4G26690	1412
AT4G36170	0
AT4G35560	186
AT4G14960	10240
AT4G25760	64
AT4G06634	1071
AT4G19680	8
AT4G33740	1114
AT4G33355	4
AT4G16380	1926
AT4G12320	1613
AT4G25930	1
AT4G21140	487
AT4G00305	20
AT4G18450	8
AT4G29280	0
AT4G23570	1151
AT4G10457	0
AT4G00460	52
AT4G02500	1920
AT4G40070	65
AT4G39900	738
AT4G30790	1017
AT4G25020	166
AT4G34450	3793
AT4G11080	301
AT4G32140	285
AT4G10603	0
AT4G31080	838
AT4G13580	55
AT4G23660	253
AT4G07408	0
AT4G04210	749
AT4G21585	64
AT4G24070	2
AT4G24973	0
AT4G10030	317
AT4G34020	874
AT4G32300	497
AT4G31760	0
AT4G00163	0
AT4G26480	757
AT4G00155	3
AT4G03205	358
AT4G02890	5576
AT4G35830	9139
AT4G22000	1045
AT4G18070	864
AT4G02450	4628
AT4G34990	76
AT4G05160	1316
AT4G36945	81
AT4G17500	470
AT4G14660	264
AT4G00080	133
AT4G09890	270
AT4G03645	0
AT4G15120	26
AT4G08390	2660
AT4G32717	0
AT4G13660	448
AT4G39720	149
AT4G33640	526
AT4G33760	1224
AT4G27690	306
AT4G32240	1790
AT4G29720	595
AT4G10320	3842
AT4G00540	1
AT4G35670	0
AT4G23310	18
AT4G02465	33
AT4G01540	373
AT4G21790	2047
AT4G11845	99
AT4G13510	0
AT4G36160	32
AT4G11590	1
AT4G00231	488
AT4G08940	133
AT4G32430	141
AT4G33670	1449
AT4G39150	798
AT4G16146	279
AT4G01430	320
AT4G37940	20
AT4G22850	272
AT4G36180	1201
AT4G31360	316
AT4G12020	453
AT4G25250	14
AT4G24060	449
AT4G11340	0
AT4G26840	2067
AT4G25840	300
AT4G02010	977
AT4G16490	1051
AT4G32180	1091
AT4G33510	5286
AT4G21540	507
AT4G02100	489
AT4G09850	7
AT4G25260	202
AT4G17380	36
AT4G21390	126
AT4G02670	7
AT4G19930	0
AT4G14100	252
AT4G15563	121
AT4G27750	886
AT4G26350	2
AT4G13572	66
AT4G35090	22181
AT4G30430	11
AT4G20040	43
AT4G27657	24
AT4G25450	721
AT4G07455	219
AT4G06746	100
AT4G30490	476
AT4G09620	431
AT4G09731	3
AT4G22810	34
AT4G34360	275
AT4G00330	539
AT4G04760	0
AT4G13577	10
AT4G10800	99
AT4G16563	1055
AT4G12140	0
AT4G11570	2227
AT4G38410	13
AT4G22890	3902
AT4G02260	2311
AT4G02350	1228
AT4G34570	467
AT4G18320	1
AT4G01935	184
AT4G15500	101
AT4G22960	42
AT4G17580	1
AT4G24020	1122
AT4G05000	194
AT4G12070	207
AT4G09820	127
AT4G37720	0
AT4G17700	0
AT4G05523	0
AT4G36000	45
AT4G18730	6470
AT4G08180	678
AT4G18520	725
AT4G15765	130
AT4G29710	2
AT4G14120	54
AT4G30190	13935
AT4G35985	138
AT4G02150	1962
AT4G08875	0
AT4G27470	242
AT4G27090	11652
AT4G23020	55
AT4G25610	412
AT4G00050	430
AT4G12690	90
AT4G10720	11
AT4G23380	0
AT4G01400	85
AT4G02970	2499
AT4G09980	1195
AT4G12880	2292
AT4G32770	342
AT4G02140	17
AT4G12495	0
AT4G00620	999
AT4G04790	260
AT4G04480	4
AT4G02080	1284
AT4G11390	0
AT4G14060	102
AT4G04972	2
AT4G14200	320
AT4G01070	1604
AT4G02950	1
AT4G21550	180
AT4G09440	0
AT4G36420	1090
AT4G36450	37
AT4G16120	478
AT4G15233	177
AT4G02780	21
AT4G01915	485
AT4G07960	51
AT4G01420	26
AT4G20210	14
AT4G39925	25
AT4G31685	5
AT4G39360	22
AT4G00300	989
AT4G38150	280
AT4G38300	72
AT4G11780	15
AT4G16390	1422
AT4G16510	234
AT4G28530	76
AT4G37640	1014
AT4G21300	91
AT4G01450	646
AT4G30010	3106
AT4G27230	379
AT4G18680	5
AT4G18780	430
AT4G29020	2206
AT4G20870	1248
AT4G28850	3
AT4G35780	326
AT4G14805	6
AT4G02541	0
AT4G10310	56
AT4G36820	15
AT4G14380	25
AT4G11770	0
AT4G00953	0
AT4G18980	9
AT4G37970	98
AT4G02340	931
AT4G11970	288
AT4G16855	0
AT4G39920	169
AT4G22485	1
AT4G16810	7
AT4G20110	369
AT4G13968	0
AT4G32720	2765
AT4G03156	1
AT4G13070	217
AT4G00950	148
AT4G22280	165
AT4G04470	435
AT4G26701	0
AT4G34412	149
AT4G16150	1820
AT4G13985	2
AT4G20850	5644
AT4G36470	263
AT4G36020	1813
AT4G26288	3
AT4G36840	259
AT4G38640	791
AT4G33080	1415
AT4G16350	12
AT4G28005	10
AT4G38800	5547
AT4G01650	315
AT4G28068	0
AT4G26800	160
AT4G22690	1149
AT4G02200	91
AT4G02610	376
AT4G00440	1292
AT4G11460	308
AT4G12340	1358
AT4G38310	0
AT4G04415	0
AT4G09880	0
AT4G02530	2579
AT4G20400	1123
AT4G02195	205
AT4G12700	310
AT4G38420	450
AT4G34440	10
AT4G37280	747
AT4G39540	869
AT4G18790	2
AT4G34320	62
AT4G26770	5
AT4G24175	299
AT4G11750	0
AT4G31440	100
AT4G06583	0
AT4G03000	779
AT4G11330	85
AT4G06534	36
AT4G09000	3657
AT4G29490	899
AT4G05350	1
AT4G01245	0
AT4G33240	1110
AT4G32130	1018
AT4G02660	501
AT4G27500	4212
AT4G10150	4
AT4G02400	1827
AT4G04500	5
AT4G28040	276
AT4G12150	0
AT4G01480	778
AT4G31510	216
AT4G37660	419
AT4G31600	274
AT4G14270	1836
AT4G34090	776
AT4G01870	163
AT4G23260	748
AT4G37550	663
AT4G13110	142
AT4G17505	0
AT4G36650	316
AT4G02050	860
AT4G25570	3238
AT4G26740	2
AT4G08670	0
AT4G09965	0
AT4G09610	0
AT4G32160	698
AT4G04570	550
AT4G33150	846
AT4G35950	551
AT4G03370	0
AT4G32150	2924
AT4G22240	2523
AT4G37010	67
AT4G20070	154
AT4G25400	8
AT4G30530	3232
AT4G39400	3001
AT4G08780	18
AT4G19850	91
AT4G26420	0
AT4G22550	115
AT4G20900	5
AT4G24590	242
AT4G23400	2146
AT4G39690	1365
AT4G14096	200
AT4G09310	0
AT4G03540	55
AT4G11670	455
AT4G34170	0
AT4G30750	820
AT4G37100	428
AT4G36290	470
AT4G20250	0
AT4G20935	13
AT4G14950	499
AT4G23730	333
AT4G09150	1680
AT4G00360	778
AT4G35200	5
AT4G07400	179
AT4G35655	0
AT4G19860	1427
AT4G10190	0
AT4G23120	0
AT4G39840	0
AT4G22430	0
AT4G09500	342
AT4G11730	0
AT4G32990	51
AT4G19370	8
AT4G32915	508
AT4G25225	173
AT4G22220	2308
AT4G37680	1070
AT4G02570	5009
AT4G23010	675
AT4G13410	14
AT4G27280	479
AT4G23870	140
AT4G21580	3063
AT4G24910	33
AT4G19100	227
AT4G09590	2
AT4G26370	1660
AT4G27130	2601
AT4G01600	141
AT4G11090	262
AT4G20680	0
AT4G37400	55
AT4G23530	316
AT4G17260	462
AT4G05200	146
AT4G08310	749
AT4G29860	109
AT4G00070	18
AT4G21910	753
AT4G09550	167
AT4G14240	553
AT4G19750	0
AT4G15975	57
AT4G18670	1880
AT4G12820	0
AT4G37190	683
AT4G16190	7221
AT4G05320	27578
AT4G10200	70
AT4G12040	906
AT4G39950	2484
AT4G14160	1821
AT4G26030	1
AT4G24413	0
AT4G04320	478
AT4G14280	5
AT4G00590	273
AT4G36630	963
AT4G19650	214
AT4G30064	0
AT4G20330	804
AT4G31960	1
AT4G18240	2255
AT4G29870	391
AT4G15090	1061
AT4G02160	2
AT4G32370	0
AT4G16600	26
AT4G12543	0
AT4G29430	656
AT4G31650	149
AT4G12580	49
AT4G28250	1022
AT4G26040	0
AT4G01810	1695
AT4G01335	4
AT4G21065	123
AT4G09070	0
AT4G12270	5
AT4G24140	169
AT4G35300	3395
AT4G07675	0
AT4G01150	19311
AT4G15850	242
AT4G08545	4
AT4G03930	231
AT4G25380	7
AT4G19160	847
AT4G18490	262
AT4G24275	236
AT4G13230	1
AT4G14746	204
AT4G39170	1078
AT4G02485	112
AT4G22680	12
AT4G33200	1086
AT4G17060	702
AT4G09795	0
AT4G37730	98
AT4G15420	639
AT4G24570	358
AT4G20953	9
AT4G21020	28
AT4G29735	1004
AT4G38910	162
AT4G15160	400
AT4G29654	0
AT4G38840	872
AT4G28088	0
AT4G38700	65
AT4G36970	686
AT4G20480	1972
AT4G19140	310
AT4G16440	362
AT4G36380	727
AT4G02620	2060
AT4G24760	529
AT4G36540	769
AT4G21250	7
AT4G04220	0
AT4G31150	285
AT4G13340	5926
AT4G08790	264
AT4G38630	2289
AT4G20370	18
AT4G19120	2340
AT4G31330	149
AT4G03030	991
AT4G21680	448
AT4G01410	331
AT4G28770	585
AT4G15056	0
AT4G19400	0
AT4G31060	195
AT4G23440	403
AT4G31300	2286
AT4G34060	133
AT4G12230	621
AT4G22463	0
AT4G18460	240
AT4G14510	1868
AT4G21810	766
AT4G21213	21
AT4G08869	0
AT4G20100	0
AT4G01020	476
AT4G32790	270
AT4G13190	6
AT4G30996	569
AT4G14880	7102
AT4G12550	4
AT4G00990	592
AT4G14920	865
AT4G14700	24
AT4G22390	133
AT4G05270	0
AT4G17460	367
AT4G20890	2653
AT4G08800	1
AT4G35390	92
AT4G11660	222
AT4G03410	208
AT4G19760	0
AT4G18010	2048
AT4G11720	7
AT4G15715	0
AT4G25650	1553
AT4G16845	707
AT4G25790	51
AT4G28485	7
AT4G26600	1758
AT4G12334	0
AT4G33960	349
AT4G05250	0
AT4G24200	802
AT4G03280	11814
AT4G27180	1000
AT4G28440	1159
AT4G34180	3108
AT4G22475	9
AT4G12730	951
AT4G30550	698
AT4G14220	600
AT4G33060	803
AT4G01610	7210
AT4G21260	0
AT4G20570	0
AT4G27585	1076
AT4G33625	922
AT4G37750	713
AT4G34430	981
AT4G26650	1068
AT4G30090	20
AT4G22660	0
AT4G35375	0
AT4G16447	205
AT4G02060	1052
AT4G26190	2053
AT4G28580	0
AT4G10840	1586
AT4G26330	6
AT4G33350	814
AT4G16920	88
AT4G34040	1212
AT4G33450	3
AT4G14276	0
AT4G12825	0
AT4G34110	18525
AT4G22070	6
AT4G35270	454
AT4G32190	909
AT4G05040	437
AT4G10920	1279
AT4G39700	61
AT4G00420	285
AT4G35630	1809
AT4G02320	14
AT4G16800	518
AT4G30780	371
AT4G21445	329
AT4G28000	0
AT4G15670	6
AT4G24510	461
AT4G18300	350
AT4G14830	69
AT4G15270	16
AT4G16140	324
AT4G24050	103
AT4G13600	21
AT4G09040	1157
AT4G11230	42
AT4G09130	6
AT4G19485	0
AT4G19530	1521
AT4G31120	2186
AT4G37820	963
AT4G21280	23178
AT4G00380	697
AT4G28030	1366
AT4G04340	2074
AT4G37890	84
AT4G18440	2065
AT4G06490	0
AT4G12440	3
AT4G01630	14
AT4G17830	1158
AT4G16500	1035
AT4G38890	1796
AT4G05330	321
AT4G03140	17
AT4G39570	357
AT4G38225	1273
AT4G14870	622
AT4G25320	405
AT4G21270	432
AT4G35335	429
AT4G33370	1
AT4G24920	1015
AT4G21570	1833
AT4G27820	376
AT4G39630	76
AT4G39490	0
AT4G37900	123
AT4G03590	0
AT4G13200	1099
AT4G18540	0
AT4G36260	72
AT4G20630	0
AT4G15260	299
AT4G09680	896
AT4G23270	706
AT4G32950	18
AT4G17616	305
AT4G31260	0
AT4G09464	0
AT4G19000	1
AT4G11240	1332
AT4G15025	0
AT4G32551	1642
AT4G15620	348
AT4G16233	2
AT4G29690	15
AT4G01860	815
AT4G08210	127
AT4G11400	22
AT4G00872	0
AT4G26410	1282
AT4G37170	137
AT4G22100	0
AT4G33650	955
AT4G11600	4284
AT4G25700	1052
AT4G14000	385
AT4G36570	22
AT4G29540	177
AT4G30050	0
AT4G30860	129
AT4G02580	2829
AT4G04900	36
AT4G34880	20
AT4G16030	2
AT4G32650	668
AT4G19500	1734
AT4G38970	43191
AT4G29900	1782
AT4G34480	1061
AT4G32040	456
AT4G13860	52
AT4G15475	399
AT4G17483	31
AT4G05390	2836
AT4G39756	0
AT4G33890	451
AT4G24480	339
AT4G31030	0
AT4G35180	105
AT4G23970	0
AT4G22060	0
AT4G22520	0
AT4G13710	147
AT4G11840	572
AT4G04925	372
AT4G28390	1437
AT4G37409	0
AT4G24290	1356
AT4G05018	0
AT4G22190	878
AT4G34770	96
AT4G34530	0
AT4G20240	146
AT4G00130	0
AT4G08170	404
AT4G05120	157
AT4G20840	539
AT4G25680	492
AT4G03290	1
AT4G15248	3
AT4G09180	339
AT4G12290	3415
AT4G38950	227
AT4G07390	795
AT4G17713	1
AT4G28380	53
AT4G00760	387
AT4G16835	86
AT4G24730	328
AT4G24610	895
AT4G00026	950
AT4G28700	7
AT4G16960	188
AT4G27900	363
AT4G19220	43
AT4G34120	1116
AT4G28070	263
AT4G16410	194
AT4G05497	21
AT4G21410	568
AT4G03830	0
AT4G02800	208
AT4G28480	822
AT4G13530	459
AT4G11470	0
AT4G14290	258
AT4G11900	350
AT4G33467	6
AT4G32714	0
AT4G35430	0
AT4G00467	1
AT4G10430	776
AT4G30800	377
AT4G33270	1031
AT4G19770	0
AT4G34610	337
AT4G25530	3
AT4G14480	77
AT4G18880	434
AT4G28320	204
AT4G16740	1
AT4G09640	270
AT4G25140	4
AT4G14020	964
AT4G08878	0
AT4G18195	14
AT4G13440	2
AT4G15096	2
AT4G14385	702
AT4G39290	0
AT4G21230	88
AT4G16980	7
AT4G02560	937
AT4G17950	779
AT4G25434	52
AT4G13080	0
AT4G23050	816
AT4G30250	93
AT4G01680	70
AT4G39753	4
AT4G22290	279
AT4G25835	346
AT4G24600	1
AT4G33920	619
AT4G08840	0
AT4G18170	13
AT4G01380	0
AT4G24560	844
AT4G03020	1656
AT4G11160	1664
AT4G09080	18
AT4G05632	0
AT4G37520	967
AT4G37740	249
AT4G23030	23
AT4G03380	1
AT4G16915	0
AT4G30170	937
AT4G32010	1272
AT4G10590	683
AT4G39610	2
AT4G38550	0
AT4G14890	0
AT4G38740	3862
AT4G35710	2
AT4G08097	0
AT4G23040	491
AT4G39300	323
AT4G22756	389
AT4G12720	239
AT4G03165	0
AT4G14570	810
AT4G17040	4094
AT4G17470	84
AT4G09153	0
AT4G19035	0
AT4G15200	2
AT4G38510	3155
AT4G04775	0
AT4G35690	0
AT4G32605	617
AT4G27720	874
AT4G22920	230
AT4G17615	260
AT4G15920	665
AT4G32400	1011
AT4G37460	1775
AT4G40030	1996
AT4G29230	143
AT4G09570	804
AT4G14180	37
AT4G30680	194
AT4G38360	794
AT4G28230	217
AT4G07740	0
AT4G39020	0
AT4G10250	82186
AT4G03270	52
AT4G21750	1088
AT4G07666	0
AT4G08920	2462
AT4G35230	1121
AT4G38770	9089
AT4G32440	863
AT4G31450	543
AT4G27810	10
AT4G38020	1082
AT4G17280	68
AT4G33310	0
AT4G24650	0
AT4G35160	16
AT4G22200	910
AT4G34390	567
AT4G12555	0
AT4G12350	5
AT4G38160	965
AT4G19340	0
AT4G36370	0
AT4G00610	0
AT4G12770	1067
AT4G05490	0
AT4G32250	731
AT4G18350	17
AT4G11580	0
AT4G20790	0
AT4G34810	23
AT4G34310	541
AT4G38620	488
AT4G35120	3
AT4G27850	18
AT4G20910	427
AT4G10290	0
AT4G37710	0
AT4G35970	145
AT4G31840	511
AT4G15370	5
AT4G02550	415
AT4G19640	1242
AT4G31340	2739
AT4G11320	1126
AT4G13700	0
AT4G15480	41
AT4G26700	1153
AT4G38065	6
AT4G29620	4
AT4G16700	221
AT4G18690	8
AT4G24265	21
AT4G10670	0
AT4G15110	2018
AT4G01290	2522
AT4G22150	427
AT4G18820	675
AT4G20300	603
AT4G35730	284
AT4G01760	3
AT4G32290	338
AT4G19580	6
AT4G02910	0
AT4G33925	30
AT4G33680	3786
AT4G36410	126
AT4G25240	483
AT4G10767	0
AT4G39280	1432
AT4G08690	407
AT4G29260	231
AT4G29050	10
AT4G18400	235
AT4G34280	408
AT4G22230	6
AT4G10660	0
AT4G15930	861
AT4G39500	38
AT4G19865	128
AT4G25890	1080
AT4G18593	366
AT4G39880	872
AT4G39480	87
AT4G16155	1323
AT4G10400	435
AT4G14450	4
AT4G14365	315
AT4G37270	1883
AT4G39330	1711
AT4G39240	711
AT4G29460	0
AT4G13965	0
AT4G25860	0
AT4G09760	470
AT4G21150	2024
AT4G24320	145
AT4G38092	4
AT4G27680	527
AT4G30390	194
AT4G21740	130
AT4G13460	1091
AT4G12735	7
AT4G29285	0
AT4G00240	168
AT4G31560	538
AT4G28360	751
AT4G00100	5100
AT4G18650	0
AT4G08480	429
AT4G34140	735
AT4G08593	6
AT4G38680	3227
AT4G19940	4
AT4G20980	2349
AT4G36880	423
AT4G30820	215
AT4G28010	243
AT4G39600	77
AT4G34730	772
AT4G24015	38
AT4G04780	250
AT4G16444	239
AT4G37080	623
AT4G29200	51
AT4G07524	0
AT4G13800	307
AT4G35930	292
AT4G02489	0
AT4G11540	0
AT4G32810	85
AT4G13160	0
AT4G18215	1
AT4G08406	0
AT4G18335	1
AT4G08760	2
AT4G11910	27
AT4G29658	0
AT4G30260	560
AT4G19070	266
AT4G26520	1073
AT4G10180	1007
AT4G13300	0
AT4G25770	210
AT4G29650	0
AT4G30810	1766
AT4G37130	464
AT4G13250	3321
AT4G10595	0
AT4G03470	0
AT4G32860	43
AT4G14640	6
AT4G13170	2945
AT4G31710	36
AT4G20640	0
AT4G37070	106
AT4G39410	17
AT4G04510	9
AT4G23330	373
AT4G16555	96
AT4G03480	10
AT4G14819	0
AT4G39350	3335
AT4G39370	147
AT4G07990	652
AT4G19900	283
AT4G32560	97
AT4G03320	736
AT4G09870	3
AT4G40080	0
AT4G07325	0
AT4G37980	1785
AT4G10930	1076
AT4G39670	51
AT4G20030	142
AT4G31351	56
AT4G17560	2897
AT4G35650	55
AT4G29300	0
AT4G25707	120
AT4G11300	171
AT4G21050	0
AT4G32980	1238
AT4G29820	241
AT4G24400	773
AT4G28405	0
AT4G05520	647
AT4G10730	1087
AT4G16690	72
AT4G36430	345
AT4G10260	2
AT4G20690	82
AT4G16280	1230
AT4G27780	332
AT4G24670	200
AT4G35680	4
AT4G31354	70
AT4G12680	227
AT4G15700	16
AT4G29190	709
AT4G17080	645
AT4G04930	0
AT4G35350	863
AT4G14315	0
AT4G01590	867
AT4G09649	2
AT4G01790	76
AT4G38190	2
AT4G16460	43
AT4G19440	464
AT4G21670	1017
AT4G34131	304
AT4G35060	105
AT4G22590	265
AT4G02075	153
AT4G10220	0
AT4G18130	715
AT4G28930	0
AT4G33620	220
AT4G28710	801
AT4G13020	1095
AT4G29550	9
AT4G14770	676
AT4G27570	2
AT4G15210	2694
AT4G27150	2
AT4G23690	308
AT4G10110	547
AT4G09012	95
AT4G15050	0
AT4G35910	454
AT4G31140	194
AT4G25000	198
AT4G04990	5
AT4G35500	262
AT4G20050	84
AT4G12530	337
AT4G23170	380
AT4G30380	5
AT4G29530	94
AT4G20565	0
AT4G13615	2112
AT4G07815	45
AT4G03815	0
AT4G05205	0
AT4G04065	0
AT4G06065	2
AT4G08915	3
AT4G07020	0
AT4G03875	5
AT4G06890	0
AT4G06005	1
AT4G09125	0
AT4G09885	0
AT4G06860	0
AT4G06345	0
AT4G05895	0
AT4G08975	0
AT4G06105	0
AT4G07985	0
AT4G05425	1
AT4G03535	0
AT4G08365	0
AT4G05920	0
AT4G05295	1
AT4G08505	53
AT4G09895	0
AT4G05840	6
AT4G05945	0
AT4G09085	0
AT4G09045	0
AT4G09155	0
AT4G05795	0
AT4G06335	0
AT4G09995	0
AT4G05625	0
AT4G06050	0
AT4G08585	0
AT4G05780	0
AT4G07015	0
AT4G03785	0
AT4G04945	0
AT4G08845	0
AT4G09915	0
AT4G09115	0
AT4G09015	0
AT4G07040	0
AT4G07775	0
AT4G04855	0
AT4G07215	0
AT4G07200	0
AT4G09605	0
AT4G05655	0
AT4G04765	0
AT4G08835	3
AT4G03545	0
AT4G08215	0
AT4G05215	1
AT4G07505	0
AT4G07185	0
AT4G05615	0
AT4G08415	3
AT4G07955	0
AT4G05315	7
AT4G06455	0
AT4G05245	0
AT4G06980	48
AT4G07805	0
AT4G05025	0
AT4G09185	0
AT4G07050	0
AT4G06450	0
AT4G07180	0
AT4G06765	0
AT4G04115	0
AT4G04805	6
AT4G09285	0
AT4G07645	0
AT4G05880	0
AT4G07115	0
AT4G09575	5
AT4G05885	0
AT4G07060	0
AT4G09485	0
AT4G03855	0
AT4G05740	0
AT4G07025	0
AT4G05665	0
AT4G08725	0
AT4G04795	2
AT4G07105	0
AT4G06725	0
AT4G08955	0
AT4G03805	0
AT4G08715	0
AT4G09865	1
AT4G05650	30
AT4G06265	23
AT4G06830	0
AT4G06225	0
AT4G06145	0
AT4G04585	0
AT4G05805	0
AT4G04865	0
AT4G06165	0
AT4G08255	0
AT4G07010	0
AT4G06845	0
AT4G06800	0
AT4G04345	0
AT4G09025	0
AT4G04305	0
AT4G09065	0
AT4G04665	0
AT4G09295	0
AT4G08045	2
AT4G07265	0
AT4G09725	0
AT4G05235	0
AT4G06805	0
AT4G08065	0
AT4G06055	0
AT4G07090	0
AT4G06880	86
AT4G05710	0
AT4G07205	2
AT4G08495	1
AT4G08855	0
AT4G07160	0
AT4G09665	0
AT4G05995	0
AT4G08265	1
AT4G06185	0
AT4G09905	0
AT4G05870	0
AT4G06295	0
AT4G09145	0
AT4G05005	0
AT4G06365	0
AT4G07240	0
AT4G04645	0
AT4G07235	0
AT4G06975	0
AT4G05790	0
AT4G05375	0
AT4G07250	4
AT4G06945	0
AT4G07845	0
AT4G09755	0
AT4G04385	0
AT4G09055	0
AT4G08435	0
AT4G06155	0
AT4G08075	0
AT4G06810	1
AT4G06290	0
AT4G07345	0
AT4G07300	0
AT4G06090	0
AT4G06825	0
AT4G05700	0
AT4G06815	0
AT4G04015	0
AT4G08515	3
AT4G06955	12
AT4G06200	0
AT4G09515	0
AT4G08635	0
AT4G07715	0
AT4G06045	0
AT4G07375	0
AT4G09075	0
AT4G06675	0
AT4G05720	0
AT4G07150	0
AT4G06905	1
AT4G07070	13
AT4G04085	0
AT4G07225	0
AT4G06095	0
AT4G03525	0
AT4G06235	4
AT4G05565	0
AT4G04235	0
AT4G07220	0
AT4G04675	15
AT4G08385	0
AT4G09315	0
AT4G06895	0
AT4G06715	0
AT4G09495	0
AT4G06950	0
AT4G04625	0
AT4G04965	1
AT4G05765	0
AT4G03905	2
AT4G07210	0
AT4G09105	3
AT4G05485	0
AT4G06370	0
AT4G08525	0
AT4G07305	0
AT4G06820	0
AT4G08085	0
AT4G09005	2
AT4G09675	0
AT4G07055	1
AT4G06925	0
AT4G06445	0
AT4G06855	0
AT4G08205	0
AT4G09240	8
AT4G04215	1
AT4G08885	0
AT4G05985	1
AT4G09645	3
AT4G05545	0
AT4G06755	0
AT4G06085	0
AT4G06385	0
AT4G05845	1
AT4G05085	0
AT4G07280	0
AT4G09235	0
AT4G04565	65
AT4G07545	0
AT4G05875	0
AT4G05965	0
AT4G08355	0
AT4G09705	0
AT4G07465	1
AT4G07575	0
AT4G05135	0
AT4G09635	0
AT4G06080	4
AT4G06285	0
AT4G05730	0
AT4G05745	0
AT4G04785	0
AT4G07535	0
AT4G06000	1
AT4G05660	0
AT4G05335	5
AT4G08185	0
AT4G04895	0
AT4G05715	10
AT4G05255	0
AT4G05675	0
AT4G08465	0
AT4G04875	0
AT4G07395	0
AT4G06460	0
AT4G04975	2
AT4G05385	0
AT4G07335	0
AT4G05670	0
AT4G06170	1
AT4G08195	0
AT4G07295	0
AT4G09945	0
AT4G08775	0
AT4G06390	0
AT4G08445	0
AT4G07385	0
AT4G09445	0
AT4G08665	0
AT4G04535	1
AT4G05750	0
AT4G06930	0
AT4G05355	0
AT4G05285	0
AT4G09765	9
AT4G09415	2
AT4G06425	0
AT4G06965	0
AT4G05465	0
AT4G09265	0
AT4G09395	0
AT4G07270	0
AT4G06835	9
AT4G05525	11
AT4G07110	0
AT4G08865	0
AT4G09655	0
AT4G07665	0
AT4G07925	0
AT4G07045	0
AT4G06760	0
AT4G09325	0
AT4G08475	0
AT4G05075	0
AT4G06970	0
AT4G05435	0
AT4G06850	3
AT4G07785	0
AT4G06960	0
AT4G05950	0
AT4G05445	0
AT4G03765	0
AT4G07125	0
AT4G08965	0
AT4G06400	0
AT4G05225	0
AT4G05890	0
AT4G09525	0
AT4G04905	0
AT4G07765	0
AT4G09175	1
AT4G07745	0
AT4G04295	0
AT4G09555	0
AT4G06935	7
AT4G06330	0
AT4G06205	0
AT4G07170	16
AT4G05865	0
AT4G04995	13
AT4G06300	0
AT4G03575	0
AT4G08595	1
AT4G06440	0
AT4G06920	0
AT4G03555	0
AT4G07905	0
AT4G05975	0
AT4G06885	0
AT4G06195	4
AT4G04815	0
AT4G06380	0
AT4G07175	0
AT4G05275	1
AT4G04195	0
AT4G05695	0
AT4G04755	0
AT4G05850	0
AT4G06070	0
AT4G09335	1
AT4G06115	3
AT4G04285	0
AT4G04355	0
AT4G06280	1
AT4G03715	0
AT4G07135	0
AT4G05980	0
AT4G05115	0
AT4G05990	0
AT4G03665	0
AT4G09275	9
AT4G09305	1
AT4G06910	0
AT4G05970	0
AT4G05705	0
AT4G05535	1
AT4G08565	0
AT4G07245	0
AT4G06795	0
AT4G06140	1
AT4G09825	4
AT4G09855	1
AT4G05770	0
AT4G05900	0
AT4G09935	0
AT4G05645	0
AT4G06160	0
AT4G05125	0
AT4G05605	0
AT4G07230	0
AT4G06900	3
AT4G07865	0
AT4G03955	0
AT4G08055	0
AT4G09365	1
AT4G03685	0
AT4G06785	0
AT4G07975	2
AT4G09535	0
AT4G05690	0
AT4G03675	0
AT4G04325	0
AT4G00975	6
AT4G03895	0
AT4G07065	1
AT4G07855	7
AT4G28652	0
AT4G06870	0
AT4G04035	1
AT4G09375	15
AT4G20362	156
AT4G09432	32
AT4G07290	0
AT4G08925	1
AT4G07165	0
AT4G03985	0
AT4G27852	49
AT4G06745	0
AT4G26795	6
AT4G06395	0
AT4G03845	3
AT4G40085	0
AT4G07365	20
AT4G06215	0
AT4G37432	0
AT4G26542	0
AT4G13505	0
AT4G06135	0
AT4G04275	0
AT4G08225	11
AT4G09685	0
AT4G37553	8
AT4G05065	0
AT4G06990	0
AT4G05735	0
AT4G07195	2
AT4G04221	2
AT4G37895	0
AT4G34332	0
AT4G09385	0
AT4G04055	0
AT4G05810	1
AT4G25885	25
AT4G07735	0
AT4G06410	0
AT4G05015	0
AT4G07260	0
AT4G09225	0
AT4G04515	0
AT4G38932	354
AT4G07405	0
AT4G03755	10
AT4G38545	9
AT4G06175	0
AT4G01593	115
AT4G25719	4
AT4G07275	0
AT4G07895	0
AT4G04445	10
AT4G04005	3
AT4G08295	1
AT4G38552	0
AT4G06995	0
AT4G06665	0
AT4G08245	0
AT4G05155	6
AT4G31248	6
AT4G17098	1
AT4G03585	0
AT4G07655	0
AT4G09985	0
AT4G05785	0
AT4G03655	0
AT4G05680	0
AT4G06340	2
AT4G06985	0
AT4G36808	0
AT4G08935	0
AT4G03595	5
AT4G05395	0
AT4G09785	17
AT4G06775	6
AT4G07255	0
AT4G06780	0
AT4G07190	15
AT4G09695	0
AT4G04075	2
AT4G08575	0
AT4G09955	0
AT4G08315	0
AT4G04505	0
AT4G07095	0
AT4G07085	0
AT4G09975	0
AT4G05755	0
AT4G04225	9
AT4G36052	0
AT4G26488	11
AT4G08015	0
AT4G36032	0
AT4G08005	1
AT4G31398	61
AT4G05405	2
AT4G06060	7
AT4G13918	12
AT4G09815	0
AT4G04435	10
AT4G28162	110
AT4G04077	1
AT4G08815	0
AT4G08305	9
AT4G05815	0
AT4G05910	0
AT4G03705	1
AT4G08785	22
AT4G07130	0
AT4G09165	0
AT4G07285	0
AT4G09715	0
AT4G06770	14
AT4G08805	0
AT4G05775	0
AT4G08825	2
AT4G06415	0
AT4G03725	1
AT4G06875	0
AT4G04425	2
AT4G26582	0
AT4G08795	0
AT4G07030	0
AT4G04335	0
AT4G22233	0
AT4G38215	14
AT4G39838	0
AT4G05760	2
AT4G26095	0
AT4G08705	9
AT4G08985	0
AT4G06685	0
AT4G05685	26
AT4G08285	0
AT4G34071	0
AT4G04135	4
AT4G37225	1
AT4G05935	0
AT4G04455	0
AT4G06210	0
AT4G05915	0
AT4G06695	1
AT4G27765	2
AT4G04365	0
AT4G05800	0
AT4G04825	0
AT4G10345	0
AT4G08116	0
AT4G06915	2
AT4G05415	0
AT4G13564	0
AT4G31877	133
AT4G23713	3
AT4G21595	0
AT4G03445	34
AT4G07080	0
AT4G08335	0
AT4G05925	0
AT4G09735	0
AT4G05105	2
AT4G23387	1
AT4G00885	0
AT4G03039	0
AT4G04125	0
AT4G06260	0
AT4G32445	4
AT4G09925	0
AT4G13493	153
AT4G23375	0
AT4G05930	0
AT4G13554	6
AT4G07000	0
AT4G05508	0
AT4G05855	1
AT4G07100	0
AT4G06865	0
AT4G05860	0
AT4G24415	37
AT4G17788	26
AT4G06110	0
AT4G14811	0
AT4G05305	0
AT4G14504	1
AT4G07005	0
AT4G06075	75
AT4G04095	0
AT4G05455	0
AT4G04835	5
AT4G13494	11
AT4G03438	0
AT4G30972	0
AT4G06130	0
AT4G19395	53
AT4G13555	6
AT4G03455	0
AT4G21362	0
AT4G07565	0
AT4G06245	0
AT4G05055	0
AT4G06240	0
AT4G02555	0
AT4G39366	206
AT4G07625	3
AT4G04475	5
AT4G06255	7
AT4G06015	3
AT4G08155	7
AT4G26365	1
AT4G08235	0
AT4G04485	5
AT4G08625	8
AT4G05045	0
AT4G13245	0
AT4G06315	5
AT4G05048	0
AT4G08325	2
AT4G06305	25
AT4G06250	0
AT4G03915	0
AT4G09475	0
AT4G39364	91
AT4G08165	2
AT4G39361	44
AT4G04465	13
AT4G09845	8
AT4G25631	20
AT4G03295	1
AT4G04205	16
AT4G06310	5
AT4G06320	0
AT4G39363	28
AT4G08615	10
AT4G15258	13
AT4G07635	2
AT4G07075	0
AT4G03925	8
AT4G06705	0
AT4G06010	1
AT4G08425	0
AT4G08125	6
AT4G08175	20
AT4G04185	0
AT4G06405	0
AT4G07120	0
AT4G03995	0
AT4G08755	6
AT4G07145	0
AT4G09135	0
AT4G07875	0
AT4G04615	4
AT4G06375	0
AT4G39985	0
AT4G13445	0
AT4G34975	0
AT4G36635	0
AT4G23915	0
AT4G11405	0
AT4G00985	0
AT4G27875	0
AT4G17975	0
AT4G14415	0
AT4G37175	1
AT4G26675	1
AT4G25585	0
AT4G03405	0
AT4G23635	0
AT4G36197	0
AT4G18815	0
AT4G32765	0
AT4G14345	0
AT4G22265	0
AT4G34415	0
AT4G01355	0
AT4G22754	0
AT4G34695	0
AT4G03285	0
AT4G39345	1
AT4G29415	0
AT4G00085	0
AT4G27395	1
AT4G25635	0
AT4G24565	0
AT4G26385	0
AT4G16235	0
AT4G11213	0
AT4G15775	0
AT4G31265	1
AT4G03435	0
AT4G17612	0
AT4G01865	0
AT4G26225	0
AT4G11985	0
AT4G39672	0
AT4G22635	0
AT4G34035	0
AT4G32265	0
AT4G31895	0
AT4G28362	0
AT4G27885	0
AT4G12065	3
AT4G12405	0
AT4G08345	0
AT4G12115	0
AT4G11355	0
AT4G13265	0
AT4G36245	0
AT4G26375	0
AT4G10815	0
AT4G17765	1
AT4G16105	0
AT4G18255	0
AT4G02055	0
AT4G11177	0
AT4G20115	0
AT4G39865	0
AT4G11216	0
AT4G32475	0
AT4G31075	0
AT4G28915	0
AT4G39195	0
AT4G31695	0
AT4G39615	0
AT4G24025	0
AT4G16475	0
AT4G25435	0
AT4G03135	0
AT4G16465	0
AT4G18725	0
AT4G03935	49
AT4G03038	1
AT4G16355	7
AT4G05905	3
AT4G06701	144
AT4G31408	101
AT4G04223	70
AT4G16748	0
AT4G12917	192
AT4G10507	1
AT4G15242	0
AT4G02005	492
AT4G14548	90
AT4G13495	2262
AT4G03811	33
AT4G39404	119
AT4G05940	0
AT4G04315	0
AT4G40065	92
AT4G23205	15
AT4G08035	307
AT4G26255	11
AT4G05365	1
AT4G30975	120
AT4G30872	0
AT4G16892	18
AT4G09405	4
AT4G36648	2099
AT4G03605	0
AT4G09195	0
AT4G01533	19
ATMG00440	0
ATMG00850	0
ATMG01350	0
ATMG01300	0
ATMG01275	0
ATMG00480	0
ATMG00320	0
ATMG01120	0
ATMG00960	0
ATMG00870	0
ATMG00660	0
ATMG00060	0
ATMG00160	0
ATMG00410	0
ATMG00590	0
ATMG00620	0
ATMG01190	0
ATMG00280	0
ATMG00510	0
ATMG00670	0
ATMG00760	0
ATMG01410	0
ATMG00010	0
ATMG00570	0
ATMG00820	0
ATMG00240	0
ATMG00610	0
ATMG01140	0
ATMG00880	0
ATMG01200	0
ATMG00130	0
ATMG00710	0
ATMG00260	0
ATMG00900	0
ATMG00690	0
ATMG01100	0
ATMG00450	0
ATMG01180	0
ATMG00470	0
ATMG00285	0
ATMG01310	0
ATMG01320	0
ATMG00580	0
ATMG00920	0
ATMG00890	0
ATMG01250	0
ATMG00030	0
ATMG00560	0
ATMG00720	0
ATMG01370	0
ATMG00550	0
ATMG00170	0
ATMG00530	0
ATMG01240	0
ATMG01040	0
ATMG01220	0
ATMG00070	0
ATMG00140	0
ATMG01030	0
ATMG01170	0
ATMG01210	0
ATMG00490	0
ATMG00120	0
ATMG00516	0
ATMG00640	0
ATMG00830	0
ATMG00150	0
ATMG00980	0
ATMG00430	0
ATMG00770	0
ATMG01290	0
ATMG00300	0
ATMG00680	0
ATMG01230	0
ATMG01130	0
ATMG00750	0
ATMG01330	0
ATMG00520	0
ATMG01080	0
ATMG00810	0
ATMG01400	0
ATMG00270	0
ATMG01270	0
ATMG00940	0
ATMG01280	0
ATMG00310	0
ATMG01360	0
ATMG01090	0
ATMG00110	0
ATMG00290	0
ATMG00630	0
ATMG00040	0
ATMG01150	0
ATMG01050	0
ATMG00665	0
ATMG00090	0
ATMG01020	0
ATMG00180	0
ATMG00540	0
ATMG00210	0
ATMG00513	0
ATMG00730	0
ATMG00740	0
ATMG00370	0
ATMG00860	0
ATMG01060	0
ATMG00600	0
ATMG00840	0
ATMG00220	0
ATMG00200	0
ATMG00080	0
ATMG00650	0
ATMG01000	0
ATMG00970	0
ATMG01260	0
ATMG01010	0
ATMG00400	0
ATMG01110	0
ATMG00990	0
ATMG00050	0
ATMG00910	0
ATMG00500	0
ATMG01160	0
ATMG09740	0
ATMG00780	0
ATMG09980	0
ATMG00460	0
ATMG09960	0
ATMG00790	0
ATMG01070	0
ATMG00930	0
ATMG09730	0
ATMG00330	0
ATMG00950	0
ATMG00230	0
ATMG00390	0
ATMG00350	0
ATMG00250	0
ATMG00700	0
ATMG01340	0
ATMG00190	0
ATMG00360	0
ATMG09950	0
ATMG00100	0
ATMG00380	0
ATMG00340	0
ATMG00420	0
ATMG09450	0
ATMG00800	0
ATMG01390	0
ATMG01380	0
ATMG00020	0
ATCG00160	0
ATCG00065	0
ATCG01250	0
ATCG00590	0
ATCG01020	0
ATCG00470	0
ATCG00630	0
ATCG01060	0
ATCG01280	0
ATCG00270	0
ATCG00700	0
ATCG00560	0
ATCG00660	0
ATCG00790	0
ATCG00490	0
ATCG00480	0
ATCG00860	0
ATCG01090	0
ATCG01080	0
ATCG00600	0
ATCG00180	0
ATCG00570	0
ATCG01240	0
ATCG00120	0
ATCG00220	0
ATCG00800	0
ATCG00550	0
ATCG00890	0
ATCG00530	0
ATCG01270	0
ATCG01050	0
ATCG00280	0
ATCG00020	0
ATCG00740	0
ATCG01300	0
ATCG00670	0
ATCG01230	0
ATCG00210	0
ATCG01110	0
ATCG00710	0
ATCG00520	0
ATCG00540	0
ATCG00640	0
ATCG00350	0
ATCG01120	0
ATCG00070	0
ATCG00770	0
ATCG00050	0
ATCG00150	0
ATCG00780	0
ATCG00430	0
ATCG01010	0
ATCG00170	0
ATCG00840	0
ATCG00820	0
ATCG01070	0
ATCG00690	0
ATCG00300	0
ATCG00680	0
ATCG01130	0
ATCG00040	0
ATCG01000	0
ATCG00500	0
ATCG00830	0
ATCG00440	0
ATCG00650	0
ATCG01100	0
ATCG00760	0
ATCG01310	0
ATCG00340	0
ATCG00730	0
ATCG00870	0
ATCG01040	0
ATCG00140	0
ATCG00720	0
ATCG00750	0
ATCG00360	0
ATCG00190	0
ATCG00130	0
ATCG00810	0
ATCG00510	0
ATCG00080	0
ATCG00330	0
ATCG00580	0
ATCG00380	0
ATCG00905	0
ATCG00420	0
ATCG00900	0
ATCG01150	0
ATCG00110	0
ATCG01260	0
ATCG01220	0
ATCG00240	0
ATCG01190	0
ATCG00370	0
ATCG00290	0
ATCG00200	0
ATCG01030	0
ATCG00030	0
ATCG00620	0
ATCG00910	0
ATCG01140	0
ATCG00610	0
ATCG00450	0
ATCG00390	0
ATCG00320	0
ATCG00100	0
ATCG00400	0
ATCG00930	0
ATCG00010	0
ATCG00260	0
ATCG00850	0
ATCG00250	0
ATCG00940	0
ATCG00460	0
ATCG00230	0
ATCG00980	0
ATCG00310	0
ATCG00090	0
ATCG00990	0
ATCG01200	0
ATCG00060	0
ATCG01290	0
ATCG00410	0
ATCG00880	0
ATCG00960	0
ATCG01210	0
ATCG01160	0
ATCG00970	0
ATCG01170	0
ATCG00920	0
ATCG01180	0
ATCG00950	0
