Geneid	SRR9257062
AT1G30814	0
AT1G78930	555
AT1G71695	2641
AT1G58983	0
AT1G12980	7
AT1G45223	0
AT1G56250	10
AT1G66852	0
AT1G69810	207
AT1G72450	448
AT1G76280	697
AT1G65630	6
AT1G71390	2
AT1G56233	0
AT1G15210	509
AT1G15250	952
AT1G79700	39
AT1G62895	0
AT1G73360	94
AT1G16360	20
AT1G10225	48
AT1G26670	1067
AT1G34855	0
AT1G52200	378
AT1G57800	5
AT1G69460	1467
AT1G04310	228
AT1G08080	9
AT1G75550	77
AT1G71890	82
AT1G05430	1336
AT1G80870	807
AT1G75310	592
AT1G02010	255
AT1G47900	1022
AT1G14315	4
AT1G26760	88
AT1G05250	0
AT1G67260	9
AT1G24575	234
AT1G12790	114
AT1G04850	5092
AT1G31760	689
AT1G33250	469
AT1G74000	107
AT1G55580	13
AT1G53903	0
AT1G19715	2552
AT1G69430	32
AT1G53340	57
AT1G29890	661
AT1G80290	221
AT1G56540	20
AT1G48650	2097
AT1G22670	2
AT1G07030	708
AT1G69860	1
AT1G10120	485
AT1G43650	107
AT1G09960	448
AT1G51990	0
AT1G53625	27
AT1G63360	534
AT1G33330	475
AT1G74929	0
AT1G63430	813
AT1G80720	387
AT1G69770	1727
AT1G08460	1158
AT1G78710	0
AT1G08610	635
AT1G17540	13
AT1G27380	23
AT1G58643	0
AT1G48953	3
AT1G51440	105
AT1G18871	0
AT1G25210	0
AT1G21610	816
AT1G79710	312
AT1G80840	204
AT1G71300	0
AT1G49490	144
AT1G23645	0
AT1G09795	1897
AT1G48690	92
AT1G49570	88
AT1G68470	163
AT1G75580	308
AT1G26400	0
AT1G72980	12
AT1G59970	222
AT1G11520	0
AT1G30640	333
AT1G26440	435
AT1G51320	0
AT1G22070	881
AT1G26700	0
AT1G73603	0
AT1G55650	1
AT1G78180	418
AT1G55928	0
AT1G29880	3910
AT1G53645	1498
AT1G06240	279
AT1G72330	814
AT1G20840	1079
AT1G45050	290
AT1G52500	726
AT1G10430	928
AT1G05670	353
AT1G64110	143
AT1G65220	2878
AT1G13635	53
AT1G54950	0
AT1G55730	314
AT1G07310	785
AT1G77230	255
AT1G52400	893
AT1G16430	328
AT1G27752	661
AT1G14880	4
AT1G11190	421
AT1G43100	0
AT1G26650	366
AT1G54420	0
AT1G34640	381
AT1G50310	3
AT1G49430	700
AT1G74240	710
AT1G01760	104
AT1G61160	0
AT1G47480	86
AT1G65820	4643
AT1G22900	22
AT1G76820	650
AT1G52080	281
AT1G35180	86
AT1G30070	2441
AT1G35210	35
AT1G10410	2288
AT1G73740	190
AT1G53350	235
AT1G34110	583
AT1G17240	46
AT1G61730	1332
AT1G29260	1028
AT1G33890	1
AT1G08040	862
AT1G63522	0
AT1G08810	218
AT1G09210	8664
AT1G70080	3
AT1G10522	2272
AT1G04570	123
AT1G01830	320
AT1G12340	5
AT1G67590	673
AT1G69080	101
AT1G31400	2
AT1G74385	0
AT1G73300	1
AT1G05760	0
AT1G30530	2432
AT1G12480	36
AT1G76850	1371
AT1G73570	314
AT1G44130	53
AT1G67340	478
AT1G80315	0
AT1G43666	0
AT1G08630	32
AT1G66150	1644
AT1G04640	637
AT1G56500	1491
AT1G12615	0
AT1G77120	3512
AT1G50590	68
AT1G17147	23
AT1G44740	200
AT1G08005	0
AT1G24380	15
AT1G60787	1
AT1G26796	0
AT1G68500	215
AT1G15500	9599
AT1G77760	2205
AT1G24062	0
AT1G53510	1236
AT1G51410	1
AT1G50020	611
AT1G22370	815
AT1G53265	0
AT1G17270	164
AT1G74350	85
AT1G75230	301
AT1G29150	3501
AT1G17140	895
AT1G08380	41147
AT1G43560	1440
AT1G07700	1648
AT1G33750	125
AT1G61270	0
AT1G14750	163
AT1G05900	290
AT1G44120	1
AT1G52990	70
AT1G37130	21430
AT1G48175	434
AT1G72140	41
AT1G66465	4
AT1G43260	0
AT1G14420	1
AT1G01710	717
AT1G44000	1189
AT1G73960	962
AT1G11360	705
AT1G04490	38
AT1G78476	9
AT1G15310	691
AT1G13300	162
AT1G55530	1168
AT1G47350	0
AT1G74458	88
AT1G32120	202
AT1G17260	63
AT1G32660	1
AT1G31480	369
AT1G17500	878
AT1G50780	2
AT1G21150	72
AT1G78110	290
AT1G80080	579
AT1G23260	731
AT1G09790	0
AT1G60270	350
AT1G25400	207
AT1G77980	0
AT1G43140	1
AT1G42470	757
AT1G34170	0
AT1G56150	113
AT1G75520	106
AT1G53890	0
AT1G43722	0
AT1G73370	255
AT1G01230	417
AT1G70700	954
AT1G02380	65
AT1G48870	58
AT1G69280	127
AT1G36950	0
AT1G12430	951
AT1G56320	96
AT1G50880	0
AT1G36310	952
AT1G44830	70
AT1G01300	1775
AT1G48050	634
AT1G36925	0
AT1G30670	0
AT1G22180	396
AT1G17450	668
AT1G61630	0
AT1G28590	1
AT1G79670	486
AT1G68170	99
AT1G60080	563
AT1G51240	0
AT1G07130	0
AT1G42525	0
AT1G64355	810
AT1G04820	11797
AT1G71866	8
AT1G33050	956
AT1G77810	398
AT1G16210	2072
AT1G34580	76
AT1G02050	429
AT1G66500	442
AT1G04030	237
AT1G32480	0
AT1G29370	1234
AT1G18880	378
AT1G50740	388
AT1G02580	6
AT1G58220	120
AT1G07350	5328
AT1G06950	4696
AT1G19200	62
AT1G52140	282
AT1G18550	239
AT1G77510	3665
AT1G52430	32
AT1G15950	759
AT1G67850	312
AT1G69620	8390
AT1G49110	0
AT1G57860	6051
AT1G63160	372
AT1G71050	86
AT1G28510	445
AT1G48240	1166
AT1G71140	107
AT1G66960	2
AT1G36370	2036
AT1G58242	0
AT1G63370	16
AT1G56110	8037
AT1G14510	1445
AT1G19010	296
AT1G54250	860
AT1G55170	456
AT1G70230	917
AT1G52830	5
AT1G45015	1
AT1G23160	0
AT1G67510	307
AT1G08230	711
AT1G67780	168
AT1G76830	0
AT1G04280	432
AT1G55020	3032
AT1G48970	1024
AT1G79420	192
AT1G70350	461
AT1G35375	0
AT1G28306	1
AT1G12450	175
AT1G57660	9820
AT1G19086	0
AT1G05870	1106
AT1G07540	0
AT1G78820	1046
AT1G03790	15
AT1G02220	1710
AT1G74420	20
AT1G68700	5
AT1G64820	0
AT1G56680	42
AT1G58848	81
AT1G23985	0
AT1G22140	709
AT1G75210	689
AT1G30330	1129
AT1G77200	90
AT1G30360	2683
AT1G75280	6659
AT1G18200	76
AT1G55680	3095
AT1G34000	1019
AT1G04410	23574
AT1G45243	0
AT1G21650	813
AT1G28520	1355
AT1G14048	0
AT1G05220	36
AT1G63245	10
AT1G66180	2255
AT1G07790	1049
AT1G07720	489
AT1G16420	6
AT1G72740	869
AT1G05060	348
AT1G55960	1238
AT1G32060	12479
AT1G77700	74
AT1G75510	993
AT1G54090	630
AT1G26520	294
AT1G15240	1024
AT1G07980	896
AT1G01740	278
AT1G62914	132
AT1G53090	579
AT1G08540	2066
AT1G12460	341
AT1G06250	143
AT1G52827	109
AT1G47690	0
AT1G49590	445
AT1G06280	0
AT1G78420	1186
AT1G08465	299
AT1G32970	1
AT1G28815	0
AT1G01260	549
AT1G26815	1
AT1G16730	1421
AT1G08700	2413
AT1G66590	672
AT1G09550	0
AT1G16370	3
AT1G80730	4
AT1G11420	281
AT1G61210	698
AT1G57980	22
AT1G15140	1693
AT1G04810	2095
AT1G67070	109
AT1G53270	38
AT1G04550	588
AT1G44940	0
AT1G47810	0
AT1G27450	6866
AT1G33055	343
AT1G69400	114
AT1G51920	0
AT1G56000	254
AT1G42540	1178
AT1G08100	0
AT1G29465	198
AT1G75960	341
AT1G63420	417
AT1G29470	10769
AT1G48310	258
AT1G32930	394
AT1G63880	1675
AT1G04630	2001
AT1G27150	839
AT1G79110	463
AT1G68490	2563
AT1G06040	2260
AT1G18970	136
AT1G72430	1723
AT1G03040	1179
AT1G28250	361
AT1G66630	0
AT1G10530	30
AT1G24090	346
AT1G09640	3777
AT1G14080	77
AT1G78760	5
AT1G44542	2
AT1G49350	244
AT1G47240	298
AT1G28430	2
AT1G12190	0
AT1G66610	0
AT1G16022	11
AT1G13370	67
AT1G21370	534
AT1G21590	1126
AT1G50390	53
AT1G60870	1335
AT1G69870	3561
AT1G18610	446
AT1G13890	0
AT1G24260	1085
AT1G64140	4217
AT1G02290	369
AT1G26740	1035
AT1G20460	184
AT1G11500	11
AT1G75040	669
AT1G07985	118
AT1G74035	0
AT1G15510	988
AT1G07040	624
AT1G71170	1207
AT1G63470	271
AT1G13640	1563
AT1G35516	843
AT1G22210	2
AT1G33230	1284
AT1G18050	3
AT1G79340	2360
AT1G57680	1732
AT1G29140	1
AT1G55110	147
AT1G67775	0
AT1G57730	2
AT1G64550	5701
AT1G68710	564
AT1G79270	1538
AT1G67310	1096
AT1G65610	221
AT1G53880	0
AT1G64380	51
AT1G27920	4
AT1G07220	551
AT1G14130	464
AT1G55040	377
AT1G35630	0
AT1G53860	39
AT1G71010	2185
AT1G56240	1
AT1G20630	1978
AT1G54217	127
AT1G44920	1594
AT1G63970	2921
AT1G26945	105
AT1G67870	3116
AT1G62850	727
AT1G50520	112
AT1G31500	429
AT1G15820	57454
AT1G72690	249
AT1G29030	886
AT1G75160	7
AT1G26090	349
AT1G59660	668
AT1G52460	0
AT1G10720	514
AT1G67670	1
AT1G11410	506
AT1G19025	87
AT1G80050	613
AT1G50320	2164
AT1G77330	802
AT1G50090	25
AT1G16650	306
AT1G50830	18
AT1G02410	865
AT1G04420	5310
AT1G05190	10908
AT1G60660	386
AT1G13950	575
AT1G23147	0
AT1G17460	538
AT1G02110	713
AT1G32990	6173
AT1G22380	104
AT1G61300	510
AT1G15840	1
AT1G15440	2099
AT1G49650	767
AT1G18850	1064
AT1G34150	665
AT1G13320	2253
AT1G13820	1536
AT1G15880	596
AT1G80810	247
AT1G54957	0
AT1G65310	458
AT1G20010	4015
AT1G52570	99
AT1G33520	1120
AT1G54350	514
AT1G58160	67
AT1G30190	9
AT1G14550	0
AT1G62450	0
AT1G16830	152
AT1G44090	0
AT1G10880	0
AT1G64633	0
AT1G03830	655
AT1G52530	26
AT1G63580	6
AT1G01600	131
AT1G10210	158
AT1G62720	73
AT1G36980	2186
AT1G16705	10
AT1G74180	263
AT1G69480	156
AT1G71520	1
AT1G34792	0
AT1G35190	1184
AT1G07850	4
AT1G09620	3764
AT1G02570	6
AT1G26790	1
AT1G03620	61
AT1G01350	1482
AT1G65770	1
AT1G21395	0
AT1G13810	507
AT1G14520	351
AT1G55630	229
AT1G18390	149
AT1G26797	0
AT1G25480	105
AT1G28190	386
AT1G49530	45
AT1G18486	0
AT1G12880	233
AT1G08090	66
AT1G66460	9
AT1G24220	3
AT1G08035	5
AT1G04985	1645
AT1G73780	9
AT1G36940	105
AT1G23850	59
AT1G66190	152
AT1G44318	0
AT1G24270	40
AT1G05350	749
AT1G19930	0
AT1G62520	206
AT1G23170	384
AT1G71150	41
AT1G11430	3529
AT1G17145	648
AT1G34815	0
AT1G73910	80
AT1G52050	75
AT1G34320	917
AT1G48280	286
AT1G12170	0
AT1G49225	6
AT1G01715	204
AT1G29160	153
AT1G22660	691
AT1G79410	139
AT1G75990	448
AT1G76770	7
AT1G78800	573
AT1G57560	28
AT1G48040	331
AT1G63400	116
AT1G32320	1
AT1G71830	480
AT1G75800	3386
AT1G22260	38
AT1G75950	4931
AT1G43730	1
AT1G21060	103
AT1G11330	817
AT1G77600	501
AT1G68790	1308
AT1G22860	663
AT1G53200	396
AT1G35250	109
AT1G60986	0
AT1G52700	135
AT1G03980	94
AT1G19990	272
AT1G58936	0
AT1G24320	3
AT1G62422	267
AT1G53282	0
AT1G67890	702
AT1G62410	0
AT1G13530	18
AT1G18260	2672
AT1G76210	4
AT1G34430	2375
AT1G14460	497
AT1G61350	645
AT1G42440	2644
AT1G12064	49
AT1G06570	1160
AT1G55310	2341
AT1G63740	354
AT1G09870	1308
AT1G17710	447
AT1G27200	790
AT1G62120	184
AT1G04770	969
AT1G67920	53
AT1G09410	100
AT1G10540	30
AT1G63615	0
AT1G49240	6809
AT1G09240	218
AT1G67810	39
AT1G70850	187
AT1G56360	0
AT1G18835	11
AT1G65920	250
AT1G11915	39
AT1G28440	1171
AT1G01650	606
AT1G16510	179
AT1G25025	0
AT1G53023	4
AT1G33440	80
AT1G74720	1626
AT1G72290	0
AT1G53230	57
AT1G01970	1064
AT1G12860	473
AT1G11400	879
AT1G53705	0
AT1G75560	2289
AT1G56225	0
AT1G27290	795
AT1G16740	1166
AT1G64060	474
AT1G15470	440
AT1G01800	2098
AT1G27260	0
AT1G30560	2
AT1G41830	2381
AT1G31490	0
AT1G34490	0
AT1G08440	52
AT1G04440	1963
AT1G49520	168
AT1G44608	51
AT1G54370	611
AT1G12600	11
AT1G74920	4660
AT1G08150	3
AT1G36100	0
AT1G77080	604
AT1G15610	0
AT1G56050	1857
AT1G55365	0
AT1G15130	1731
AT1G26220	0
AT1G48720	365
AT1G09932	58
AT1G49420	0
AT1G15670	848
AT1G78895	228
AT1G15460	138
AT1G22530	1450
AT1G05780	314
AT1G17840	1591
AT1G18080	10838
AT1G66970	1485
AT1G47265	3
AT1G25280	1075
AT1G48000	84
AT1G53330	124
AT1G62700	59
AT1G20135	0
AT1G64650	932
AT1G61562	0
AT1G23210	10
AT1G49320	142
AT1G66400	236
AT1G58280	566
AT1G01060	168
AT1G53010	0
AT1G60320	0
AT1G65300	11
AT1G24280	1127
AT1G71696	867
AT1G09690	23214
AT1G14780	269
AT1G03120	20
AT1G31000	0
AT1G26665	1213
AT1G51380	621
AT1G37150	34
AT1G05310	71
AT1G43130	713
AT1G04110	89
AT1G13620	11
AT1G24440	370
AT1G01440	475
AT1G66200	14285
AT1G09900	700
AT1G14455	0
AT1G01630	1829
AT1G20440	8072
AT1G77460	491
AT1G65040	1543
AT1G71430	173
AT1G18790	0
AT1G14830	2252
AT1G11990	11
AT1G77750	831
AT1G52620	175
AT1G52930	3078
AT1G21430	0
AT1G48060	4
AT1G58270	269
AT1G64790	2908
AT1G59885	0
AT1G34410	1
AT1G01550	1773
AT1G69270	43
AT1G23100	823
AT1G70940	2264
AT1G06810	2
AT1G32220	1594
AT1G03650	288
AT1G17330	223
AT1G16090	55
AT1G32160	697
AT1G65090	3
AT1G78520	14
AT1G68325	0
AT1G55870	927
AT1G50900	1532
AT1G10590	3497
AT1G73050	13
AT1G10200	2932
AT1G74300	52
AT1G07250	1018
AT1G10370	1277
AT1G09575	98
AT1G52618	81
AT1G05610	12
AT1G09150	1635
AT1G18690	269
AT1G57777	0
AT1G71730	1712
AT1G24390	0
AT1G61688	0
AT1G34310	2
AT1G55440	8
AT1G72530	179
AT1G62930	189
AT1G50480	7722
AT1G20540	812
AT1G58150	1302
AT1G23060	68
AT1G23910	4
AT1G71330	143
AT1G48510	81
AT1G66370	6
AT1G24520	9
AT1G58225	2
AT1G76680	1582
AT1G34245	197
AT1G57565	0
AT1G77420	360
AT1G27310	3348
AT1G35255	26
AT1G24020	21272
AT1G72960	11
AT1G28210	502
AT1G14840	633
AT1G35620	949
AT1G72210	130
AT1G14685	1037
AT1G66070	1318
AT1G02070	8
AT1G70300	577
AT1G78922	5
AT1G33470	1712
AT1G55947	0
AT1G55540	559
AT1G78890	298
AT1G59940	17
AT1G01910	1224
AT1G01570	126
AT1G08730	35
AT1G68185	236
AT1G16080	5750
AT1G04940	144
AT1G02340	72
AT1G62880	257
AT1G67930	555
AT1G51170	521
AT1G71970	279
AT1G05385	1212
AT1G47845	0
AT1G67560	439
AT1G26320	0
AT1G01680	10
AT1G67025	4
AT1G64160	2
AT1G51780	2
AT1G65660	3196
AT1G51600	543
AT1G71500	4368
AT1G70780	2314
AT1G66160	223
AT1G73120	77
AT1G48090	787
AT1G70760	4
AT1G47765	0
AT1G48820	6
AT1G18300	313
AT1G73680	1871
AT1G35040	0
AT1G02810	965
AT1G54460	729
AT1G21990	3
AT1G06180	301
AT1G75660	2134
AT1G48620	1137
AT1G74250	1138
AT1G07740	238
AT1G77140	567
AT1G73170	2716
AT1G67500	265
AT1G26350	0
AT1G32510	11
AT1G22890	54
AT1G23830	0
AT1G76510	570
AT1G08010	572
AT1G05840	631
AT1G55200	251
AT1G17070	397
AT1G78090	169
AT1G70810	1376
AT1G64750	2598
AT1G46984	0
AT1G11460	6
AT1G78440	8
AT1G79570	1132
AT1G09157	30
AT1G03720	3
AT1G01690	272
AT1G76230	17
AT1G63240	561
AT1G70960	1
AT1G34300	459
AT1G09680	166
AT1G42680	0
AT1G29180	5
AT1G03730	390
AT1G18160	1660
AT1G53490	152
AT1G77100	1
AT1G67130	0
AT1G26260	62
AT1G64255	2
AT1G08290	333
AT1G12320	90
AT1G18990	2
AT1G11220	81
AT1G55207	0
AT1G74660	83
AT1G63460	1058
AT1G55325	1048
AT1G77660	152
AT1G30130	728
AT1G80390	8
AT1G31300	558
AT1G73750	648
AT1G55990	94
AT1G60570	2
AT1G68907	0
AT1G66030	0
AT1G27170	209
AT1G04700	86
AT1G67050	366
AT1G76220	25
AT1G56400	0
AT1G78040	10838
AT1G49170	370
AT1G31540	867
AT1G29420	3
AT1G64840	421
AT1G62030	154
AT1G60095	32
AT1G21230	0
AT1G21660	898
AT1G65320	537
AT1G50570	909
AT1G33850	13
AT1G47870	642
AT1G47680	0
AT1G48850	2375
AT1G70440	112
AT1G65150	703
AT1G72800	183
AT1G09000	230
AT1G36160	3253
AT1G02145	507
AT1G23510	0
AT1G51690	1766
AT1G50650	13
AT1G47578	53
AT1G56105	0
AT1G06490	289
AT1G63640	663
AT1G19970	134
AT1G50110	258
AT1G21540	40
AT1G13590	158
AT1G22610	0
AT1G75110	84
AT1G73110	1284
AT1G36756	0
AT1G20370	1083
AT1G55510	752
AT1G77170	284
AT1G70660	262
AT1G51480	10
AT1G59359	0
AT1G26921	5
AT1G75870	0
AT1G75335	395
AT1G22830	217
AT1G09630	478
AT1G17280	770
AT1G02750	531
AT1G61070	0
AT1G15385	20
AT1G12855	1
AT1G03520	162
AT1G67880	395
AT1G36580	0
AT1G74190	0
AT1G14590	603
AT1G80625	2
AT1G08300	609
AT1G07020	240
AT1G59760	1850
AT1G72570	2
AT1G01360	217
AT1G70400	11
AT1G52690	155
AT1G78750	226
AT1G15720	1
AT1G14850	1227
AT1G70470	180
AT1G11820	1031
AT1G80700	404
AT1G60783	0
AT1G25230	332
AT1G43900	1398
AT1G67840	824
AT1G64660	1236
AT1G07690	0
AT1G47920	18
AT1G23680	1
AT1G18450	2033
AT1G17960	147
AT1G55930	561
AT1G61400	543
AT1G03080	1478
AT1G56660	652
AT1G24130	31
AT1G54960	182
AT1G48350	7691
AT1G80330	1
AT1G14440	502
AT1G65620	115
AT1G11620	0
AT1G69490	57
AT1G78990	76
AT1G29100	2
AT1G52315	10
AT1G70100	561
AT1G61480	37
AT1G35220	580
AT1G27510	2066
AT1G65780	1
AT1G69010	446
AT1G30870	714
AT1G56710	35
AT1G05800	0
AT1G63350	115
AT1G34827	0
AT1G03055	82
AT1G01160	942
AT1G47340	164
AT1G11170	246
AT1G62045	138
AT1G35467	0
AT1G69970	53
AT1G43145	0
AT1G20132	0
AT1G70210	441
AT1G49880	219
AT1G27060	133
AT1G30757	0
AT1G30690	1373
AT1G43760	0
AT1G35680	5955
AT1G61550	13
AT1G36745	0
AT1G58120	404
AT1G69090	0
AT1G27870	0
AT1G63710	1
AT1G03103	0
AT1G31970	5400
AT1G04960	990
AT1G68440	1041
AT1G05085	0
AT1G10740	1102
AT1G19040	0
AT1G32960	4
AT1G10290	1819
AT1G34020	433
AT1G20575	1151
AT1G56085	0
AT1G49190	0
AT1G01730	418
AT1G26500	84
AT1G75125	198
AT1G13800	168
AT1G28380	528
AT1G10150	0
AT1G02180	161
AT1G01180	129
AT1G04625	1
AT1G16810	1886
AT1G14160	182
AT1G55370	825
AT1G67790	0
AT1G30110	455
AT1G70640	169
AT1G71691	12
AT1G78970	243
AT1G09610	3
AT1G69190	0
AT1G34065	253
AT1G69730	683
AT1G64300	141
AT1G18180	279
AT1G53260	48
AT1G18750	100
AT1G72670	455
AT1G63090	1514
AT1G67350	3702
AT1G03430	459
AT1G31670	0
AT1G48790	836
AT1G64510	5932
AT1G10980	8
AT1G61667	322
AT1G48270	238
AT1G66570	1
AT1G35720	15451
AT1G11690	0
AT1G68880	191
AT1G72180	1027
AT1G15920	716
AT1G78020	1536
AT1G63060	0
AT1G24265	477
AT1G19710	449
AT1G28050	1008
AT1G51420	111
AT1G65540	1089
AT1G21600	3937
AT1G68980	443
AT1G20270	763
AT1G73640	125
AT1G02260	321
AT1G20410	447
AT1G55675	82
AT1G19900	28
AT1G30260	128
AT1G10800	51
AT1G56140	569
AT1G74270	5597
AT1G43610	0
AT1G20050	1845
AT1G72250	628
AT1G10940	3016
AT1G02420	23
AT1G32460	2
AT1G35614	0
AT1G11390	757
AT1G25450	357
AT1G77490	1531
AT1G69250	861
AT1G14890	1260
AT1G66280	55
AT1G07900	108
AT1G59218	72
AT1G33410	2348
AT1G72280	245
AT1G53670	2059
AT1G78290	437
AT1G36640	2
AT1G17360	918
AT1G14150	1061
AT1G03490	1
AT1G62910	160
AT1G70420	293
AT1G52590	945
AT1G29850	2348
AT1G33810	3101
AT1G19600	4942
AT1G51035	25
AT1G18340	249
AT1G53345	216
AT1G23995	0
AT1G31820	439
AT1G55350	1654
AT1G29460	45
AT1G07420	1135
AT1G04260	280
AT1G14720	2002
AT1G69550	588
AT1G62981	43
AT1G65080	194
AT1G80350	1236
AT1G67060	364
AT1G68845	1
AT1G63600	0
AT1G05930	1
AT1G58265	0
AT1G74100	2000
AT1G48450	7038
AT1G15600	0
AT1G68210	0
AT1G24159	0
AT1G31910	8183
AT1G43630	0
AT1G75010	1416
AT1G09700	1084
AT1G12900	17237
AT1G30545	157
AT1G16840	601
AT1G69740	4403
AT1G73280	13
AT1G30000	614
AT1G19150	1995
AT1G04860	1294
AT1G60170	2221
AT1G42190	0
AT1G45010	356
AT1G76065	137
AT1G69780	584
AT1G08750	296
AT1G62305	186
AT1G28610	1294
AT1G20490	102
AT1G73970	555
AT1G74580	224
AT1G52100	303
AT1G07670	2713
AT1G02890	2615
AT1G47720	346
AT1G33120	5547
AT1G30700	262
AT1G51650	16898
AT1G27840	1002
AT1G63105	1
AT1G09230	527
AT1G06900	1617
AT1G06050	161
AT1G73250	489
AT1G07050	1031
AT1G64810	679
AT1G75270	4376
AT1G64920	9
AT1G54680	198
AT1G05950	231
AT1G33390	675
AT1G73990	2957
AT1G56210	268
AT1G35030	0
AT1G78580	957
AT1G25155	0
AT1G31720	48
AT1G80030	1778
AT1G32980	0
AT1G56620	0
AT1G50680	0
AT1G78500	3
AT1G58460	15
AT1G45145	1910
AT1G53530	592
AT1G67035	48
AT1G21980	853
AT1G05100	15
AT1G56330	4658
AT1G62500	320
AT1G72940	307
AT1G35242	0
AT1G60750	5
AT1G68120	110
AT1G47330	522
AT1G18740	450
AT1G04210	1327
AT1G66060	71
AT1G56415	0
AT1G13910	250
AT1G07780	577
AT1G54940	29
AT1G76100	4446
AT1G66100	20
AT1G27360	169
AT1G73530	1198
AT1G77400	274
AT1G49290	0
AT1G67220	7
AT1G36272	0
AT1G35780	907
AT1G56460	870
AT1G16520	964
AT1G63057	7
AT1G06450	41
AT1G59722	0
AT1G51680	1943
AT1G55160	565
AT1G69150	2
AT1G66040	32
AT1G23020	1358
AT1G51915	0
AT1G69380	185
AT1G54400	31
AT1G27420	176
AT1G27910	457
AT1G49040	1124
AT1G58223	0
AT1G67330	0
AT1G23300	0
AT1G64230	7166
AT1G57690	0
AT1G55152	0
AT1G48030	10958
AT1G50890	154
AT1G15590	0
AT1G15180	1147
AT1G79460	228
AT1G20823	192
AT1G27330	4759
AT1G78830	2599
AT1G60050	14
AT1G72545	1
AT1G64584	1
AT1G69523	65
AT1G20720	155
AT1G55610	237
AT1G07400	3912
AT1G34575	0
AT1G44170	1614
AT1G27600	972
AT1G02710	0
AT1G15040	52
AT1G05200	1132
AT1G05575	33
AT1G75220	1296
AT1G13860	517
AT1G05720	460
AT1G53300	1020
AT1G54180	210
AT1G61810	4
AT1G62640	622
AT1G24430	83
AT1G80590	0
AT1G35820	0
AT1G63250	863
AT1G23890	354
AT1G20480	105
AT1G61790	2469
AT1G68300	5366
AT1G69790	77
AT1G10560	22
AT1G68780	392
AT1G07640	944
AT1G32710	1
AT1G34070	1
AT1G52155	112
AT1G47500	1347
AT1G77765	91
AT1G62190	0
AT1G26130	342
AT1G59500	0
AT1G77010	73
AT1G74130	1
AT1G15360	0
AT1G07170	898
AT1G10360	753
AT1G22780	5167
AT1G64610	377
AT1G02305	2919
AT1G21860	2
AT1G70990	53
AT1G16030	882
AT1G34270	212
AT1G69570	13
AT1G03240	0
AT1G05820	173
AT1G60690	167
AT1G58210	298
AT1G58007	26
AT1G29900	4081
AT1G33320	7
AT1G72630	629
AT1G09780	4332
AT1G29435	0
AT1G15350	540
AT1G06515	224
AT1G50030	970
AT1G32520	575
AT1G51210	0
AT1G66930	39
AT1G03540	104
AT1G76310	420
AT1G64385	624
AT1G43850	710
AT1G76965	4
AT1G51570	2384
AT1G76130	973
AT1G11050	0
AT1G72080	0
AT1G04680	1624
AT1G32780	302
AT1G18370	508
AT1G24040	833
AT1G61120	0
AT1G69160	292
AT1G22230	183
AT1G75240	1091
AT1G53700	49
AT1G80460	2328
AT1G59640	120
AT1G19850	747
AT1G21925	0
AT1G48600	7607
AT1G28390	329
AT1G67030	223
AT1G64340	6
AT1G31550	771
AT1G52360	2332
AT1G77270	200
AT1G64320	64
AT1G03165	0
AT1G64590	36
AT1G79400	7
AT1G02880	422
AT1G38790	0
AT1G63190	0
AT1G78850	2958
AT1G70895	111
AT1G12230	1732
AT1G35830	67
AT1G75430	2
AT1G53450	303
AT1G25330	0
AT1G21950	21
AT1G23650	0
AT1G72270	23
AT1G30170	31
AT1G15757	0
AT1G28150	1575
AT1G69500	1
AT1G23580	4
AT1G03440	444
AT1G76270	483
AT1G65560	584
AT1G13730	638
AT1G18060	2952
AT1G21640	2003
AT1G08960	281
AT1G79860	9
AT1G68360	17
AT1G10550	34
AT1G34570	772
AT1G65710	247
AT1G56530	0
AT1G53320	2359
AT1G17220	6870
AT1G77525	3
AT1G19960	195
AT1G52880	282
AT1G05420	49
AT1G76040	577
AT1G79840	265
AT1G47830	637
AT1G03010	32
AT1G78100	854
AT1G01695	5
AT1G15380	417
AT1G72320	1402
AT1G61690	890
AT1G01610	1527
AT1G74030	1215
AT1G66950	30
AT1G18770	0
AT1G74220	2
AT1G56630	17
AT1G02520	154
AT1G50620	599
AT1G08130	925
AT1G33790	290
AT1G62380	22303
AT1G73165	0
AT1G66000	0
AT1G77932	0
AT1G15480	1212
AT1G77960	2
AT1G02590	0
AT1G66640	0
AT1G23880	154
AT1G34460	89
AT1G12780	2264
AT1G30300	264
AT1G54060	992
AT1G33020	0
AT1G71130	358
AT1G75170	382
AT1G79920	5627
AT1G03190	379
AT1G16025	0
AT1G22620	741
AT1G51260	1
AT1G65640	0
AT1G26410	7
AT1G74820	0
AT1G34650	2
AT1G23190	2839
AT1G55250	679
AT1G74210	1009
AT1G76940	572
AT1G80890	529
AT1G74730	1600
AT1G76090	968
AT1G63990	12
AT1G61360	321
AT1G75140	551
AT1G21270	1376
AT1G49300	2261
AT1G80610	253
AT1G05570	1136
AT1G27540	439
AT1G53945	0
AT1G61565	0
AT1G30780	2
AT1G73350	534
AT1G52440	0
AT1G31280	478
AT1G01225	69
AT1G27110	96
AT1G03180	351
AT1G30050	3
AT1G19540	97
AT1G09540	54
AT1G28220	0
AT1G75717	0
AT1G52680	0
AT1G18940	43
AT1G62580	56
AT1G11020	365
AT1G75680	2985
AT1G16630	335
AT1G61415	24
AT1G65840	9370
AT1G31870	526
AT1G74370	329
AT1G34510	40
AT1G62370	150
AT1G33100	5
AT1G66560	0
AT1G67450	0
AT1G50220	1
AT1G12420	232
AT1G67980	3
AT1G08170	6
AT1G02020	480
AT1G15000	0
AT1G07440	2564
AT1G72360	271
AT1G65500	1554
AT1G11160	227
AT1G65140	2
AT1G14670	2309
AT1G22420	3
AT1G27220	0
AT1G03850	453
AT1G65850	21
AT1G80520	202
AT1G23540	53
AT1G33420	0
AT1G03380	773
AT1G60420	1722
AT1G19660	2192
AT1G19100	478
AT1G75120	591
AT1G78730	343
AT1G23560	55
AT1G05560	0
AT1G53310	3695
AT1G51538	17
AT1G54953	0
AT1G05240	1
AT1G58330	25
AT1G53366	0
AT1G47600	120
AT1G10395	0
AT1G06270	186
AT1G49220	9
AT1G49810	0
AT1G21410	518
AT1G03106	0
AT1G47620	7
AT1G31230	1512
AT1G15260	273
AT1G50470	0
AT1G67520	82
AT1G54930	17
AT1G29980	1268
AT1G33950	4
AT1G03325	0
AT1G40083	0
AT1G45190	0
AT1G13050	214
AT1G31880	150
AT1G03710	8
AT1G73630	234
AT1G69040	1000
AT1G61150	1073
AT1G53110	655
AT1G17530	1073
AT1G17040	266
AT1G16230	2
AT1G19480	197
AT1G69930	19
AT1G34807	0
AT1G59790	2
AT1G13390	730
AT1G49130	1155
AT1G03880	1
AT1G17810	0
AT1G50610	1
AT1G31175	347
AT1G05380	1095
AT1G49205	0
AT1G14500	1
AT1G61095	1
AT1G11000	235
AT1G80530	753
AT1G22540	257
AT1G01720	861
AT1G32010	0
AT1G30850	19
AT1G04480	13590
AT1G29930	256985
AT1G03140	2643
AT1G33360	713
AT1G10300	96
AT1G49820	1905
AT1G71960	403
AT1G51110	1464
AT1G52560	457
AT1G52550	86
AT1G54340	2246
AT1G74460	307
AT1G60960	767
AT1G55010	27
AT1G17010	0
AT1G48635	750
AT1G07745	175
AT1G54980	0
AT1G44810	806
AT1G71000	588
AT1G43170	26072
AT1G20470	1
AT1G76660	729
AT1G62040	833
AT1G34800	0
AT1G48860	1614
AT1G62975	172
AT1G15220	233
AT1G27680	798
AT1G64900	6339
AT1G47130	7
AT1G68480	24
AT1G13770	456
AT1G75340	557
AT1G11300	62
AT1G12250	1101
AT1G80740	8
AT1G47760	64
AT1G24650	0
AT1G10385	4
AT1G04150	10
AT1G70190	1371
AT1G50790	109
AT1G62680	125
AT1G10110	3
AT1G64330	545
AT1G31270	7
AT1G80570	123
AT1G80690	305
AT1G01100	6876
AT1G20000	0
AT1G03740	846
AT1G54010	1301
AT1G04880	22
AT1G53620	0
AT1G02450	42
AT1G53970	0
AT1G65290	6640
AT1G75370	2060
AT1G60590	284
AT1G24170	1203
AT1G17720	1964
AT1G12090	9295
AT1G26890	25
AT1G31835	165
AT1G75820	848
AT1G65480	6
AT1G11112	15
AT1G15490	334
AT1G15125	138
AT1G13210	488
AT1G07210	1979
AT1G64253	84
AT1G03230	1498
AT1G34220	613
AT1G15120	3508
AT1G16515	39
AT1G56550	153
AT1G37000	0
AT1G66720	0
AT1G33530	0
AT1G18490	402
AT1G47497	0
AT1G18900	741
AT1G47485	0
AT1G12050	2032
AT1G69070	1738
AT1G27430	1036
AT1G04470	5
AT1G57670	14
AT1G55500	1136
AT1G27435	2925
AT1G77350	1021
AT1G10450	965
AT1G08400	302
AT1G52343	13
AT1G16160	21
AT1G60090	16
AT1G69320	9
AT1G49050	392
AT1G60700	275
AT1G15680	0
AT1G64030	2
AT1G53930	4
AT1G25275	4933
AT1G79985	382
AT1G79100	5
AT1G68820	824
AT1G55190	0
AT1G73177	498
AT1G62200	296
AT1G49950	1358
AT1G10390	2281
AT1G16670	375
AT1G16800	307
AT1G28070	236
AT1G12830	0
AT1G36070	698
AT1G14400	2294
AT1G52320	783
AT1G61240	561
AT1G76910	0
AT1G36060	906
AT1G26600	40
AT1G19780	4
AT1G35365	0
AT1G23600	4
AT1G13750	194
AT1G30280	32
AT1G19470	17
AT1G61900	490
AT1G51405	95
AT1G75260	41
AT1G55710	0
AT1G07615	623
AT1G09970	4180
AT1G65370	1215
AT1G09250	876
AT1G69485	30
AT1G76060	597
AT1G05740	10
AT1G43415	0
AT1G20690	0
AT1G44030	1
AT1G55810	1195
AT1G34130	1548
AT1G74320	287
AT1G23860	1980
AT1G14642	74
AT1G70730	2755
AT1G11755	341
AT1G43245	248
AT1G53370	0
AT1G34440	24
AT1G53325	0
AT1G47560	74
AT1G11080	45
AT1G58525	0
AT1G48070	0
AT1G32560	6
AT1G58725	0
AT1G12710	493
AT1G61280	37
AT1G53420	0
AT1G49980	582
AT1G59980	496
AT1G14930	1
AT1G67148	32
AT1G48230	1092
AT1G12260	83
AT1G52940	1
AT1G47250	297
AT1G68000	391
AT1G24793	0
AT1G25360	276
AT1G65240	66
AT1G02670	120
AT1G07990	997
AT1G65483	0
AT1G74360	104
AT1G01560	13
AT1G34180	303
AT1G04270	11206
AT1G34810	0
AT1G20930	435
AT1G72760	53
AT1G77405	72
AT1G57770	792
AT1G19240	611
AT1G13970	199
AT1G13940	540
AT1G05010	8103
AT1G28305	0
AT1G02190	22
AT1G34830	0
AT1G45207	395
AT1G21690	746
AT1G24880	10
AT1G53710	959
AT1G48110	903
AT1G60710	5030
AT1G52380	1392
AT1G79930	3190
AT1G23840	47
AT1G76320	764
AT1G53290	290
AT1G55770	3
AT1G29330	345
AT1G23120	84
AT1G76540	951
AT1G18720	2504
AT1G68810	165
AT1G21870	0
AT1G13980	1006
AT1G68100	415
AT1G29840	231
AT1G25083	0
AT1G02310	11
AT1G65032	171
AT1G68270	0
AT1G74680	337
AT1G05880	0
AT1G79470	1122
AT1G61460	119
AT1G10190	0
AT1G73940	2681
AT1G26795	0
AT1G10747	0
AT1G33560	1121
AT1G01250	22
AT1G32640	0
AT1G03670	0
AT1G36340	0
AT1G64740	886
AT1G01950	576
AT1G12380	344
AT1G33730	0
AT1G71280	484
AT1G71865	78
AT1G09660	2320
AT1G79485	0
AT1G22882	820
AT1G56410	2
AT1G61980	277
AT1G28200	1269
AT1G43950	0
AT1G75420	539
AT1G15170	235
AT1G19230	225
AT1G77940	7077
AT1G35460	642
AT1G54650	308
AT1G30845	127
AT1G65700	702
AT1G10050	918
AT1G73770	228
AT1G09280	748
AT1G16300	525
AT1G35240	0
AT1G08200	3222
AT1G04140	2054
AT1G63750	321
AT1G23250	0
AT1G51805	512
AT1G63700	1117
AT1G58602	732
AT1G29620	0
AT1G43720	0
AT1G24490	997
AT1G01460	0
AT1G08820	915
AT1G07240	922
AT1G40390	0
AT1G51760	1268
AT1G72600	12
AT1G12030	186
AT1G09483	2
AT1G47813	0
AT1G74830	21
AT1G04645	0
AT1G70910	11
AT1G48285	0
AT1G13550	3
AT1G33102	38
AT1G12663	1
AT1G76150	1682
AT1G50770	3
AT1G25490	2956
AT1G29500	64
AT1G55880	1001
AT1G47786	0
AT1G26590	31
AT1G77180	3455
AT1G45230	1239
AT1G71860	1322
AT1G31160	460
AT1G17090	172
AT1G62750	15554
AT1G06980	116
AT1G65490	1924
AT1G04230	382
AT1G68765	13
AT1G58807	0
AT1G80190	190
AT1G14040	710
AT1G01030	90
AT1G63840	492
AT1G68030	63
AT1G29700	80
AT1G68190	568
AT1G68010	11258
AT1G29965	21
AT1G36920	1
AT1G04950	667
AT1G68800	1
AT1G56080	254
AT1G68260	526
AT1G72860	16
AT1G73510	8
AT1G28490	799
AT1G54100	3913
AT1G56430	261
AT1G60160	529
AT1G03360	1500
AT1G60280	0
AT1G28280	637
AT1G20290	0
AT1G02930	2741
AT1G06137	0
AT1G18480	851
AT1G31190	643
AT1G27960	284
AT1G10850	325
AT1G10270	755
AT1G01200	50
AT1G75760	632
AT1G61430	480
AT1G73140	15
AT1G70770	3890
AT1G80500	1371
AT1G40087	0
AT1G62440	104
AT1G77280	380
AT1G26550	8587
AT1G57610	495
AT1G64640	1016
AT1G24360	2627
AT1G36095	0
AT1G78630	11177
AT1G54730	512
AT1G29770	92
AT1G21866	0
AT1G14870	260
AT1G45249	496
AT1G44414	74
AT1G02130	1094
AT1G13110	1763
AT1G34420	95
AT1G20550	136
AT1G78980	0
AT1G63210	4
AT1G03800	97
AT1G47370	2
AT1G28760	316
AT1G66240	6740
AT1G70710	789
AT1G23960	2492
AT1G21480	533
AT1G78390	9
AT1G26290	0
AT1G01470	3007
AT1G56200	10985
AT1G60200	1931
AT1G49400	868
AT1G19115	0
AT1G62160	0
AT1G79740	492
AT1G09520	571
AT1G80940	678
AT1G74470	46751
AT1G72480	709
AT1G32310	461
AT1G52160	726
AT1G30220	429
AT1G24530	1128
AT1G59077	0
AT1G13900	747
AT1G31940	308
AT1G09940	651
AT1G32583	173
AT1G61590	185
AT1G03390	1
AT1G63170	1218
AT1G30060	3
AT1G57590	50
AT1G29310	1382
AT1G45000	2298
AT1G04910	855
AT1G53130	28
AT1G06500	390
AT1G16290	5
AT1G08420	1818
AT1G52790	1
AT1G73065	0
AT1G23730	149
AT1G47310	618
AT1G04330	42
AT1G01930	870
AT1G09980	729
AT1G13510	5
AT1G13290	0
AT1G77630	567
AT1G62886	0
AT1G58200	951
AT1G65113	0
AT1G51500	2003
AT1G64930	128
AT1G52245	40
AT1G03550	31
AT1G30950	1
AT1G56145	1126
AT1G11900	48
AT1G32361	1
AT1G43815	0
AT1G11700	849
AT1G62150	335
AT1G65735	0
AT1G59840	575
AT1G60350	0
AT1G69510	3262
AT1G79220	118
AT1G27930	1573
AT1G06780	673
AT1G06840	561
AT1G06143	207
AT1G07930	19434
AT1G01670	126
AT1G59540	449
AT1G73040	1456
AT1G20120	94
AT1G62630	237
AT1G17060	44
AT1G06520	48
AT1G67865	382
AT1G15410	480
AT1G69700	478
AT1G05510	5
AT1G05500	2123
AT1G16610	1446
AT1G66450	29
AT1G04300	1455
AT1G08530	251
AT1G20570	46
AT1G18950	1550
AT1G51350	554
AT1G27750	532
AT1G54740	805
AT1G28710	522
AT1G28450	5
AT1G15625	16
AT1G61660	771
AT1G75460	896
AT1G49310	98
AT1G69650	0
AT1G80070	6303
AT1G51060	2795
AT1G80410	2696
AT1G09794	111
AT1G59670	2
AT1G02980	158
AT1G06680	68757
AT1G66540	233
AT1G33840	55
AT1G27610	9
AT1G09750	1861
AT1G31772	5
AT1G13608	4
AT1G15280	1899
AT1G21500	2164
AT1G18170	590
AT1G79350	1417
AT1G26200	4
AT1G29490	5
AT1G29870	0
AT1G07520	0
AT1G08060	355
AT1G02720	421
AT1G47490	1860
AT1G20180	6
AT1G15870	352
AT1G30800	0
AT1G27461	0
AT1G34340	385
AT1G29660	2007
AT1G65060	834
AT1G10890	1171
AT1G55335	0
AT1G13805	0
AT1G31920	0
AT1G21510	39
AT1G48400	88
AT1G54300	6
AT1G55120	51
AT1G08645	0
AT1G03495	651
AT1G70450	13
AT1G30240	423
AT1G64570	417
AT1G77855	70
AT1G48190	0
AT1G01590	1
AT1G48120	347
AT1G01070	416
AT1G69940	9
AT1G02067	0
AT1G17440	519
AT1G79480	39
AT1G44478	1
AT1G80230	2171
AT1G63080	169
AT1G70160	1379
AT1G31410	772
AT1G76705	84
AT1G08550	1696
AT1G70970	0
AT1G08320	157
AT1G76450	1621
AT1G48880	199
AT1G12020	360
AT1G01340	75
AT1G21960	0
AT1G30620	469
AT1G34095	0
AT1G09920	776
AT1G18840	588
AT1G35410	0
AT1G76030	6246
AT1G02280	2692
AT1G43665	0
AT1G52110	1
AT1G64795	4
AT1G05180	1649
AT1G56070	31546
AT1G72000	6
AT1G13260	810
AT1G17970	536
AT1G13920	139
AT1G20020	14935
AT1G18090	185
AT1G13000	435
AT1G80900	178
AT1G52600	2026
AT1G65260	3022
AT1G33610	67
AT1G49435	0
AT1G61940	0
AT1G77470	720
AT1G12200	1865
AT1G02950	102
AT1G57870	360
AT1G56020	233
AT1G71240	722
AT1G12411	0
AT1G10870	672
AT1G55210	6984
AT1G29730	50
AT1G05080	8
AT1G30840	179
AT1G52630	274
AT1G80470	1
AT1G01080	1480
AT1G73210	141
AT1G48730	1
AT1G55740	873
AT1G10180	809
AT1G53790	218
AT1G07175	9
AT1G08990	250
AT1G59850	9
AT1G62421	0
AT1G65130	29
AT1G62900	7
AT1G63205	0
AT1G56060	9
AT1G10490	1079
AT1G78260	295
AT1G09880	9
AT1G59630	0
AT1G17640	120
AT1G69410	4815
AT1G31150	394
AT1G59865	114
AT1G79780	114
AT1G25150	0
AT1G57990	304
AT1G72141	0
AT1G57550	0
AT1G03050	4
AT1G16825	238
AT1G51360	264
AT1G66810	26
AT1G67270	1
AT1G42480	1803
AT1G69900	189
AT1G68450	68
AT1G54270	3676
AT1G54590	0
AT1G27760	1876
AT1G27020	765
AT1G03300	0
AT1G06690	418
AT1G35435	0
AT1G45180	436
AT1G19730	275
AT1G80260	732
AT1G04840	117
AT1G62050	282
AT1G24851	0
AT1G22885	137
AT1G54450	99
AT1G22730	1580
AT1G29710	118
AT1G33760	20
AT1G67700	3548
AT1G07960	1221
AT1G70430	283
AT1G20200	1857
AT1G13430	23
AT1G11130	839
AT1G55270	460
AT1G76890	855
AT1G73560	0
AT1G45976	836
AT1G47390	0
AT1G43640	3
AT1G44760	987
AT1G69820	0
AT1G72680	655
AT1G61340	139
AT1G35430	93
AT1G61040	1311
AT1G54830	784
AT1G14250	37
AT1G78880	1059
AT1G72660	2269
AT1G32740	181
AT1G79320	107
AT1G29600	11
AT1G67856	10
AT1G65070	1140
AT1G29195	71
AT1G31740	0
AT1G62570	600
AT1G72620	7
AT1G60650	902
AT1G18440	405
AT1G08260	393
AT1G68580	2058
AT1G80245	393
AT1G31930	884
AT1G49750	3087
AT1G12130	12
AT1G04600	105
AT1G27970	2321
AT1G13755	0
AT1G26480	1
AT1G59870	4311
AT1G59620	357
AT1G62710	616
AT1G24310	736
AT1G10620	0
AT1G09415	399
AT1G52905	289
AT1G11840	22889
AT1G61165	0
AT1G19070	14
AT1G64360	120
AT1G22275	70
AT1G51830	79
AT1G16970	561
AT1G44890	271
AT1G55890	741
AT1G28560	230
AT1G55475	149
AT1G33260	193
AT1G13195	203
AT1G21080	1292
AT1G30480	714
AT1G19510	2
AT1G23330	751
AT1G72850	17
AT1G02840	5456
AT1G71697	356
AT1G04520	508
AT1G54970	46
AT1G26610	18
AT1G11303	94
AT1G48210	907
AT1G06000	0
AT1G37113	5
AT1G55280	179
AT1G78815	61
AT1G21840	121
AT1G66020	58
AT1G30420	121
AT1G72560	776
AT1G33600	656
AT1G30972	0
AT1G67635	0
AT1G28010	126
AT1G78310	181
AT1G53210	3961
AT1G68945	714
AT1G51310	912
AT1G16980	0
AT1G29240	147
AT1G45403	0
AT1G29400	2002
AT1G08695	0
AT1G15790	398
AT1G61930	185
AT1G48360	474
AT1G54710	746
AT1G10657	143
AT1G65000	150
AT1G79260	755
AT1G28135	2
AT1G57850	0
AT1G43690	2067
AT1G10790	66
AT1G12560	327
AT1G51400	16
AT1G74330	394
AT1G13190	1304
AT1G64720	49779
AT1G70890	4802
AT1G06770	352
AT1G44350	206
AT1G71800	385
AT1G31080	1
AT1G16930	92
AT1G74950	494
AT1G01430	1010
AT1G53550	1
AT1G11340	17
AT1G76590	450
AT1G07180	904
AT1G33030	6
AT1G21170	490
AT1G05270	1106
AT1G19220	158
AT1G80340	20
AT1G51270	63
AT1G28960	419
AT1G17780	461
AT1G53730	1917
AT1G64583	73
AT1G22650	482
AT1G61000	423
AT1G80980	223
AT1G66980	879
AT1G16560	1445
AT1G10810	71
AT1G01780	532
AT1G20795	20
AT1G69560	1
AT1G19370	799
AT1G14686	5
AT1G56345	249
AT1G15860	1666
AT1G24180	2622
AT1G67690	392
AT1G64780	1678
AT1G51800	388
AT1G02540	0
AT1G62333	2
AT1G53040	749
AT1G27490	0
AT1G50340	0
AT1G63120	920
AT1G21740	485
AT1G49200	6
AT1G13130	33
AT1G53035	460
AT1G23010	215
AT1G55755	3
AT1G70540	0
AT1G58300	20
AT1G55820	209
AT1G78140	550
AT1G30290	297
AT1G33670	4
AT1G68310	659
AT1G26160	545
AT1G69840	880
AT1G28260	415
AT1G26820	282
AT1G66770	0
AT1G12210	123
AT1G09730	731
AT1G05894	14
AT1G31817	1153
AT1G07950	872
AT1G61520	60044
AT1G25540	871
AT1G15110	622
AT1G75050	10
AT1G78000	1660
AT1G30680	1948
AT1G50080	0
AT1G04370	2
AT1G55265	2
AT1G23820	5350
AT1G13060	2680
AT1G53870	0
AT1G16760	1
AT1G09330	1573
AT1G72200	108
AT1G11684	0
AT1G80110	171
AT1G66520	314
AT1G34822	0
AT1G12660	0
AT1G48610	393
AT1G17380	78
AT1G23450	44
AT1G29640	186
AT1G27240	0
AT1G60610	405
AT1G67300	1266
AT1G61760	49
AT1G24290	63
AT1G43670	2777
AT1G31420	2871
AT1G49930	3
AT1G49245	612
AT1G02250	11
AT1G69290	173
AT1G56555	21
AT1G74140	9
AT1G76430	8
AT1G62310	990
AT1G67110	26
AT1G65985	42
AT1G63820	46
AT1G02780	27781
AT1G19340	157
AT1G34390	1
AT1G53170	191
AT1G17020	661
AT1G33800	533
AT1G67235	0
AT1G12350	421
AT1G05070	659
AT1G20430	1289
AT1G17250	0
AT1G04650	361
AT1G78150	3114
AT1G20670	417
AT1G13020	1255
AT1G73550	23
AT1G80300	3703
AT1G01420	450
AT1G75200	1255
AT1G21240	16
AT1G14650	2156
AT1G51470	117
AT1G66690	29
AT1G32070	2499
AT1G27550	0
AT1G60130	16
AT1G66910	492
AT1G76980	221
AT1G49250	10
AT1G05590	324
AT1G60060	109
AT1G63800	853
AT1G70790	377
AT1G69850	2488
AT1G08125	855
AT1G74880	2235
AT1G22990	170
AT1G06790	492
AT1G27535	0
AT1G28410	716
AT1G01220	922
AT1G71120	0
AT1G47657	16
AT1G55860	1542
AT1G26460	1378
AT1G70130	27
AT1G43171	1
AT1G60000	3200
AT1G47770	10
AT1G51770	0
AT1G06400	1826
AT1G19835	1732
AT1G69526	57
AT1G14020	516
AT1G13780	167
AT1G12140	1141
AT1G01050	1338
AT1G35310	327
AT1G64880	3058
AT1G30570	691
AT1G59833	0
AT1G61920	8
AT1G30720	183
AT1G61010	1112
AT1G22510	306
AT1G60983	0
AT1G64107	2
AT1G01355	10
AT1G35150	0
AT1G31790	212
AT1G10715	0
AT1G56220	2258
AT1G59675	0
AT1G66840	331
AT1G11970	3
AT1G71692	120
AT1G60760	0
AT1G25560	1549
AT1G21830	279
AT1G34470	362
AT1G19440	527
AT1G10170	2087
AT1G20990	10
AT1G09995	226
AT1G25340	0
AT1G61580	3858
AT1G76750	1
AT1G01860	287
AT1G27135	0
AT1G20890	432
AT1G04990	902
AT1G11980	1
AT1G26190	346
AT1G02660	326
AT1G11655	10
AT1G55865	34
AT1G49920	85
AT1G53580	1079
AT1G78590	395
AT1G15100	837
AT1G77370	2210
AT1G48440	2222
AT1G08780	758
AT1G73100	712
AT1G13630	195
AT1G12770	2541
AT1G06150	724
AT1G60720	2
AT1G07280	2602
AT1G58440	1310
AT1G04380	5
AT1G10610	197
AT1G34795	0
AT1G61470	59
AT1G05540	77
AT1G31990	18
AT1G77680	710
AT1G68650	337
AT1G72420	400
AT1G31800	2706
AT1G32180	3
AT1G60490	633
AT1G17285	55
AT1G70520	680
AT1G54790	65
AT1G78640	0
AT1G72410	1223
AT1G01140	2117
AT1G18360	409
AT1G51190	30
AT1G15340	2623
AT1G07680	0
AT1G31690	31
AT1G28480	13
AT1G79970	1223
AT1G51290	0
AT1G73720	594
AT1G73810	83
AT1G07150	174
AT1G35880	6
AT1G80320	0
AT1G02610	75
AT1G80133	0
AT1G62870	171
AT1G14790	395
AT1G56090	358
AT1G25220	919
AT1G53633	34
AT1G68690	139
AT1G44970	128
AT1G29950	1253
AT1G60040	4
AT1G15080	162
AT1G58400	253
AT1G52330	47
AT1G12570	23
AT1G63490	719
AT1G71090	1202
AT1G04778	49
AT1G79720	660
AT1G24660	0
AT1G21920	878
AT1G16530	77
AT1G05520	1397
AT1G07025	0
AT1G75090	82
AT1G47670	599
AT1G52415	1
AT1G59720	199
AT1G52740	1878
AT1G34780	584
AT1G45688	2959
AT1G67170	466
AT1G60500	4
AT1G30590	1379
AT1G32920	846
AT1G72500	2075
AT1G22800	0
AT1G07480	325
AT1G29320	1297
AT1G80660	162
AT1G15570	421
AT1G74070	2936
AT1G09480	31
AT1G79530	2536
AT1G03810	1
AT1G29290	31
AT1G51390	168
AT1G72645	578
AT1G36150	0
AT1G80380	4247
AT1G09935	0
AT1G54870	5
AT1G48320	0
AT1G51340	471
AT1G78170	137
AT1G72820	723
AT1G28640	0
AT1G26510	2
AT1G03445	64
AT1G58766	0
AT1G65510	95
AT1G78950	177
AT1G14330	604
AT1G02730	902
AT1G10455	0
AT1G62790	3798
AT1G07330	19
AT1G02870	539
AT1G28680	127
AT1G47820	355
AT1G24540	0
AT1G17545	1
AT1G53285	0
AT1G71190	191
AT1G65280	1855
AT1G71235	4
AT1G78610	1613
AT1G74260	2879
AT1G68760	426
AT1G77830	0
AT1G16180	5581
AT1G34850	0
AT1G76580	936
AT1G26580	3879
AT1G30630	2839
AT1G76300	2295
AT1G34317	29
AT1G68660	2206
AT1G70630	66
AT1G13690	589
AT1G34670	60
AT1G79770	46
AT1G50300	994
AT1G32415	120
AT1G63290	942
AT1G31050	85
AT1G80640	888
AT1G30135	9
AT1G28240	706
AT1G75900	513
AT1G69470	0
AT1G32240	139
AT1G65010	1426
AT1G62060	0
AT1G02500	9657
AT1G43910	1562
AT1G14710	2940
AT1G19380	240
AT1G55640	1
AT1G56510	263
AT1G15810	618
AT1G27160	1
AT1G31814	289
AT1G18100	163
AT1G59700	526
AT1G69325	98
AT1G29940	1230
AT1G09400	33
AT1G10510	1493
AT1G47710	1140
AT1G78790	309
AT1G29000	15
AT1G12550	160
AT1G63830	1594
AT1G14687	150
AT1G53920	345
AT1G36380	160
AT1G09645	539
AT1G70040	0
AT1G77090	1419
AT1G56520	215
AT1G48560	73
AT1G27080	3
AT1G19530	338
AT1G06460	3200
AT1G72750	1999
AT1G07630	640
AT1G26720	0
AT1G66620	232
AT1G36390	956
AT1G59740	396
AT1G63410	9
AT1G04555	171
AT1G67230	1415
AT1G29970	484
AT1G16110	325
AT1G29780	0
AT1G67320	668
AT1G10600	747
AT1G50700	158
AT1G18660	1247
AT1G65380	216
AT1G06420	45
AT1G11490	9
AT1G67160	9
AT1G63390	15
AT1G74490	118
AT1G25440	4860
AT1G64940	161
AT1G31290	167
AT1G40104	0
AT1G02360	194
AT1G67580	1442
AT1G62240	0
AT1G19940	17
AT1G51620	76
AT1G56340	21153
AT1G22290	0
AT1G73440	409
AT1G29200	47
AT1G16260	377
AT1G21250	1760
AT1G26799	0
AT1G58248	0
AT1G30880	2389
AT1G74550	6
AT1G04580	5
AT1G03320	9
AT1G74960	3753
AT1G21050	299
AT1G17455	208
AT1G09340	9774
AT1G77655	4
AT1G71060	185
AT1G67750	904
AT1G05830	881
AT1G11120	58
AT1G47395	652
AT1G78680	3871
AT1G63730	163
AT1G50530	0
AT1G08930	2793
AT1G09176	9
AT1G54820	367
AT1G13500	2
AT1G58060	809
AT1G63770	6008
AT1G24735	36
AT1G52191	0
AT1G16410	3459
AT1G59960	1451
AT1G19410	1
AT1G25097	0
AT1G27470	1252
AT1G33590	3044
AT1G77160	3
AT1G18540	8048
AT1G18420	0
AT1G60920	0
AT1G72610	1
AT1G08880	2059
AT1G73220	7
AT1G07430	130
AT1G45100	1
AT1G65425	0
AT1G72590	1
AT1G43860	809
AT1G29090	29
AT1G17340	408
AT1G48605	209
AT1G63270	253
AT1G72870	24
AT1G62770	77
AT1G14920	588
AT1G22310	257
AT1G07650	813
AT1G16120	16
AT1G12110	2542
AT1G34049	0
AT1G05710	451
AT1G34040	373
AT1G27320	1925
AT1G08450	1841
AT1G22950	684
AT1G76880	0
AT1G61820	273
AT1G22410	6031
AT1G48912	0
AT1G65730	58
AT1G24140	27
AT1G16010	1284
AT1G18280	3
AT1G80370	551
AT1G47510	161
AT1G31730	1448
AT1G07795	3
AT1G26880	5121
AT1G50730	579
AT1G24330	168
AT1G25370	347
AT1G25570	1065
AT1G74710	389
AT1G53360	0
AT1G47278	1243
AT1G62250	186
AT1G70550	270
AT1G20870	71
AT1G31340	2393
AT1G32300	0
AT1G54220	850
AT1G78120	318
AT1G50720	0
AT1G76952	60
AT1G65990	0
AT1G30200	985
AT1G21710	408
AT1G63940	3396
AT1G80270	1952
AT1G03457	230
AT1G68040	0
AT1G55920	2156
AT1G65800	1255
AT1G30490	1940
AT1G13490	0
AT1G10030	605
AT1G78720	6
AT1G33811	1089
AT1G12610	0
AT1G62820	485
AT1G69085	1
AT1G62260	169
AT1G70280	1098
AT1G66350	164
AT1G55980	69
AT1G07473	0
AT1G15160	188
AT1G19450	2253
AT1G11590	0
AT1G08620	786
AT1G15772	25
AT1G18193	1
AT1G19430	1094
AT1G09040	206
AT1G80880	224
AT1G15540	4
AT1G22520	860
AT1G22400	783
AT1G03750	293
AT1G15990	1
AT1G61100	1766
AT1G66760	134
AT1G12890	15
AT1G03020	19
AT1G79760	171
AT1G80830	2292
AT1G39060	0
AT1G36942	0
AT1G34520	4
AT1G07730	0
AT1G79900	61
AT1G42990	1383
AT1G23980	77
AT1G60730	824
AT1G65950	563
AT1G36320	2751
AT1G10095	150
AT1G29340	1325
AT1G54020	10
AT1G07530	795
AT1G76405	769
AT1G69828	0
AT1G71920	1
AT1G50270	196
AT1G01020	711
AT1G02140	7315
AT1G52970	0
AT1G05810	376
AT1G16070	845
AT1G02830	7
AT1G67470	161
AT1G76700	451
AT1G61770	1083
AT1G66730	537
AT1G07190	0
AT1G80865	9
AT1G54160	54
AT1G52310	909
AT1G52410	377
AT1G14030	872
AT1G27500	320
AT1G54860	0
AT1G17210	1957
AT1G54030	1790
AT1G04100	72
AT1G17615	1
AT1G75540	527
AT1G55915	292
AT1G24620	20
AT1G01480	14
AT1G15800	403
AT1G52760	2581
AT1G59460	0
AT1G12775	219
AT1G54490	1274
AT1G74390	299
AT1G40129	0
AT1G16150	19
AT1G14540	9
AT1G06890	1201
AT1G63280	4
AT1G64620	264
AT1G70335	0
AT1G64450	129
AT1G55803	5
AT1G33490	762
AT1G60560	277
AT1G59725	32
AT1G29530	495
AT1G32430	0
AT1G62920	40
AT1G79070	145
AT1G77800	1327
AT1G71940	199
AT1G71230	201
AT1G47730	0
AT1G02335	247
AT1G31650	719
AT1G06260	0
AT1G30760	1260
AT1G22710	1184
AT1G06910	140
AT1G74020	1432
AT1G14730	186
AT1G74875	31
AT1G38131	84
AT1G11570	49
AT1G73670	437
AT1G05340	206
AT1G06580	109
AT1G01640	278
AT1G26470	1854
AT1G76840	0
AT1G23320	0
AT1G07660	574
AT1G06320	10
AT1G02170	890
AT1G05330	0
AT1G51010	0
AT1G48940	8
AT1G42080	0
AT1G14310	664
AT1G28765	33
AT1G62020	1722
AT1G31660	2258
AT1G68620	54
AT1G21810	148
AT1G20925	7
AT1G79380	449
AT1G63910	4
AT1G53590	945
AT1G09890	122
AT1G29910	185789
AT1G15930	12396
AT1G67950	476
AT1G31090	0
AT1G45231	549
AT1G08110	4040
AT1G35520	0
AT1G58260	1
AT1G71200	40
AT1G26970	65
AT1G62610	153
AT1G74640	747
AT1G08650	1455
AT1G05990	1
AT1G27650	3152
AT1G19580	1133
AT1G34790	0
AT1G10100	0
AT1G71870	190
AT1G61030	521
AT1G01335	0
AT1G15620	4
AT1G55570	3
AT1G48420	3944
AT1G23640	0
AT1G22220	237
AT1G12390	427
AT1G61640	456
AT1G03410	42
AT1G22980	122
AT1G61255	83
AT1G62780	1343
AT1G13790	595
AT1G62330	639
AT1G16490	0
AT1G67490	780
AT1G69350	84
AT1G61600	207
AT1G60260	1078
AT1G19950	337
AT1G01490	1720
AT1G58320	0
AT1G79950	752
AT1G56230	984
AT1G80130	4140
AT1G11180	490
AT1G68526	7
AT1G67630	420
AT1G15085	106
AT1G16750	256
AT1G65342	0
AT1G47400	565
AT1G49790	33
AT1G05460	632
AT1G47210	312
AT1G23140	228
AT1G15400	1122
AT1G19485	599
AT1G62590	261
AT1G14560	454
AT1G60360	52
AT1G28630	0
AT1G31770	928
AT1G65650	990
AT1G22250	12
AT1G18710	29
AT1G71490	94
AT1G53720	1181
AT1G63630	4
AT1G55430	33
AT1G51430	370
AT1G44820	733
AT1G05120	710
AT1G04945	426
AT1G62085	227
AT1G17770	0
AT1G67430	9204
AT1G02560	5894
AT1G73270	7
AT1G21245	0
AT1G13605	0
AT1G23070	0
AT1G11880	186
AT1G44020	2
AT1G54170	499
AT1G60990	1373
AT1G13670	103
AT1G73655	2386
AT1G30910	382
AT1G52857	4
AT1G23030	1283
AT1G67140	800
AT1G21360	26
AT1G26560	756
AT1G30120	2026
AT1G58030	1874
AT1G61080	13
AT1G69910	402
AT1G34060	165
AT1G50160	0
AT1G09050	198
AT1G79750	4876
AT1G07770	7854
AT1G22570	783
AT1G03365	507
AT1G49850	318
AT1G67440	773
AT1G59800	0
AT1G50910	89
AT1G06380	433
AT1G52825	165
AT1G23570	1
AT1G52270	83
AT1G35515	42
AT1G01940	2560
AT1G35610	0
AT1G52342	288
AT1G61500	449
AT1G64210	90
AT1G31885	36
AT1G10320	402
AT1G49890	418
AT1G78030	87
AT1G76500	137
AT1G70870	0
AT1G80550	834
AT1G76630	601
AT1G26620	436
AT1G56160	0
AT1G69830	4261
AT1G55230	18
AT1G08360	8395
AT1G48160	817
AT1G51250	0
AT1G71680	0
AT1G05640	140
AT1G46480	301
AT1G66300	1
AT1G12500	582
AT1G55550	58
AT1G75980	362
AT1G12211	0
AT1G06970	32
AT1G29800	407
AT1G19140	831
AT1G47530	1333
AT1G17300	15
AT1G76600	135
AT1G62660	1430
AT1G78540	301
AT1G70610	573
AT1G32500	2562
AT1G49700	960
AT1G53100	21
AT1G55760	210
AT1G33900	0
AT1G76620	91
AT1G17310	12
AT1G68725	50
AT1G77580	659
AT1G64830	0
AT1G45165	0
AT1G04610	21
AT1G68240	49
AT1G76160	4528
AT1G23040	822
AT1G31243	1
AT1G02850	2866
AT1G01880	139
AT1G01725	218
AT1G24070	65
AT1G15230	1571
AT1G71100	862
AT1G52670	1050
AT1G67280	6414
AT1G32225	1
AT1G47890	10
AT1G06090	165
AT1G54760	5
AT1G30475	258
AT1G52770	60
AT1G68937	0
AT1G26420	66
AT1G07476	2
AT1G67830	409
AT1G67660	1163
AT1G74045	0
AT1G20065	40
AT1G28350	1508
AT1G51700	783
AT1G55590	420
AT1G65570	14
AT1G11790	631
AT1G06470	1362
AT1G78270	0
AT1G71810	719
AT1G29670	2527
AT1G47200	1260
AT1G18960	1
AT1G14770	346
AT1G32100	709
AT1G35860	0
AT1G44010	3
AT1G52540	297
AT1G48725	130
AT1G68640	46
AT1G54000	231
AT1G12750	320
AT1G13650	615
AT1G13450	773
AT1G43825	0
AT1G61740	1501
AT1G77880	186
AT1G30925	1
AT1G30100	10
AT1G32750	1091
AT1G74690	1288
AT1G80630	204
AT1G23380	225
AT1G12400	174
AT1G02813	11
AT1G25380	823
AT1G53560	428
AT1G20770	1013
AT1G13580	260
AT1G55320	483
AT1G60530	0
AT1G05280	66
AT1G48760	643
AT1G07460	0
AT1G79790	380
AT1G20750	7
AT1G73380	363
AT1G08070	104
AT1G14430	133
AT1G12490	7
AT1G73066	69
AT1G76080	19430
AT1G65450	39
AT1G60740	109
AT1G64460	657
AT1G16905	20
AT1G10070	21
AT1G21750	7720
AT1G65930	12843
AT1G35530	76
AT1G28290	25073
AT1G52603	0
AT1G68610	9
AT1G04870	1420
AT1G36078	0
AT1G51740	298
AT1G54230	0
AT1G44750	938
AT1G50710	646
AT1G09720	0
AT1G68875	0
AT1G65860	675
AT1G31530	0
AT1G62130	362
AT1G80650	338
AT1G10990	87
AT1G75785	0
AT1G22770	2681
AT1G25250	94
AT1G28500	0
AT1G09490	1160
AT1G25470	423
AT1G58025	902
AT1G70490	3796
AT1G54580	3540
AT1G64480	6
AT1G34030	5388
AT1G12990	480
AT1G30540	361
AT1G37010	0
AT1G26370	924
AT1G17130	1061
AT1G16920	1141
AT1G01010	221
AT1G67400	193
AT1G79510	0
AT1G08220	481
AT1G16060	57
AT1G12650	631
AT1G27990	2
AT1G20790	3
AT1G60440	482
AT1G59690	0
AT1G37020	0
AT1G59580	630
AT1G27570	0
AT1G11470	0
AT1G79690	2017
AT1G34355	230
AT1G72755	0
AT1G25375	325
AT1G79640	356
AT1G74520	952
AT1G27565	6
AT1G24470	4
AT1G19180	600
AT1G54990	1341
AT1G14110	0
AT1G44895	16
AT1G78550	319
AT1G09195	87
AT1G58250	1408
AT1G52750	87
AT1G50560	121
AT1G19800	1011
AT1G24150	266
AT1G79630	674
AT1G66870	0
AT1G79103	13
AT1G60987	3
AT1G71340	782
AT1G72640	1693
AT1G57580	0
AT1G27480	1513
AT1G73080	728
AT1G27640	5
AT1G68410	979
AT1G14180	266
AT1G04020	419
AT1G70310	6631
AT1G11600	197
AT1G43680	1
AT1G71080	961
AT1G14660	166
AT1G27530	5036
AT1G23465	51
AT1G70690	97
AT1G29520	315
AT1G22920	990
AT1G66290	1
AT1G26210	0
AT1G64010	0
AT1G73450	176
AT1G05000	631
AT1G70030	0
AT1G64490	659
AT1G60770	1655
AT1G54390	581
AT1G55300	259
AT1G26120	638
AT1G28140	1423
AT1G09665	0
AT1G72070	3
AT1G21450	961
AT1G32280	0
AT1G68670	1047
AT1G80710	133
AT1G15190	61
AT1G19130	751
AT1G21475	0
AT1G55360	3628
AT1G32130	2152
AT1G35353	0
AT1G49030	5
AT1G47700	1
AT1G64430	1495
AT1G48010	0
AT1G76070	130
AT1G30470	1185
AT1G54640	0
AT1G69060	244
AT1G13170	668
AT1G61140	697
AT1G69630	15
AT1G48580	177
AT1G58430	2
AT1G60630	292
AT1G71380	143
AT1G48470	7
AT1G12820	597
AT1G60980	6
AT1G27140	27
AT1G51200	11843
AT1G54200	248
AT1G67190	342
AT1G50170	859
AT1G61720	9
AT1G07230	908
AT1G05160	240
AT1G11670	379
AT1G67990	1
AT1G78010	982
AT1G15830	464
AT1G50060	114
AT1G52890	44
AT1G04445	1
AT1G32140	0
AT1G17050	640
AT1G73430	979
AT1G28320	1218
AT1G10700	537
AT1G80440	1077
AT1G21140	41
AT1G33060	541
AT1G21928	0
AT1G64070	11
AT1G51980	8984
AT1G74450	400
AT1G05300	523
AT1G59030	0
AT1G27890	23
AT1G03960	530
AT1G02470	33
AT1G28170	8
AT1G01750	46
AT1G74930	113
AT1G31840	98
AT1G61610	18
AT1G23340	147
AT1G30920	6
AT1G21890	3
AT1G26761	767
AT1G06650	942
AT1G43790	857
AT1G54840	36
AT1G22930	2503
AT1G33945	0
AT1G32575	19
AT1G63150	250
AT1G77310	254
AT1G61110	0
AT1G75330	8590
AT1G66580	5846
AT1G43090	0
AT1G20520	0
AT1G74050	6401
AT1G72770	948
AT1G74970	4957
AT1G22110	35
AT1G54470	3
AT1G32760	171
AT1G19080	284
AT1G14360	2692
AT1G15730	1002
AT1G63670	571
AT1G59860	695
AT1G26730	188
AT1G09130	2825
AT1G59510	140
AT1G33170	1626
AT1G61890	568
AT1G52490	0
AT1G64990	1575
AT1G27050	552
AT1G25425	73
AT1G11350	389
AT1G55290	14
AT1G74090	1787
AT1G51823	0
AT1G76560	271
AT1G09812	72
AT1G09060	1296
AT1G67150	7
AT1G78955	36
AT1G61850	1151
AT1G20735	3
AT1G22690	797
AT1G78172	52
AT1G69600	89
AT1G54040	480
AT1G62540	634
AT1G53800	972
AT1G27900	1041
AT1G08640	2568
AT1G23360	415
AT1G49940	67
AT1G13420	41
AT1G75620	74
AT1G09650	30
AT1G06120	7
AT1G60070	1220
AT1G10830	863
AT1G10340	90
AT1G64520	3692
AT1G54380	1109
AT1G63570	5
AT1G56450	2440
AT1G59470	0
AT1G12160	266
AT1G49800	2
AT1G75080	457
AT1G79730	1770
AT1G53542	18
AT1G35440	0
AT1G68150	120
AT1G67760	64
AT1G63070	0
AT1G23670	1
AT1G03560	246
AT1G10470	1164
AT1G68862	114
AT1G03060	691
AT1G73020	415
AT1G65120	105
AT1G12845	380
AT1G32870	1015
AT1G62950	239
AT1G18000	0
AT1G14290	235
AT1G65870	37
AT1G15370	1201
AT1G65352	0
AT1G43005	1
AT1G56280	12090
AT1G48195	0
AT1G71040	2754
AT1G11890	672
AT1G65810	0
AT1G55970	286
AT1G72090	2624
AT1G31095	1
AT1G60110	359
AT1G63020	217
AT1G22450	2483
AT1G14740	2087
AT1G48930	426
AT1G69540	24
AT1G03870	2871
AT1G13520	31
AT1G55205	133
AT1G05530	6
AT1G16870	2122
AT1G78320	136
AT1G51130	384
AT1G33040	1976
AT1G08135	0
AT1G29010	0
AT1G23201	0
AT1G09030	0
AT1G20560	1489
AT1G12840	5532
AT1G42700	0
AT1G07080	2008
AT1G14570	2055
AT1G21310	12599
AT1G20730	4
AT1G18630	585
AT1G09300	348
AT1G35710	577
AT1G24100	3134
AT1G47790	0
AT1G80850	181
AT1G34910	0
AT1G50380	1409
AT1G28460	0
AT1G49500	562
AT1G73860	44
AT1G51810	0
AT1G25988	0
AT1G32370	364
AT1G10670	6301
AT1G20650	607
AT1G54410	22556
AT1G30020	0
AT1G57780	0
AT1G09290	193
AT1G10010	0
AT1G32375	10
AT1G62690	43
AT1G22100	1
AT1G72890	234
AT1G50510	440
AT1G09460	156
AT1G77130	2156
AT1G51172	0
AT1G13030	451
AT1G17744	11
AT1G31470	87
AT1G36085	3
AT1G77150	6
AT1G51230	0
AT1G02000	343
AT1G42550	2201
AT1G75810	287
AT1G27180	223
AT1G74340	552
AT1G47056	335
AT1G70460	160
AT1G25055	0
AT1G69295	1326
AT1G45215	0
AT1G51745	512
AT1G06330	4
AT1G65980	23328
AT1G62978	0
AT1G21730	581
AT1G35617	0
AT1G80790	2459
AT1G47317	0
AT1G75730	389
AT1G06740	164
AT1G17790	349
AT1G04930	143
AT1G04455	4
AT1G09140	9352
AT1G13609	355
AT1G22630	1303
AT1G50410	735
AT1G47980	1
AT1G48800	0
AT1G32050	4892
AT1G09740	2276
AT1G13700	207
AT1G57700	244
AT1G50990	0
AT1G03905	159
AT1G22150	91
AT1G03660	16
AT1G55910	824
AT1G07500	0
AT1G19870	2086
AT1G70260	114
AT1G61563	8
AT1G23145	0
AT1G54280	13
AT1G63860	535
AT1G10250	0
AT1G64180	195
AT1G51850	384
AT1G45191	371
AT1G51710	2857
AT1G72720	36
AT1G18810	43
AT1G09930	13
AT1G10585	23
AT1G26940	355
AT1G54560	37
AT1G18800	2355
AT1G01510	1377
AT1G20320	0
AT1G09815	1389
AT1G66880	348
AT1G51790	299
AT1G80600	7383
AT1G05260	1481
AT1G01500	559
AT1G01150	2
AT1G63310	682
AT1G48220	6
AT1G18010	0
AT1G10770	96
AT1G03890	2
AT1G54920	1562
AT1G50640	1302
AT1G32950	48
AT1G27940	54
AT1G27090	5015
AT1G71110	1047
AT1G19630	235
AT1G69980	447
AT1G18150	1150
AT1G26570	233
AT1G69420	1334
AT1G64350	710
AT1G65681	0
AT1G73980	994
AT1G48920	16863
AT1G04120	3323
AT1G74620	0
AT1G29450	55
AT1G55460	1094
AT1G32250	1
AT1G03090	796
AT1G62515	1
AT1G20580	2572
AT1G28660	574
AT1G76970	260
AT1G12910	700
AT1G64455	0
AT1G42980	22
AT1G43605	45
AT1G07270	52
AT1G30550	10
AT1G62670	172
AT1G09440	188
AT1G63030	1
AT1G16590	150
AT1G66440	27
AT1G69818	0
AT1G60230	402
AT1G66320	15
AT1G12700	142
AT1G74600	137
AT1G22970	698
AT1G69580	303
AT1G25290	523
AT1G36730	10794
AT1G73460	877
AT1G72550	1759
AT1G01770	2066
AT1G55090	1707
AT1G78080	6745
AT1G02475	1194
AT1G55070	0
AT1G32470	8085
AT1G71440	548
AT1G08480	3466
AT1G74510	1155
AT1G43000	21
AT1G21560	677
AT1G20696	2108
AT1G03395	0
AT1G18030	472
AT1G04500	30
AT1G21130	1137
AT1G60850	1316
AT1G25500	186
AT1G75000	77
AT1G64980	780
AT1G77670	1825
AT1G74590	226
AT1G13350	419
AT1G76050	554
AT1G77210	123
AT1G26800	96
AT1G29750	434
AT1G28550	14
AT1G54770	803
AT1G74860	253
AT1G07200	710
AT1G56720	148
AT1G66430	1558
AT1G53820	0
AT1G51900	0
AT1G59520	654
AT1G20350	640
AT1G32020	0
AT1G19740	968
AT1G20710	0
AT1G13245	1039
AT1G04180	73
AT1G52695	0
AT1G60790	400
AT1G64400	680
AT1G14950	0
AT1G55660	3
AT1G12760	1757
AT1G56570	279
AT1G35035	0
AT1G23740	7958
AT1G52000	658
AT1G31310	76
AT1G69960	875
AT1G14470	214
AT1G61450	177
AT1G69200	2467
AT1G49990	60
AT1G05291	0
AT1G63855	218
AT1G67900	796
AT1G29630	141
AT1G48200	632
AT1G18310	1
AT1G21760	818
AT1G11450	205
AT1G29005	0
AT1G24010	10
AT1G04710	1242
AT1G22850	4029
AT1G62420	18
AT1G51080	569
AT1G13825	2
AT1G01090	2749
AT1G72170	1099
AT1G29440	43
AT1G05750	261
AT1G19396	96
AT1G49770	0
AT1G51300	0
AT1G06700	3238
AT1G04730	288
AT1G33080	249
AT1G64290	2
AT1G56300	7156
AT1G73470	333
AT1G45170	682
AT1G62810	687
AT1G59820	727
AT1G68280	4
AT1G05580	4
AT1G15215	381
AT1G24300	928
AT1G33480	96
AT1G72510	1206
AT1G70590	619
AT1G24145	8
AT1G04790	618
AT1G64130	0
AT1G17370	4244
AT1G23230	675
AT1G71900	476
AT1G11380	331
AT1G23270	0
AT1G71750	166
AT1G24450	458
AT1G63220	148
AT1G73690	385
AT1G76720	206
AT1G48540	820
AT1G55945	0
AT1G01240	225
AT1G58520	587
AT1G30210	629
AT1G70270	8
AT1G22050	166
AT1G67530	373
AT1G15640	24
AT1G75780	325
AT1G76470	27
AT1G56040	0
AT1G55805	1581
AT1G48260	131
AT1G70985	109
AT1G17930	339
AT1G68825	21
AT1G11100	169
AT1G35400	1
AT1G49100	0
AT1G78380	26524
AT1G06220	3069
AT1G43040	1
AT1G02650	55
AT1G32928	112
AT1G70740	308
AT1G68400	213
AT1G73400	198
AT1G60995	390
AT1G08985	0
AT1G55800	3
AT1G27700	256
AT1G35340	755
AT1G71420	80
AT1G30660	65
AT1G07470	388
AT1G60410	0
AT1G35470	584
AT1G63530	345
AT1G77650	0
AT1G68905	1
AT1G58360	1643
AT1G25180	0
AT1G19620	0
AT1G34630	267
AT1G21326	27
AT1G33607	0
AT1G68230	237
AT1G72880	701
AT1G63550	7
AT1G06800	167
AT1G68320	4
AT1G20800	0
AT1G65760	0
AT1G20300	357
AT1G06060	378
AT1G68340	206
AT1G03170	57
AT1G09220	109
AT1G30320	533
AT1G02790	27
AT1G32860	886
AT1G47389	0
AT1G63850	731
AT1G52070	1101
AT1G33280	41
AT1G59810	4
AT1G59550	0
AT1G32650	0
AT1G11125	93
AT1G05320	472
AT1G61795	133
AT1G22065	169
AT1G68750	7
AT1G22040	864
AT1G48840	526
AT1G13460	597
AT1G14900	1398
AT1G80180	1328
AT1G16270	828
AT1G10580	1117
AT1G36240	2
AT1G54510	530
AT1G57600	343
AT1G09155	59
AT1G20860	0
AT1G02965	6
AT1G33350	159
AT1G28160	1
AT1G15165	149
AT1G16040	592
AT1G53250	640
AT1G78210	337
AT1G11260	571
AT1G29820	373
AT1G72060	4
AT1G60940	5207
AT1G71770	9
AT1G08660	1259
AT1G40086	0
AT1G04340	635
AT1G47260	4993
AT1G48325	6
AT1G26310	0
AT1G48460	703
AT1G59453	0
AT1G76200	5521
AT1G17600	28
AT1G47740	757
AT1G75930	0
AT1G56580	0
AT1G17890	961
AT1G49230	102
AT1G69935	824
AT1G54550	1
AT1G02150	4229
AT1G56350	335
AT1G28650	0
AT1G18760	0
AT1G78470	0
AT1G04070	400
AT1G31255	0
AT1G58215	13
AT1G71460	499
AT1G78130	9
AT1G74810	73
AT1G24267	1972
AT1G01920	1119
AT1G25141	0
AT1G20590	0
AT1G32910	7
AT1G56180	433
AT1G58450	1
AT1G60220	1065
AT1G78460	974
AT1G21670	788
AT1G72490	63
AT1G55690	795
AT1G53000	896
AT1G65880	5
AT1G29020	87
AT1G80400	575
AT1G29590	96
AT1G33860	4
AT1G50440	446
AT1G49540	756
AT1G18670	834
AT1G12920	5390
AT1G06920	3
AT1G14210	1234
AT1G32550	807
AT1G32790	2059
AT1G46336	0
AT1G78840	14
AT1G36990	561
AT1G03930	670
AT1G20875	0
AT1G23915	3
AT1G24764	940
AT1G32260	927
AT1G52130	4
AT1G34210	1185
AT1G53770	397
AT1G29040	404
AT1G15390	2174
AT1G73340	49
AT1G64580	277
AT1G79050	848
AT1G35290	129
AT1G23050	0
AT1G29080	0
AT1G48990	0
AT1G63295	85
AT1G29535	28
AT1G64960	225
AT1G73000	10
AT1G36622	38
AT1G41820	0
AT1G50840	1352
AT1G49860	245
AT1G58420	62
AT1G49005	0
AT1G13880	855
AT1G59835	0
AT1G50350	10
AT1G11210	745
AT1G10020	419
AT1G15890	44
AT1G31640	0
AT1G69520	144
AT1G08310	184
AT1G29270	25
AT1G26140	1
AT1G11110	2
AT1G20780	677
AT1G08190	2608
AT1G04390	397
AT1G04800	202
AT1G51490	3
AT1G58037	4
AT1G32400	3727
AT1G02090	2775
AT1G79600	3088
AT1G10650	1000
AT1G76994	20
AT1G52495	0
AT1G68960	1
AT1G52510	384
AT1G22360	1167
AT1G27270	0
AT1G66680	992
AT1G18520	0
AT1G11230	9
AT1G67640	17
AT1G52580	1
AT1G44080	0
AT1G61575	7
AT1G20600	3
AT1G14755	0
AT1G55420	55
AT1G73590	808
AT1G21470	23
AT1G13870	286
AT1G50500	1262
AT1G61105	0
AT1G43020	43
AT1G72160	2358
AT1G23660	0
AT1G32360	798
AT1G67000	11
AT1G06350	125
AT1G66220	0
AT1G14680	119
AT1G18730	933
AT1G26390	7
AT1G28695	0
AT1G66420	5
AT1G10900	1428
AT1G51820	188
AT1G68390	27
AT1G78370	8655
AT1G14140	536
AT1G60430	206
AT1G02300	2522
AT1G28130	988
AT1G62280	16
AT1G62840	0
AT1G15970	455
AT1G27460	519
AT1G73870	703
AT1G13560	1458
AT1G31335	309
AT1G35490	1
AT1G51220	0
AT1G49260	0
AT1G12010	175
AT1G19640	60
AT1G30090	1127
AT1G27190	1040
AT1G48830	7018
AT1G04430	3038
AT1G24420	0
AT1G18290	19
AT1G07940	7653
AT1G15660	381
AT1G17560	522
AT1G15980	2185
AT1G68520	4370
AT1G27595	1092
AT1G66390	29
AT1G19890	0
AT1G26110	3328
AT1G48145	1
AT1G54575	1079
AT1G20330	1672
AT1G17400	23
AT1G11362	6
AT1G51540	524
AT1G28690	62
AT1G48430	1498
AT1G63870	9
AT1G11860	22213
AT1G66250	342
AT1G55673	0
AT1G73030	770
AT1G04920	99
AT1G55520	682
AT1G18470	1325
AT1G13540	3
AT1G73965	12
AT1G80820	142
AT1G48530	16
AT1G35540	1
AT1G36675	307
AT1G73875	440
AT1G17650	746
AT1G55050	63
AT1G79130	1
AT1G58340	209
AT1G70840	0
AT1G14820	910
AT1G34160	388
AT1G79960	0
AT1G07610	4881
AT1G77110	121
AT1G48960	165
AT1G45332	1309
AT1G19920	2220
AT1G20920	3186
AT1G59723	0
AT1G69800	452
AT1G49680	0
AT1G53120	491
AT1G56418	1
AT1G06190	5384
AT1G10570	531
AT1G42710	0
AT1G74110	1
AT1G34010	313
AT1G13600	94
AT1G80150	549
AT1G67480	2299
AT1G52730	1055
AT1G03680	3127
AT1G72580	0
AT1G74080	20
AT1G32200	1025
AT1G20960	4778
AT1G12960	0
AT1G65360	0
AT1G13220	732
AT1G71030	239
AT1G65110	19
AT1G77060	595
AT1G21910	552
AT1G33090	1
AT1G75190	213
AT1G12940	10
AT1G03990	103
AT1G23440	697
AT1G15885	127
AT1G06560	1444
AT1G28540	254
AT1G70880	10
AT1G01660	60
AT1G12180	9
AT1G18780	1
AT1G15330	2
AT1G10520	122
AT1G30510	1616
AT1G80990	8
AT1G11770	0
AT1G10220	15
AT1G70060	588
AT1G76955	125
AT1G22120	0
AT1G17590	143
AT1G58235	233
AT1G51090	119
AT1G70530	566
AT1G70560	675
AT1G32170	499
AT1G25530	437
AT1G19550	0
AT1G61420	102
AT1G62490	40
AT1G80210	371
AT1G16960	82
AT1G19120	310
AT1G24625	391
AT1G07070	775
AT1G13200	0
AT1G74410	297
AT1G27720	75
AT1G02620	25
AT1G58070	288
AT1G64000	6
AT1G68060	1503
AT1G33930	119
AT1G30230	23483
AT1G11593	0
AT1G68370	1007
AT1G33340	74
AT1G74120	221
AT1G16820	70
AT1G24210	66
AT1G67360	1436
AT1G27690	477
AT1G35625	3
AT1G60989	383
AT1G02920	1526
AT1G80510	313
AT1G47220	0
AT1G27070	557
AT1G25420	629
AT1G50460	837
AT1G42615	1
AT1G49480	788
AT1G61560	163
AT1G14240	68
AT1G11250	1
AT1G49180	243
AT1G07380	866
AT1G35910	29
AT1G76180	6436
AT1G76800	82
AT1G32440	1402
AT1G57570	7
AT1G28570	795
AT1G08710	553
AT1G06020	22
AT1G01040	1310
AT1G75590	57
AT1G12410	6274
AT1G19690	383
AT1G48770	151
AT1G78995	355
AT1G68940	0
AT1G77122	472
AT1G56120	149
AT1G76960	1729
AT1G79880	439
AT1G69640	796
AT1G53708	0
AT1G26810	155
AT1G02120	1474
AT1G07620	92
AT1G17430	127
AT1G78240	1790
AT1G10140	320
AT1G43800	1713
AT1G60950	16299
AT1G11750	2800
AT1G05920	0
AT1G56423	425
AT1G53160	96
AT1G64530	356
AT1G69890	207
AT1G16880	4561
AT1G29510	86
AT1G50010	7193
AT1G13485	0
AT1G16945	0
AT1G20150	3
AT1G53850	1903
AT1G53070	776
AT1G54110	173
AT1G11920	3
AT1G54850	294
AT1G10660	1886
AT1G29060	191
AT1G68890	1192
AT1G26270	1126
AT1G14205	184
AT1G73240	771
AT1G72220	27
AT1G47270	288
AT1G49140	4861
AT1G17490	1033
AT1G51370	115
AT1G73390	534
AT1G73180	1337
AT1G73760	610
AT1G64710	1480
AT1G28330	987
AT1G11240	2234
AT1G22840	7367
AT1G32000	0
AT1G51140	875
AT1G64020	2
AT1G27710	0
AT1G43010	0
AT1G24350	690
AT1G65900	591
AT1G54780	4912
AT1G18890	455
AT1G20816	448
AT1G18640	1223
AT1G65200	5
AT1G43710	2755
AT1G05577	8
AT1G55080	374
AT1G30930	0
AT1G66270	486
AT1G30410	562
AT1G60620	494
AT1G14120	99
AT1G62400	47
AT1G50040	93
AT1G26870	3
AT1G50290	114
AT1G20080	22
AT1G12640	809
AT1G13610	54
AT1G18350	2
AT1G08500	98
AT1G31830	620
AT1G70949	0
AT1G16020	468
AT1G17730	375
AT1G62010	172
AT1G80910	529
AT1G53140	319
AT1G52240	25
AT1G58110	499
AT1G73060	2507
AT1G55850	1119
AT1G74940	999
AT1G50250	3155
AT1G66890	322
AT1G18265	68
AT1G65410	713
AT1G34560	0
AT1G13360	2950
AT1G33110	1529
AT1G27410	395
AT1G68420	0
AT1G08000	252
AT1G29280	760
AT1G52290	110
AT1G04635	368
AT1G60913	0
AT1G07600	0
AT1G65430	1019
AT1G76010	13638
AT1G47550	1362
AT1G14230	442
AT1G19880	1357
AT1G21930	386
AT1G77550	1009
AT1G78860	68
AT1G65020	526
AT1G62340	0
AT1G21010	557
AT1G62220	0
AT1G60830	0
AT1G69440	289
AT1G24147	15
AT1G45616	900
AT1G24881	0
AT1G11960	394
AT1G64760	848
AT1G12280	508
AT1G35890	0
AT1G02740	356
AT1G34200	326
AT1G14200	78
AT1G75850	1209
AT1G59890	1053
AT1G47603	0
AT1G06645	286
AT1G62110	181
AT1G64600	1023
AT1G54130	981
AT1G13400	19
AT1G04360	63
AT1G05960	1554
AT1G52190	646
AT1G53887	120
AT1G30040	329
AT1G28360	35
AT1G43970	0
AT1G05620	760
AT1G73310	227
AT1G13100	289
AT1G09910	236
AT1G03310	3622
AT1G17235	22
AT1G71210	559
AT1G32585	0
AT1G57943	0
AT1G79170	14
AT1G29355	0
AT1G71450	1
AT1G17690	1252
AT1G64890	400
AT1G21550	261
AT1G15550	684
AT1G19680	541
AT1G27370	251
AT1G51730	1895
AT1G60800	1876
AT1G49410	2164
AT1G79490	747
AT1G49870	133
AT1G63200	0
AT1G73790	0
AT1G06045	0
AT1G03070	159
AT1G61860	60
AT1G74430	64
AT1G26640	543
AT1G17950	50
AT1G29110	42
AT1G11310	1606
AT1G71410	843
AT1G74900	30
AT1G73580	15
AT1G53815	0
AT1G53640	3
AT1G69120	1
AT1G23760	11
AT1G02910	998
AT1G64910	2
AT1G64185	159
AT1G34046	0
AT1G23290	0
AT1G20110	1710
AT1G20190	334
AT1G63100	151
AT1G68160	292
AT1G18650	669
AT1G69220	925
AT1G02970	210
AT1G70800	226
AT1G01370	189
AT1G28700	0
AT1G71780	728
AT1G17830	722
AT1G59900	4832
AT1G77990	385
AT1G27695	153
AT1G06760	1218
AT1G01130	41
AT1G59312	0
AT1G19390	0
AT1G06720	2118
AT1G50980	0
AT1G05136	13
AT1G22490	106
AT1G71400	322
AT1G49780	446
AT1G71310	562
AT1G63650	145
AT1G61330	0
AT1G18580	444
AT1G67620	183
AT1G32580	2749
AT1G33680	2064
AT1G68560	14025
AT1G50690	3
AT1G65330	7
AT1G59990	1467
AT1G11780	461
AT1G33700	149
AT1G28110	430
AT1G58390	4
AT1G12620	184
AT1G21940	1479
AT1G24545	0
AT1G74700	193
AT1G20340	75837
AT1G09530	1135
AT1G04890	0
AT1G66230	257
AT1G23610	5
AT1G51040	1
AT1G26840	223
AT1G23480	242
AT1G74750	453
AT1G67290	0
AT1G44990	3
AT1G34820	0
AT1G72340	1073
AT1G20220	2820
AT1G78480	5
AT1G34540	1
AT1G75060	145
AT1G77540	1751
AT1G70250	383
AT1G05140	961
AT1G11440	382
AT1G55060	0
AT1G18530	0
AT1G70900	1251
AT1G48100	66
AT1G02770	122
AT1G27000	3327
AT1G68730	505
AT1G36020	4
AT1G33290	2791
AT1G24190	995
AT1G51020	0
AT1G29790	660
AT1G12540	0
AT1G62290	2389
AT1G75450	23
AT1G07910	1119
AT1G19570	11893
AT1G48180	1
AT1G75860	1895
AT1G54310	1174
AT1G52870	7757
AT1G54630	2040
AT1G61750	0
AT1G76870	225
AT1G09850	1676
AT1G06010	439
AT1G29480	0
AT1G11591	0
AT1G76185	73
AT1G79940	2491
AT1G08900	192
AT1G64260	75
AT1G22740	108
AT1G08720	623
AT1G06990	1
AT1G25240	5
AT1G56650	765
AT1G69100	3
AT1G48380	320
AT1G73325	196
AT1G59124	0
AT1G78510	1340
AT1G76250	79
AT1G23750	678
AT1G15420	1256
AT1G18975	0
AT1G76120	481
AT1G78920	3580
AT1G26660	413
AT1G20140	776
AT1G15270	4769
AT1G28580	3588
AT1G34190	1594
AT1G14370	509
AT1G24800	0
AT1G50000	296
AT1G69230	109
AT1G30610	783
AT1G34817	0
AT1G14390	15
AT1G17110	1152
AT1G49000	26
AT1G60460	81
AT1G80010	657
AT1G18220	0
AT1G30270	1805
AT1G70320	2820
AT1G61670	959
AT1G67940	440
AT1G41880	6072
AT1G77740	1183
AT1G62000	3
AT1G08760	680
AT1G59724	0
AT1G35420	2365
AT1G35750	0
AT1G06100	25
AT1G31240	78
AT1G19330	177
AT1G07000	355
AT1G60140	595
AT1G78620	1208
AT1G24600	99
AT1G14260	41
AT1G01190	78
AT1G59920	33
AT1G07705	785
AT1G08520	3952
AT1G30810	495
AT1G06390	1183
AT1G70580	948
AT1G25550	1690
AT1G51530	9
AT1G55390	28
AT1G47420	7189
AT1G34403	0
AT1G22000	0
AT1G53875	0
AT1G09510	1
AT1G46840	0
AT1G77780	0
AT1G02490	4
AT1G22020	899
AT1G66650	43
AT1G73260	3240
AT1G77250	326
AT1G16780	969
AT1G62430	844
AT1G48640	11
AT1G23810	2
AT1G21110	143
AT1G56600	47
AT1G02440	2
AT1G66145	0
AT1G17410	290
AT1G31750	18
AT1G12440	1270
AT1G77290	213
AT1G34140	1
AT1G57630	5
AT1G01520	85
AT1G53500	430
AT1G16240	1333
AT1G78600	1250
AT1G80170	223
AT1G30974	0
AT1G22200	1371
AT1G08270	65
AT1G29580	0
AT1G55535	312
AT1G31460	152
AT1G53840	1045
AT1G64200	1972
AT1G58470	262
AT1G71260	2975
AT1G21970	0
AT1G63000	1874
AT1G77480	880
AT1G71910	48
AT1G67250	1643
AT1G16900	699
AT1G28040	3
AT1G16720	1670
AT1G14170	247
AT1G68090	4
AT1G16440	27
AT1G64700	166
AT1G10910	1052
AT1G69210	378
AT1G14010	1427
AT1G65165	0
AT1G08050	208
AT1G09080	7
AT1G22240	5
AT1G53830	167
AT1G03900	3250
AT1G33910	0
AT1G53240	12061
AT1G23690	0
AT1G67460	19
AT1G26300	466
AT1G09760	1356
AT1G47300	0
AT1G08470	377
AT1G63810	1353
AT1G46408	0
AT1G21880	493
AT1G67910	67
AT1G61370	168
AT1G52980	3946
AT1G66660	380
AT1G66130	831
AT1G35550	0
AT1G77570	192
AT1G62300	428
AT1G18130	26
AT1G14810	2564
AT1G62480	2669
AT1G48405	5
AT1G67855	2
AT1G50190	0
AT1G54330	16
AT1G03130	16437
AT1G70070	1500
AT1G21680	4135
AT1G68870	69
AT1G49760	5557
AT1G66380	9
AT1G73650	641
AT1G01700	26
AT1G22090	11
AT1G60300	0
AT1G13740	247
AT1G07920	8980
AT1G73320	240
AT1G55175	26
AT1G52230	11389
AT1G67390	0
AT1G49580	747
AT1G61090	0
AT1G63590	0
AT1G54530	65
AT1G23037	0
AT1G11320	235
AT1G11540	187
AT1G54150	640
AT1G27120	203
AT1G54440	647
AT1G61130	1
AT1G23220	550
AT1G16390	234
AT1G49620	204
AT1G34290	0
AT1G20850	4775
AT1G12120	1655
AT1G50325	0
AT1G80525	2
AT1G22440	284
AT1G48660	60
AT1G71360	427
AT1G01530	8
AT1G76340	320
AT1G26100	212
AT1G19700	547
AT1G05770	25
AT1G07490	0
AT1G06030	60
AT1G55260	1570
AT1G05030	339
AT1G68680	586
AT1G80120	150
AT1G02400	123
AT1G24000	6
AT1G67540	3
AT1G29920	116837
AT1G32900	2811
AT1G34400	0
AT1G10690	89
AT1G15015	0
AT1G47410	214
AT1G25145	0
AT1G08350	617
AT1G26240	8
AT1G11070	58
AT1G34805	0
AT1G27045	36
AT1G74310	1575
AT1G11905	231
AT1G68350	3
AT1G61215	72
AT1G51970	0
AT1G61097	0
AT1G05660	19
AT1G19397	72
AT1G14185	13
AT1G54540	108
AT1G18980	134
AT1G11608	2
AT1G77790	2
AT1G63900	748
AT1G10240	614
AT1G63535	0
AT1G78160	7
AT1G22790	665
AT1G24590	2
AT1G55940	21
AT1G76480	6
AT1G15910	1176
AT1G19110	814
AT1G76920	824
AT1G36005	0
AT1G31510	0
AT1G72260	1
AT1G01120	514
AT1G49840	573
AT1G23590	2
AT1G20450	3563
AT1G04220	113
AT1G17200	1289
AT1G18485	328
AT1G34370	2474
AT1G19360	586
AT1G55546	0
AT1G31812	9118
AT1G15700	0
AT1G76990	2168
AT1G23400	3390
AT1G09370	0
AT1G32210	1748
AT1G50745	8
AT1G61990	558
AT1G59406	0
AT1G49640	45
AT1G62935	8
AT1G07747	0
AT1G68080	190
AT1G49970	4695
AT1G72930	445
AT1G70170	25
AT1G30600	292
AT1G54500	2012
AT1G34550	888
AT1G58410	88
AT1G22600	12
AT1G21280	0
AT1G69390	762
AT1G52810	3
AT1G70290	1153
AT1G35895	0
AT1G48780	86
AT1G14640	433
AT1G63480	513
AT1G70944	0
AT1G72230	498
AT1G34825	0
AT1G21340	6
AT1G56420	197
AT1G10630	2021
AT1G03950	247
AT1G60970	144
AT1G34930	0
AT1G06140	94
AT1G13250	273
AT1G63540	1
AT1G28000	0
AT1G23410	0
AT1G35660	667
AT1G22590	71
AT1G60380	0
AT1G76360	510
AT1G15940	1321
AT1G22870	331
AT1G16640	76
AT1G47570	614
AT1G70110	0
AT1G65440	2842
AT1G10330	58
AT1G57775	0
AT1G72970	1594
AT1G11850	279
AT1G11720	539
AT1G49390	18
AT1G04895	0
AT1G14453	0
AT1G05783	25
AT1G52640	96
AT1G51630	1411
AT1G51070	2251
AT1G32490	1555
AT1G02690	1178
AT1G22470	54
AT1G52520	310
AT1G66340	870
AT1G06530	0
AT1G14860	220
AT1G78810	216
AT1G21320	24
AT1G27250	0
AT1G51120	0
AT1G77360	138
AT1G54120	51
AT1G08910	1199
AT1G49010	586
AT1G71880	3432
AT1G22500	529
AT1G13930	12788
AT1G16540	390
AT1G21323	0
AT1G22160	304
AT1G51950	634
AT1G31440	589
AT1G74850	1231
AT1G44191	1
AT1G23710	399
AT1G53520	1004
AT1G32150	475
AT1G12740	143
AT1G12080	437
AT1G14220	3
AT1G47470	0
AT1G06620	161
AT1G12100	19
AT1G69690	638
AT1G67210	374
AT1G74630	105
AT1G16950	0
AT1G65740	0
AT1G09180	32
AT1G70120	0
AT1G30650	242
AT1G73880	465
AT1G76810	5694
AT1G18560	100
AT1G15050	7
AT1G23180	2714
AT1G53910	3881
AT1G12520	1110
AT1G68830	2071
AT1G03030	695
AT1G04690	3496
AT1G13710	294
AT1G74910	2292
AT1G61230	4
AT1G62530	6
AT1G63500	915
AT1G49270	0
AT1G60340	1
AT1G52120	16
AT1G64670	632
AT1G51660	531
AT1G08065	0
AT1G57620	422
AT1G62390	6696
AT1G61310	330
AT1G62350	113
AT1G14060	1357
AT1G27770	2539
AT1G70820	1636
AT1G72350	1
AT1G79440	3338
AT1G53990	14
AT1G35183	2
AT1G54620	0
AT1G25277	148
AT1G06170	8
AT1G21790	366
AT1G73710	932
AT1G05680	53
AT1G51965	332
AT1G16700	3378
AT1G64970	1186
AT1G01960	2005
AT1G73200	1138
AT1G29418	576
AT1G09350	33
AT1G75380	5822
AT1G07090	704
AT1G67020	84
AT1G31850	2542
AT1G14600	118
AT1G03220	9823
AT1G08600	1263
AT1G05087	75
AT1G61710	4
AT1G31330	27872
AT1G28600	3298
AT1G23310	33964
AT1G06730	480
AT1G75400	798
AT1G34860	0
AT1G48330	355
AT1G10588	0
AT1G06070	507
AT1G77440	1720
AT1G11765	1
AT1G27860	4
AT1G33070	0
AT1G29170	756
AT1G27630	1747
AT1G33720	109
AT1G61570	2592
AT1G09090	57
AT1G68250	1
AT1G24060	0
AT1G63055	2
AT1G68720	1480
AT1G30580	6942
AT1G04130	659
AT1G45545	45
AT1G79870	1564
AT1G57790	225
AT1G62800	400
AT1G16570	596
AT1G70140	517
AT1G33970	1775
AT1G03687	871
AT1G45221	0
AT1G30755	270
AT1G09020	1055
AT1G74160	560
AT1G23420	0
AT1G70330	422
AT1G49340	1727
AT1G09710	552
AT1G49710	1118
AT1G64080	154
AT1G17080	1054
AT1G76950	613
AT1G05690	133
AT1G51055	15
AT1G07060	16
AT1G72030	1525
AT1G79010	4048
AT1G60640	1445
AT1G61060	0
AT1G28180	0
AT1G02900	450
AT1G03210	246
AT1G70620	1679
AT1G02160	694
AT1G53165	605
AT1G31450	0
AT1G63930	40
AT1G05890	3052
AT1G68590	3366
AT1G62170	6
AT1G06710	439
AT1G02800	93
AT1G27670	50
AT1G14910	1000
AT1G12850	761
AT1G75470	1
AT1G79660	414
AT1G14300	1623
AT1G75640	76
AT1G70410	4149
AT1G05065	69
AT1G55130	537
AT1G24580	78
AT1G01400	1
AT1G77093	0
AT1G07550	4
AT1G32610	29
AT1G10417	109
AT1G51880	7
AT1G63010	1570
AT1G77240	0
AT1G31020	240
AT1G24577	20
AT1G78915	827
AT1G44100	721
AT1G75180	702
AT1G27008	1
AT1G43700	1173
AT1G09770	3958
AT1G53690	4
AT1G55000	1082
AT1G51610	1900
AT1G53655	0
AT1G10060	155
AT1G06660	130
AT1G26762	21
AT1G67420	313
AT1G75530	2
AT1G63380	34
AT1G07902	220
AT1G10865	623
AT1G09800	403
AT1G48750	0
AT1G80760	301
AT1G79590	984
AT1G36000	0
AT1G09820	196
AT1G65960	2916
AT1G04750	2530
AT1G68850	110
AT1G23200	17
AT1G74800	346
AT1G44160	78
AT1G02510	0
AT1G14970	378
AT1G20230	352
AT1G11910	11151
AT1G51460	77
AT1G74200	46
AT1G32850	6
AT1G05700	94
AT1G13270	2721
AT1G79820	1376
AT1G57906	0
AT1G24256	4
AT1G54070	1
AT1G59910	534
AT1G13990	1823
AT1G01210	1317
AT1G77770	321
AT1G34015	0
AT1G49360	251
AT1G78490	1280
AT1G65346	0
AT1G77530	5
AT1G77450	600
AT1G49900	46
AT1G09160	1162
AT1G66850	0
AT1G53885	0
AT1G06590	311
AT1G56045	5330
AT1G70360	205
AT1G67770	7
AT1G53080	19
AT1G07750	1362
AT1G18210	831
AT1G71020	787
AT1G60010	1014
AT1G21530	0
AT1G74060	9775
AT1G79915	61
AT1G25390	495
AT1G14410	1003
AT1G06225	0
AT1G24570	0
AT1G49600	2433
AT1G17760	863
AT1G15430	502
AT1G21380	1004
AT1G77000	677
AT1G66940	456
AT1G77220	476
AT1G03475	6583
AT1G71180	630
AT1G70500	109
AT1G11145	0
AT1G17550	871
AT1G44224	0
AT1G02430	13
AT1G74290	30
AT1G03370	655
AT1G52300	11631
AT1G48980	0
AT1G10950	3185
AT1G04090	35
AT1G05360	503
AT1G23790	137
AT1G21722	1
AT1G18590	1138
AT1G57820	2200
AT1G08570	1309
AT1G72110	0
AT1G02330	834
AT1G06200	3535
AT1G18020	0
AT1G65470	289
AT1G09450	136
AT1G51100	1331
AT1G80200	63
AT1G30820	686
AT1G01450	0
AT1G78410	82
AT1G65690	270
AT1G11950	355
AT1G32350	8
AT1G45233	323
AT1G73620	467
AT1G79090	1197
AT1G13150	63
AT1G79540	443
AT1G50180	162
AT1G29350	1148
AT1G66700	19
AT1G06130	1302
AT1G43600	0
AT1G08770	500
AT1G60780	2418
AT1G70680	1
AT1G79040	120762
AT1G16340	757
AT1G36627	0
AT1G08920	1068
AT1G35230	49
AT1G13470	32
AT1G27740	36
AT1G32770	0
AT1G04290	118
AT1G05150	936
AT1G65670	12
AT1G53570	666
AT1G60390	439
AT1G58684	0
AT1G06475	0
AT1G17350	571
AT1G50420	734
AT1G05450	10
AT1G60470	21
AT1G45248	105
AT1G79360	166
AT1G76710	537
AT1G11580	3071
AT1G60240	0
AT1G19500	2
AT1G12800	5402
AT1G54690	796
AT1G53470	241
AT1G01390	23
AT1G28270	1
AT1G07360	1318
AT1G60680	629
AT1G13570	497
AT1G43620	757
AT1G79390	2284
AT1G31860	976
AT1G30450	930
AT1G10500	934
AT1G44446	3862
AT1G64625	68
AT1G08790	0
AT1G55775	16
AT1G44941	0
AT1G49730	457
AT1G06930	7
AT1G73885	5076
AT1G51030	18
AT1G08140	0
AT1G50670	873
AT1G72300	305
AT1G70390	5
AT1G80750	2325
AT1G04050	229
AT1G76930	13985
AT1G77320	414
AT1G77145	57
AT1G77910	0
AT1G19160	9
AT1G59950	0
AT1G48740	164
AT1G75700	59
AT1G15740	693
AT1G29720	25
AT1G47780	0
AT1G61320	0
AT1G78740	0
AT1G78530	46
AT1G52150	1250
AT1G62970	316
AT1G49960	40
AT1G68020	334
AT1G56700	1417
AT1G33820	0
AT1G03350	1210
AT1G14490	59
AT1G53750	4468
AT1G76390	203
AT1G15150	28
AT1G02680	354
AT1G11940	212
AT1G61840	32
AT1G36230	0
AT1G43667	0
AT1G74675	6
AT1G11680	2795
AT1G66670	3440
AT1G28300	11
AT1G55620	591
AT1G32030	0
AT1G16910	0
AT1G23500	0
AT1G67265	57
AT1G54240	3
AT1G72310	266
AT1G32190	165
AT1G61870	1026
AT1G66080	465
AT1G08490	1258
AT1G30960	437
AT1G09430	2146
AT1G69530	1982
AT1G78220	2
AT1G03250	735
AT1G08840	167
AT1G51960	9
AT1G33400	503
AT1G64500	896
AT1G13440	29388
AT1G50360	686
AT1G50660	1463
AT1G52470	3
AT1G20400	4
AT1G22330	108
AT1G49910	326
AT1G76190	24
AT1G29550	344
AT1G15850	0
AT1G03600	6655
AT1G73840	1203
AT1G53280	4160
AT1G13340	189
AT1G54290	337
AT1G08430	317
AT1G26540	249
AT1G43580	1620
AT1G07260	207
AT1G02270	1255
AT1G69360	579
AT1G53980	0
AT1G17860	0
AT1G72175	439
AT1G76550	991
AT1G02210	0
AT1G61260	323
AT1G22680	11
AT1G06540	17
AT1G66920	449
AT1G12220	361
AT1G23280	1546
AT1G72520	91
AT1G30890	435
AT1G32880	6
AT1G14480	250
AT1G80240	505
AT1G80165	0
AT1G17190	120
AT1G74840	1169
AT1G03760	805
AT1G76290	2
AT1G74670	973
AT1G14280	602
AT1G58370	434
AT1G31555	0
AT1G65170	0
AT1G75840	1808
AT1G49405	78
AT1G13480	4
AT1G29300	244
AT1G23130	13095
AT1G32630	63
AT1G62960	1949
AT1G17180	74
AT1G27385	1460
AT1G07885	22
AT1G62915	30
AT1G17345	12
AT1G09260	1
AT1G58080	2571
AT1G51940	625
AT1G09320	499
AT1G54520	2414
AT1G55180	96
AT1G28395	400
AT1G19720	1575
AT1G33240	1165
AT1G26340	753
AT1G18197	29
AT1G09570	3476
AT1G26960	124
AT1G25580	452
AT1G72950	29
AT1G12530	460
AT1G79330	38
AT1G50200	6119
AT1G70720	13
AT1G50280	114
AT1G56030	0
AT1G28310	185
AT1G26250	3
AT1G27280	0
AT1G01453	17
AT1G03110	644
AT1G15060	568
AT1G61200	1
AT1G03200	15
AT1G49660	1242
AT1G11090	0
AT1G01110	66
AT1G61800	4158
AT1G51913	2
AT1G65190	820
AT1G36510	0
AT1G14320	21335
AT1G52720	625
AT1G66470	93
AT1G16170	350
AT1G69710	87
AT1G04160	255
AT1G71720	1718
AT1G33980	1208
AT1G32410	628
AT1G22760	10
AT1G52280	270
AT1G29560	26
AT1G55150	1265
AT1G63780	1256
AT1G08680	1017
AT1G77410	248
AT1G29962	0
AT1G68530	4491
AT1G33880	2
AT1G43190	1445
AT1G06290	1934
AT1G33940	1
AT1G19770	755
AT1G50430	1969
AT1G16500	173
AT1G68910	257
AT1G03590	706
AT1G77340	0
AT1G21695	44
AT1G14620	2234
AT1G14100	6
AT1G22340	40
AT1G70650	258
AT1G77710	5194
AT1G75600	12
AT1G75410	791
AT1G15690	14312
AT1G65484	7
AT1G30900	289
AT1G05730	230
AT1G80950	1255
AT1G26830	1954
AT1G27730	261
AT1G04830	421
AT1G21720	1762
AT1G62830	659
AT1G20510	827
AT1G49150	0
AT1G61170	122
AT1G26380	18
AT1G30970	1370
AT1G80090	0
AT1G80580	0
AT1G44800	2145
AT1G23720	1706
AT1G15780	883
AT1G25510	192
AT1G72730	236
AT1G77840	1931
AT1G80060	377
AT1G70510	79
AT1G08845	281
AT1G31390	1
AT1G72050	1169
AT1G11800	579
AT1G68877	0
AT1G25260	1848
AT1G20100	1673
AT1G24148	376
AT1G77520	39
AT1G51402	0
AT1G80680	1468
AT1G27340	1926
AT1G44900	1172
AT1G66830	28
AT1G50580	21
AT1G75390	1181
AT1G62510	1166
AT1G34812	0
AT1G73830	302
AT1G12672	35
AT1G26255	0
AT1G08160	273
AT1G28530	545
AT1G15750	2310
AT1G54260	422
AT1G76490	9869
AT1G05785	150
AT1G31010	319
AT1G05170	591
AT1G76860	2134
AT1G28080	15
AT1G60450	0
AT1G56270	1
AT1G79230	3664
AT1G13310	12
AT1G69020	64
AT1G76728	0
AT1G09245	0
AT1G68935	0
AT1G53380	897
AT1G69370	226
AT1G05205	721
AT1G06670	1703
AT1G52260	284
AT1G10230	787
AT1G68290	1
AT1G47970	1007
AT1G68200	22
AT1G53900	0
AT1G09310	23781
AT1G55700	5
AT1G47230	270
AT1G04590	1309
AT1G68840	1734
AT1G55490	24192
AT1G12000	4090
AT1G10750	215
AT1G76530	9
AT1G07485	2
AT1G31430	56
AT1G60190	116
AT1G33612	108
AT1G51450	402
AT1G24510	6590
AT1G10717	0
AT1G25112	0
AT1G18600	551
AT1G48490	1035
AT1G19520	1507
AT1G64690	125
AT1G72650	856
AT1G01580	75
AT1G55840	1229
AT1G66050	90
AT1G09190	374
AT1G54773	192
AT1G12470	1595
AT1G30515	23
AT1G28375	0
AT1G11545	739
AT1G14345	1005
AT1G67370	456
AT1G59780	40
AT1G67550	605
AT1G03920	73
AT1G16250	362
AT1G58090	0
AT1G74150	86
AT1G20380	585
AT1G08180	124
AT1G74400	100
AT1G02080	1889
AT1G17800	0
AT1G06640	4537
AT1G01170	1612
AT1G80745	25
AT1G36970	0
AT1G01410	0
AT1G51910	0
AT1G80220	0
AT1G49475	26
AT1G76370	3
AT1G75670	898
AT1G26230	1414
AT1G31600	937
AT1G20900	477
AT1G24822	0
AT1G67960	365
AT1G77380	363
AT1G75710	391
AT1G62620	4
AT1G08315	0
AT1G29740	38
AT1G05790	757
AT1G02350	123
AT1G01310	4
AT1G66090	71
AT1G17745	1180
AT1G49975	547
AT1G13180	307
AT1G14610	3590
AT1G49470	120
AT1G31950	233
AT1G14800	0
AT1G60370	0
AT1G54080	6070
AT1G12930	557
AT1G32810	730
AT1G03510	188
AT1G53163	18
AT1G31350	303
AT1G55030	2
AT1G18410	37
AT1G48410	4617
AT1G53030	526
AT1G58380	3028
AT1G76520	587
AT1G77682	0
AT1G77620	193
AT1G30730	59
AT1G76460	380
AT1G11475	1808
AT1G04010	444
AT1G29570	0
AT1G08890	263
AT1G68238	584
AT1G16680	963
AT1G29860	16
AT1G75290	82
AT1G24050	2070
AT1G32127	118
AT1G50450	1787
AT1G62730	504
AT1G27400	6163
AT1G79430	1098
AT1G78690	243
AT1G72120	128
AT1G09560	3556
AT1G54445	0
AT1G49610	22
AT1G49830	14
AT1G10930	531
AT1G27040	5
AT1G15630	7
AT1G04670	0
AT1G24340	947
AT1G08940	349
AT1G79210	1270
AT1G10820	657
AT1G24480	7
AT1G78960	336
AT1G62080	1
AT1G51000	0
AT1G24706	1153
AT1G47280	0
AT1G61065	187
AT1G29041	0
AT1G78780	205
AT1G73730	341
AT1G55140	511
AT1G04000	212
AT1G14960	31
AT1G45163	2
AT1G53190	461
AT1G61960	266
AT1G35537	0
AT1G34500	0
AT1G59730	169
AT1G06080	147
AT1G02405	3
AT1G07300	166
AT1G11810	0
AT1G35215	0
AT1G61970	256
AT1G76110	379
AT1G34760	45
AT1G08250	0
AT1G47885	0
AT1G54775	0
AT1G21460	786
AT1G49450	72
AT1G20360	0
AT1G53541	0
AT1G34260	535
AT1G07340	0
AT1G65350	1
AT1G02205	1252
AT1G69750	876
AT1G63440	549
AT1G65520	351
AT1G67730	1410
AT1G29960	160
AT1G10000	65
AT1G21630	1542
AT1G21651	5
AT1G02060	470
AT1G17510	861
AT1G68180	13
AT1G48910	0
AT1G57760	0
AT1G70860	8
AT1G53390	800
AT1G75790	3
AT1G18460	657
AT1G04970	1892
AT1G07860	0
AT1G05040	3
AT1G18190	596
AT1G58290	10686
AT1G32730	181
AT1G02100	1883
AT1G62270	0
AT1G02940	60
AT1G68130	349
AT1G72130	498
AT1G74540	0
AT1G43160	68
AT1G50120	819
AT1G18570	274
AT1G47450	0
AT1G80100	7
AT1G71930	22
AT1G71850	695
AT1G32270	3
AT1G79810	838
AT1G27100	939
AT1G17980	814
AT1G77500	396
AT1G05370	70
AT1G68630	0
AT1G57540	411
AT1G52450	33
AT1G31040	52
AT1G58170	259
AT1G45474	1478
AT1G50400	542
AT1G23080	2618
AT1G64850	1546
AT1G17910	0
AT1G50760	0
AT1G54720	0
AT1G73930	671
AT1G04760	91
AT1G11510	0
AT1G70175	0
AT1G56560	479
AT1G05440	86
AT1G22280	602
AT1G68600	242
AT1G66490	2
AT1G19860	765
AT1G56190	6077
AT1G05910	1026
AT1G12810	531
AT1G59590	46
AT1G67720	780
AT1G67820	331
AT1G71710	1482
AT1G74990	0
AT1G47290	463
AT1G65720	2258
AT1G08590	12
AT1G15010	14
AT1G66860	0
AT1G79910	103
AT1G16480	99
AT1G32600	0
AT1G71220	2832
AT1G47610	0
AT1G65420	25
AT1G01990	964
AT1G05675	15
AT1G53940	22
AT1G17170	107
AT1G79580	10
AT1G61290	5
AT1G73330	3323
AT1G18870	71
AT1G35140	247
AT1G22015	0
AT1G10970	246
AT1G23240	0
AT1G11870	456
AT1G76570	267
AT1G21738	0
AT1G03840	40
AT1G68570	2057
AT1G71530	0
AT1G72150	4570
AT1G54360	877
AT1G48170	292
AT1G31070	979
AT1G30790	0
AT1G21850	1
AT1G47640	1471
AT1G75910	0
AT1G55380	64
AT1G53025	208
AT1G34360	480
AT1G26180	605
AT1G70920	15
AT1G08510	2530
AT1G20880	273
AT1G07820	876
AT1G20060	177
AT1G26450	422
AT1G03160	648
AT1G16225	2
AT1G03610	724
AT1G66330	1785
AT1G08030	864
AT1G19670	1360
AT1G23000	119
AT1G14700	594
AT1G31170	660
AT1G27660	101
AT1G19050	159
AT1G63690	2121
AT1G44790	827
AT1G18830	16
AT1G66235	0
AT1G18860	59
AT1G32530	787
AT1G65890	100
AT1G78940	61
AT1G67650	217
AT1G55240	38
AT1G80960	80
AT1G33010	0
AT1G46264	305
AT1G25460	17
AT1G35500	0
AT1G65210	0
AT1G28005	0
AT1G75750	27465
AT1G51720	983
AT1G65680	8
AT1G05005	0
AT1G54890	101
AT1G24240	275
AT1G78050	615
AT1G12970	379
AT1G42960	3095
AT1G68723	0
AT1G13160	1492
AT1G14690	1206
AT1G66120	1
AT1G73950	488
AT1G67970	862
AT1G02860	512
AT1G77720	323
AT1G59171	0
AT1G62210	0
AT1G57830	1
AT1G55830	411
AT1G79180	62
AT1G02550	0
AT1G70475	0
AT1G01620	7499
AT1G72020	5244
AT1G01290	364
AT1G29025	137
AT1G51580	831
AT1G06230	1289
AT1G73160	20
AT1G71250	1
AT1G03630	7547
AT1G76670	1688
AT1G05290	0
AT1G68990	1560
AT1G19210	3
AT1G72840	214
AT1G76790	1426
AT1G80560	1219
AT1G22940	555
AT1G22720	0
AT1G45201	7852
AT1G60030	266
AT1G74790	596
AT1G09390	120
AT1G12805	206
AT1G80860	1107
AT1G61180	793
AT1G79370	0
AT1G04200	387
AT1G59530	21
AT1G03770	444
AT1G74280	239
AT1G65590	822
AT1G72390	1147
AT1G53760	464
AT1G67710	118
AT1G58310	1
AT1G31620	0
AT1G55340	1186
AT1G62740	3456
AT1G56260	115
AT1G25682	792
AT1G75490	37
AT1G07840	971
AT1G77890	353
AT1G51860	213
AT1G79680	3
AT1G50260	419
AT1G51870	7
AT1G21770	303
AT1G17610	2
AT1G20070	0
AT1G30740	12
AT1G62990	160
AT1G62560	1340
AT1G35330	18
AT1G26630	22847
AT1G09500	136
AT1G06510	764
AT1G19270	1188
AT1G32975	0
AT1G14350	208
AT1G10380	218
AT1G26170	593
AT1G08165	28
AT1G77930	1102
AT1G60900	2084
AT1G33640	0
AT1G74170	667
AT1G51890	77
AT1G38065	1
AT1G72100	44
AT1G72990	361
AT1G75770	380
AT1G21528	1
AT1G26530	36
AT1G73540	587
AT1G63300	281
AT1G46768	74
AT1G69588	0
AT1G79850	0
AT1G73660	1183
AT1G19310	332
AT1G33990	2474
AT1G66245	0
AT1G23350	14
AT1G02640	463
AT1G29830	5
AT1G02630	0
AT1G67680	1738
AT1G28120	1422
AT1G74040	677
AT1G28230	166
AT1G64390	1238
AT1G61190	1254
AT1G26690	734
AT1G03280	1113
AT1G10155	12
AT1G34047	0
AT1G65250	39
AT1G75940	0
AT1G71270	1294
AT1G64090	2783
AT1G08670	30
AT1G51520	100
AT1G30250	2
AT1G16470	1667
AT1G56380	0
AT1G65910	56
AT1G47271	44
AT1G35580	2132
AT1G61540	0
AT1G65580	1446
AT1G63330	0
AT1G65790	84
AT1G50140	1759
AT1G22010	2
AT1G08410	851
AT1G11530	162
AT1G75130	532
AT1G22550	123
AT1G73190	4
AT1G54095	9
AT1G31120	553
AT1G03150	910
AT1G27980	1118
AT1G52220	2730
AT1G31960	1
AT1G56440	1076
AT1G04540	98
AT1G80140	0
AT1G64280	737
AT1G22910	448
AT1G77850	499
AT1G35510	770
AT1G49510	448
AT1G26930	433
AT1G60815	0
AT1G24460	1458
AT1G22130	0
AT1G43080	0
AT1G06430	4804
AT1G70000	779
AT1G76260	519
AT1G49330	5
AT1G05805	521
AT1G20740	4
AT1G52900	0
AT1G43810	0
AT1G21864	0
AT1G01305	1
AT1G16890	2008
AT1G62940	0
AT1G20923	0
AT1G77390	53
AT1G30455	1
AT1G33355	0
AT1G23110	99
AT1G20970	1519
AT1G02700	151
AT1G70340	109
AT1G09950	104
AT1G66045	0
AT1G77860	19
AT1G21160	901
AT1G06360	168
AT1G43890	1825
AT1G75360	59
AT1G29410	238
AT1G79060	91
AT1G01280	0
AT1G52950	0
AT1G22170	417
AT1G21520	211
AT1G10730	447
AT1G07880	292
AT1G79030	593
AT1G11930	1586
AT1G49630	777
AT1G09170	33
AT1G72240	92
AT1G66600	22
AT1G54140	345
AT1G74480	0
AT1G36623	0
AT1G15200	2704
AT1G24095	456
AT1G73090	605
AT1G04780	1482
AT1G68330	88
AT1G34480	26
AT1G76240	106
AT1G20760	1096
AT1G56690	85
AT1G17520	616
AT1G76740	195
AT1G78570	5955
AT1G09470	307
AT1G77260	625
AT1G50930	8
AT1G12270	2162
AT1G68050	898
AT1G66800	1
AT1G13330	111
AT1G23970	639
AT1G49720	885
AT1G15290	3865
AT1G09580	1163
AT1G42970	40248
AT1G53780	1935
AT1G26910	777
AT1G07410	103
AT1G66345	190
AT1G49670	535
AT1G24610	501
AT1G25300	0
AT1G21210	47
AT1G31260	0
AT1G77815	0
AT1G47800	0
AT1G44770	603
AT1G68380	0
AT1G01820	1672
AT1G50050	3
AT1G74088	98
AT1G27620	78
AT1G63320	0
AT1G21200	355
AT1G03780	240
AT1G09070	5964
AT1G56310	371
AT1G48900	1760
AT1G78700	269
AT1G65845	502
AT1G34350	620
AT1G31630	0
AT1G28470	91
AT1G12665	0
AT1G22460	40
AT1G27390	1559
AT1G18330	352
AT1G72700	737
AT1G79000	1648
AT1G24485	0
AT1G11730	71
AT1G73480	728
AT1G10480	35
AT1G74530	499
AT1G07645	1
AT1G75920	2
AT1G29990	2196
AT1G79560	3822
AT1G70670	676
AT1G04530	817
AT1G41920	0
AT1G07570	504
AT1G78280	982
AT1G15530	219
AT1G53050	941
AT1G67180	63
AT1G36922	2
AT1G33430	0
AT1G17620	781
AT1G48745	58
AT1G76020	320
AT1G66110	2
AT1G10640	169
AT1G48670	33
AT1G11740	14
AT1G18040	389
AT1G02990	318
AT1G17700	24
AT1G23490	4220
AT1G75440	142
AT1G20810	661
AT1G04400	4547
AT1G23390	1298
AT1G50370	2006
AT1G65295	594
AT1G21900	1617
AT1G13960	366
AT1G62320	24
AT1G79160	358
AT1G02390	45
AT1G29680	5
AT1G04450	1
AT1G04660	7
AT1G69340	1340
AT1G51840	140
AT1G77690	462
AT1G11370	6
AT1G66480	283
AT1G47940	0
AT1G64235	2
AT1G47580	621
AT1G12730	447
AT1G79080	109
AT1G23950	1340
AT1G22300	8109
AT1G24120	630
AT1G31710	658
AT1G61620	2397
AT1G31370	7
AT1G64630	703
AT1G10586	1
AT1G75350	8221
AT1G20683	0
AT1G08210	1473
AT1G04250	1714
AT1G69880	432
AT1G16445	198
AT1G53400	409
AT1G17420	553
AT1G09270	2175
AT1G03530	927
AT1G47990	16
AT1G26798	0
AT1G11560	4
AT1G63960	5
AT1G29395	460
AT1G08560	680
AT1G48700	13
AT1G19400	956
AT1G76400	1444
AT1G19790	45
AT1G29120	626
AT1G48590	4
AT1G35170	3
AT1G10280	188
AT1G80970	95
AT1G21120	29
AT1G73600	8928
AT1G66210	5
AT1G11710	306
AT1G75830	46
AT1G13410	115
AT1G53935	16
AT1G03860	7436
AT1G55330	2
AT1G52710	474
AT1G23520	5
AT1G14688	1
AT1G67455	0
AT1G08830	2988
AT1G25310	0
AT1G63340	2
AT1G78910	168
AT1G11572	0
AT1G39070	0
AT1G07830	1597
AT1G05630	371
AT1G79500	457
AT1G72040	2395
AT1G73290	0
AT1G14980	18527
AT1G78070	776
AT1G51550	79
AT1G80670	1805
AT1G30160	97
AT1G37140	2
AT1G79800	4
AT1G69180	1
AT1G66855	0
AT1G30710	2
AT1G17230	0
AT1G68550	770
AT1G09100	1193
AT1G35850	0
AT1G11040	0
AT1G74560	6813
AT1G71820	1476
AT1G65050	0
AT1G10710	20
AT1G63140	0
AT1G33780	546
AT1G64950	4201
AT1G06750	2
AT1G07290	114
AT1G20620	131271
AT1G22700	1978
AT1G33770	16
AT1G10920	218
AT1G80490	821
AT1G61410	42
AT1G76650	284
AT1G54570	1219
AT1G33265	684
AT1G71290	0
AT1G04900	660
AT1G28090	630
AT1G55720	0
AT1G02370	584
AT1G24250	1
AT1G12290	445
AT1G23800	643
AT1G70505	242
AT1G66740	272
AT1G15030	496
AT1G13230	9
AT1G31580	2082
AT1G31320	371
AT1G58350	645
AT1G34120	221
AT1G49210	10
AT1G10040	181
AT1G50750	9
AT1G67100	128
AT1G65180	73
AT1G06310	11
AT1G36325	0
AT1G24110	0
AT1G27950	1954
AT1G34840	0
AT1G54385	371
AT1G21313	0
AT1G18500	1919
AT1G70980	2798
AT1G26780	7
AT1G30825	246
AT1G19250	107
AT1G70090	1198
AT1G18773	80
AT1G17120	567
AT1G51510	3722
AT1G52855	50
AT1G60400	0
AT1G80360	1834
AT1G49160	148
AT1G29050	665
AT1G67623	4
AT1G53610	19
AT1G48500	112
AT1G06340	1
AT1G24996	0
AT1G06440	136
AT1G04620	1042
AT1G19460	4
AT1G78870	484
AT1G54475	1
AT1G65340	1
AT1G64170	476
AT1G70370	5940
AT1G31200	36
AT1G04240	136
AT1G27130	825
AT1G25410	0
AT1G63050	389
AT1G47660	4
AT1G12244	323
AT1G50600	930
AT1G18620	1030
AT1G03290	698
AT1G18250	1279
AT1G75630	4760
AT1G61680	36
AT1G18910	263
AT1G47128	16179
AT1G65970	319
AT1G05940	1624
AT1G76640	0
AT1G13120	984
AT1G73610	1
AT1G26900	345
AT1G43980	91
AT1G22270	909
AT1G32540	223
AT1G05410	837
AT1G03700	7
AT1G30473	2
AT1G49015	0
AT1G55950	1
AT1G75150	188
AT1G29690	512
AT1G76350	403
AT1G44980	0
AT1G78650	607
AT1G19000	2848
AT1G64100	21
AT1G29430	106
AT1G15415	18
AT1G21190	1407
AT1G31360	384
AT1G45063	6
AT1G05020	33
AT1G09010	1684
AT1G76954	0
AT1G55600	1
AT1G80540	2
AT1G07810	1508
AT1G45110	389
AT1G33220	0
AT1G12240	1946
AT1G61780	1602
AT1G52910	131
AT1G27820	19
AT1G51160	798
AT1G11760	241
AT1G07725	0
AT1G60860	441
AT1G07140	7758
AT1G79990	1820
AT1G11200	298
AT1G27520	832
AT1G78560	1028
AT1G44910	884
AT1G71160	0
AT1G58245	0
AT1G66510	586
AT1G73607	0
AT1G33270	562
AT1G10460	42
AT1G63520	52
AT1G16320	612
AT1G43320	0
AT1G69720	182
AT1G19830	7
AT1G35160	2150
AT1G52180	0
AT1G24030	132
AT1G35181	0
AT1G78300	1864
AT1G19750	68
AT1G12040	275
AT1G64190	1783
AT1G53635	4
AT1G21070	200
AT1G01320	5874
AT1G69310	360
AT1G69450	345
AT1G26150	2431
AT1G14530	227
AT1G09840	1027
AT1G63980	3199
AT1G47960	788
AT1G63110	1100
AT1G65486	420
AT1G64870	1
AT1G29220	521
AT1G78400	28
AT1G78635	1
AT1G79550	24659
AT1G72920	160
AT1G77640	30
AT1G10840	3725
AT1G01790	711
AT1G79650	1209
AT1G16350	4980
AT1G68510	1
AT1G23770	20
AT1G04350	775
AT1G16220	183
AT1G32700	573
AT1G67040	347
AT1G54610	1619
AT1G50950	104
AT1G78200	522
AT1G56553	0
AT1G26680	16
AT1G10130	1322
AT1G76900	984
AT1G20830	323
AT1G73700	160
AT1G52565	42
AT1G70600	16605
AT1G66260	3405
AT1G05970	336
AT1G17000	5
AT1G07110	1837
AT1G70220	18
AT1G60890	1306
AT1G23965	2
AT1G28020	0
AT1G18335	275
AT1G25270	0
AT1G09420	253
AT1G04105	0
AT1G19320	10
AT1G07710	38
AT1G48950	606
AT1G15760	80
AT1G17920	96
AT1G80920	1449
AT1G65160	0
AT1G76780	195
AT1G14000	929
AT1G68460	23
AT1G79150	963
AT1G27350	3921
AT1G22060	689
AT1G76410	29
AT1G02030	14
AT1G17580	814
AT1G36030	0
AT1G64800	0
AT1G02960	602
AT1G28100	267
AT1G79280	1770
AT1G59680	0
AT1G78660	1359
AT1G53680	62
AT1G30860	62
AT1G66360	0
AT1G66900	419
AT1G11660	2658
AT1G62070	0
AT1G06830	75
AT1G21780	739
AT1G57613	0
AT1G24560	977
AT1G35670	457
AT1G44960	416
AT1G45160	1393
AT1G16190	541
AT1G76140	1830
AT1G56010	385
AT1G61700	2
AT1G12150	1
AT1G70380	1
AT1G06923	31
AT1G47840	307
AT1G52325	0
AT1G80930	2891
AT1G60930	186
AT1G14940	0
AT1G74770	125
AT1G27880	143
AT1G72190	159
AT1G01810	171
AT1G03330	1268
AT1G79610	644
AT1G74055	0
AT1G26710	0
AT1G68140	1770
AT1G05550	4
AT1G30080	110
AT1G64370	3495
AT1G33475	50
AT1G80620	1221
AT1G13140	18
AT1G11060	428
AT1G64150	351
AT1G02816	400
AT1G68540	123
AT1G16280	807
AT1G71370	180
AT1G62360	140
AT1G45229	64
AT1G50630	223
AT1G12630	13
AT1G65349	0
AT1G20693	1106
AT1G13380	1254
AT1G20160	1574
AT1G23900	796
AT1G51150	0
AT1G64310	18
AT1G21620	2
AT1G16860	865
AT1G03940	781
AT1G31250	1
AT1G49715	0
AT1G07970	617
AT1G32763	0
AT1G20240	2
AT1G12360	1007
AT1G32230	4462
AT1G22985	192
AT1G78340	70
AT1G28370	133
AT1G64585	0
AT1G53180	130
AT1G23205	638
AT1G69660	4
AT1G56670	80
AT1G32380	518
AT1G52390	0
AT1G15520	124
AT1G30440	1199
AT1G44835	766
AT1G17665	429
AT1G18680	438
AT1G69670	694
AT1G73805	73
AT1G75300	1
AT1G44180	1
AT1G42430	566
AT1G36050	1757
AT1G61390	26
AT1G04560	1
AT1G30350	0
AT1G55220	0
AT1G04080	3387
AT1G43330	0
AT1G26225	0
AT1G09600	59
AT1G51590	1239
AT1G79120	85
AT1G16850	309
AT1G18140	85
AT1G68110	124
AT1G19565	5
AT1G50490	723
AT1G48370	650
AT1G02705	7
AT1G21065	2098
AT1G32940	339
AT1G50240	237
AT1G71015	94
AT1G46696	0
AT1G71790	1368
AT1G30380	38737
AT1G05860	553
AT1G21350	1524
AT1G26976	3
AT1G53430	630
AT1G35350	338
AT1G21700	822
AT1G69260	99
AT1G78430	175
AT1G52030	8
AT1G22190	1776
AT1G25520	682
AT1G30370	20
AT1G62225	1
AT1G15960	357
AT1G33710	0
AT1G03270	133
AT1G30460	792
AT1G06148	4
AT1G07450	48
AT1G16790	0
AT1G64295	1
AT1G30750	158
AT1G36180	617
AT1G75020	196
AT1G30500	546
AT1G76465	0
AT1G55480	4000
AT1G06850	281
AT1G63720	122
AT1G32450	3326
AT1G27555	0
AT1G70180	1071
AT1G63230	84
AT1G76380	147
AT1G48150	4
AT1G70950	235
AT1G14990	439
AT1G22080	2
AT1G66410	5001
AT1G72275	223
AT1G31163	0
AT1G31180	2465
AT1G67740	18718
AT1G43770	158
AT1G47380	616
AT1G01840	13
AT1G29380	345
AT1G19650	326
AT1G02820	46
AT1G55450	343
AT1G52340	267
AT1G04980	2771
AT1G16330	158
AT1G48300	5651
AT1G76610	24
AT1G78770	562
AT1G49120	0
AT1G07120	2
AT1G28030	0
AT1G25422	34
AT1G20130	14
AT1G63950	1
AT1G67090	188402
AT1G55900	843
AT1G73410	12
AT1G48630	2787
AT1G22640	390
AT1G28335	0
AT1G53440	1067
AT1G77885	574
AT1G26515	10
AT1G69990	0
AT1G71980	785
AT1G17750	76
AT1G12060	248
AT1G04040	1824
AT1G06410	2672
AT1G76760	198
AT1G64561	37
AT1G50575	583
AT1G34750	330
AT1G63260	226
AT1G02320	0
AT1G02575	0
AT1G65550	0
AT1G16380	0
AT1G07320	12837
AT1G30400	3061
AT1G67570	196
AT1G31380	0
AT1G07370	1171
AT1G19190	111
AT1G80770	913
AT1G33830	3
AT1G32720	0
AT1G64405	64
AT1G06960	263
AT1G76690	380
AT1G78190	472
AT1G73230	4606
AT1G05600	553
AT1G25350	2866
AT1G64105	0
AT1G47915	8
AT1G17880	4187
AT1G59650	413
AT1G78360	5
AT1G77030	2749
AT1G28400	5441
AT1G13680	0
AT1G68740	709
AT1G20910	634
AT1G12680	709
AT1G64220	312
AT1G47750	300
AT1G27850	658
AT1G50970	345
AT1G47655	100
AT1G52370	833
AT1G49032	300
AT1G09830	2018
AT1G75500	4087
AT1G26355	0
AT1G57650	1
AT1G74500	76
AT1G73850	362
AT1G71320	0
AT1G08370	993
AT1G10760	14935
AT1G20610	654
AT1G31220	396
AT1G26770	1840
AT1G28420	1172
AT1G79520	904
AT1G63130	389
AT1G20090	1571
AT1G62180	2149
AT1G33960	35
AT1G16460	942
AT1G69920	1
AT1G17680	1037
AT1G22430	674
AT1G75880	139
AT1G05400	105
AT1G67120	1452
AT1G10780	415
AT1G03400	267
AT1G77300	911
AT1G19910	5645
AT1G66310	1
AT1G66750	335
AT1G72416	477
AT1G05055	751
AT1G74230	6649
AT1G80420	591
AT1G05470	264
AT1G07160	7
AT1G11925	0
AT1G79200	473
AT1G61490	107
AT1G12950	136
AT1G57765	326
AT1G65481	9
AT1G09625	0
AT1G28060	2291
AT1G17940	377
AT1G14450	816
AT1G06630	970
AT1G51930	0
AT1G72440	2266
AT1G76170	206
AT1G23150	556
AT1G05210	295
AT1G27210	771
AT1G75100	706
AT1G72125	53
AT1G24200	0
AT1G48095	0
AT1G61380	657
AT1G52660	21
AT1G16000	2182
AT1G60550	2830
AT1G69680	523
AT1G22480	10
AT1G48520	2175
AT1G10400	26
AT1G64770	2052
AT1G21440	2122
AT1G78900	13203
AT1G03982	0
AT1G25054	0
AT1G03340	128
AT1G60985	0
AT1G29540	0
AT1G80555	11
AT1G53600	172
AT1G24807	0
AT1G64540	62
AT1G78450	59
AT1G52820	71
AT1G19260	0
AT1G14380	577
AT1G47495	0
AT1G67860	975
AT1G51670	103
AT1G67785	4102
AT1G33540	6
AT1G08800	438
AT1G21000	883
AT1G50920	5081
AT1G05650	4
AT1G64680	7528
AT1G60670	374
AT1G17065	4
AT1G73490	1639
AT1G71690	0
AT1G53650	586
AT1G02530	29
AT1G10680	4
AT1G30990	1
AT1G21400	487
AT1G33920	0
AT1G09810	408
AT1G06870	875
AT1G20030	1609
AT1G12310	0
AT1G19290	611
AT1G21390	201
AT1G78060	2953
AT1G01980	1
AT1G69240	42
AT1G48020	6
AT1G53950	8
AT1G66140	318
AT1G75030	37
AT1G08970	827
AT1G74780	357
AT1G05090	41
AT1G27300	446
AT1G53540	12602
AT1G49740	1406
AT1G78670	1571
AT1G20500	4
AT1G57750	2
AT1G69050	14
AT1G11650	3835
AT1G33500	141
AT1G51330	3
AT1G77020	250
AT1G80280	451
AT1G49560	532
AT1G18510	0
AT1G72830	176
AT1G29775	1
AT1G72470	294
AT1G29230	74
AT1G12330	490
AT1G22810	0
AT1G74870	399
AT1G17630	310
AT1G57720	8401
AT1G14580	250
AT1G05835	4
AT1G19840	156
AT1G75890	24
AT1G32570	38
AT1G50732	972
AT1G12070	12
AT1G30140	2
AT1G76440	180
AT1G71350	885
AT1G03000	1159
AT1G48480	744
AT1G64440	424
AT1G31130	1325
AT1G52060	219
AT1G71760	44
AT1G14340	448
AT1G49380	1536
AT1G73500	459
AT1G22750	1243
AT1G16310	218
AT1G59710	484
AT1G09590	6939
AT1G36280	551
AT1G20680	6
AT1G06110	1170
AT1G62980	326
AT1G29760	384
AT1G26773	0
AT1G14270	1840
AT1G23700	7
AT1G68930	322
AT1G20225	1471
AT1G22960	297
AT1G70570	1264
AT1G44050	20
AT1G54320	1783
AT1G65030	714
AT1G47695	0
AT1G17290	4379
AT1G06210	1388
AT1G17030	65
AT1G80780	1076
AT1G71950	851
AT1G20950	1562
AT1G19394	19
AT1G58230	635
AT1G21835	0
AT1G58050	7
AT1G70150	329
AT1G35560	749
AT1G13090	1966
AT1G64050	557
AT1G17850	785
AT1G45150	594
AT1G04510	1786
AT1G68795	111
AT1G71470	0
AT1G73130	402
AT1G21580	4058
AT1G67600	96
AT1G75690	1778
AT1G10310	748
AT1G22880	618
AT1G40090	0
AT1G48570	1299
AT1G72900	584
AT1G65230	596
AT1G17480	349
AT1G53660	2
AT1G36960	0
AT1G80160	75
AT1G19020	65
AT1G17150	0
AT1G61250	1495
AT1G54210	172
AT1G55750	371
AT1G18700	1132
AT1G16130	133
AT1G68920	779
AT1G17820	0
AT1G77870	12
AT1G71990	270
AT1G61440	138
AT1G73920	1275
AT1G64040	1988
AT1G07135	493
AT1G52420	1768
AT1G35320	978
AT1G17100	2842
AT1G47540	5
AT1G77950	1
AT1G79450	235
AT1G01540	2146
AT1G48130	5
AT1G67080	700
AT1G44575	24512
AT1G19610	292
AT1G34042	0
AT1G08390	123
AT1G10090	512
AT1G74650	167
AT1G69610	154
AT1G54700	0
AT1G66530	979
AT1G11610	0
AT1G32420	0
AT1G60625	0
AT1G08340	164
AT1G13040	284
AT1G25320	328
AT1G66780	4
AT1G23550	263
AT1G35730	205
AT1G20803	0
AT1G19060	8
AT1G43310	0
AT1G03820	657
AT1G03100	80
AT1G27030	1522
AT1G80450	138
AT1G07560	43
AT1G69330	373
AT1G51560	613
AT1G18270	532
AT1G28670	994
AT1G07870	619
AT1G08860	8
AT1G55560	3
AT1G73820	468
AT1G18320	210
AT1G71840	1173
AT1G63610	1121
AT1G32690	157
AT1G77730	3
AT1G79250	9
AT1G48550	461
AT1G79190	479
AT1G59930	93
AT1G74440	70
AT1G74010	249
AT1G51640	0
AT1G08980	2229
AT1G60810	1278
AT1G28265	0
AT1G05850	12958
AT1G31780	1132
AT1G10745	0
AT1G16400	1196
AT1G64065	90
AT1G63206	0
AT1G23935	84
AT1G61950	7
AT1G50940	497
AT1G33140	7445
AT1G59600	549
AT1G69760	1140
AT1G23780	1131
AT1G06135	1
AT1G14760	11
AT1G56385	0
AT1G65270	1583
AT1G07890	22763
AT1G69825	0
AT1G09360	0
AT1G73890	80
AT1G53480	0
AT1G10960	23908
AT1G06550	1648
AT1G50960	12
AT1G70020	19
AT1G06925	0
AT1G32330	463
AT1G01900	164
AT1G55790	2
AT1G24400	110
AT1G11290	498
AT1G26360	10
AT1G02065	10
AT1G20280	0
AT1G48355	0
AT1G16940	0
AT1G20940	0
AT1G15710	412
AT1G14190	99
AT1G09200	983
AT1G48390	75
AT1G10875	0
AT1G60600	1014
AT1G67800	279
AT1G31810	805
AT1G58055	0
AT1G24230	0
AT1G68070	610
AT1G63180	88
AT1G52800	41
AT1G17160	377
AT1G72540	59
AT1G35260	181
AT1G59610	2068
AT1G54050	843
AT1G65390	29
AT1G70480	1078
AT1G15900	11
AT1G26330	78
AT1G11270	650
AT1G64860	3697
AT1G20405	0
AT1G16770	31
AT1G18400	298
AT1G61050	73
AT1G72910	199
AT1G51355	42
AT1G29179	10
AT1G13143	0
AT1G42560	1
AT1G13760	0
AT1G74740	300
AT1G63450	45
AT1G63680	2139
AT1G34050	24
AT1G03470	538
AT1G74380	963
AT1G66170	5
AT1G28340	1360
AT1G79890	341
AT1G20980	1585
AT1G70200	1580
AT1G71480	175
AT1G20260	5551
AT1G32090	1156
AT1G62760	43
AT1G07510	1607
AT1G02460	122
AT1G19300	451
AT1G20700	50
AT1G20310	32
AT1G80040	1690
AT1G78230	390
AT1G20640	675
AT1G67410	217
AT1G44110	566
AT1G24475	0
AT1G56170	0
AT1G23460	554
AT1G80480	6391
AT1G72370	13597
AT1G43780	1
AT1G24388	0
AT1G02040	0
AT1G30010	328
AT1G13830	61
AT1G45130	1653
AT1G56100	1
AT1G75250	3
AT1G19090	0
AT1G66820	0
AT1G54115	737
AT1G12870	4
AT1G32337	0
AT1G69170	171
AT1G15770	2
AT1G52780	505
AT1G32340	705
AT1G05615	0
AT1G04190	1019
AT1G61475	0
AT1G72710	2829
AT1G05490	101
AT1G69030	708
AT1G27440	413
AT1G24909	0
AT1G64195	6
AT1G46912	0
AT1G58100	559
AT1G03260	311
AT1G56590	574
AT1G06820	1296
AT1G62262	31
AT1G71070	464
AT1G80000	1518
AT1G74890	14
AT1G20687	0
AT1G59560	257
AT1G15580	24
AT1G08280	363
AT1G10350	550
AT1G24160	1146
AT1G25211	0
AT1G12370	357
AT1G26920	945
AT1G56290	515
AT1G18070	5134
AT1G26850	8188
AT1G08120	0
AT1G72010	939
AT1G16690	199
AT1G01380	22
AT1G58180	718
AT1G72790	472
AT1G33870	1
AT1G11280	1056
AT1G31140	1
AT1G68585	283
AT1G75720	30
AT1G77920	1039
AT1G73010	2008
AT1G72460	2
AT1G55917	6
AT1G50820	0
AT1G22030	280
AT1G12580	907
AT1G17990	0
AT1G16916	508
AT1G56130	86
AT1G19490	222
AT1G30520	762
AT1G19980	260
AT1G75945	224
AT1G53060	116
AT1G13080	2470
AT1G54215	8
AT1G67325	1108
AT1G59830	985
AT1G15825	5
AT1G28327	0
AT1G68220	1087
AT1G19350	922
AT1G76420	22
AT1G53460	897
AT1G56610	185
AT1G72810	1000
AT1G23090	433
AT1G15020	787
AT1G17870	424
AT1G29390	825
AT1G70750	457
AT1G79310	74
AT1G15320	12
AT1G63660	2174
AT1G70209	0
AT1G59750	1011
AT1G08580	1721
AT1G13607	1
AT1G07390	373
AT1G44085	0
AT1G11630	418
AT1G02230	383
AT1G13280	672
AT1G58190	40
AT1G09860	0
AT1G61093	3
AT1G12300	208
AT1G11480	2217
AT1G26750	863
AT1G52650	17
AT1G07901	16
AT1G52040	11
AT1G23870	522
AT1G27580	46
AT1G11785	39
AT1G34380	750
AT1G17470	4368
AT1G29810	297
AT1G79620	408
AT1G34770	262
AT1G30795	0
AT1G23530	253
AT1G62600	255
AT1G14630	258
AT1G29250	2399
AT1G04170	3673
AT1G29070	5938
AT1G19170	574
AT1G77610	936
AT1G05035	13
AT1G31520	0
AT1G55670	7229
AT1G60250	0
AT1G48140	397
AT1G79830	2742
AT1G05230	275
AT1G34315	288
AT1G79020	341
AT1G77590	2265
AT1G03910	2148
AT1G09380	87
AT1G80310	0
AT1G66550	0
AT1G68430	109
AT1G50870	0
AT1G76730	843
AT1G03970	402
AT1G21090	239
AT1G44780	363
AT1G60880	5
AT1G06160	215
AT1G20530	63
AT1G16710	668
AT1G07590	27969
AT1G32080	1442
AT1G21100	43
AT1G73150	282
AT1G07010	1563
AT1G61566	1
AT1G65541	0
AT1G70830	4907
AT1G52920	93
AT1G24405	10
AT1G71740	108
AT1G08613	0
AT1G07447	0
AT1G04943	0
AT1G06373	0
AT1G09597	0
AT1G07317	0
AT1G06443	0
AT1G06427	0
AT1G05117	0
AT1G04967	0
AT1G04137	0
AT1G09503	0
AT1G07597	0
AT1G07617	0
AT1G08393	27
AT1G08553	0
AT1G08977	0
AT1G09767	0
AT1G06603	0
AT1G07723	0
AT1G08587	0
AT1G07793	1
AT1G07133	0
AT1G06123	5
AT1G08007	0
AT1G07337	0
AT1G09013	0
AT1G08703	0
AT1G08403	0
AT1G05177	2
AT1G05413	0
AT1G06023	2
AT1G09343	2
AT1G05793	0
AT1G09123	0
AT1G07417	2
AT1G07383	1
AT1G07353	0
AT1G05597	0
AT1G06133	0
AT1G07787	0
AT1G09117	0
AT1G04313	4
AT1G06413	7
AT1G04377	0
AT1G09807	0
AT1G06567	5
AT1G07167	15
AT1G05567	0
AT1G06347	0
AT1G05003	0
AT1G05713	0
AT1G05103	5
AT1G05903	0
AT1G06687	9
AT1G09953	0
AT1G07763	0
AT1G08677	0
AT1G08697	8
AT1G06507	0
AT1G04133	0
AT1G06513	0
AT1G08913	0
AT1G07533	1
AT1G09307	0
AT1G08147	3
AT1G07437	0
AT1G09263	1
AT1G04397	0
AT1G08433	0
AT1G07873	0
AT1G06747	0
AT1G06007	0
AT1G06127	0
AT1G04323	12
AT1G06363	0
AT1G04493	0
AT1G09317	0
AT1G06307	0
AT1G08033	13
AT1G04403	0
AT1G09357	0
AT1G07503	1
AT1G05693	0
AT1G06117	1
AT1G07247	0
AT1G06097	0
AT1G07397	0
AT1G09937	4
AT1G07367	220
AT1G05497	0
AT1G09703	0
AT1G09407	0
AT1G07027	7
AT1G09103	8
AT1G08153	0
AT1G04717	0
AT1G07237	0
AT1G09113	0
AT1G07343	0
AT1G09427	15
AT1G06947	0
AT1G04667	0
AT1G08103	5
AT1G04257	0
AT1G08897	0
AT1G04863	1
AT1G05823	0
AT1G07527	0
AT1G05633	0
AT1G08653	1
AT1G08717	0
AT1G09607	5
AT1G04557	0
AT1G09477	0
AT1G06377	0
AT1G08817	0
AT1G07163	0
AT1G08277	0
AT1G06827	0
AT1G06187	0
AT1G06683	0
AT1G08397	0
AT1G04983	2
AT1G04337	0
AT1G07267	0
AT1G05233	0
AT1G06743	3
AT1G06057	0
AT1G05803	0
AT1G08247	0
AT1G08763	0
AT1G09773	0
AT1G07413	1
AT1G09047	0
AT1G08883	0
AT1G08907	0
AT1G06313	0
AT1G05443	6
AT1G09337	0
AT1G06613	0
AT1G09833	0
AT1G05303	0
AT1G09197	0
AT1G08063	0
AT1G07373	169
AT1G09303	0
AT1G08623	0
AT1G08833	8
AT1G05937	3
AT1G09373	0
AT1G05027	0
AT1G04287	0
AT1G05067	0
AT1G09173	0
AT1G05313	0
AT1G06317	0
AT1G09127	0
AT1G05607	0
AT1G08923	20
AT1G05173	0
AT1G07177	0
AT1G04293	0
AT1G06103	0
AT1G09633	0
AT1G04653	0
AT1G05647	0
AT1G07917	0
AT1G05013	2
AT1G08027	0
AT1G06417	24
AT1G06403	0
AT1G04593	1
AT1G09283	0
AT1G07767	0
AT1G04787	0
AT1G09957	0
AT1G08227	0
AT1G05093	0
AT1G09723	0
AT1G06203	0
AT1G09293	1
AT1G06943	0
AT1G04253	0
AT1G04793	1
AT1G05913	1
AT1G06967	0
AT1G07287	2
AT1G09273	0
AT1G09563	0
AT1G04657	0
AT1G05827	0
AT1G06433	0
AT1G06533	0
AT1G06473	25
AT1G07627	0
AT1G05543	0
AT1G08523	0
AT1G08383	0
AT1G06557	0
AT1G05237	0
AT1G06693	12
AT1G06013	0
AT1G05613	0
AT1G04987	0
AT1G05517	23
AT1G07497	0
AT1G07927	0
AT1G06407	0
AT1G06593	1
AT1G07907	1
AT1G09737	0
AT1G08903	24
AT1G08637	0
AT1G07347	1
AT1G06957	5
AT1G05447	0
AT1G04687	0
AT1G04847	0
AT1G07523	1
AT1G07923	0
AT1G07433	0
AT1G08497	0
AT1G07777	0
AT1G05377	0
AT1G06197	2
AT1G08357	0
AT1G04203	0
AT1G04703	1
AT1G04063	0
AT1G08223	0
AT1G04747	0
AT1G06733	14
AT1G06173	11
AT1G08217	4
AT1G08627	0
AT1G07467	0
AT1G09033	0
AT1G05153	12
AT1G09667	0
AT1G05477	0
AT1G05643	0
AT1G06853	36
AT1G09653	0
AT1G04497	0
AT1G04037	16
AT1G08313	0
AT1G06353	0
AT1G09423	0
AT1G05863	1
AT1G08663	0
AT1G07123	0
AT1G09763	0
AT1G06357	0
AT1G06157	0
AT1G08057	0
AT1G08013	0
AT1G06487	3
AT1G05527	1
AT1G05373	0
AT1G05127	0
AT1G07463	0
AT1G04177	0
AT1G06837	27
AT1G09797	0
AT1G04093	1
AT1G09577	1
AT1G04143	0
AT1G28715	175
AT1G09603	0
AT1G07407	0
AT1G04333	0
AT1G04763	0
AT1G04033	6
AT1G05217	0
AT1G05097	0
AT1G05407	0
AT1G04327	0
AT1G06437	0
AT1G09613	0
AT1G09177	0
AT1G04783	2
AT1G06663	0
AT1G04963	0
AT1G07233	0
AT1G07023	0
AT1G06343	1
AT1G09353	0
AT1G06147	0
AT1G06113	1
AT1G06867	6
AT1G08017	0
AT1G06953	0
AT1G06963	6
AT1G05323	0
AT1G06617	0
AT1G06393	0
AT1G09107	0
AT1G08457	1
AT1G08377	0
AT1G08453	0
AT1G06447	0
AT1G05887	0
AT1G06783	0
AT1G05797	1
AT1G04407	0
AT1G09217	0
AT1G07483	2
AT1G06927	0
AT1G06543	0
AT1G04363	0
AT1G06657	0
AT1G09057	0
AT1G06817	0
AT1G07333	0
AT1G06883	1
AT1G08743	0
AT1G04207	0
AT1G08213	7
AT1G05493	0
AT1G07493	0
AT1G08207	0
AT1G05227	0
AT1G07913	0
AT1G07553	0
AT1G04367	5
AT1G05847	0
AT1G05953	0
AT1G07773	0
AT1G05223	0
AT1G04813	0
AT1G05133	0
AT1G06333	0
AT1G05473	0
AT1G09847	0
AT1G09973	0
AT1G07657	0
AT1G04447	0
AT1G05587	0
AT1G05307	0
AT1G05107	0
AT1G08257	0
AT1G07623	0
AT1G05947	0
AT1G07017	0
AT1G09507	0
AT1G07833	0
AT1G07003	0
AT1G05807	0
AT1G07863	0
AT1G04753	0
AT1G06177	0
AT1G07197	0
AT1G06383	0
AT1G09547	0
AT1G06047	0
AT1G09187	0
AT1G09803	0
AT1G05857	0
AT1G04427	10
AT1G06823	0
AT1G04127	6
AT1G06633	0
AT1G04693	0
AT1G08283	27
AT1G09793	0
AT1G06497	0
AT1G04453	1
AT1G06043	2
AT1G05623	0
AT1G09097	4
AT1G06297	0
AT1G05663	0
AT1G08237	0
AT1G07947	0
AT1G04807	0
AT1G06987	1
AT1G08193	0
AT1G05197	0
AT1G08507	1
AT1G04603	1
AT1G06093	0
AT1G06697	0
AT1G09857	0
AT1G07857	0
AT1G09063	0
AT1G08673	0
AT1G04873	0
AT1G06627	1
AT1G06777	0
AT1G06327	0
AT1G05843	0
AT1G07187	52
AT1G05537	0
AT1G08967	0
AT1G04997	1
AT1G09153	0
AT1G07783	4
AT1G08603	0
AT1G08843	0
AT1G08097	1
AT1G07193	0
AT1G08297	0
AT1G04167	0
AT1G08893	0
AT1G07453	0
AT1G07837	0
AT1G08487	0
AT1G07673	0
AT1G09747	0
AT1G03987	1
AT1G09967	0
AT1G05533	2
AT1G09147	0
AT1G06537	4
AT1G05747	0
AT1G05603	0
AT1G06757	0
AT1G07183	0
AT1G08807	0
AT1G09683	0
AT1G07323	367
AT1G06493	0
AT1G09693	16
AT1G05653	0
AT1G49938	22
AT1G09647	15
AT1G08573	2
AT1G06907	0
AT1G07683	0
AT1G08583	0
AT1G05707	0
AT1G07457	0
AT1G07303	0
AT1G06293	0
AT1G07717	0
AT1G05583	0
AT1G08863	0
AT1G05357	0
AT1G06917	0
AT1G04573	0
AT1G08877	0
AT1G06723	0
AT1G04373	0
AT1G09733	0
AT1G06577	19
AT1G04597	0
AT1G06067	1
AT1G05113	0
AT1G06637	0
AT1G06387	0
AT1G04173	10
AT1G07313	9
AT1G08953	0
AT1G08503	0
AT1G04957	0
AT1G08183	0
AT1G08993	0
AT1G08887	0
AT1G06897	0
AT1G09813	0
AT1G09743	0
AT1G08093	0
AT1G09887	0
AT1G08127	0
AT1G04937	0
AT1G08133	0
AT1G07117	0
AT1G08447	0
AT1G04877	13
AT1G06287	0
AT1G05967	0
AT1G04623	0
AT1G06707	0
AT1G09417	0
AT1G09207	0
AT1G08777	0
AT1G08177	0
AT1G09037	0
AT1G07147	0
AT1G04023	0
AT1G08443	1
AT1G07263	0
AT1G07127	0
AT1G09067	0
AT1G04713	0
AT1G06737	2
AT1G06483	0
AT1G04523	1
AT1G09573	16
AT1G06037	1
AT1G06027	1
AT1G08607	0
AT1G06933	0
AT1G07557	0
AT1G07253	0
AT1G05737	0
AT1G07707	5
AT1G07973	0
AT1G08473	0
AT1G05943	0
AT1G09077	0
AT1G05263	0
AT1G09697	0
AT1G07423	1
AT1G09387	0
AT1G04677	0
AT1G09393	0
AT1G06583	19
AT1G06063	0
AT1G06913	0
AT1G04017	0
AT1G07937	2
AT1G06163	0
AT1G08077	0
AT1G06857	0
AT1G09133	0
AT1G09717	0
AT1G04383	0
AT1G06527	0
AT1G08363	0
AT1G06997	0
AT1G05553	0
AT1G05387	0
AT1G08767	0
AT1G06303	0
AT1G09587	0
AT1G08023	0
AT1G05397	60
AT1G05983	0
AT1G09397	0
AT1G05283	0
AT1G05593	0
AT1G06607	1
AT1G09567	0
AT1G09377	0
AT1G08867	0
AT1G07843	0
AT1G08683	0
AT1G08413	3
AT1G05817	0
AT1G09493	1
AT1G06937	0
AT1G09997	0
AT1G04087	0
AT1G05683	0
AT1G05483	0
AT1G06713	0
AT1G08463	0
AT1G07143	33
AT1G04857	0
AT1G07007	0
AT1G05073	0
AT1G06983	33
AT1G08787	0
AT1G07157	0
AT1G04923	0
AT1G08173	14
AT1G04243	0
AT1G07173	0
AT1G05617	0
AT1G09007	0
AT1G06727	12
AT1G09323	0
AT1G06587	0
AT1G05897	0
AT1G05193	0
AT1G08983	0
AT1G09227	0
AT1G05893	0
AT1G09183	0
AT1G08483	0
AT1G05507	0
AT1G09137	0
AT1G09853	0
AT1G05963	1
AT1G09313	0
AT1G09163	0
AT1G08143	3
AT1G09977	0
AT1G06973	0
AT1G08517	0
AT1G09017	0
AT1G08827	0
AT1G05667	0
AT1G04683	0
AT1G05657	0
AT1G06773	2
AT1G08947	27
AT1G08773	0
AT1G04947	0
AT1G08263	0
AT1G07573	0
AT1G09497	0
AT1G04443	0
AT1G08307	0
AT1G06993	10
AT1G06863	0
AT1G06073	11
AT1G07013	1
AT1G04283	0
AT1G08293	27
AT1G08847	296
AT1G08137	0
AT1G04673	0
AT1G06517	0
AT1G04003	0
AT1G07293	0
AT1G08997	2
AT1G05717	0
AT1G04357	15
AT1G04563	7
AT1G07273	0
AT1G07583	0
AT1G08927	0
AT1G06703	0
AT1G09043	1
AT1G04307	0
AT1G04607	0
AT1G07297	0
AT1G06053	0
AT1G08513	0
AT1G08713	0
AT1G07277	0
AT1G05957	0
AT1G09753	54
AT1G07327	0
AT1G08757	10
AT1G09593	1
AT1G04387	0
AT1G08417	0
AT1G06323	2
AT1G05053	1
AT1G08437	0
AT1G09243	0
AT1G09983	0
AT1G05487	0
AT1G05037	0
AT1G05987	1
AT1G05007	0
AT1G05463	0
AT1G08747	4
AT1G05353	0
AT1G09923	4
AT1G09903	0
AT1G05257	0
AT1G04057	0
AT1G07963	1
AT1G68568	1
AT1G08427	0
AT1G08547	0
AT1G09837	0
AT1G07847	0
AT1G07757	0
AT1G07647	0
AT1G07543	1
AT1G09843	0
AT1G05787	0
AT1G09637	0
AT1G71528	2
AT1G05703	3
AT1G06753	22
AT1G05367	1
AT1G07983	0
AT1G26208	26
AT1G18735	0
AT1G04513	0
AT1G08267	1
AT1G79529	41
AT1G04183	0
AT1G07733	0
AT1G08803	0
AT1G05183	0
AT1G05773	7
AT1G09223	0
AT1G08592	0
AT1G06573	36
AT1G05207	50
AT1G67792	5
AT1G04417	13
AT1G04853	3
AT1G07807	0
AT1G07743	29
AT1G18415	22
AT1G06083	7
AT1G29785	294
AT1G04537	0
AT1G04647	0
AT1G07637	1
AT1G72855	0
AT1G06717	2
AT1G04503	0
AT1G04833	0
AT1G09617	0
AT1G08003	0
AT1G05687	10
AT1G05333	0
AT1G07128	2
AT1G09453	0
AT1G04973	43
AT1G74205	1
AT1G13448	35
AT1G05562	0
AT1G05523	0
AT1G04437	0
AT1G09003	0
AT1G08567	3
AT1G05297	4
AT1G07753	0
AT1G09907	0
AT1G69572	0
AT1G74545	12
AT1G04913	2
AT1G09257	0
AT1G07653	3
AT1G04053	0
AT1G05267	0
AT1G60545	203
AT1G05873	0
AT1G05557	4
AT1G04073	0
AT1G07813	0
AT1G07697	7
AT1G05143	31
AT1G04157	0
AT1G05767	0
AT1G05383	1
AT1G09167	0
AT1G09913	1
AT1G04163	0
AT1G05927	0
AT1G04817	1
AT1G09917	14
AT1G04893	0
AT1G07803	0
AT1G04643	0
AT1G07603	2
AT1G05363	0
AT1G07887	0
AT1G04007	17
AT1G07119	20
AT1G71828	0
AT1G09367	11
AT1G05253	0
AT1G07513	0
AT1G06207	0
AT1G08857	9
AT1G05833	10
AT1G28685	15
AT1G08973	0
AT1G05977	7
AT1G09437	1
AT1G08563	11
AT1G08477	0
AT1G04117	0
AT1G05023	0
AT1G05123	0
AT1G07943	0
AT1G05347	0
AT1G04587	1
AT1G04247	21
AT1G09443	0
AT1G09827	0
AT1G07993	8
AT1G04803	0
AT1G09193	0
AT1G30282	0
AT1G08707	0
AT1G04483	1
AT1G06257	0
AT1G31485	0
AT1G04477	19
AT1G20691	0
AT1G53801	0
AT1G06213	0
AT1G04123	0
AT1G09823	4
AT1G08577	0
AT1G04295	0
AT1G67365	210
AT1G80325	17
AT1G09457	0
AT1G06003	0
AT1G09433	0
AT1G04297	5
AT1G09527	1
AT1G07517	4
AT1G07967	1
AT1G08387	0
AT1G05163	4
AT1G04837	0
AT1G06787	0
AT1G05337	0
AT1G56242	0
AT1G07893	0
AT1G09777	0
AT1G44125	0
AT1G09421	0
AT1G05727	0
AT1G04047	1
AT1G08323	0
AT1G06017	0
AT1G05837	0
AT1G05757	1
AT1G75891	5
AT1G05867	0
AT1G08963	0
AT1G09513	0
AT1G04487	0
AT1G05203	0
AT1G09663	0
AT1G18382	2
AT1G17232	0
AT1G04737	2
AT1G09463	0
AT1G04353	0
AT1G04917	0
AT1G20515	6
AT1G07563	0
AT1G05453	0
AT1G04433	0
AT1G06423	0
AT1G05147	0
AT1G09517	0
AT1G04467	7
AT1G17255	44
AT1G04103	0
AT1G04083	3
AT1G04147	1
AT1G04473	9
AT1G04413	3
AT1G04583	0
AT1G04767	0
AT1G07703	3
AT1G78265	0
AT1G34844	239
AT1G05317	3
AT1G05287	0
AT1G09447	6
AT1G07987	0
AT1G05733	0
AT1G04953	0
AT1G05047	0
AT1G06227	33
AT1G05723	0
AT1G69587	203
AT1G08037	0
AT1G08537	0
AT1G09927	0
AT1G05293	1
AT1G48698	5
AT1G05327	0
AT1G76878	22
AT1G04463	0
AT1G04233	0
AT1G09553	0
AT1G07663	2
AT1G09673	0
AT1G09537	4
AT1G04887	0
AT1G06977	20
AT1G09987	2
AT1G07997	0
AT1G04507	0
AT1G76892	1
AT1G03997	0
AT1G07728	0
AT1G05343	0
AT1G67328	0
AT1G29357	94
AT1G04977	0
AT1G07587	18
AT1G08797	0
AT1G05753	0
AT1G04237	1
AT1G08727	0
AT1G07933	0
AT1G05077	2
AT1G06337	0
AT1G75295	18
AT1G04013	8
AT1G05213	54
AT1G07567	0
AT1G08657	0
AT1G06217	0
AT1G07477	1
AT1G09233	0
AT1G07877	1
AT1G04303	3
AT1G15175	94
AT1G07667	0
AT1G08753	0
AT1G04567	8
AT1G09053	0
AT1G05017	0
AT1G02952	0
AT1G08543	1
AT1G08333	2
AT1G06153	0
AT1G51645	2
AT1G05933	5
AT1G56612	144
AT1G05277	8
AT1G48315	27
AT1G07607	13
AT1G05973	0
AT1G09023	5
AT1G16489	0
AT1G27921	80
AT1G54355	7
AT1G04343	0
AT1G04773	0
AT1G05043	7
AT1G36992	0
AT1G03545	0
AT1G09297	0
AT1G06265	122
AT1G26218	28
AT1G08557	0
AT1G05243	0
AT1G07737	0
AT1G05033	0
AT1G08043	0
AT1G33415	224
AT1G09677	5
AT1G15002	45
AT1G09627	0
AT1G08853	0
AT1G04927	2
AT1G04697	4
AT1G04797	6
AT1G09757	0
AT1G04067	0
AT1G04347	11
AT1G07547	0
AT1G09713	0
AT1G09363	0
AT1G09557	0
AT1G08047	6
AT1G56165	85
AT1G04577	2
AT1G08533	0
AT1G53233	12
AT1G05777	0
AT1G04933	0
AT1G05187	0
AT1G05083	0
AT1G09383	0
AT1G08647	0
AT1G08073	0
AT1G04723	6
AT1G04883	0
AT1G60505	351
AT1G09993	23
AT1G72852	17
AT1G07853	0
AT1G08733	5
AT1G77992	0
AT1G09783	1
AT1G04043	0
AT1G09523	0
AT1G07823	0
AT1G08723	0
AT1G09247	0
AT1G04097	0
AT1G04153	6
AT1G25098	3
AT1G03993	0
AT1G04823	0
AT1G60525	66
AT1G09327	0
AT1G08273	0
AT1G05467	24
AT1G04707	0
AT1G08633	13
AT1G04743	0
AT1G05763	0
AT1G08667	0
AT1G09487	0
AT1G04533	3
AT1G04077	0
AT1G09897	8
AT1G08087	0
AT1G08317	0
AT1G09543	20
AT1G09963	1
AT1G01448	185
AT1G06002	0
AT1G09267	2
AT1G09253	0
AT1G09657	0
AT1G09863	33
AT1G07693	0
AT1G09623	0
AT1G35545	0
AT1G09287	19
AT1G04827	6
AT1G06653	0
AT1G07867	0
AT1G06643	0
AT1G48267	22
AT1G18075	207
AT1G08287	0
AT1G35501	0
AT1G21202	0
AT1G60072	0
AT1G26975	8
AT1G04423	7
AT1G20375	11
AT1G14071	21
AT1G07727	0
AT1G01183	7
AT1G67195	814
AT1G52185	0
AT1G08597	0
AT1G32713	0
AT1G77235	5
AT1G19464	41
AT1G69795	8
AT1G09817	0
AT1G06647	0
AT1G78206	89
AT1G62355	8
AT1G70645	0
AT1G05637	0
AT1G07243	0
AT1G08157	0
AT1G09213	0
AT1G61732	0
AT1G32582	7
AT1G19371	0
AT1G07137	0
AT1G04393	0
AT1G18879	0
AT1G07051	0
AT1G78478	7
AT1G08303	0
AT1G61224	8
AT1G60073	0
AT1G06903	0
AT1G07633	0
AT1G11735	16
AT1G32992	0
AT1G06597	0
AT1G07283	0
AT1G71002	1
AT1G04027	5
AT1G04993	2
AT1G26985	1
AT1G55591	4
AT1G66783	12
AT1G53687	0
AT1G08783	0
AT1G08337	0
AT1G66795	11
AT1G26973	3
AT1G67481	11
AT1G07357	0
AT1G76062	0
AT1G01046	6
AT1G29265	2
AT1G62035	67
AT1G08793	0
AT1G09687	143
AT1G61226	6
AT1G08343	0
AT1G63005	3
AT1G69792	0
AT1G31358	0
AT1G66725	182
AT1G53683	0
AT1G09473	0
AT1G12294	0
AT1G31173	299
AT1G69797	0
AT1G06623	0
AT1G73687	16
AT1G08053	0
AT1G60025	0
AT1G08163	0
AT1G07613	0
AT1G05627	0
AT1G48742	0
AT1G06523	0
AT1G08813	0
AT1G76135	1
AT1G03502	3
AT1G04267	8
AT1G06033	10
AT1G06467	0
AT1G06277	11
AT1G06237	0
AT1G06463	1
AT1G07903	0
AT1G19376	20
AT1G08937	13
AT1G08107	0
AT1G05563	0
AT1G06253	0
AT1G07593	4
AT1G04227	0
AT1G06673	2
AT1G08643	0
AT1G05247	0
AT1G09883	0
AT1G04527	0
AT1G08327	0
AT1G04197	3
AT1G20015	55
AT1G08353	3
AT1G32385	3
AT1G09333	0
AT1G74453	221
AT1G04193	0
AT1G06233	0
AT1G06453	0
AT1G26233	19
AT1G09877	0
AT1G05917	0
AT1G07487	0
AT1G09873	0
AT1G12015	0
AT1G05433	0
AT1G09533	61
AT1G04273	14
AT1G08113	6
AT1G06457	0
AT1G04547	2
AT1G04217	15
AT1G06273	15
AT1G74456	53
AT1G75163	6
AT1G07957	7
AT1G08117	0
AT1G05423	0
AT1G06243	0
AT1G04213	0
AT1G75166	56
AT1G07393	8
AT1G05417	0
AT1G06283	91
AT1G06247	0
AT1G03743	0
AT1G07897	32
AT1G09467	174
AT1G04277	15
AT1G04223	6
AT1G06397	0
AT1G19373	11
AT1G06263	0
AT1G08347	0
AT1G04187	52
AT1G03506	1
AT1G06667	3
AT1G03746	2
AT1G05427	0
AT1G08123	0
AT1G06087	9
AT1G07702	0
AT1G05997	1
AT1G03935	6
AT1G09027	0
AT1G04517	1
AT1G09867	32
AT1G06267	9
AT1G05993	3
AT1G12013	3
AT1G05137	0
AT1G29071	0
AT1G06547	46
AT1G09083	34
AT1G09787	67
AT1G09087	31
AT1G05907	0
AT1G06553	34
AT1G05853	1
AT1G08115	3
AT1G08987	1
AT1G05273	0
AT1G07827	0
AT1G06877	1
AT1G09143	0
AT1G09237	0
AT1G05057	1
AT1G04897	0
AT1G09947	0
AT1G05673	0
AT1G61275	21
AT1G04733	0
AT1G07883	0
AT1G04263	1
AT1G04907	0
AT1G09893	0
AT1G07537	0
AT1G08367	0
AT1G08737	0
AT1G06873	0
AT1G28890	3
AT1G56840	0
AT1G72780	0
AT1G24080	0
AT1G04320	0
AT1G57090	0
AT1G36350	0
AT1G49020	0
AT1G56800	0
AT1G57240	0
AT1G57230	0
AT1G11010	0
AT1G06610	0
AT1G56880	0
AT1G57430	0
AT1G13850	0
AT1G56790	0
AT1G28840	4
AT1G28750	5
AT1G29210	0
AT1G57280	0
AT1G28940	4
AT1G76330	0
AT1G12510	0
AT1G56930	0
AT1G06860	0
AT1G57020	0
AT1G49460	0
AT1G15090	0
AT1G01890	0
AT1G28800	0
AT1G05390	0
AT1G20170	0
AT1G56900	0
AT1G80250	1
AT1G43820	0
AT1G57270	0
AT1G57050	0
AT1G02760	0
AT1G16100	0
AT1G69000	0
AT1G57440	0
AT1G57490	0
AT1G64120	0
AT1G68860	0
AT1G57110	0
AT1G54670	0
AT1G56860	0
AT1G63790	0
AT1G64420	0
AT1G28810	0
AT1G03640	0
AT1G28990	4
AT1G57210	0
AT1G28790	0
AT1G69300	0
AT1G76000	0
AT1G55625	0
AT1G75970	0
AT1G49280	0
AT1G56810	0
AT1G26490	0
AT1G57180	0
AT1G28920	1
AT1G59570	0
AT1G28720	0
AT1G57320	0
AT1G75570	0
AT1G57200	0
AT1G57190	0
AT1G68770	0
AT1G77040	0
AT1G20420	0
AT1G57530	0
AT1G52170	0
AT1G57350	0
AT1G57070	0
AT1G79300	0
AT1G11550	0
AT1G57220	0
AT1G45244	0
AT1G11030	0
AT1G75070	0
AT1G75650	0
AT1G77560	0
AT1G45234	15
AT1G08950	0
AT1G07100	0
AT1G57000	0
AT1G52860	0
AT1G56820	0
AT1G02600	0
AT1G57040	0
AT1G17570	0
AT1G57340	0
AT1G17660	0
AT1G75740	0
AT1G57520	0
AT1G28770	0
AT1G57010	0
AT1G57460	0
AT1G57450	0
AT1G28850	4
AT1G57130	0
AT1G28880	0
AT1G60820	0
AT1G03570	0
AT1G57330	0
AT1G06880	0
AT1G18430	0
AT1G57250	0
AT1G20210	0
AT1G20820	2
AT1G18820	0
AT1G28740	3
AT1G28930	1
AT1G57380	0
AT1G57360	0
AT1G56750	0
AT1G02480	0
AT1G53220	0
AT1G56870	0
AT1G78250	0
AT1G56910	0
AT1G28970	3
AT1G61020	0
AT1G31110	0
AT1G50100	0
AT1G15650	0
AT1G45242	1
AT1G28830	9
AT1G56920	0
AT1G20040	0
AT1G01270	0
AT1G08240	0
AT1G17670	0
AT1G33370	0
AT1G68970	0
AT1G20250	0
AT1G56780	0
AT1G28780	0
AT1G57290	0
AT1G56850	0
AT1G56960	0
AT1G56730	0
AT1G28980	0
AT1G56950	0
AT1G57080	0
AT1G28910	0
AT1G57160	0
AT1G57470	0
AT1G13720	0
AT1G57310	0
AT1G79980	0
AT1G69130	0
AT1G12590	0
AT1G56890	0
AT1G28870	0
AT1G03515	0
AT1G42120	0
AT1G57390	0
AT1G06480	0
AT1G21800	0
AT1G77190	0
AT1G57400	0
AT1G13240	0
AT1G57030	0
AT1G56740	0
AT1G57150	0
AT1G30830	0
AT1G52350	0
AT1G71700	0
AT1G57100	0
AT1G57510	0
AT1G07580	0
AT1G65830	0
AT1G32620	0
AT1G28860	0
AT1G56770	0
AT1G53410	25
AT1G57410	0
AT1G57260	0
AT1G57420	0
AT1G50070	0
AT1G60840	0
AT1G15450	0
AT1G79290	0
AT1G11640	0
AT1G57120	0
AT1G57500	0
AT1G21420	0
AT1G13840	0
AT1G26430	0
AT1G30430	0
AT1G28950	6
AT1G79240	0
AT1G01870	0
AT1G74570	0
AT1G45240	2
AT1G57300	0
AT1G68950	0
AT1G28900	0
AT1G63510	0
AT1G49690	0
AT1G57060	0
AT1G28820	2
AT1G16450	0
AT1G59880	0
AT1G22320	0
AT1G57140	0
AT1G07760	0
AT1G56830	0
AT1G73900	0
AT1G08870	0
AT1G45246	0
AT1G28730	0
AT1G70050	0
AT1G56980	0
AT1G57370	0
AT1G57480	0
AT1G45238	4
AT1G13010	0
AT1G56970	0
AT1G04720	0
AT1G74610	0
AT1G09110	0
AT1G60910	0
AT1G56760	0
AT1G60580	0
AT1G80430	0
AT1G48080	0
AT1G57170	0
AT1G05980	0
AT1G61880	0
AT1G10440	0
AT1G56990	0
AT1G61910	0
AT1G56940	0
AT1G69252	570
AT1G68872	64
AT1G57835	0
AT1G52615	2
AT1G67105	255
AT1G22403	127
AT1G08493	0
AT1G09277	0
AT1G05547	0
AT1G11185	37
AT1G16635	21
AT1G43765	77
AT1G06797	0
AT1G52347	207
AT1G64563	348
AT1G04867	1
AT1G05697	0
AT1G50659	1
AT1G46554	81
AT1G07507	0
AT1G09073	0
AT1G08253	0
AT1G33615	108
AT1G34392	0
AT1G23052	0
AT1G50055	201
AT1G64618	7
AT1G70518	254
AT1G77138	37
AT1G55525	12
AT1G05813	0
AT1G07257	0
AT1G21529	26
AT1G09583	0
AT1G49832	31
AT1G66173	8
AT1G58590	152
AT1G49952	8
AT1G11175	311
AT1G31935	112
AT1G64572	77
AT1G70185	6
AT1G26235	0
AT1G34418	383
AT1G08823	0
AT1G25175	0
AT1G11592	141
AT1G58808	0
AT1G70581	23
AT1G24068	1
AT1G08933	1
AT1G19968	0
AT1G14518	0
AT1G06677	0
AT1G15405	0
AT1G04425	125
AT1G10682	326
AT1G78865	90
AT1G32172	7
AT1G26558	34
AT1G07977	2
AT1G18745	235
AT1G67238	1
AT1G79075	981
AT1G31258	326
AT5G16970	2964
AT5G41480	386
AT5G15008	0
AT5G07360	834
AT5G46240	337
AT5G62260	127
AT5G35715	1
AT5G41908	0
AT5G20470	2
AT5G04950	758
AT5G50110	210
AT5G66670	51
AT5G23000	62
AT5G03560	1502
AT5G46260	98
AT5G27680	220
AT5G61960	1802
AT5G15420	1
AT5G06020	0
AT5G18730	17
AT5G67570	1187
AT5G29054	0
AT5G57625	286
AT5G66440	389
AT5G51680	0
AT5G54610	59
AT5G20560	0
AT5G65470	1221
AT5G66420	1324
AT5G62750	2
AT5G50000	1357
AT5G63820	62
AT5G26220	502
AT5G15730	637
AT5G61930	305
AT5G08760	411
AT5G42110	1088
AT5G23030	14
AT5G20250	3415
AT5G08070	45
AT5G08450	1960
AT5G14030	2420
AT5G66080	184
AT5G05340	39
AT5G45440	91
AT5G25380	63
AT5G56920	0
AT5G38000	228
AT5G15050	504
AT5G53670	0
AT5G44630	0
AT5G05950	570
AT5G63810	1131
AT5G02340	0
AT5G24100	41
AT5G48545	326
AT5G56950	2464
AT5G58400	5
AT5G39510	1485
AT5G23090	310
AT5G45920	177
AT5G52750	57
AT5G18830	1022
AT5G50720	236
AT5G51840	797
AT5G21930	1273
AT5G24240	26
AT5G27607	0
AT5G25480	184
AT5G65130	11
AT5G27280	289
AT5G37180	125
AT5G10110	452
AT5G05050	0
AT5G42470	846
AT5G51380	297
AT5G61770	1293
AT5G58750	27
AT5G66240	4059
AT5G47050	901
AT5G45095	14
AT5G65000	483
AT5G35660	35
AT5G34908	0
AT5G59800	476
AT5G60580	370
AT5G24790	4
AT5G48780	57
AT5G41490	0
AT5G22820	323
AT5G60260	6
AT5G14740	12371
AT5G66760	6273
AT5G54225	0
AT5G47510	157
AT5G16950	360
AT5G43066	0
AT5G20300	1052
AT5G49950	572
AT5G40530	746
AT5G45850	76
AT5G38420	32678
AT5G37910	0
AT5G11320	24
AT5G63910	1278
AT5G59120	0
AT5G43420	331
AT5G04347	1
AT5G53330	609
AT5G11050	0
AT5G61700	6
AT5G07160	1
AT5G11565	0
AT5G09900	3829
AT5G64920	920
AT5G65590	119
AT5G60470	66
AT5G10430	18
AT5G52790	79
AT5G44020	4826
AT5G47840	2773
AT5G04850	1376
AT5G44870	453
AT5G60400	424
AT5G59010	457
AT5G50115	0
AT5G45790	127
AT5G27700	5729
AT5G19970	98
AT5G48430	4
AT5G18130	430
AT5G05470	725
AT5G40730	629
AT5G09805	17
AT5G41250	0
AT5G12430	913
AT5G37620	1
AT5G19770	2911
AT5G07040	2
AT5G27810	3
AT5G04475	0
AT5G59880	5003
AT5G27230	151
AT5G54062	0
AT5G11020	99
AT5G26030	1142
AT5G62760	367
AT5G17210	225
AT5G02190	128
AT5G42957	0
AT5G48510	17
AT5G55560	98
AT5G65820	317
AT5G32590	1
AT5G63190	571
AT5G38120	1
AT5G02810	4446
AT5G65100	0
AT5G57350	5841
AT5G32613	0
AT5G49240	0
AT5G16130	5517
AT5G27470	2398
AT5G03260	395
AT5G01370	446
AT5G26920	55
AT5G54750	515
AT5G47180	686
AT5G04810	3039
AT5G44000	864
AT5G08020	280
AT5G64570	915
AT5G42797	0
AT5G14060	4839
AT5G11480	2729
AT5G17847	0
AT5G05270	2327
AT5G45190	1400
AT5G41120	280
AT5G19940	10842
AT5G66820	1415
AT5G08240	204
AT5G18260	22
AT5G38450	20
AT5G19380	245
AT5G11660	0
AT5G17860	256
AT5G20620	4080
AT5G10790	720
AT5G07070	127
AT5G40280	569
AT5G07380	65
AT5G62320	1
AT5G23950	127
AT5G45110	890
AT5G52990	360
AT5G44330	3
AT5G08530	7422
AT5G13970	711
AT5G56200	17
AT5G24830	318
AT5G24530	729
AT5G13360	763
AT5G01230	386
AT5G63080	326
AT5G10710	489
AT5G48070	23
AT5G61570	155
AT5G58780	92
AT5G03540	1658
AT5G63960	468
AT5G57810	13
AT5G08040	2326
AT5G49900	171
AT5G65609	50
AT5G02320	218
AT5G66400	1574
AT5G46960	3
AT5G11425	0
AT5G36460	0
AT5G11030	470
AT5G48090	55
AT5G01320	37
AT5G58010	140
AT5G57870	5307
AT5G37475	1395
AT5G53010	489
AT5G41240	317
AT5G55970	106
AT5G43670	486
AT5G08350	0
AT5G49070	21
AT5G24560	0
AT5G22310	72
AT5G36925	23
AT5G43840	7
AT5G58390	324
AT5G37320	0
AT5G33355	0
AT5G43600	478
AT5G13295	0
AT5G07540	0
AT5G50560	0
AT5G42180	179
AT5G43610	0
AT5G60940	493
AT5G56990	36
AT5G64490	31
AT5G60960	2019
AT5G19260	149
AT5G65230	16
AT5G18100	1104
AT5G64880	231
AT5G17240	507
AT5G36310	0
AT5G64840	5568
AT5G57650	1
AT5G16300	1455
AT5G27944	0
AT5G53070	827
AT5G07130	193
AT5G53905	0
AT5G48595	0
AT5G65980	13
AT5G39645	0
AT5G46530	128
AT5G57785	875
AT5G41590	16
AT5G12236	0
AT5G40950	11225
AT5G20410	360
AT5G09970	109
AT5G37570	250
AT5G18410	684
AT5G22460	399
AT5G56760	2136
AT5G07690	688
AT5G66631	121
AT5G05120	0
AT5G20730	995
AT5G65800	1
AT5G41670	3055
AT5G07760	8
AT5G57780	201
AT5G58190	493
AT5G66030	1262
AT5G23395	1071
AT5G57720	1
AT5G49100	927
AT5G46920	596
AT5G30520	0
AT5G05700	1303
AT5G66740	94
AT5G60810	1
AT5G46440	79
AT5G43860	58
AT5G19600	278
AT5G39960	706
AT5G36940	699
AT5G53040	0
AT5G17950	1
AT5G05085	4
AT5G50810	1332
AT5G52930	53
AT5G25350	1838
AT5G28000	1
AT5G48460	729
AT5G23600	0
AT5G59270	1
AT5G27860	1471
AT5G48150	778
AT5G15350	2671
AT5G41850	106
AT5G38900	70
AT5G49250	0
AT5G55750	2
AT5G36410	0
AT5G27310	0
AT5G28190	0
AT5G15570	539
AT5G51105	0
AT5G26840	0
AT5G06755	3
AT5G36520	0
AT5G19690	2696
AT5G45520	137
AT5G29210	1
AT5G13600	3
AT5G16850	66
AT5G33300	255
AT5G60230	94
AT5G15970	8853
AT5G40870	870
AT5G35110	9
AT5G42420	912
AT5G64401	0
AT5G52900	591
AT5G10860	4760
AT5G07680	183
AT5G08005	1
AT5G65400	420
AT5G53510	1
AT5G22380	1
AT5G26692	2
AT5G52000	12
AT5G58787	909
AT5G52830	149
AT5G11110	711
AT5G59190	16
AT5G49630	344
AT5G38750	5
AT5G56850	1274
AT5G54970	426
AT5G46610	10
AT5G60340	3219
AT5G46930	0
AT5G64380	414
AT5G37480	351
AT5G08550	554
AT5G04290	1061
AT5G56320	199
AT5G06790	61
AT5G41180	535
AT5G11910	585
AT5G66390	595
AT5G38050	126
AT5G43990	409
AT5G57330	3032
AT5G52680	0
AT5G36250	535
AT5G38220	166
AT5G42650	3864
AT5G07930	1
AT5G28920	4
AT5G01850	347
AT5G46870	126
AT5G47830	1219
AT5G53410	0
AT5G01730	51
AT5G10200	484
AT5G02660	9
AT5G25310	3
AT5G37370	1989
AT5G24313	30
AT5G37220	0
AT5G63460	539
AT5G52150	0
AT5G06270	279
AT5G20930	501
AT5G15220	621
AT5G46790	982
AT5G20460	0
AT5G19040	67
AT5G58360	11
AT5G66840	141
AT5G13520	1191
AT5G53637	0
AT5G49400	886
AT5G59720	313420
AT5G55330	4
AT5G44220	0
AT5G07730	136
AT5G50530	6
AT5G40420	11
AT5G11590	81
AT5G66300	77
AT5G55740	763
AT5G40550	269
AT5G23380	257
AT5G24470	1550
AT5G57370	663
AT5G03740	4808
AT5G50670	0
AT5G07280	107
AT5G50950	324
AT5G65900	2302
AT5G22830	1239
AT5G65440	1086
AT5G14970	2359
AT5G43920	1898
AT5G41170	96
AT5G54700	0
AT5G03650	6303
AT5G42390	6637
AT5G43810	1454
AT5G35380	2
AT5G67120	2
AT5G44740	263
AT5G40450	918
AT5G64820	1
AT5G50010	237
AT5G20680	763
AT5G26800	2053
AT5G60830	2
AT5G45469	0
AT5G54080	619
AT5G47620	1873
AT5G56220	527
AT5G08695	3
AT5G65460	762
AT5G22785	0
AT5G58030	938
AT5G65158	0
AT5G46830	16
AT5G38440	0
AT5G58990	747
AT5G50260	760
AT5G07890	426
AT5G51230	1207
AT5G49640	0
AT5G01080	2
AT5G56780	228
AT5G56900	1053
AT5G58870	1587
AT5G48060	96
AT5G44345	0
AT5G05300	6
AT5G27650	893
AT5G66460	738
AT5G20790	1302
AT5G53100	1
AT5G19350	1742
AT5G39775	0
AT5G65180	399
AT5G43250	94
AT5G43850	4924
AT5G19190	969
AT5G20950	3830
AT5G16140	1151
AT5G48760	3252
AT5G37630	320
AT5G23140	1324
AT5G60550	1298
AT5G20885	381
AT5G41770	1794
AT5G08500	940
AT5G19560	19
AT5G27630	78
AT5G09315	151
AT5G56985	0
AT5G56520	372
AT5G35210	2275
AT5G02800	437
AT5G63940	874
AT5G05250	586
AT5G23450	2182
AT5G24910	11
AT5G54370	382
AT5G03010	99
AT5G15110	1
AT5G13050	423
AT5G20420	35
AT5G53870	191
AT5G03310	0
AT5G62390	4157
AT5G20100	3
AT5G45880	8
AT5G48440	344
AT5G09590	12564
AT5G51580	0
AT5G48740	35
AT5G05970	374
AT5G01210	0
AT5G18110	2515
AT5G58640	1185
AT5G64590	18
AT5G48610	522
AT5G27460	596
AT5G10010	2197
AT5G67450	95
AT5G58590	4307
AT5G57110	5581
AT5G10440	55
AT5G05010	4936
AT5G06390	1223
AT5G01120	69
AT5G46050	97
AT5G17480	0
AT5G11870	77
AT5G64500	1314
AT5G06730	154
AT5G53350	3808
AT5G23340	606
AT5G19880	10
AT5G37920	0
AT5G45480	0
AT5G20990	1781
AT5G10300	172
AT5G03530	214
AT5G50375	525
AT5G22990	1
AT5G45360	1068
AT5G47220	535
AT5G64900	30
AT5G06620	103
AT5G25195	0
AT5G13440	4703
AT5G58250	3291
AT5G16030	1486
AT5G21970	650
AT5G52010	874
AT5G37000	176
AT5G19310	732
AT5G16390	1287
AT5G38740	5
AT5G66950	1036
AT5G03600	0
AT5G19025	93
AT5G05090	0
AT5G62480	215
AT5G01430	787
AT5G51310	42
AT5G12910	3
AT5G67260	1655
AT5G26260	532
AT5G24400	913
AT5G40150	224
AT5G59865	12
AT5G65710	276
AT5G45760	192
AT5G53540	1266
AT5G60030	907
AT5G57035	333
AT5G21070	339
AT5G43380	321
AT5G15340	124
AT5G58320	519
AT5G23900	5746
AT5G49590	0
AT5G42223	2
AT5G35480	1019
AT5G19090	2385
AT5G08030	182
AT5G19315	0
AT5G58730	329
AT5G18680	1017
AT5G37310	1429
AT5G34881	0
AT5G22700	912
AT5G13140	1040
AT5G42460	300
AT5G58130	584
AT5G39365	0
AT5G59930	19
AT5G65020	2649
AT5G48420	0
AT5G43745	697
AT5G38392	0
AT5G06920	0
AT5G53320	165
AT5G63050	1085
AT5G53570	946
AT5G23730	312
AT5G41790	1957
AT5G16880	2147
AT5G53060	562
AT5G01750	3936
AT5G03830	482
AT5G08290	4730
AT5G46420	4669
AT5G62340	21
AT5G64760	940
AT5G46450	1129
AT5G49510	1861
AT5G67380	4543
AT5G56560	0
AT5G46877	0
AT5G03230	811
AT5G40050	2
AT5G58120	198
AT5G22910	1
AT5G03620	54
AT5G20150	3683
AT5G24410	14
AT5G40660	854
AT5G24580	191
AT5G13370	889
AT5G18470	35
AT5G52340	22
AT5G55230	1686
AT5G67370	1485
AT5G16800	234
AT5G55540	747
AT5G52140	0
AT5G20860	29
AT5G42620	1127
AT5G38800	1
AT5G46570	486
AT5G14650	170
AT5G35050	808
AT5G13460	317
AT5G25180	0
AT5G63450	61
AT5G55470	157
AT5G03406	253
AT5G21940	1065
AT5G51170	453
AT5G40770	7274
AT5G67080	63
AT5G14470	11
AT5G11650	693
AT5G18570	2656
AT5G66020	2
AT5G01800	2154
AT5G48953	0
AT5G63625	36
AT5G58110	15211
AT5G54150	0
AT5G12480	1270
AT5G27780	0
AT5G02410	232
AT5G41300	6
AT5G48950	44
AT5G59260	15
AT5G56050	91
AT5G66750	857
AT5G07220	1287
AT5G05080	1589
AT5G28460	57
AT5G42830	115
AT5G65670	5566
AT5G51640	179
AT5G02580	214
AT5G17120	0
AT5G01190	94
AT5G09530	841
AT5G07340	4818
AT5G43900	1422
AT5G37780	6369
AT5G65450	617
AT5G15820	163
AT5G09330	1662
AT5G53940	835
AT5G02510	2
AT5G59370	18
AT5G04320	800
AT5G26040	415
AT5G55930	610
AT5G62210	1037
AT5G43935	3
AT5G15725	0
AT5G30341	0
AT5G21430	1121
AT5G36662	0
AT5G51140	1031
AT5G42820	551
AT5G03680	158
AT5G41110	293
AT5G59020	155
AT5G46150	693
AT5G40340	1143
AT5G09510	3591
AT5G24390	210
AT5G49810	1543
AT5G65950	2051
AT5G38130	0
AT5G10240	935
AT5G51330	26
AT5G53720	0
AT5G44820	227
AT5G17090	5
AT5G62620	624
AT5G20360	599
AT5G09860	810
AT5G37360	1212
AT5G14550	1117
AT5G63905	180
AT5G02700	0
AT5G16610	835
AT5G24490	4531
AT5G61820	5253
AT5G14240	989
AT5G01590	8360
AT5G28010	50
AT5G58770	866
AT5G61490	5
AT5G45260	305
AT5G36770	0
AT5G58375	928
AT5G62170	187
AT5G50520	0
AT5G40350	0
AT5G49920	21
AT5G02440	64
AT5G60650	101
AT5G19010	875
AT5G59970	471
AT5G26749	68
AT5G20940	0
AT5G08480	0
AT5G07060	280
AT5G10920	1837
AT5G41610	10
AT5G61150	2307
AT5G14870	27
AT5G48860	0
AT5G03920	0
AT5G09490	1
AT5G06750	688
AT5G02140	45
AT5G53700	4
AT5G09560	0
AT5G51460	582
AT5G40840	264
AT5G55950	29
AT5G52390	44
AT5G59250	2210
AT5G45630	46
AT5G35370	222
AT5G52450	314
AT5G54390	4014
AT5G26130	0
AT5G45200	5
AT5G26717	0
AT5G45590	295
AT5G48945	0
AT5G20970	559
AT5G49650	2186
AT5G05400	478
AT5G42990	724
AT5G01040	488
AT5G50790	256
AT5G11730	433
AT5G14670	0
AT5G02900	2
AT5G24220	11
AT5G02220	145
AT5G03770	221
AT5G59290	2511
AT5G39080	906
AT5G60180	22
AT5G04853	0
AT5G05370	3499
AT5G48140	4
AT5G53390	3
AT5G57700	353
AT5G20040	1283
AT5G61850	2
AT5G16150	2890
AT5G55380	99
AT5G27340	0
AT5G05730	798
AT5G48770	0
AT5G45080	146
AT5G19840	165
AT5G58140	3509
AT5G35690	1333
AT5G28345	1
AT5G39460	1
AT5G06650	1
AT5G44070	491
AT5G55730	652
AT5G09280	0
AT5G42567	0
AT5G07110	70
AT5G01620	541
AT5G06720	444
AT5G01020	1740
AT5G55810	149
AT5G64200	1790
AT5G10040	66
AT5G55620	347
AT5G47640	318
AT5G42200	282
AT5G28463	0
AT5G44316	2
AT5G26770	269
AT5G21150	62
AT5G20400	646
AT5G58670	217
AT5G03545	1070
AT5G61040	431
AT5G40382	48
AT5G19210	295
AT5G61350	119
AT5G41401	1
AT5G25460	9207
AT5G15870	452
AT5G56530	662
AT5G28540	26411
AT5G25540	991
AT5G08535	301
AT5G38150	589
AT5G05540	937
AT5G20910	328
AT5G50630	0
AT5G04310	179
AT5G37020	971
AT5G19710	0
AT5G57010	39
AT5G58530	228
AT5G19595	0
AT5G03345	893
AT5G04267	0
AT5G57000	224
AT5G35400	189
AT5G57340	305
AT5G66700	4
AT5G14895	11
AT5G10400	483
AT5G61880	710
AT5G50365	0
AT5G64395	0
AT5G51280	1076
AT5G63510	2227
AT5G05240	256
AT5G02080	123
AT5G47560	1015
AT5G57460	1099
AT5G22300	270
AT5G64350	18034
AT5G37520	0
AT5G44060	207
AT5G45940	153
AT5G20030	29
AT5G18200	1045
AT5G25950	0
AT5G26200	57
AT5G59990	24
AT5G54010	0
AT5G19570	537
AT5G40090	59
AT5G04780	643
AT5G19550	4171
AT5G23250	1691
AT5G43330	7505
AT5G58440	771
AT5G17440	599
AT5G49880	1141
AT5G14860	2
AT5G01280	13
AT5G22730	470
AT5G06760	61
AT5G44210	261
AT5G42000	348
AT5G48010	29
AT5G57050	267
AT5G60130	95
AT5G26865	41
AT5G37960	5
AT5G45180	0
AT5G29050	0
AT5G47890	5788
AT5G57710	1700
AT5G64990	57
AT5G46800	1453
AT5G47760	943
AT5G16870	326
AT5G52280	633
AT5G43280	671
AT5G66920	1254
AT5G61360	226
AT5G01350	2677
AT5G19700	2
AT5G38340	154
AT5G64810	10
AT5G27270	843
AT5G21222	1280
AT5G04680	94
AT5G53080	447
AT5G38565	190
AT5G62610	787
AT5G58450	1073
AT5G61440	117
AT5G63650	243
AT5G44566	0
AT5G05960	1666
AT5G15800	3
AT5G16580	0
AT5G02060	173
AT5G65170	115
AT5G41820	38
AT5G55060	813
AT5G02010	456
AT5G13565	0
AT5G24680	180
AT5G53820	215
AT5G18810	163
AT5G36890	882
AT5G18590	1218
AT5G41060	260
AT5G35180	806
AT5G23050	1877
AT5G66600	165
AT5G58790	74
AT5G04530	323
AT5G15930	298
AT5G61470	0
AT5G39870	0
AT5G53920	292
AT5G26600	989
AT5G38320	23
AT5G27430	1298
AT5G44430	0
AT5G35230	0
AT5G38880	618
AT5G05550	193
AT5G23980	14
AT5G65274	0
AT5G34581	0
AT5G08305	195
AT5G07880	27
AT5G67100	630
AT5G48375	0
AT5G59130	243
AT5G43010	1387
AT5G16910	1051
AT5G15460	353
AT5G47970	361
AT5G41760	1167
AT5G55460	49
AT5G43450	492
AT5G52560	1101
AT5G24570	241
AT5G64780	51
AT5G17010	1379
AT5G57320	256
AT5G42190	1774
AT5G15360	16
AT5G66150	78
AT5G01480	15
AT5G56075	0
AT5G61540	361
AT5G46160	786
AT5G26860	3970
AT5G60930	550
AT5G10620	191
AT5G45660	201
AT5G16230	15
AT5G51795	180
AT5G02480	2767
AT5G26731	229
AT5G09210	6
AT5G09440	637
AT5G64050	1422
AT5G05150	10
AT5G15530	308
AT5G22860	871
AT5G22810	2
AT5G09260	95
AT5G01305	3
AT5G56150	1461
AT5G51590	281
AT5G62570	507
AT5G55490	31
AT5G23280	788
AT5G17760	2310
AT5G23080	1305
AT5G52420	675
AT5G38560	802
AT5G42120	59
AT5G11450	3427
AT5G07400	328
AT5G12880	119
AT5G16780	2182
AT5G19130	672
AT5G40260	2
AT5G09540	104
AT5G16040	1368
AT5G47580	242
AT5G02460	178
AT5G11610	133
AT5G23130	173
AT5G14920	5932
AT5G37460	11
AT5G41685	414
AT5G08430	1071
AT5G06100	420
AT5G26667	4206
AT5G59650	14
AT5G45980	0
AT5G25020	34
AT5G62600	687
AT5G43820	112
AT5G07780	7
AT5G45580	71
AT5G22791	3
AT5G29624	0
AT5G50175	3
AT5G16990	986
AT5G49320	47
AT5G08620	1063
AT5G03420	1229
AT5G44850	0
AT5G46510	335
AT5G66430	0
AT5G11440	11
AT5G41920	430
AT5G47300	0
AT5G17540	134
AT5G16280	770
AT5G14290	0
AT5G18280	1019
AT5G56369	0
AT5G20810	16
AT5G46460	132
AT5G66830	14
AT5G42130	889
AT5G14460	1102
AT5G61280	28
AT5G48605	0
AT5G16930	712
AT5G52210	513
AT5G19473	0
AT5G24840	853
AT5G28090	11
AT5G05170	7110
AT5G24780	229
AT5G19180	3252
AT5G50335	305
AT5G12250	3757
AT5G64910	78
AT5G13130	1
AT5G49560	235
AT5G11000	876
AT5G40760	2033
AT5G07570	206
AT5G58680	47
AT5G60540	791
AT5G27980	7
AT5G55270	8
AT5G09450	711
AT5G18525	652
AT5G44575	416
AT5G66490	317
AT5G04920	1428
AT5G56360	5760
AT5G01740	515
AT5G28610	3
AT5G27200	12
AT5G18000	2
AT5G57060	149
AT5G15853	0
AT5G57950	441
AT5G37430	0
AT5G64600	396
AT5G06010	1
AT5G51110	4365
AT5G51930	29
AT5G24215	44
AT5G57550	31
AT5G43580	718
AT5G65207	318
AT5G52710	5
AT5G67090	28
AT5G09910	34
AT5G46100	181
AT5G47060	1017
AT5G58100	1542
AT5G13530	1396
AT5G67470	1041
AT5G20710	51
AT5G13640	2022
AT5G51100	1175
AT5G27790	0
AT5G37510	6901
AT5G04180	2
AT5G60530	680
AT5G58960	786
AT5G01880	123
AT5G08310	220
AT5G67590	5094
AT5G42140	375
AT5G48880	1737
AT5G52600	21
AT5G54640	667
AT5G27690	393
AT5G65720	2616
AT5G13000	2596
AT5G20610	705
AT5G44390	230
AT5G61495	0
AT5G11800	445
AT5G02210	19
AT5G13800	1695
AT5G62930	2124
AT5G43070	415
AT5G51451	17
AT5G39630	0
AT5G14515	0
AT5G13810	851
AT5G12860	5995
AT5G47590	243
AT5G05750	535
AT5G25560	2942
AT5G02310	1459
AT5G52310	2725
AT5G51200	1194
AT5G40855	0
AT5G38350	29
AT5G04190	44
AT5G07870	339
AT5G49180	2
AT5G17470	0
AT5G14890	60
AT5G49945	457
AT5G58240	528
AT5G54960	2926
AT5G66000	117
AT5G44582	93
AT5G52430	285
AT5G16180	554
AT5G38397	0
AT5G25010	76
AT5G19270	1
AT5G42655	47
AT5G02550	37
AT5G62100	170
AT5G36659	0
AT5G47940	413
AT5G24180	2
AT5G45680	1147
AT5G42770	221
AT5G55680	16
AT5G67150	867
AT5G01760	30
AT5G12170	721
AT5G14230	161
AT5G61670	1022
AT5G38391	0
AT5G45820	617
AT5G38290	867
AT5G10810	529
AT5G61430	149
AT5G35695	0
AT5G27495	0
AT5G54720	30
AT5G13420	3757
AT5G19960	608
AT5G41190	2122
AT5G45210	23
AT5G58610	371
AT5G23908	0
AT5G55980	0
AT5G47175	0
AT5G23360	131
AT5G08790	1536
AT5G42230	11
AT5G17420	525
AT5G19640	0
AT5G27765	1
AT5G22940	196
AT5G07320	519
AT5G46025	0
AT5G26910	518
AT5G10630	655
AT5G39400	0
AT5G56960	3
AT5G26060	0
AT5G22360	433
AT5G05520	1125
AT5G54790	2
AT5G23480	236
AT5G02170	6
AT5G22580	1906
AT5G12110	7346
AT5G60270	471
AT5G18580	1453
AT5G43155	101
AT5G13310	440
AT5G37290	280
AT5G10695	2
AT5G55600	965
AT5G16760	875
AT5G35730	900
AT5G64870	225
AT5G50930	168
AT5G14000	538
AT5G61520	997
AT5G13060	293
AT5G33280	486
AT5G50820	24
AT5G43290	201
AT5G41890	0
AT5G01150	1
AT5G60640	3350
AT5G52155	0
AT5G06960	595
AT5G54540	1720
AT5G18080	77
AT5G37070	513
AT5G01140	0
AT5G01540	0
AT5G01830	442
AT5G03550	14
AT5G03140	225
AT5G16620	2984
AT5G38378	0
AT5G51990	0
AT5G54740	0
AT5G39430	0
AT5G05690	2690
AT5G63020	422
AT5G52640	12608
AT5G23270	55
AT5G04790	0
AT5G47635	23
AT5G46795	0
AT5G59780	1178
AT5G51660	1050
AT5G37350	1212
AT5G52800	44
AT5G61780	4023
AT5G26640	0
AT5G48170	97
AT5G42270	10498
AT5G13410	1318
AT5G57015	847
AT5G63710	572
AT5G39330	25
AT5G56290	2209
AT5G45220	45
AT5G15150	62
AT5G59400	314
AT5G49700	372
AT5G44080	603
AT5G26790	58
AT5G42440	124
AT5G45510	2654
AT5G66250	269
AT5G42880	211
AT5G35670	221
AT5G24575	0
AT5G50600	0
AT5G22840	888
AT5G54800	843
AT5G07571	3
AT5G24130	0
AT5G22800	2903
AT5G36907	28
AT5G03720	1031
AT5G03330	350
AT5G18420	1238
AT5G56860	544
AT5G63770	689
AT5G03270	2
AT5G18460	479
AT5G13730	1308
AT5G10190	277
AT5G42240	677
AT5G06820	17
AT5G52950	112
AT5G55210	592
AT5G40540	289
AT5G04170	954
AT5G10590	0
AT5G58020	1859
AT5G17100	0
AT5G07545	0
AT5G22750	284
AT5G28520	3
AT5G61410	11095
AT5G16840	1314
AT5G13260	946
AT5G53560	6428
AT5G24010	356
AT5G23320	53
AT5G49020	588
AT5G60660	243
AT5G16010	2351
AT5G39940	744
AT5G51830	717
AT5G11350	1124
AT5G03050	170
AT5G61390	230
AT5G61640	433
AT5G57345	8669
AT5G24105	71
AT5G57690	0
AT5G43040	103
AT5G02730	1
AT5G38790	14
AT5G65740	397
AT5G33330	1
AT5G01420	34
AT5G35735	2323
AT5G46820	0
AT5G65690	24
AT5G54020	76
AT5G50410	455
AT5G04490	453
AT5G07210	0
AT5G10960	3475
AT5G10820	230
AT5G45610	390
AT5G66130	341
AT5G49860	1
AT5G48020	1198
AT5G12240	812
AT5G11500	7872
AT5G34887	0
AT5G62540	938
AT5G49710	640
AT5G09930	196
AT5G47530	63
AT5G22270	188
AT5G02450	7525
AT5G58830	0
AT5G39670	6
AT5G51510	649
AT5G61840	1149
AT5G53400	2620
AT5G21020	2700
AT5G55150	25
AT5G36220	326
AT5G49770	9
AT5G40405	109
AT5G37710	285
AT5G50310	2241
AT5G10150	289
AT5G40690	178
AT5G66970	1
AT5G49665	461
AT5G37280	0
AT5G24340	437
AT5G25270	1983
AT5G10560	1347
AT5G07530	3
AT5G02790	7600
AT5G48820	104
AT5G55040	1310
AT5G67540	633
AT5G26660	21
AT5G47210	15311
AT5G24500	569
AT5G59280	0
AT5G57150	3806
AT5G15200	15404
AT5G02160	2964
AT5G53450	1315
AT5G38400	0
AT5G24260	1050
AT5G56280	1555
AT5G10390	351
AT5G08740	999
AT5G35430	956
AT5G37270	0
AT5G60000	1
AT5G64830	774
AT5G28060	11403
AT5G10500	0
AT5G16810	547
AT5G43910	275
AT5G41420	0
AT5G46200	0
AT5G15750	954
AT5G52440	2908
AT5G46190	816
AT5G16650	845
AT5G14950	848
AT5G63380	574
AT5G65570	217
AT5G12190	745
AT5G28730	0
AT5G05070	2
AT5G10550	1697
AT5G11400	2
AT5G11760	1363
AT5G11290	19
AT5G43650	6
AT5G50100	581
AT5G13100	1147
AT5G01710	1531
AT5G26673	0
AT5G18700	329
AT5G39600	530
AT5G14770	464
AT5G16160	117
AT5G52730	0
AT5G03440	243
AT5G24310	207
AT5G51370	163
AT5G17730	0
AT5G05480	953
AT5G48670	77
AT5G40510	121
AT5G03020	26
AT5G66810	516
AT5G28160	0
AT5G23920	1051
AT5G20870	84
AT5G17110	0
AT5G43710	600
AT5G52020	5
AT5G54600	12754
AT5G58760	463
AT5G05720	0
AT5G14750	32
AT5G62860	0
AT5G04110	362
AT5G03970	651
AT5G16750	1165
AT5G43140	281
AT5G05285	0
AT5G44370	423
AT5G38670	0
AT5G05830	224
AT5G50960	2080
AT5G36920	8
AT5G40210	24
AT5G22520	2
AT5G53592	7
AT5G07165	0
AT5G51980	1093
AT5G44710	576
AT5G12400	982
AT5G54180	811
AT5G43020	407
AT5G34930	579
AT5G06490	4
AT5G26610	701
AT5G10750	815
AT5G39360	331
AT5G42050	3142
AT5G27580	3
AT5G14200	5787
AT5G08335	211
AT5G60780	0
AT5G67070	1815
AT5G12470	1422
AT5G19320	645
AT5G07860	409
AT5G18705	0
AT5G55640	405
AT5G40270	371
AT5G47880	1742
AT5G26570	4013
AT5G13181	1
AT5G67020	24
AT5G04440	1365
AT5G63000	977
AT5G48490	124
AT5G59845	352
AT5G23870	382
AT5G36820	0
AT5G04640	1
AT5G03750	2
AT5G46850	283
AT5G67385	793
AT5G66220	0
AT5G10625	166
AT5G17200	0
AT5G58970	323
AT5G18020	80
AT5G05200	3401
AT5G60040	1157
AT5G22090	3006
AT5G46871	1
AT5G33320	1983
AT5G47790	613
AT5G09980	68
AT5G37200	0
AT5G09470	115
AT5G07120	624
AT5G35525	3
AT5G20200	938
AT5G22020	2857
AT5G57540	29
AT5G61060	841
AT5G25050	145
AT5G62790	4291
AT5G03510	137
AT5G03980	0
AT5G60080	0
AT5G56130	687
AT5G09420	707
AT5G51780	36
AT5G22680	6
AT5G08139	358
AT5G14280	137
AT5G52040	2463
AT5G09880	1987
AT5G27260	0
AT5G14490	111
AT5G52290	23
AT5G45370	235
AT5G35475	0
AT5G57630	877
AT5G24610	1311
AT5G54350	0
AT5G66550	609
AT5G13690	1196
AT5G66850	809
AT5G62920	197
AT5G57030	1706
AT5G56340	459
AT5G09300	109
AT5G27660	634
AT5G64020	492
AT5G12200	1476
AT5G27450	779
AT5G35170	1891
AT5G47090	1016
AT5G40860	36
AT5G65840	1426
AT5G55320	0
AT5G27893	41
AT5G08590	1450
AT5G08640	4110
AT5G60730	252
AT5G26310	94
AT5G54910	1147
AT5G39100	1
AT5G02490	1811
AT5G46874	0
AT5G18940	314
AT5G12235	4
AT5G25040	636
AT5G46310	0
AT5G57567	17
AT5G52260	2
AT5G36970	1
AT5G04000	53
AT5G37230	0
AT5G43560	1437
AT5G27140	1
AT5G16350	80
AT5G04045	0
AT5G51270	24
AT5G42580	21
AT5G38770	31
AT5G19430	586
AT5G38570	0
AT5G44790	1742
AT5G01290	1121
AT5G51210	6
AT5G25510	772
AT5G06300	93
AT5G03860	66
AT5G22690	256
AT5G59390	83
AT5G65360	1528
AT5G55880	0
AT5G66816	4
AT5G24810	824
AT5G61090	24
AT5G24960	20
AT5G64970	252
AT5G62090	893
AT5G64816	32
AT5G11630	334
AT5G53430	530
AT5G59910	4821
AT5G53910	0
AT5G56970	7
AT5G09320	12
AT5G56100	640
AT5G65760	1799
AT5G55410	3
AT5G61300	210
AT5G53360	193
AT5G43270	700
AT5G28210	0
AT5G18090	9
AT5G64650	835
AT5G25300	0
AT5G46230	80
AT5G23405	603
AT5G05680	717
AT5G24275	12
AT5G04590	11860
AT5G34870	0
AT5G19080	248
AT5G40910	1933
AT5G62350	3776
AT5G18640	1049
AT5G25415	1
AT5G13850	3389
AT5G16470	4996
AT5G57140	510
AT5G66053	0
AT5G24150	4020
AT5G54680	2190
AT5G44540	7
AT5G39830	974
AT5G33898	0
AT5G50550	0
AT5G27360	575
AT5G41390	15
AT5G56170	768
AT5G67530	941
AT5G48655	703
AT5G23190	182
AT5G44005	499
AT5G46890	8
AT5G45730	57
AT5G11410	101
AT5G47740	188
AT5G14510	38
AT5G22980	2
AT5G45140	1903
AT5G54690	154
AT5G24820	1
AT5G25260	1
AT5G24318	223
AT5G23760	538
AT5G53240	30
AT5G06030	0
AT5G07410	14
AT5G14570	1104
AT5G62810	2375
AT5G06590	101
AT5G54220	0
AT5G60590	438
AT5G51180	1256
AT5G57800	1415
AT5G07700	16
AT5G39770	12
AT5G45290	579
AT5G16100	0
AT5G24320	546
AT5G40230	45
AT5G08200	297
AT5G49540	778
AT5G61605	0
AT5G47380	82
AT5G38960	0
AT5G48530	306
AT5G25810	28
AT5G67270	735
AT5G11330	1817
AT5G60450	1576
AT5G39610	113
AT5G37474	0
AT5G27290	309
AT5G10420	1
AT5G40153	0
AT5G17450	658
AT5G44574	165
AT5G15537	98
AT5G43513	0
AT5G51790	4
AT5G64690	17
AT5G15320	2472
AT5G04500	12
AT5G64010	99
AT5G64400	20166
AT5G10660	8
AT5G36910	44
AT5G41430	0
AT5G64140	3639
AT5G26210	1632
AT5G15060	2
AT5G60520	165
AT5G03870	215
AT5G56700	104
AT5G64940	9828
AT5G54760	3395
AT5G38530	1568
AT5G48110	138
AT5G23350	85
AT5G39650	0
AT5G63690	84
AT5G36805	0
AT5G24155	1483
AT5G37478	15
AT5G46020	4078
AT5G38600	579
AT5G36661	0
AT5G19780	4099
AT5G04380	73
AT5G16570	38
AT5G60615	2
AT5G51960	701
AT5G49580	852
AT5G51910	165
AT5G48400	22
AT5G10740	273
AT5G50860	629
AT5G52620	1
AT5G58340	434
AT5G28420	0
AT5G36710	0
AT5G26930	4
AT5G14800	17660
AT5G64130	3015
AT5G25400	0
AT5G09940	3
AT5G42940	1010
AT5G49690	95
AT5G37690	145
AT5G23470	0
AT5G26180	749
AT5G55700	918
AT5G03120	167
AT5G39024	1
AT5G14270	2462
AT5G08410	2184
AT5G28810	3
AT5G47229	0
AT5G14960	125
AT5G52580	1267
AT5G35090	0
AT5G56370	131
AT5G59200	97
AT5G36657	0
AT5G11130	0
AT5G07950	395
AT5G27540	2078
AT5G63920	448
AT5G59580	0
AT5G56420	271
AT5G35300	0
AT5G63700	513
AT5G53550	1641
AT5G12260	434
AT5G17900	1521
AT5G41080	391
AT5G01240	783
AT5G53370	2651
AT5G03180	232
AT5G02040	308
AT5G39440	0
AT5G50370	1364
AT5G62780	5
AT5G44690	3
AT5G05790	229
AT5G58290	4536
AT5G35080	553
AT5G55720	8
AT5G53120	1925
AT5G49210	1034
AT5G05610	1648
AT5G53990	62
AT5G42210	77
AT5G45320	16
AT5G17670	937
AT5G52910	141
AT5G50380	1029
AT5G50423	0
AT5G06240	347
AT5G17320	1
AT5G52130	0
AT5G64390	872
AT5G26100	0
AT5G43401	0
AT5G60160	2097
AT5G67300	2747
AT5G51430	1309
AT5G44560	208
AT5G05630	68
AT5G41840	0
AT5G35890	0
AT5G04238	0
AT5G36130	0
AT5G35330	520
AT5G37970	42
AT5G64230	285
AT5G12150	1578
AT5G12090	0
AT5G62840	314
AT5G15120	463
AT5G57100	375
AT5G20070	1784
AT5G20390	0
AT5G25210	409
AT5G66590	612
AT5G27130	6
AT5G54280	366
AT5G34883	0
AT5G66960	464
AT5G48540	195
AT5G54270	59226
AT5G06970	1107
AT5G57260	94
AT5G22410	57
AT5G56470	0
AT5G41660	3
AT5G35590	3128
AT5G19120	1531
AT5G55850	1757
AT5G36080	0
AT5G06360	3907
AT5G01790	268
AT5G16000	518
AT5G08360	95
AT5G27520	580
AT5G25590	882
AT5G25160	43
AT5G19790	89
AT5G13680	1255
AT5G46390	787
AT5G27350	2295
AT5G47360	137
AT5G65070	81
AT5G17650	378
AT5G45710	349
AT5G28900	871
AT5G11990	74
AT5G09830	1079
AT5G15810	1410
AT5G67630	1646
AT5G64360	765
AT5G23710	0
AT5G60300	677
AT5G54200	259
AT5G41580	253
AT5G38840	728
AT5G25240	206
AT5G11930	95
AT5G64370	1244
AT5G52700	0
AT5G17850	223
AT5G13920	181
AT5G22160	0
AT5G50360	20
AT5G45030	0
AT5G63590	452
AT5G59030	772
AT5G17700	484
AT5G64950	260
AT5G18360	159
AT5G58900	1348
AT5G64510	884
AT5G66910	443
AT5G54950	7
AT5G19480	548
AT5G54920	275
AT5G57510	6
AT5G53340	504
AT5G58220	2149
AT5G46650	12
AT5G15430	1
AT5G07650	12
AT5G23910	450
AT5G67200	353
AT5G41690	103
AT5G42450	144
AT5G17270	846
AT5G47350	23
AT5G55135	0
AT5G53740	214
AT5G45010	191
AT5G63420	2072
AT5G59100	1
AT5G63310	10300
AT5G18140	493
AT5G57960	961
AT5G10800	212
AT5G44567	9
AT5G08055	0
AT5G37870	0
AT5G18800	2577
AT5G28235	0
AT5G50665	0
AT5G43310	995
AT5G07670	686
AT5G57940	1053
AT5G07490	0
AT5G40980	0
AT5G38620	0
AT5G15790	205
AT5G60970	199
AT5G32470	405
AT5G43890	28
AT5G26955	0
AT5G02870	13753
AT5G47750	1166
AT5G50760	229
AT5G13630	31658
AT5G44090	1130
AT5G46740	166
AT5G58910	5
AT5G42690	106
AT5G33210	0
AT5G27170	0
AT5G67520	122
AT5G13120	4480
AT5G09370	1
AT5G49010	213
AT5G04150	17
AT5G18310	1013
AT5G36228	0
AT5G06690	706
AT5G15230	4781
AT5G22180	0
AT5G61600	616
AT5G19660	741
AT5G60050	133
AT5G49940	1419
AT5G38030	176
AT5G16410	3
AT5G64660	447
AT5G36380	0
AT5G47600	1496
AT5G50330	195
AT5G42710	61
AT5G28660	0
AT5G55870	0
AT5G63580	28
AT5G41761	38
AT5G05598	0
AT5G63980	1436
AT5G08600	382
AT5G33390	20
AT5G56940	1443
AT5G24440	0
AT5G67480	5581
AT5G57890	430
AT5G51120	914
AT5G12890	811
AT5G66595	8
AT5G06640	352
AT5G63890	3190
AT5G61400	88
AT5G62630	229
AT5G50890	378
AT5G17170	6091
AT5G37670	410
AT5G22440	2204
AT5G65050	1089
AT5G04080	569
AT5G17370	192
AT5G27220	20
AT5G44990	2
AT5G07440	5973
AT5G53970	707
AT5G01895	0
AT5G62430	100
AT5G28530	292
AT5G11560	3781
AT5G03930	1
AT5G54490	40
AT5G03355	119
AT5G58370	909
AT5G48410	27
AT5G40900	2
AT5G65480	1929
AT5G58000	555
AT5G24430	480
AT5G60430	189
AT5G27880	0
AT5G58040	1952
AT5G02070	0
AT5G03555	756
AT5G27889	29
AT5G66110	306
AT5G26160	1049
AT5G06980	458
AT5G06810	328
AT5G55260	433
AT5G17040	200
AT5G54570	2
AT5G22850	729
AT5G04520	345
AT5G62470	363
AT5G22505	0
AT5G51465	2
AT5G65685	515
AT5G25640	25
AT5G09780	2
AT5G62400	0
AT5G54410	0
AT5G53760	240
AT5G03795	24
AT5G47860	1202
AT5G28620	0
AT5G42570	673
AT5G45960	20
AT5G23260	4
AT5G61120	11
AT5G38540	13
AT5G57210	304
AT5G25756	22
AT5G43730	350
AT5G56090	1156
AT5G28390	75
AT5G14560	0
AT5G61200	99
AT5G46910	229
AT5G07960	698
AT5G47160	74
AT5G59810	2
AT5G35195	0
AT5G01490	18
AT5G54450	0
AT5G06043	0
AT5G06520	1
AT5G23890	2053
AT5G65630	2981
AT5G26890	0
AT5G65810	664
AT5G36730	0
AT5G59980	397
AT5G67180	75
AT5G59680	20
AT5G53640	0
AT5G05560	593
AT5G60480	2
AT5G64210	7
AT5G45420	1525
AT5G27850	16977
AT5G10210	42
AT5G12380	0
AT5G14660	1150
AT5G58690	210
AT5G09430	41
AT5G43790	271
AT5G20520	1822
AT5G57830	185
AT5G35760	25
AT5G18370	194
AT5G57300	1511
AT5G10610	504
AT5G01990	438
AT5G41980	167
AT5G45340	139
AT5G59600	0
AT5G17870	4778
AT5G12300	120
AT5G08280	4369
AT5G53580	2457
AT5G27570	0
AT5G62410	573
AT5G36700	0
AT5G10080	320
AT5G04940	527
AT5G61270	366
AT5G49660	819
AT5G35510	0
AT5G54780	257
AT5G67420	2626
AT5G58660	167
AT5G67140	160
AT5G55240	3
AT5G65620	3987
AT5G38920	0
AT5G09570	1816
AT5G46780	300
AT5G61320	7
AT5G09270	522
AT5G52820	1968
AT5G56120	179
AT5G22550	58
AT5G57990	3199
AT5G11940	4
AT5G64270	3002
AT5G64640	171
AT5G54590	340
AT5G42480	1096
AT5G48680	692
AT5G56810	81
AT5G04350	0
AT5G11240	1387
AT5G06430	106
AT5G44572	658
AT5G39930	4
AT5G37340	572
AT5G23690	461
AT5G08100	295
AT5G13550	1565
AT5G10230	10
AT5G52250	116
AT5G57740	359
AT5G13620	0
AT5G44980	229
AT5G63850	1157
AT5G09920	1408
AT5G58980	264
AT5G58650	148
AT5G44140	3
AT5G49490	0
AT5G16680	807
AT5G13820	360
AT5G02930	3
AT5G01050	20
AT5G65495	234
AT5G52970	2061
AT5G51890	2713
AT5G58210	146
AT5G17840	479
AT5G14220	1267
AT5G47980	4
AT5G16710	5442
AT5G51340	669
AT5G67640	238
AT5G56770	1
AT5G41460	486
AT5G48290	221
AT5G35698	0
AT5G43870	484
AT5G66160	744
AT5G63570	3520
AT5G28288	0
AT5G06330	434
AT5G05670	450
AT5G10070	632
AT5G01660	212
AT5G41320	0
AT5G58350	803
AT5G14160	0
AT5G14090	162
AT5G15840	24
AT5G35540	0
AT5G65430	2812
AT5G14080	519
AT5G39000	2
AT5G13080	171
AT5G57420	6
AT5G05620	698
AT5G34828	0
AT5G42400	608
AT5G28180	0
AT5G12960	10
AT5G58950	2763
AT5G42300	15213
AT5G60320	0
AT5G41900	65
AT5G22500	640
AT5G44150	178
AT5G56910	530
AT5G57580	1005
AT5G39150	5
AT5G19670	203
AT5G25890	752
AT5G37940	3
AT5G05350	48
AT5G62250	2
AT5G14480	380
AT5G14780	2046
AT5G14600	523
AT5G58800	1574
AT5G52480	0
AT5G14285	262
AT5G61650	34
AT5G56452	0
AT5G17560	2776
AT5G60870	395
AT5G05290	1
AT5G55440	2
AT5G45040	77
AT5G45500	1001
AT5G05890	155
AT5G09876	38
AT5G55510	346
AT5G05990	1741
AT5G61910	721
AT5G49290	127
AT5G62680	1822
AT5G24080	1
AT5G08390	336
AT5G40930	1718
AT5G39310	0
AT5G24890	1038
AT5G62380	32
AT5G53680	7
AT5G44960	1
AT5G23115	17
AT5G44065	0
AT5G16120	774
AT5G28885	0
AT5G03190	944
AT5G45020	197
AT5G64440	914
AT5G35640	2
AT5G45250	380
AT5G05600	402
AT5G51900	0
AT5G48240	1361
AT5G47120	3343
AT5G57640	50
AT5G39140	0
AT5G48335	820
AT5G67340	194
AT5G35320	709
AT5G52850	175
AT5G45300	636
AT5G28295	0
AT5G07240	733
AT5G52070	721
AT5G08470	877
AT5G14105	813
AT5G48575	3
AT5G09220	3025
AT5G61000	494
AT5G15210	548
AT5G46470	1527
AT5G40850	5936
AT5G07200	34
AT5G59340	10
AT5G07310	15
AT5G01170	518
AT5G37810	0
AT5G10690	2377
AT5G16080	13
AT5G59900	164
AT5G12460	3
AT5G11890	639
AT5G16940	56
AT5G60265	2
AT5G49305	22
AT5G36120	467
AT5G52760	45
AT5G43755	5
AT5G17930	1080
AT5G67490	4
AT5G19810	123
AT5G47480	1990
AT5G25930	97
AT5G46080	143
AT5G55920	3760
AT5G09700	10
AT5G01380	73
AT5G45810	13
AT5G55170	37
AT5G20330	0
AT5G44760	0
AT5G47650	120
AT5G27490	234
AT5G66260	0
AT5G65225	6
AT5G46950	2
AT5G66780	4
AT5G40030	52
AT5G49830	1096
AT5G55893	0
AT5G47200	2405
AT5G63280	513
AT5G22960	0
AT5G04630	10
AT5G09290	69
AT5G09800	267
AT5G47080	780
AT5G54900	3760
AT5G41160	19
AT5G14360	50
AT5G39380	293
AT5G43150	2366
AT5G39450	326
AT5G01500	499
AT5G41330	277
AT5G21130	2
AT5G28510	17
AT5G54530	42
AT5G24314	3195
AT5G17630	508
AT5G43050	502
AT5G46660	0
AT5G42970	1509
AT5G62800	1
AT5G44306	55
AT5G56210	315
AT5G16860	79
AT5G11960	1459
AT5G09720	16
AT5G63110	1250
AT5G50340	551
AT5G01090	575
AT5G17260	25
AT5G02020	77
AT5G03630	4611
AT5G38470	3171
AT5G24740	635
AT5G58330	12368
AT5G63950	657
AT5G55220	4803
AT5G05580	390
AT5G39865	33
AT5G28720	0
AT5G06190	146
AT5G61690	5
AT5G40820	149
AT5G15270	1117
AT5G25760	440
AT5G55310	1975
AT5G16420	241
AT5G25860	0
AT5G01390	691
AT5G38300	83
AT5G63400	4299
AT5G61710	0
AT5G10570	50
AT5G19910	333
AT5G58050	14
AT5G45060	680
AT5G56580	335
AT5G41700	5127
AT5G60740	0
AT5G56390	2
AT5G36780	0
AT5G17510	747
AT5G52060	1835
AT5G17165	5
AT5G01110	166
AT5G08565	273
AT5G39320	704
AT5G41830	3
AT5G60460	747
AT5G56930	316
AT5G43360	0
AT5G15760	85
AT5G08540	2389
AT5G64620	367
AT5G52780	1665
AT5G25850	0
AT5G49060	432
AT5G14610	1344
AT5G07470	2499
AT5G03090	35
AT5G49620	11
AT5G17800	113
AT5G03640	31
AT5G46297	0
AT5G26720	121
AT5G45950	707
AT5G13790	255
AT5G05653	0
AT5G27940	32
AT5G19510	12960
AT5G18636	1
AT5G62160	7
AT5G44910	193
AT5G10760	153
AT5G10170	469
AT5G18220	16
AT5G62650	1099
AT5G41940	1564
AT5G37470	1
AT5G44040	366
AT5G60964	0
AT5G36290	1053
AT5G15900	14
AT5G27320	616
AT5G40330	45
AT5G40590	18
AT5G25600	4
AT5G53590	360
AT5G23420	631
AT5G02860	1461
AT5G67230	212
AT5G59820	166
AT5G27240	305
AT5G48970	664
AT5G58930	1019
AT5G15720	13
AT5G51500	20
AT5G18540	513
AT5G57850	1543
AT5G51060	324
AT5G65610	9
AT5G57910	251
AT5G16550	644
AT5G07450	7
AT5G43185	2
AT5G48340	540
AT5G42760	214
AT5G26230	122
AT5G15450	4975
AT5G12180	18
AT5G67050	25
AT5G37850	839
AT5G04930	929
AT5G61140	1103
AT5G39180	2
AT5G25990	11
AT5G24030	1126
AT5G09976	13
AT5G66200	1068
AT5G06160	1486
AT5G58180	1
AT5G05100	1273
AT5G37890	306
AT5G41071	1
AT5G27440	0
AT5G11220	0
AT5G62950	564
AT5G09630	152
AT5G07500	9
AT5G35069	1
AT5G02390	7
AT5G43210	166
AT5G35520	498
AT5G48830	475
AT5G48230	1886
AT5G38460	304
AT5G10990	33
AT5G20740	1603
AT5G42870	1110
AT5G66930	620
AT5G39500	716
AT5G54043	0
AT5G54130	410
AT5G25750	0
AT5G40750	0
AT5G35603	0
AT5G26120	6
AT5G11420	3116
AT5G40940	8
AT5G52380	468
AT5G35920	0
AT5G17770	4881
AT5G18407	0
AT5G05140	702
AT5G44578	97
AT5G10840	1685
AT5G38730	242
AT5G56660	346
AT5G50050	0
AT5G07600	3
AT5G62240	3
AT5G38180	0
AT5G49910	8322
AT5G48800	473
AT5G45840	168
AT5G27030	588
AT5G45170	855
AT5G45070	155
AT5G23390	1154
AT5G26050	0
AT5G17960	0
AT5G51050	769
AT5G64090	445
AT5G50910	0
AT5G63830	594
AT5G63760	1315
AT5G09670	1206
AT5G48810	2647
AT5G66370	0
AT5G50690	0
AT5G38160	0
AT5G33406	2
AT5G13010	2842
AT5G08750	597
AT5G45740	44
AT5G02130	169
AT5G42630	123
AT5G59520	1136
AT5G22640	4950
AT5G18870	0
AT5G27400	103
AT5G66170	1675
AT5G52547	34
AT5G18510	0
AT5G66410	959
AT5G23170	97
AT5G58570	169
AT5G42220	2214
AT5G55940	1789
AT5G52370	725
AT5G25870	0
AT5G48930	4612
AT5G07940	936
AT5G16600	118
AT5G60410	1570
AT5G38190	0
AT5G12320	848
AT5G65860	1029
AT5G16530	67
AT5G20010	10620
AT5G37760	0
AT5G17590	0
AT5G18380	14941
AT5G15940	59
AT5G02670	492
AT5G41765	48
AT5G48650	225
AT5G21482	720
AT5G59510	8
AT5G59110	0
AT5G16340	179
AT5G47700	16085
AT5G40390	432
AT5G39715	1
AT5G40040	34
AT5G37800	5
AT5G15520	615
AT5G15710	202
AT5G12840	794
AT5G17050	2343
AT5G59760	39
AT5G64580	2005
AT5G47280	0
AT5G20310	0
AT5G26300	4
AT5G54580	1777
AT5G15190	89
AT5G25790	60
AT5G63840	5412
AT5G32450	1766
AT5G59613	5789
AT5G47250	254
AT5G56500	3443
AT5G01860	0
AT5G39760	461
AT5G53500	631
AT5G01510	431
AT5G51020	647
AT5G59320	6887
AT5G37165	0
AT5G26330	312
AT5G67250	1076
AT5G13660	281
AT5G56630	2912
AT5G58280	24
AT5G22280	680
AT5G65090	382
AT5G10580	896
AT5G19870	81
AT5G07710	269
AT5G42232	0
AT5G35190	102
AT5G59350	468
AT5G65310	2900
AT5G14500	707
AT5G36690	0
AT5G51520	9
AT5G58300	704
AT5G09810	11342
AT5G17530	903
AT5G12210	1642
AT5G56380	579
AT5G65080	20
AT5G41520	12708
AT5G52100	330
AT5G23820	738
AT5G16520	246
AT5G35610	0
AT5G46970	0
AT5G59540	1911
AT5G47710	152
AT5G25830	174
AT5G26710	2059
AT5G28080	24
AT5G04395	0
AT5G53710	3
AT5G59230	16
AT5G11770	6503
AT5G03030	694
AT5G55360	0
AT5G21140	152
AT5G39580	318
AT5G15830	110
AT5G07910	293
AT5G50565	0
AT5G18010	16
AT5G27750	317
AT5G46590	160
AT5G40700	226
AT5G18670	325
AT5G01930	838
AT5G25780	2067
AT5G47850	7
AT5G63135	210
AT5G23740	6472
AT5G11790	1012
AT5G04160	227
AT5G16486	12
AT5G56040	772
AT5G56540	464
AT5G04020	471
AT5G23810	617
AT5G60240	0
AT5G41650	87
AT5G38630	998
AT5G47370	684
AT5G19200	197
AT5G51550	2985
AT5G25100	2164
AT5G45230	0
AT5G42780	162
AT5G28462	0
AT5G19140	6102
AT5G19675	0
AT5G66800	64
AT5G02502	1060
AT5G40140	339
AT5G56740	714
AT5G37530	402
AT5G22930	259
AT5G04690	92
AT5G55200	733
AT5G08710	416
AT5G05860	106
AT5G37740	929
AT5G63290	213
AT5G10720	79
AT5G27065	0
AT5G42960	922
AT5G07250	498
AT5G60280	127
AT5G61220	1424
AT5G06550	1499
AT5G04260	392
AT5G39010	0
AT5G52840	6278
AT5G44130	2300
AT5G03495	113
AT5G08170	1369
AT5G47960	39
AT5G57860	463
AT5G36180	19
AT5G01130	0
AT5G59740	168
AT5G39730	2125
AT5G40070	0
AT5G65340	13
AT5G49260	1
AT5G23940	1033
AT5G55132	0
AT5G50660	0
AT5G50900	498
AT5G45900	294
AT5G22950	742
AT5G48330	576
AT5G64470	407
AT5G52965	1
AT5G07980	514
AT5G48250	1003
AT5G56190	1445
AT5G30510	10036
AT5G04620	221
AT5G64220	820
AT5G05820	281
AT5G33806	0
AT5G08420	4320
AT5G44350	52
AT5G42850	3170
AT5G47140	843
AT5G39020	114
AT5G60200	493
AT5G65640	1050
AT5G05920	674
AT5G51650	0
AT5G37140	0
AT5G23680	294
AT5G49050	0
AT5G45875	0
AT5G05190	119
AT5G55550	1071
AT5G28290	460
AT5G04870	1538
AT5G64710	536
AT5G38280	68
AT5G47340	0
AT5G10780	3782
AT5G63470	397
AT5G41780	3
AT5G23120	7665
AT5G39620	0
AT5G29070	0
AT5G13830	153
AT5G54380	713
AT5G52670	1
AT5G64730	542
AT5G61620	4
AT5G60380	0
AT5G28770	263
AT5G36200	0
AT5G04410	1901
AT5G11510	368
AT5G55300	2651
AT5G38040	94
AT5G58200	1530
AT5G59000	203
AT5G14520	4143
AT5G40520	534
AT5G51400	1420
AT5G54240	69
AT5G62960	277
AT5G18770	439
AT5G23990	3
AT5G62575	1505
AT5G66060	511
AT5G06830	897
AT5G28560	1
AT5G20640	93
AT5G66570	47159
AT5G51950	6
AT5G51800	11
AT5G61510	2935
AT5G25290	5
AT5G06150	406
AT5G27100	142
AT5G62020	391
AT5G52460	0
AT5G47470	6
AT5G61160	27
AT5G66985	158
AT5G24450	631
AT5G61380	2572
AT5G51360	0
AT5G19151	88
AT5G11140	4
AT5G37450	11
AT5G27093	26
AT5G51880	1241
AT5G20900	1404
AT5G03660	1958
AT5G38895	356
AT5G46210	2565
AT5G63390	12
AT5G26700	23
AT5G24290	14
AT5G23440	513
AT5G24090	132
AT5G04140	16916
AT5G07090	17208
AT5G02380	75434
AT5G51860	0
AT5G47130	66
AT5G41540	1
AT5G57360	1161
AT5G38910	1
AT5G63240	2
AT5G53635	0
AT5G10330	365
AT5G25970	51
AT5G20180	766
AT5G39110	16
AT5G35945	0
AT5G04820	265
AT5G08440	652
AT5G66330	69
AT5G24040	18
AT5G27820	650
AT5G48905	0
AT5G36370	0
AT5G10380	308
AT5G04990	991
AT5G14820	52
AT5G39340	694
AT5G36980	0
AT5G11620	73
AT5G37260	384
AT5G41880	267
AT5G60170	1453
AT5G04560	1621
AT5G42930	17
AT5G63090	186
AT5G27990	1070
AT5G64190	21
AT5G35360	4385
AT5G43160	76
AT5G11570	17
AT5G56880	0
AT5G52270	37
AT5G40800	23
AT5G63120	557
AT5G45120	0
AT5G40580	1795
AT5G28630	61
AT5G58005	689
AT5G50620	0
AT5G18910	2
AT5G62150	63
AT5G57610	1022
AT5G46730	3173
AT5G05850	133
AT5G10880	10
AT5G06410	264
AT5G39840	542
AT5G15770	0
AT5G22920	796
AT5G35680	2530
AT5G36800	0
AT5G67620	42
AT5G50610	0
AT5G39890	391
AT5G05940	531
AT5G04700	145
AT5G66680	2957
AT5G28650	16
AT5G25840	234
AT5G43068	0
AT5G58860	333
AT5G15010	206
AT5G11380	657
AT5G38500	6
AT5G60335	24
AT5G12900	708
AT5G59490	50
AT5G02600	336
AT5G20850	188
AT5G13480	560
AT5G54300	552
AT5G07050	0
AT5G56400	0
AT5G54330	0
AT5G65970	194
AT5G42765	728
AT5G23903	0
AT5G60680	810
AT5G47690	2735
AT5G62080	0
AT5G46873	0
AT5G19170	95
AT5G57290	10541
AT5G18660	3314
AT5G08130	1496
AT5G18480	1364
AT5G26940	521
AT5G59450	99
AT5G67030	4406
AT5G39520	44
AT5G22240	5
AT5G66070	348
AT5G57190	102
AT5G64330	2095
AT5G18250	173
AT5G55340	35
AT5G64860	1583
AT5G63540	96
AT5G25580	144
AT5G28050	1508
AT5G01310	349
AT5G44940	30
AT5G53486	191
AT5G55830	97
AT5G49270	80
AT5G50430	781
AT5G54090	211
AT5G41130	258
AT5G06050	1024
AT5G10140	21
AT5G13250	74
AT5G05675	0
AT5G01580	0
AT5G24920	70
AT5G58575	397
AT5G35830	0
AT5G67040	0
AT5G59300	1264
AT5G28550	0
AT5G54930	541
AT5G52540	1203
AT5G59060	15
AT5G51720	1408
AT5G44460	36
AT5G53420	1181
AT5G36160	1333
AT5G15580	429
AT5G49720	9032
AT5G14320	7733
AT5G14275	0
AT5G65390	607
AT5G45460	119
AT5G01920	2528
AT5G16770	10
AT5G06710	139
AT5G14420	559
AT5G17400	746
AT5G47150	18
AT5G16220	669
AT5G58380	726
AT5G37400	218
AT5G24270	239
AT5G06060	844
AT5G05160	1012
AT5G12310	806
AT5G26740	743
AT5G44510	405
AT5G11600	132
AT5G49740	638
AT5G27970	941
AT5G41030	5
AT5G54650	370
AT5G58410	1088
AT5G20980	544
AT5G17250	384
AT5G28491	0
AT5G13160	686
AT5G62700	4686
AT5G02980	0
AT5G43680	371
AT5G22560	11
AT5G36000	21
AT5G02050	2613
AT5G35100	1764
AT5G39785	186
AT5G19633	0
AT5G49750	3
AT5G26010	88
AT5G46110	16663
AT5G06380	0
AT5G56980	234
AT5G12060	0
AT5G62770	152
AT5G56680	3349
AT5G44800	1045
AT5G04610	0
AT5G18490	461
AT5G43510	2
AT5G20935	215
AT5G61480	935
AT5G48380	1523
AT5G55890	0
AT5G28646	1
AT5G54860	560
AT5G22530	11
AT5G24655	191
AT5G03670	194
AT5G17522	0
AT5G13070	1297
AT5G04050	206
AT5G37060	0
AT5G06480	47
AT5G39190	45
AT5G43750	2383
AT5G36930	492
AT5G59500	980
AT5G53950	27
AT5G67560	798
AT5G37490	7
AT5G36280	1
AT5G20570	1471
AT5G37840	0
AT5G10730	911
AT5G16070	2641
AT5G12950	688
AT5G49360	995
AT5G35410	200
AT5G48750	1
AT5G60760	116
AT5G66720	1851
AT5G17790	971
AT5G43390	3
AT5G64420	2424
AT5G23880	1451
AT5G43430	350
AT5G66870	108
AT5G66280	0
AT5G66050	547
AT5G36140	0
AT5G08010	563
AT5G03460	2341
AT5G57900	1615
AT5G61500	1236
AT5G20220	131
AT5G42350	282
AT5G43460	1452
AT5G56555	3
AT5G21326	1688
AT5G24860	12
AT5G55670	1014
AT5G61990	209
AT5G04800	5723
AT5G19630	361
AT5G36658	0
AT5G08780	369
AT5G35927	0
AT5G22610	3
AT5G63180	1128
AT5G60553	0
AT5G19855	1051
AT5G26980	415
AT5G23770	87
AT5G14990	0
AT5G07770	249
AT5G16560	146
AT5G57535	0
AT5G59616	0
AT5G44010	149
AT5G23430	531
AT5G02200	17
AT5G59950	1668
AT5G49015	122
AT5G47680	2168
AT5G02750	118
AT5G27000	379
AT5G51090	1
AT5G42100	1098
AT5G38720	1120
AT5G56890	841
AT5G61370	272
AT5G35870	28
AT5G63300	80
AT5G52050	50
AT5G49030	2646
AT5G52770	1
AT5G07580	1411
AT5G14790	287
AT5G06470	22
AT5G17350	122
AT5G45910	0
AT5G54990	1
AT5G41410	698
AT5G39170	0
AT5G15560	0
AT5G15700	1053
AT5G14110	14
AT5G54770	77206
AT5G50970	205
AT5G42380	15
AT5G20540	694
AT5G16890	308
AT5G44420	1
AT5G64687	23
AT5G23310	2319
AT5G67330	2568
AT5G19060	74
AT5G17290	736
AT5G38210	0
AT5G17620	394
AT5G64320	311
AT5G21040	635
AT5G22290	511
AT5G55450	4
AT5G54890	205
AT5G54630	463
AT5G11850	1077
AT5G38410	98789
AT5G03880	3474
AT5G64070	2444
AT5G10940	1228
AT5G61730	38
AT5G62910	969
AT5G11975	0
AT5G45640	1
AT5G36340	0
AT5G27550	433
AT5G02990	0
AT5G19520	173
AT5G22780	821
AT5G16490	127
AT5G44700	56
AT5G48600	535
AT5G16510	823
AT5G18710	55
AT5G05870	375
AT5G24110	0
AT5G35580	121
AT5G23490	258
AT5G63220	552
AT5G19485	1215
AT5G63063	0
AT5G43370	10
AT5G67170	242
AT5G49140	4
AT5G38510	1202
AT5G26580	0
AT5G01017	0
AT5G11190	11
AT5G10930	512
AT5G22799	26
AT5G64150	745
AT5G10700	211
AT5G20240	6
AT5G53380	0
AT5G60110	0
AT5G65510	129
AT5G14910	3239
AT5G45380	283
AT5G36260	22
AT5G55125	929
AT5G24550	0
AT5G64410	98
AT5G04885	1438
AT5G57685	888
AT5G55790	538
AT5G65270	962
AT5G14180	41
AT5G58560	1124
AT5G64800	13
AT5G66650	184
AT5G13330	435
AT5G61290	290
AT5G44160	130
AT5G10160	2017
AT5G48310	193
AT5G13400	590
AT5G49570	568
AT5G47460	67
AT5G10280	86
AT5G47190	9421
AT5G02000	0
AT5G25370	112
AT5G15490	1366
AT5G42370	509
AT5G11090	2112
AT5G62880	564
AT5G37990	448
AT5G51390	47
AT5G11810	543
AT5G54460	0
AT5G13590	1381
AT5G35120	6
AT5G41860	15
AT5G58170	16
AT5G51760	28
AT5G47240	302
AT5G44860	583
AT5G11780	192
AT5G53660	30
AT5G55650	25
AT5G19720	4
AT5G18450	0
AT5G20050	634
AT5G52470	7104
AT5G56110	0
AT5G16050	4099
AT5G25550	4
AT5G39680	78
AT5G14620	290
AT5G38950	0
AT5G63060	132
AT5G07300	1187
AT5G36790	0
AT5G16440	1651
AT5G62890	3013
AT5G47630	666
AT5G26820	1598
AT5G11200	5211
AT5G22720	8
AT5G14380	45
AT5G19580	138
AT5G52690	4
AT5G50060	0
AT5G14440	1722
AT5G20600	827
AT5G18740	15
AT5G16285	0
AT5G14370	1279
AT5G67360	6540
AT5G04130	1826
AT5G35160	1597
AT5G24950	0
AT5G57270	472
AT5G53620	1553
AT5G48120	767
AT5G26250	8
AT5G12990	1
AT5G57670	30
AT5G36738	0
AT5G50500	0
AT5G60215	0
AT5G10605	15
AT5G28640	295
AT5G36739	0
AT5G09500	31
AT5G66610	118
AT5G15170	418
AT5G03810	0
AT5G62720	2776
AT5G05530	14
AT5G11830	0
AT5G55120	1397
AT5G41510	0
AT5G22796	28
AT5G06610	167
AT5G26680	1216
AT5G60220	11
AT5G22870	38
AT5G61900	0
AT5G44320	2491
AT5G16790	46
AT5G05810	173
AT5G02610	5666
AT5G60390	73260
AT5G18270	389
AT5G20290	26733
AT5G10980	1661
AT5G03400	0
AT5G14530	365
AT5G16310	303
AT5G62830	1
AT5G50800	208
AT5G08730	6
AT5G40680	2
AT5G36300	0
AT5G16240	368
AT5G15843	0
AT5G48360	411
AT5G60190	347
AT5G16715	1454
AT5G22970	0
AT5G52170	51
AT5G25800	309
AT5G41740	514
AT5G46630	1945
AT5G44520	440
AT5G50180	585
AT5G20130	2427
AT5G63260	488
AT5G49520	179
AT5G52630	258
AT5G38060	256
AT5G61180	8
AT5G45240	40
AT5G29613	2
AT5G19290	1328
AT5G49610	206
AT5G24050	1
AT5G19540	2715
AT5G15410	1518
AT5G20660	2430
AT5G07370	880
AT5G23790	0
AT5G01450	380
AT5G25265	1241
AT5G58720	839
AT5G63340	0
AT5G13180	1854
AT5G47550	882
AT5G61760	456
AT5G61630	0
AT5G27600	1468
AT5G14880	496
AT5G27493	0
AT5G13670	1
AT5G43320	4482
AT5G65030	37
AT5G62040	9
AT5G05420	103
AT5G15680	937
AT5G02960	15956
AT5G67240	1087
AT5G66340	1
AT5G26751	1292
AT5G37790	213
AT5G40560	0
AT5G13320	32
AT5G42290	0
AT5G58003	410
AT5G42146	427
AT5G35338	0
AT5G58940	288
AT5G42250	159
AT5G01890	744
AT5G16460	0
AT5G49460	1406
AT5G53280	268
AT5G20840	1025
AT5G09850	1550
AT5G64980	298
AT5G24540	0
AT5G67320	2058
AT5G45455	23
AT5G20260	1
AT5G52550	857
AT5G52740	29
AT5G47320	1147
AT5G14070	2
AT5G56020	81
AT5G39250	213
AT5G41730	18
AT5G06930	121
AT5G10290	889
AT5G61740	71
AT5G48220	856
AT5G56710	5255
AT5G48710	8
AT5G51260	273
AT5G14250	2487
AT5G66320	552
AT5G35600	14
AT5G61550	40
AT5G56620	16
AT5G41910	175
AT5G06905	0
AT5G61210	977
AT5G63620	813
AT5G03110	100
AT5G56550	108
AT5G15540	1137
AT5G23540	2376
AT5G44670	321
AT5G40240	794
AT5G09950	53
AT5G37860	0
AT5G18720	10
AT5G10030	307
AT5G40490	1344
AT5G23750	170
AT5G39200	0
AT5G37730	0
AT5G14345	1
AT5G63660	60
AT5G52860	120
AT5G47730	402
AT5G03210	128
AT5G51610	1
AT5G59380	307
AT5G46320	0
AT5G10370	296
AT5G39493	3
AT5G38590	126
AT5G43130	1548
AT5G59480	1046
AT5G57620	98
AT5G13870	393
AT5G21010	428
AT5G05230	646
AT5G45970	99
AT5G62640	991
AT5G16640	53
AT5G57130	670
AT5G21274	1953
AT5G65250	607
AT5G47450	65
AT5G06940	44
AT5G66815	3
AT5G01015	10
AT5G42910	0
AT5G57980	186
AT5G06200	28
AT5G39420	26
AT5G06040	0
AT5G02830	1306
AT5G17345	0
AT5G62270	1449
AT5G63150	585
AT5G40020	587
AT5G28490	217
AT5G65850	190
AT5G11010	551
AT5G55080	0
AT5G05430	98
AT5G55860	492
AT5G16060	1862
AT5G50870	1443
AT5G33393	0
AT5G45775	4942
AT5G65165	5
AT5G48300	13440
AT5G67060	178
AT5G65730	335
AT5G41025	0
AT5G07630	257
AT5G22660	3
AT5G34850	11440
AT5G64280	745
AT5G55570	6
AT5G63780	1633
AT5G17820	1329
AT5G02100	874
AT5G25530	2
AT5G39690	0
AT5G37210	17
AT5G54140	100
AT5G46170	479
AT5G61460	625
AT5G51410	1964
AT5G25340	5
AT5G54030	50
AT5G10180	2654
AT5G26950	11
AT5G06460	2004
AT5G42080	4560
AT5G65600	12
AT5G53310	1093
AT5G04900	537
AT5G50280	1112
AT5G19740	401
AT5G44660	622
AT5G41570	15
AT5G62580	1092
AT5G26262	0
AT5G14995	0
AT5G06811	217
AT5G03040	1120
AT5G44730	821
AT5G18065	436
AT5G26360	6132
AT5G10830	306
AT5G15290	24
AT5G22545	1
AT5G14390	976
AT5G03240	20476
AT5G52200	781
AT5G59770	1061
AT5G46620	586
AT5G41500	0
AT5G43620	145
AT5G04740	5401
AT5G46090	150
AT5G27640	4356
AT5G07390	44
AT5G06700	1546
AT5G18950	286
AT5G42600	2
AT5G14350	198
AT5G55990	615
AT5G56820	0
AT5G56490	3
AT5G06290	4434
AT5G15950	550
AT5G64790	2
AT5G36870	11
AT5G51850	67
AT5G09711	0
AT5G55760	230
AT5G06120	904
AT5G41270	276
AT5G59730	0
AT5G54100	362
AT5G44240	1296
AT5G62990	268
AT5G61170	6700
AT5G13090	692
AT5G55856	0
AT5G22770	1039
AT5G18330	2
AT5G63600	2777
AT5G50160	973
AT5G62070	587
AT5G15265	69
AT5G54210	0
AT5G47020	1892
AT5G43064	1
AT5G42660	511
AT5G01360	87
AT5G22430	0
AT5G14020	90
AT5G25330	0
AT5G19530	672
AT5G05113	0
AT5G59895	0
AT5G52975	3
AT5G19490	56
AT5G12360	86
AT5G56180	704
AT5G53860	4181
AT5G38435	0
AT5G40300	429
AT5G53020	234
AT5G01680	1
AT5G07475	105
AT5G42590	24
AT5G34940	323
AT5G17390	86
AT5G66210	902
AT5G58270	1262
AT5G49340	8
AT5G16370	880
AT5G18690	430
AT5G63087	6
AT5G08060	3643
AT5G41990	2252
AT5G37247	7
AT5G26110	919
AT5G18990	0
AT5G02110	1
AT5G06860	1
AT5G64540	4
AT5G49530	1092
AT5G12000	2
AT5G22630	603
AT5G10360	13822
AT5G03990	414
AT5G37030	0
AT5G54820	0
AT5G36400	0
AT5G22390	69
AT5G65940	2316
AT5G39540	0
AT5G24330	124
AT5G06870	376
AT5G14710	351
AT5G56670	8503
AT5G03710	16
AT5G35550	3
AT5G38070	89
AT5G04120	15
AT5G45720	99
AT5G48370	214
AT5G18735	0
AT5G10480	1228
AT5G08770	167
AT5G51690	354
AT5G22250	218
AT5G06320	1154
AT5G56720	80
AT5G17430	18
AT5G10000	0
AT5G07720	40
AT5G35405	0
AT5G18860	168
AT5G03204	8
AT5G47900	239
AT5G61110	1
AT5G66335	0
AT5G42895	0
AT5G63350	26
AT5G53610	0
AT5G62670	2631
AT5G06910	1033
AT5G12120	778
AT5G57440	614
AT5G22120	422
AT5G36420	0
AT5G21090	9001
AT5G27920	260
AT5G11820	0
AT5G63720	0
AT5G66540	946
AT5G27830	399
AT5G21990	1150
AT5G20160	5778
AT5G57970	149
AT5G66500	72
AT5G40610	692
AT5G48543	0
AT5G53300	8710
AT5G09750	2
AT5G09350	202
AT5G17660	473
AT5G64930	693
AT5G39220	94
AT5G24060	1614
AT5G25250	99
AT5G15040	1
AT5G65750	3587
AT5G07920	761
AT5G51630	300
AT5G20170	623
AT5G28690	3
AT5G39471	29
AT5G01780	573
AT5G02430	341
AT5G24480	0
AT5G17190	1363
AT5G62060	0
AT5G50920	43962
AT5G34829	0
AT5G10870	396
AT5G38850	259
AT5G18240	0
AT5G38520	1396
AT5G22350	747
AT5G12370	1612
AT5G12980	643
AT5G46600	58
AT5G26830	3844
AT5G03430	1926
AT5G53780	0
AT5G19100	66
AT5G15640	546
AT5G07030	4586
AT5G12280	18
AT5G16740	1
AT5G19020	200
AT5G48175	19
AT5G01640	97
AT5G22650	9667
AT5G46180	2118
AT5G38860	260
AT5G23212	0
AT5G50120	119
AT5G10220	1
AT5G39900	259
AT5G50040	1
AT5G44270	2
AT5G65920	226
AT5G58890	0
AT5G02270	1084
AT5G55520	342
AT5G35960	45
AT5G12140	4811
AT5G07260	0
AT5G08391	3
AT5G35930	508
AT5G42280	123
AT5G12020	17614
AT5G01060	18
AT5G12270	4
AT5G20350	1081
AT5G13710	2046
AT5G02260	469
AT5G19500	278
AT5G65205	336
AT5G57790	443
AT5G41720	0
AT5G15390	833
AT5G49130	0
AT5G40670	1011
AT5G44120	34
AT5G62510	2
AT5G55660	3043
AT5G60610	80
AT5G53460	4733
AT5G39040	841
AT5G39590	1536
AT5G16630	566
AT5G10460	419
AT5G65500	12
AT5G03940	5956
AT5G16170	11
AT5G23220	134
AT5G55580	470
AT5G01720	1099
AT5G61790	22344
AT5G41150	336
AT5G54745	0
AT5G17220	740
AT5G17570	96
AT5G09840	628
AT5G54400	44
AT5G15890	72
AT5G12043	1
AT5G41050	445
AT5G38344	12
AT5G35790	2674
AT5G66770	476
AT5G62110	0
AT5G25430	0
AT5G62980	708
AT5G22760	1132
AT5G01820	2317
AT5G60090	1
AT5G24460	849
AT5G55000	865
AT5G55855	1
AT5G58420	5768
AT5G24170	328
AT5G37130	1515
AT5G47440	20
AT5G08150	22
AT5G60600	11591
AT5G55840	363
AT5G64180	2158
AT5G50130	210
AT5G47610	216
AT5G67430	102
AT5G39660	87
AT5G43950	317
AT5G02290	698
AT5G50420	454
AT5G59690	1426
AT5G47780	2736
AT5G01700	82
AT5G63225	0
AT5G56300	4
AT5G35732	538
AT5G37660	171
AT5G30495	933
AT5G57490	897
AT5G22220	152
AT5G53440	1022
AT5G06510	325
AT5G54290	1321
AT5G07560	30
AT5G65580	0
AT5G46720	153
AT5G17167	0
AT5G14450	478
AT5G11270	1799
AT5G03080	614
AT5G46270	648
AT5G22210	369
AT5G25320	0
AT5G12850	735
AT5G26760	1471
AT5G27380	1976
AT5G43660	81
AT5G08570	4113
AT5G17980	361
AT5G50680	0
AT5G13510	1402
AT5G43110	0
AT5G42860	231
AT5G43060	5423
AT5G60010	0
AT5G21900	140
AT5G47420	854
AT5G23510	166
AT5G65613	0
AT5G61890	37
AT5G40600	255
AT5G18190	1931
AT5G13700	135
AT5G19730	1149
AT5G59790	394
AT5G26990	640
AT5G18120	389
AT5G42955	0
AT5G13960	723
AT5G34780	0
AT5G02920	0
AT5G08120	598
AT5G46520	182
AT5G43230	19
AT5G59090	210
AT5G07970	1103
AT5G02840	1320
AT5G19420	390
AT5G64550	1457
AT5G36230	3942
AT5G04360	641
AT5G18600	80
AT5G11710	1166
AT5G43340	1
AT5G49480	1720
AT5G67550	33
AT5G01075	48
AT5G20450	348
AT5G05450	948
AT5G56800	0
AT5G43211	0
AT5G64770	645
AT5G54310	2025
AT5G36320	0
AT5G04330	56
AT5G40645	2
AT5G45430	3221
AT5G02370	295
AT5G50562	0
AT5G08090	0
AT5G37600	8382
AT5G02820	380
AT5G46860	1754
AT5G24970	621
AT5G64290	2042
AT5G37055	251
AT5G49110	199
AT5G47435	4110
AT5G49555	1031
AT5G67210	140
AT5G15780	2495
AT5G07550	10
AT5G27390	998
AT5G08190	487
AT5G59590	54
AT5G24350	799
AT5G06080	20
AT5G35700	802
AT5G60900	47
AT5G06370	593
AT5G36480	0
AT5G04760	184
AT5G01950	629
AT5G65880	753
AT5G59860	17
AT5G15080	669
AT5G48730	399
AT5G20920	3256
AT5G42540	1998
AT5G27420	110
AT5G21280	425
AT5G10270	910
AT5G41450	0
AT5G17740	0
AT5G11880	2808
AT5G39470	1
AT5G44100	1862
AT5G42635	0
AT5G07430	7
AT5G28350	1021
AT5G35910	2454
AT5G48630	516
AT5G13450	8541
AT5G63670	2289
AT5G04047	0
AT5G55100	1009
AT5G40640	256
AT5G66450	391
AT5G18933	2
AT5G40595	0
AT5G65910	761
AT5G05910	0
AT5G47010	2798
AT5G50200	493
AT5G46690	285
AT5G40180	13
AT5G18970	417
AT5G53650	1101
AT5G61010	385
AT5G03905	537
AT5G16400	1377
AT5G28840	6043
AT5G53530	791
AT5G24980	443
AT5G24590	641
AT5G06265	591
AT5G63320	780
AT5G38890	743
AT5G27770	5131
AT5G58520	422
AT5G19440	3475
AT5G55507	5
AT5G05590	240
AT5G65420	333
AT5G22320	864
AT5G48940	146
AT5G58782	2
AT5G61130	2458
AT5G60920	4361
AT5G20370	0
AT5G58700	558
AT5G62330	1
AT5G09660	16682
AT5G41290	0
AT5G24355	0
AT5G52720	1
AT5G21120	8
AT5G25755	71
AT5G27730	819
AT5G53090	281
AT5G62220	512
AT5G04550	1159
AT5G60840	455
AT5G17060	564
AT5G02630	152
AT5G48130	8
AT5G25570	27
AT5G49470	534
AT5G05965	1
AT5G43180	225
AT5G56310	111
AT5G11740	7205
AT5G63860	4957
AT5G38980	2176
AT5G37010	411
AT5G23850	271
AT5G39280	0
AT5G37240	12
AT5G17690	726
AT5G54260	400
AT5G37500	458
AT5G67390	242
AT5G15280	312
AT5G22620	754
AT5G35450	698
AT5G63410	358
AT5G53200	14
AT5G13610	656
AT5G57815	1549
AT5G06839	98
AT5G55590	14
AT5G04933	0
AT5G46540	0
AT5G04750	4489
AT5G65380	1781
AT5G52880	317
AT5G45470	0
AT5G58500	65
AT5G54360	0
AT5G65060	251
AT5G64560	772
AT5G43822	183
AT5G09960	447
AT5G38580	0
AT5G65120	210
AT5G54050	12
AT5G50440	263
AT5G37640	0
AT5G42520	1146
AT5G42020	22007
AT5G37715	0
AT5G45620	1287
AT5G67130	1591
AT5G42430	0
AT5G37950	9
AT5G42510	24
AT5G26080	3
AT5G39790	820
AT5G04890	407
AT5G54585	10
AT5G02240	10327
AT5G17720	0
AT5G62627	0
AT5G62000	3363
AT5G53000	1039
AT5G39090	32
AT5G66040	3690
AT5G44470	0
AT5G08560	1562
AT5G35917	0
AT5G44190	3824
AT5G10950	762
AT5G20720	63936
AT5G36225	0
AT5G04060	724
AT5G60670	5325
AT5G35753	515
AT5G56840	117
AT5G42325	14
AT5G35490	1010
AT5G37050	10
AT5G41070	215
AT5G52350	0
AT5G17300	57
AT5G13350	0
AT5G25090	106
AT5G35630	29992
AT5G56510	13
AT5G10320	163
AT5G62120	0
AT5G13390	889
AT5G11580	3654
AT5G52980	357
AT5G65960	719
AT5G05060	771
AT5G15090	10146
AT5G18780	351
AT5G49930	686
AT5G54980	539
AT5G64530	75
AT5G60990	1549
AT5G05030	0
AT5G47950	51
AT5G51040	3838
AT5G37610	0
AT5G42260	0
AT5G05640	101
AT5G45990	133
AT5G45410	3598
AT5G49150	0
AT5G26650	0
AT5G66230	526
AT5G48040	167
AT5G63610	524
AT5G65010	2389
AT5G40220	2
AT5G49960	183
AT5G05660	1069
AT5G15180	34
AT5G42750	393
AT5G05365	397
AT5G43518	0
AT5G42560	1072
AT5G48000	75
AT5G35737	0
AT5G20000	1364
AT5G04400	0
AT5G12410	1683
AT5G23300	1122
AT5G28590	0
AT5G60142	48
AT5G40810	4594
AT5G37820	2
AT5G66580	254
AT5G51440	4065
AT5G54710	83
AT5G57250	324
AT5G22590	0
AT5G37793	28
AT5G36680	0
AT5G09760	352
AT5G04470	87
AT5G66730	1058
AT5G60950	259
AT5G59470	156
AT5G62970	7
AT5G18750	767
AT5G53600	0
AT5G24360	632
AT5G05440	1187
AT5G23230	0
AT5G22875	411
AT5G65005	0
AT5G12330	465
AT5G18630	676
AT5G08490	62
AT5G08660	875
AT5G42170	0
AT5G24850	472
AT5G26340	1373
AT5G58710	7598
AT5G56330	0
AT5G57230	389
AT5G54480	0
AT5G41350	497
AT5G15550	2273
AT5G57240	43
AT5G13750	910
AT5G58630	43
AT5G25880	8
AT5G13990	141
AT5G51030	14
AT5G06540	127
AT5G27080	0
AT5G23290	1146
AT5G63750	115
AT5G41640	3
AT5G44400	921
AT5G27210	98
AT5G38100	16
AT5G44580	1805
AT5G44720	1953
AT5G18475	119
AT5G58480	631
AT5G50590	0
AT5G22890	222
AT5G05330	58
AT5G48030	3407
AT5G42950	1850
AT5G46550	893
AT5G18150	0
AT5G49730	244
AT5G07840	239
AT5G40970	129
AT5G43700	1069
AT5G43940	8660
AT5G03885	14
AT5G10540	2711
AT5G13560	1848
AT5G23610	1144
AT5G38480	5220
AT5G59570	297
AT5G51480	32
AT5G42030	1621
AT5G28470	4
AT5G61310	609
AT5G10600	3
AT5G48900	348
AT5G49780	21
AT5G01980	534
AT5G14410	199
AT5G18661	8
AT5G59710	826
AT5G07460	733
AT5G48385	2527
AT5G35604	0
AT5G13650	7859
AT5G19850	542
AT5G10530	0
AT5G65320	63
AT5G25030	0
AT5G46710	243
AT5G23411	0
AT5G63375	0
AT5G47170	32
AT5G55530	1418
AT5G20650	786
AT5G06260	1102
AT5G50830	1
AT5G02590	352
AT5G53880	2834
AT5G06890	0
AT5G47455	523
AT5G45570	1
AT5G52190	0
AT5G61590	895
AT5G01520	343
AT5G60880	223
AT5G01670	763
AT5G27950	882
AT5G54810	6483
AT5G40960	94
AT5G07810	133
AT5G12970	131
AT5G63730	0
AT5G54880	116
AT5G07175	13
AT5G50915	363
AT5G15610	2833
AT5G20480	388
AT5G42235	7
AT5G53895	18
AT5G22170	0
AT5G28150	446
AT5G64680	711
AT5G51080	68
AT5G66005	316
AT5G63640	740
AT5G09680	435
AT5G20080	2528
AT5G18620	1713
AT5G08720	589
AT5G43780	2527
AT5G25220	1823
AT5G13930	37539
AT5G49760	1397
AT5G25110	305
AT5G09870	2229
AT5G25425	0
AT5G40740	459
AT5G50450	626
AT5G23035	0
AT5G58470	2437
AT5G38780	62
AT5G25440	300
AT5G24670	989
AT5G27150	1330
AT5G44590	1
AT5G29560	0
AT5G13470	304
AT5G18210	117
AT5G50070	0
AT5G45670	1018
AT5G24300	3826
AT5G19620	1219
AT5G57220	56
AT5G44830	0
AT5G55960	757
AT5G61190	703
AT5G54230	28
AT5G44265	0
AT5G01650	2585
AT5G59830	629
AT5G42053	1
AT5G66900	259
AT5G62460	528
AT5G15310	181
AT5G58540	258
AT5G43740	330
AT5G20670	160
AT5G55140	671
AT5G48550	16
AT5G01840	538
AT5G49850	488
AT5G10470	1263
AT5G61920	69
AT5G08320	330
AT5G56690	0
AT5G32619	0
AT5G45450	2
AT5G18610	638
AT5G38200	507
AT5G21910	20
AT5G08460	3
AT5G61720	5
AT5G50080	0
AT5G49300	456
AT5G01260	228
AT5G16540	687
AT5G17490	58
AT5G59050	199
AT5G20500	1430
AT5G44260	161
AT5G53960	2
AT5G54165	55
AT5G46430	8190
AT5G35460	985
AT5G01610	60
AT5G16360	188
AT5G64700	122
AT5G10970	0
AT5G49330	390
AT5G21030	0
AT5G53110	56
AT5G03900	1189
AT5G41315	25
AT5G50990	75
AT5G44230	339
AT5G54855	642
AT5G14310	367
AT5G37040	0
AT5G13170	918
AT5G06180	226
AT5G35688	0
AT5G14900	2
AT5G64740	5614
AT5G01030	997
AT5G38810	0
AT5G63880	561
AT5G06340	5972
AT5G47540	1049
AT5G18560	14
AT5G19220	1068
AT5G53160	3596
AT5G52300	362
AT5G05650	0
AT5G19930	547
AT5G57500	47
AT5G61530	1775
AT5G14400	0
AT5G15600	168
AT5G50240	317
AT5G19360	3
AT5G08330	1127
AT5G45150	36
AT5G45115	95
AT5G18037	0
AT5G14150	73
AT5G40370	3552
AT5G64340	1220
AT5G48700	0
AT5G53220	157
AT5G25200	0
AT5G17030	152
AT5G14340	30
AT5G49040	0
AT5G08080	1190
AT5G26620	0
AT5G44610	624
AT5G47500	609
AT5G39740	15018
AT5G18500	1196
AT5G62900	362
AT5G44900	32
AT5G61330	1365
AT5G67160	279
AT5G23530	273
AT5G05130	346
AT5G54250	948
AT5G59105	0
AT5G64850	307
AT5G28780	0
AT5G04210	2
AT5G65650	529
AT5G18840	749
AT5G03200	580
AT5G54340	0
AT5G59210	774
AT5G06210	766
AT5G22600	0
AT5G20270	481
AT5G05780	2136
AT5G54070	0
AT5G48890	1
AT5G27090	0
AT5G36740	17
AT5G18980	1231
AT5G15025	182
AT5G20490	1679
AT5G04270	146
AT5G49280	329
AT5G17910	803
AT5G15745	0
AT5G36720	0
AT5G51845	0
AT5G16250	414
AT5G67411	15
AT5G26970	217
AT5G66380	436
AT5G60910	6
AT5G26960	529
AT5G05020	2
AT5G37560	0
AT5G22330	1336
AT5G62050	1186
AT5G54060	552
AT5G51730	1170
AT5G01330	11
AT5G10745	627
AT5G62710	515
AT5G38640	602
AT5G56790	636
AT5G02740	1122
AT5G52320	286
AT5G10680	10
AT5G02760	494
AT5G59420	2326
AT5G64670	2575
AT5G38680	0
AT5G08690	11827
AT5G19460	367
AT5G48470	2435
AT5G53480	3950
AT5G54067	8
AT5G42490	14
AT5G44750	964
AT5G51810	62
AT5G43440	712
AT5G48720	468
AT5G03960	33
AT5G04510	513
AT5G63680	2414
AT5G14260	2898
AT5G19410	44
AT5G52530	2304
AT5G64110	404
AT5G54620	2
AT5G38170	0
AT5G36550	0
AT5G66290	354
AT5G09460	2017
AT5G31412	0
AT5G58740	2595
AT5G54320	0
AT5G53180	918
AT5G36540	0
AT5G51560	338
AT5G17130	0
AT5G36001	0
AT5G26617	0
AT5G09990	57
AT5G50570	0
AT5G05800	1357
AT5G63440	267
AT5G40460	169
AT5G27840	816
AT5G43695	0
AT5G56410	0
AT5G03590	1
AT5G02970	600
AT5G07230	2
AT5G53750	245
AT5G15030	0
AT5G42800	1796
AT5G66190	22006
AT5G48580	2540
AT5G05930	388
AT5G48480	1349
AT5G46840	2832
AT5G64250	1024
AT5G07150	0
AT5G42340	0
AT5G41440	0
AT5G14580	1075
AT5G03380	2127
AT5G04600	2542
AT5G63200	762
AT5G66660	2
AT5G25980	5941
AT5G47310	951
AT5G40190	324
AT5G36210	1390
AT5G51740	514
AT5G05570	592
AT5G64750	41
AT5G45750	905
AT5G18820	1140
AT5G04040	882
AT5G41630	0
AT5G53900	537
AT5G18890	2
AT5G27395	915
AT5G09230	682
AT5G61420	1516
AT5G48960	1772
AT5G05380	121
AT5G38970	16
AT5G46040	1
AT5G17310	1838
AT5G02350	42
AT5G04200	781
AT5G24380	1092
AT5G32460	2
AT5G66180	379
AT5G63370	2510
AT5G23110	856
AT5G54095	28
AT5G59660	30
AT5G37550	197
AT5G44770	4
AT5G15100	0
AT5G65700	1019
AT5G38550	132
AT5G51600	923
AT5G65870	109
AT5G19800	40
AT5G45275	324
AT5G67460	100
AT5G37170	0
AT5G27070	0
AT5G06500	0
AT5G39800	267
AT5G26270	111
AT5G11070	484
AT5G03320	589
AT5G09770	2516
AT5G52870	291
AT5G48180	6782
AT5G41090	2
AT5G24990	278
AT5G47070	420
AT5G40290	1
AT5G03150	138
AT5G56140	984
AT5G60560	0
AT5G40080	253
AT5G58260	1266
AT5G54500	1505
AT5G15650	3458
AT5G24140	48
AT5G27060	26
AT5G05210	1202
AT5G03280	2219
AT5G02030	251
AT5G57480	184
AT5G05490	54
AT5G63870	1271
AT5G45280	250
AT5G41560	361
AT5G55565	0
AT5G40710	398
AT5G50850	4141
AT5G47077	0
AT5G11210	16
AT5G39120	18
AT5G57750	0
AT5G52650	3852
AT5G10770	355
AT5G45350	5716
AT5G46140	62
AT5G44250	598
AT5G20510	298
AT5G40981	0
AT5G17640	605
AT5G19030	303
AT5G03610	1296
AT5G56260	1940
AT5G49350	135
AT5G27670	831
AT5G41360	982
AT5G67440	508
AT5G48980	24
AT5G46070	1169
AT5G66120	3453
AT5G24620	1485
AT5G13300	1619
AT5G09978	23
AT5G60770	0
AT5G14170	1164
AT5G15670	0
AT5G18403	0
AT5G07850	0
AT5G21060	786
AT5G09250	163
AT5G46900	28
AT5G59360	24
AT5G15630	333
AT5G18850	208
AT5G50090	179
AT5G04670	770
AT5G54440	1076
AT5G56080	68
AT5G07640	15
AT5G04220	282
AT5G19150	732
AT5G64460	881
AT5G05320	73
AT5G11750	378
AT5G23630	2200
AT5G52960	1335
AT5G61580	1215
AT5G21080	10
AT5G20060	1822
AT5G03370	826
AT5G37980	94
AT5G05840	46
AT5G37415	3
AT5G23590	1789
AT5G05500	305
AT5G58510	726
AT5G49970	2685
AT5G45330	278
AT5G20110	236
AT5G18960	850
AT5G53270	0
AT5G13230	65
AT5G60710	1229
AT5G45600	465
AT5G52120	160
AT5G24200	4
AT5G03360	7
AT5G48200	1
AT5G28340	17
AT5G19230	133
AT5G35530	14898
AT5G14130	60
AT5G50780	687
AT5G41800	114
AT5G36900	15
AT5G25190	286
AT5G48640	447
AT5G55070	3143
AT5G22765	3
AT5G24210	1060
AT5G44310	0
AT5G27760	1857
AT5G05980	710
AT5G60630	33
AT5G54510	835
AT5G63270	29
AT5G07740	937
AT5G19390	1299
AT5G45100	671
AT5G26290	149
AT5G22050	803
AT5G61750	5
AT5G16500	1
AT5G58160	238
AT5G09580	328
AT5G35375	11
AT5G11390	598
AT5G62180	289
AT5G51250	0
AT5G44568	151
AT5G27238	0
AT5G67500	2946
AT5G25410	0
AT5G57920	57
AT5G64160	327
AT5G46500	4
AT5G64060	358
AT5G61240	1305
AT5G50510	0
AT5G09600	394
AT5G15802	484
AT5G57760	0
AT5G36110	17
AT5G62290	895
AT5G48205	4
AT5G07330	53
AT5G62280	76
AT5G48100	13
AT5G24930	3321
AT5G43080	108
AT5G53840	0
AT5G09790	231
AT5G20960	1296
AT5G09640	1
AT5G58840	32
AT5G16090	0
AT5G03415	287
AT5G39640	0
AT5G54660	472
AT5G06850	524
AT5G37300	6
AT5G38080	2
AT5G14940	141
AT5G10060	901
AT5G63160	378
AT5G57160	653
AT5G20230	1322
AT5G18300	21
AT5G01550	89
AT5G19900	2000
AT5G65330	6
AT5G37160	0
AT5G55350	19
AT5G44570	68
AT5G33370	14
AT5G04280	2029
AT5G59670	17
AT5G63130	288
AT5G03480	0
AT5G01970	310
AT5G03470	675
AT5G52940	17
AT5G19300	1282
AT5G48560	541
AT5G39410	1104
AT5G05460	364
AT5G64030	2737
AT5G04370	17
AT5G67600	1478
AT5G05987	364
AT5G02690	33
AT5G55131	0
AT5G01200	128
AT5G51920	206
AT5G47430	1632
AT5G56750	1060
AT5G62740	1172
AT5G08415	779
AT5G54830	746
AT5G56795	302
AT5G12870	90
AT5G43720	1105
AT5G46400	335
AT5G43540	52
AT5G56440	0
AT5G05710	501
AT5G09400	867
AT5G25450	935
AT5G40890	1284
AT5G37473	0
AT5G26594	0
AT5G51290	944
AT5G11300	283
AT5G10410	74
AT5G60490	253
AT5G03944	0
AT5G27510	1
AT5G59840	660
AT5G13910	152
AT5G12070	0
AT5G36350	0
AT5G01225	0
AT5G66658	112
AT5G54040	239
AT5G67350	297
AT5G28400	129
AT5G44495	0
AT5G44780	207
AT5G25080	837
AT5G43190	203
AT5G20890	5477
AT5G24510	11
AT5G19340	183
AT5G63100	211
AT5G05280	5
AT5G14040	13064
AT5G46560	517
AT5G43090	0
AT5G17230	4960
AT5G10900	183
AT5G40440	400
AT5G34830	1
AT5G63970	183
AT5G20320	676
AT5G18937	6
AT5G41310	3
AT5G25490	119
AT5G06170	0
AT5G66140	1722
AT5G59530	22
AT5G10520	184
AT5G63800	1072
AT5G52045	0
AT5G07830	1660
AT5G12340	10
AT5G59850	3884
AT5G04720	1295
AT5G50700	0
AT5G05760	248
AT5G27740	919
AT5G59410	257
AT5G47075	0
AT5G38310	5
AT5G07350	3889
AT5G02520	108
AT5G02640	76
AT5G01070	13
AT5G61810	855
AT5G08300	3320
AT5G24800	1230
AT5G41620	203
AT5G28020	751
AT5G54730	587
AT5G43480	0
AT5G60360	22072
AT5G66640	50
AT5G39210	339
AT5G04860	619
AT5G01910	266
AT5G22190	0
AT5G24020	676
AT5G60980	2792
AT5G08180	2572
AT5G59700	172
AT5G05740	2097
AT5G58880	0
AT5G11230	211
AT5G63530	2540
AT5G64960	2346
AT5G08315	0
AT5G04970	51
AT5G50320	1330
AT5G13840	364
AT5G59440	1107
AT5G49550	351
AT5G14700	275
AT5G19680	1143
AT5G28500	3229
AT5G36880	4838
AT5G53980	34
AT5G06280	288
AT5G01690	0
AT5G65300	92
AT5G04540	711
AT5G10020	600
AT5G66310	450
AT5G07520	0
AT5G40430	2
AT5G54840	343
AT5G63990	573
AT5G49190	74
AT5G48657	103
AT5G19760	13963
AT5G47990	92
AT5G41260	1226
AT5G17780	171
AT5G53730	236
AT5G15070	154
AT5G50640	15
AT5G40170	292
AT5G04090	354
AT5G09610	5
AT5G56590	362
AT5G09890	1233
AT5G07420	0
AT5G13240	929
AT5G42785	28
AT5G27330	1332
AT5G08050	3968
AT5G22740	1683
AT5G09730	188
AT5G13950	1179
AT5G50170	486
AT5G04390	60
AT5G04230	490
AT5G39700	0
AT5G25820	493
AT5G44030	656
AT5G61680	0
AT5G46980	0
AT5G02330	11
AT5G14540	1370
AT5G23400	409
AT5G47800	195
AT5G43030	37
AT5G17305	0
AT5G24160	2965
AT5G06110	3159
AT5G66520	0
AT5G07610	135
AT5G15400	1344
AT5G03790	32
AT5G43470	2267
AT5G64100	773
AT5G25475	370
AT5G53470	318
AT5G15980	995
AT5G46060	46
AT5G41109	0
AT5G07290	909
AT5G13270	330
AT5G12230	934
AT5G37770	1821
AT5G52570	588
AT5G22450	1536
AT5G14330	526
AT5G22260	0
AT5G19000	1180
AT5G51670	149
AT5G07190	50
AT5G07800	213
AT5G53030	257
AT5G37720	2032
AT5G17020	2549
AT5G63250	0
AT5G37750	77
AT5G50580	0
AT5G50740	329
AT5G15581	0
AT5G51195	0
AT5G38260	0
AT5G52500	10
AT5G65520	654
AT5G58460	0
AT5G52115	0
AT5G06420	355
AT5G45530	32
AT5G50770	1
AT5G42700	375
AT5G63170	0
AT5G67000	0
AT5G47100	583
AT5G08270	325
AT5G13280	1128
AT5G48910	591
AT5G52510	1167
AT5G06680	510
AT5G12220	717
AT5G11080	4
AT5G50350	442
AT5G57570	133
AT5G66890	0
AT5G02620	1438
AT5G27870	0
AT5G67220	3445
AT5G05410	398
AT5G66710	73
AT5G26070	0
AT5G19070	244
AT5G42410	0
AT5G42320	1089
AT5G44585	16
AT5G63230	0
AT5G20550	163
AT5G01410	8356
AT5G67190	237
AT5G38270	0
AT5G65350	51
AT5G23960	0
AT5G66510	3473
AT5G41210	2540
AT5G47400	345
AT5G35900	0
AT5G62370	287
AT5G55690	6
AT5G03700	315
AT5G45540	88
AT5G62300	4828
AT5G40360	0
AT5G15860	1054
AT5G11550	557
AT5G47230	245
AT5G46130	28
AT5G04480	713
AT5G03570	17
AT5G55020	13
AT5G64240	597
AT5G65770	0
AT5G38240	55
AT5G51490	9
AT5G25150	745
AT5G49160	1383
AT5G47870	977
AT5G06450	501
AT5G40000	19
AT5G28910	323
AT5G46395	6
AT5G59180	770
AT5G19650	34
AT5G66630	167
AT5G19280	1601
AT5G07990	792
AT5G60720	135
AT5G14640	797
AT5G06645	0
AT5G10050	474
AT5G13860	137
AT5G49000	245
AT5G17750	0
AT5G61660	0
AT5G67310	61
AT5G23930	127
AT5G62520	358
AT5G59040	2
AT5G01810	932
AT5G25754	1151
AT5G55900	142
AT5G38490	0
AT5G45130	1481
AT5G56650	736
AT5G26622	185
AT5G56870	322
AT5G11690	487
AT5G39720	10
AT5G07020	3247
AT5G44170	297
AT5G14730	340
AT5G58230	1558
AT5G25280	10633
AT5G60070	0
AT5G60310	45
AT5G59610	358
AT5G07000	167
AT5G19240	200
AT5G58620	1197
AT5G23370	50
AT5G54148	6
AT5G59310	6879
AT5G56270	403
AT5G45490	1196
AT5G15480	4
AT5G42040	43
AT5G46750	1375
AT5G23010	4728
AT5G41970	2497
AT5G07270	854
AT5G20120	572
AT5G15620	0
AT5G33340	2
AT5G15260	228
AT5G38650	0
AT5G40790	8
AT5G06740	99
AT5G59170	24
AT5G22000	3867
AT5G19950	338
AT5G59870	543
AT5G38020	47
AT5G60440	3
AT5G49440	1565
AT5G59430	936
AT5G13380	0
AT5G10340	33
AT5G41550	24
AT5G40100	111
AT5G24879	0
AT5G38820	13
AT5G41000	185
AT5G48210	0
AT5G51570	1364
AT5G58600	492
AT5G48485	0
AT5G38710	46
AT5G12940	231
AT5G05657	1
AT5G04340	57
AT5G53850	1988
AT5G42920	2112
AT5G13980	1398
AT5G11250	304
AT5G55390	778
AT5G01400	949
AT5G43770	4
AT5G10450	12823
AT5G52400	0
AT5G16830	593
AT5G56610	158
AT5G05360	436
AT5G43520	6
AT5G14680	783
AT5G39260	0
AT5G21160	1559
AT5G60570	1457
AT5G25500	125
AT5G62420	3
AT5G15510	199
AT5G24520	500
AT5G44380	1434
AT5G20820	82
AT5G67510	2361
AT5G15020	1430
AT5G56325	0
AT5G20190	7056
AT5G11260	898
AT5G67110	4
AT5G11950	1025
AT5G02950	146
AT5G63480	179
AT5G51620	513
AT5G62820	178
AT5G53190	1
AT5G46010	4
AT5G40470	209
AT5G46380	0
AT5G06230	49
AT5G47490	761
AT5G50390	220
AT5G13580	120
AT5G26805	0
AT5G03300	3718
AT5G23040	4000
AT5G16023	1
AT5G13890	307
AT5G16200	336
AT5G62530	2015
AT5G47570	4240
AT5G42640	1
AT5G53930	506
AT5G27010	1
AT5G43300	158
AT5G43970	2263
AT5G44840	0
AT5G58550	334
AT5G17710	12117
AT5G03553	38
AT5G49430	905
AT5G39850	1618
AT5G17410	399
AT5G45870	6
AT5G25000	0
AT5G27620	531
AT5G13110	869
AT5G65780	1286
AT5G57180	2840
AT5G55770	7
AT5G46115	24
AT5G55910	1103
AT5G42670	661
AT5G62865	150
AT5G53210	236
AT5G65550	0
AT5G51070	2434
AT5G36100	0
AT5G06560	587
AT5G58580	156
AT5G14120	2785
AT5G62230	145
AT5G58150	0
AT5G14010	5
AT5G66470	1858
AT5G21170	390
AT5G49990	558
AT5G44490	291
AT5G26190	53
AT5G37420	5
AT5G62065	0
AT5G45000	14
AT5G01340	702
AT5G44063	32
AT5G49200	52
AT5G03250	163
AT5G65683	404
AT5G66010	904
AT5G39050	720
AT5G09340	0
AT5G61020	4399
AT5G03130	7
AT5G37590	364
AT5G51150	473
AT5G27110	257
AT5G04710	1189
AT5G57080	70
AT5G28750	3606
AT5G64450	87
AT5G18180	48
AT5G63550	638
AT5G16590	755
AT5G63070	1
AT5G02890	302
AT5G56030	14481
AT5G61950	124
AT5G27606	0
AT5G66790	31
AT5G07820	360
AT5G61450	666
AT5G57565	281
AT5G30500	2
AT5G16190	146
AT5G59750	668
AT5G54170	2912
AT5G59240	213
AT5G55090	57
AT5G28823	0
AT5G50540	0
AT5G22340	2470
AT5G49645	67
AT5G48160	2739
AT5G05880	81
AT5G47520	465
AT5G46760	1308
AT5G40200	1599
AT5G28850	1126
AT5G13190	427
AT5G08110	274
AT5G50300	18
AT5G16690	206
AT5G27960	0
AT5G08520	711
AT5G61250	116
AT5G49525	25
AT5G25420	0
AT5G14210	587
AT5G22040	431
AT5G04830	1908
AT5G18748	1
AT5G44550	112
AT5G14050	2886
AT5G46810	0
AT5G38380	548
AT5G28830	399
AT5G25470	9
AT5G27530	0
AT5G61865	86
AT5G23020	2842
AT5G28950	0
AT5G38010	228
AT5G61100	1
AT5G25140	208
AT5G44360	0
AT5G43285	2
AT5G26670	317
AT5G38250	0
AT5G63490	571
AT5G43530	28
AT5G44600	364
AT5G43590	10
AT5G06780	714
AT5G12040	1931
AT5G38610	74
AT5G47000	364
AT5G19110	55
AT5G15690	1
AT5G40650	1111
AT5G42825	0
AT5G55800	1
AT5G15500	54
AT5G23670	2278
AT5G39240	81
AT5G52090	0
AT5G50250	2554
AT5G62130	479
AT5G51450	426
AT5G38990	684
AT5G40620	4
AT5G27800	0
AT5G13740	1134
AT5G18400	1948
AT5G11150	1101
AT5G56640	0
AT5G44300	0
AT5G10910	967
AT5G57090	281
AT5G28615	0
AT5G02230	652
AT5G42500	137
AT5G12350	985
AT5G49120	28
AT5G51585	0
AT5G01440	0
AT5G43240	4
AT5G50650	0
AT5G41530	0
AT5G06580	528
AT5G41750	112
AT5G01900	1
AT5G12390	587
AT5G14300	0
AT5G23150	1010
AT5G04430	4212
AT5G20995	0
AT5G51010	1766
AT5G15880	1067
AT5G38386	51
AT5G03800	445
AT5G62660	4
AT5G40780	64
AT5G39370	0
AT5G26630	8
AT5G04460	552
AT5G35950	0
AT5G15910	736
AT5G35770	20
AT5G56450	236
AT5G55250	58
AT5G09520	20
AT5G35926	36
AT5G27610	366
AT5G10250	1
AT5G28310	19
AT5G53290	372
AT5G41810	241
AT5G48390	29
AT5G43170	141
AT5G25960	4
AT5G26170	244
AT5G58070	6425
AT5G62623	0
AT5G52110	393
AT5G44680	618
AT5G39750	2
AT5G06250	102
AT5G64890	3
AT5G51190	0
AT5G53250	65
AT5G36360	0
AT5G03490	121
AT5G57560	892
AT5G02400	134
AT5G34882	0
AT5G59080	243
AT5G36450	0
AT5G40060	209
AT5G52520	1732
AT5G42360	514
AT5G01560	421
AT5G41280	3
AT5G06220	1485
AT5G55010	6
AT5G22130	244
AT5G37380	859
AT5G08160	1077
AT5G12010	756
AT5G44280	388
AT5G43760	1619
AT5G44650	1824
AT5G56250	976
AT5G11412	4
AT5G04660	0
AT5G54160	5706
AT5G38195	0
AT5G58490	5305
AT5G43410	0
AT5G63010	316
AT5G05040	1
AT5G52160	0
AT5G36960	100
AT5G43120	2
AT5G57040	1930
AT5G02880	1027
AT5G28680	0
AT5G35940	8
AT5G18920	159
AT5G63520	807
AT5G66880	727
AT5G48450	391
AT5G14930	345
AT5G55508	0
AT5G27050	3
AT5G06630	135
AT5G63040	358
AT5G23840	12
AT5G06660	544
AT5G13430	3374
AT5G19590	2956
AT5G19890	1358
AT5G42610	0
AT5G56160	151
AT5G56000	1671
AT5G46290	3448
AT5G45390	5449
AT5G37830	2124
AT5G61980	172
AT5G27720	1220
AT5G27945	0
AT5G57840	234
AT5G65660	1784
AT5G02530	2285
AT5G61830	373
AT5G18930	136
AT5G28320	114
AT5G28410	0
AT5G67580	654
AT5G66055	2626
AT5G44620	2
AT5G18790	990
AT5G41100	334
AT5G48620	2253
AT5G59940	13
AT5G65280	224
AT5G08680	4356
AT5G53230	81
AT5G40010	63
AT5G35560	1221
AT5G39130	7
AT5G47040	1697
AT5G16700	0
AT5G38747	45
AT5G26810	0
AT5G19990	1792
AT5G46350	12
AT5G26140	0
AT5G39270	0
AT5G03340	1397
AT5G15250	1628
AT5G25520	1298
AT5G49500	288
AT5G60690	864
AT5G47810	990
AT5G41200	1
AT5G61230	1933
AT5G51770	265
AT5G01770	784
AT5G37440	330
AT5G18320	18
AT5G10100	141
AT5G42310	808
AT5G44110	343
AT5G13020	1485
AT5G22110	159
AT5G24190	10
AT5G60060	37
AT5G24880	59
AT5G35740	122
AT5G62500	353
AT5G25610	8281
AT5G22790	886
AT5G26900	15
AT5G51350	253
AT5G66270	138
AT5G53890	649
AT5G54000	0
AT5G03390	91
AT5G57530	37
AT5G22510	1366
AT5G13825	0
AT5G51710	349
AT5G19830	174
AT5G39290	0
AT5G46990	0
AT5G15960	2421
AT5G11040	830
AT5G65210	718
AT5G58430	878
AT5G67245	79
AT5G60370	172
AT5G47770	2463
AT5G47030	7033
AT5G19250	432
AT5G29000	461
AT5G25130	402
AT5G24120	305
AT5G41010	1149
AT5G39570	6043
AT5G09620	859
AT5G45780	695
AT5G21125	0
AT5G56240	1392
AT5G23240	4568
AT5G55710	1176
AT5G27930	905
AT5G40320	0
AT5G27020	2
AT5G18290	184
AT5G48870	631
AT5G01881	3
AT5G51545	724
AT5G11520	2705
AT5G46085	5
AT5G54190	8
AT5G06090	23
AT5G15160	91
AT5G46580	5613
AT5G22555	1
AT5G38830	1696
AT5G49840	829
AT5G11900	1269
AT5G59150	535
AT5G19750	932
AT5G65830	187
AT5G13940	3
AT5G05635	0
AT5G48690	56
AT5G22150	8
AT5G65925	166
AT5G01570	74
AT5G62573	0
AT5G50460	2368
AT5G48790	1132
AT5G20830	1777
AT5G04960	481
AT5G47910	1951
AT5G54470	113
AT5G23780	21
AT5G64040	33819
AT5G06000	307
AT5G02420	147
AT5G50480	0
AT5G15660	4
AT5G43830	2712
AT5G01270	1169
AT5G55780	19
AT5G22080	2328
AT5G02065	2
AT5G40380	224
AT5G38090	0
AT5G05000	762
AT5G53130	937
AT5G17080	0
AT5G55370	11
AT5G07660	82
AT5G17380	3154
AT5G28300	2016
AT5G49600	3
AT5G65140	73
AT5G51160	42
AT5G53140	3047
AT5G20090	2733
AT5G43690	35
AT5G61940	96
AT5G56060	0
AT5G02360	42
AT5G50400	1547
AT5G51915	0
AT5G02120	1489
AT5G19450	1300
AT5G20447	0
AT5G40160	1135
AT5G57770	33
AT5G54560	19
AT5G16330	0
AT5G34885	0
AT5G64080	683
AT5G44920	34
AT5G24230	40
AT5G22880	2455
AT5G07900	243
AT5G65890	225
AT5G42530	5539
AT5G60250	638
AT5G23460	107
AT5G49390	179
AT5G66607	19
AT5G09690	151
AT5G59070	0
AT5G19610	0
AT5G10336	26
AT5G23210	1117
AT5G28450	0
AT5G24760	336
AT5G51000	1
AT5G15000	0
AT5G26730	11
AT5G20635	207
AT5G54110	558
AT5G06770	339
AT5G64720	12
AT5G40400	167
AT5G04840	129
AT5G42810	663
AT5G47920	178
AT5G37150	0
AT5G18230	1781
AT5G23160	8
AT5G59550	527
AT5G24940	30
AT5G38317	0
AT5G15380	11
AT5G65540	467
AT5G52080	0
AT5G04030	0
AT5G17550	333
AT5G46770	6
AT5G01180	121
AT5G26880	3404
AT5G22200	3
AT5G21050	23
AT5G47660	763
AT5G52610	0
AT5G48320	83
AT5G18030	125
AT5G52605	0
AT5G43500	473
AT5G66350	409
AT5G64430	903
AT5G35390	9
AT5G64813	830
AT5G25900	1166
AT5G09410	1230
AT5G11970	111
AT5G15533	0
AT5G09995	217
AT5G44050	43
AT5G44930	387
AT5G65240	567
AT5G37410	99
AT5G03840	47
AT5G60800	522
AT5G42242	0
AT5G22570	20
AT5G39160	15
AT5G18040	705
AT5G44970	0
AT5G20340	1
AT5G48270	1
AT5G09550	1
AT5G05900	22
AT5G17810	10
AT5G39820	2
AT5G23720	485
AT5G51540	668
AT5G64260	1619
AT5G61030	3651
AT5G01960	1027
AT5G64000	0
AT5G18430	52
AT5G25170	310
AT5G21950	66
AT5G45113	0
AT5G05510	215
AT5G03890	31
AT5G03000	3
AT5G22608	161
AT5G36950	781
AT5G17160	778
AT5G51220	929
AT5G47330	463
AT5G03450	495
AT5G13030	2912
AT5G51530	27
AT5G44290	1453
AT5G09380	582
AT5G60500	0
AT5G38140	243
AT5G22100	1679
AT5G60850	1162
AT5G16480	232
AT5G49220	762
AT5G18760	451
AT5G45277	0
AT5G11460	356
AT5G59160	1395
AT5G62310	72
AT5G57380	4
AT5G14760	576
AT5G47260	0
AT5G64520	364
AT5G08000	398
AT5G35570	628
AT5G26850	732
AT5G14590	3325
AT5G08400	563
AT5G42010	143
AT5G13200	1111
AT5G26690	4
AT5G60750	322
AT5G62730	1610
AT5G16980	215
AT5G54430	1911
AT5G65160	106
AT5G36430	0
AT5G25230	140
AT5G24650	3542
AT5G03100	214
AT5G39980	482
AT5G66560	0
AT5G51820	2977
AT5G44500	453
AT5G06570	115
AT5G48840	559
AT5G16453	9
AT5G05735	0
AT5G39920	0
AT5G62550	567
AT5G53830	243
AT5G59330	0
AT5G50750	9
AT5G49230	320
AT5G46300	0
AT5G11530	428
AT5G44635	584
AT5G57590	563
AT5G22400	383
AT5G26780	1315
AT5G07510	1
AT5G48990	289
AT5G38865	175
AT5G13150	81
AT5G46280	812
AT5G47390	789
AT5G66675	415
AT5G23970	0
AT5G09360	1
AT5G49820	874
AT5G28237	3
AT5G07590	335
AT5G37250	2
AT5G60140	8
AT5G57930	3162
AT5G02540	63
AT5G03995	66
AT5G13220	55
AT5G18170	748
AT5G35200	1067
AT5G03290	2885
AT5G55160	2909
AT5G24710	1859
AT5G61070	40
AT5G20580	224
AT5G42090	78
AT5G13760	306
AT5G03220	179
AT5G52890	289
AT5G26280	2710
AT5G48280	0
AT5G49980	1701
AT5G19860	2307
AT5G01870	605
AT5G57400	11
AT5G03070	471
AT5G41600	1524
AT5G20430	1
AT5G01470	584
AT5G42330	193
AT5G53790	1
AT5G23650	0
AT5G38930	116
AT5G08670	15721
AT5G45930	1215
AT5G02910	173
AT5G47820	1367
AT5G20380	797
AT5G48190	0
AT5G36330	0
AT5G17500	0
AT5G39910	0
AT5G25120	1010
AT5G59305	10
AT5G65930	823
AT5G03780	196
AT5G11670	5724
AT5G53170	3849
AT5G46360	1
AT5G17280	0
AT5G01220	3185
AT5G61340	328
AT5G17150	17
AT5G48500	454
AT5G11700	1540
AT5G24352	62
AT5G07225	0
AT5G15130	134
AT5G11540	115
AT5G10260	42
AT5G46220	38
AT5G07180	553
AT5G09390	841
AT5G54420	0
AT5G37930	402
AT5G23550	317
AT5G15440	518
AT5G48660	119
AT5G49870	6
AT5G58784	4
AT5G15850	0
AT5G28380	0
AT5G10310	42
AT5G24900	6
AT5G44180	1619
AT5G38430	20594
AT5G15470	467
AT5G62940	253
AT5G43960	1723
AT5G16430	0
AT5G39560	0
AT5G50140	5
AT5G60350	12
AT5G44440	0
AT5G46825	11
AT5G11980	601
AT5G17990	2601
AT5G47290	0
AT5G53742	8
AT5G63085	0
AT5G54145	173
AT5G22370	607
AT5G60100	642
AT5G61050	0
AT5G39350	356
AT5G11170	6038
AT5G57390	162
AT5G25060	2548
AT5G44563	0
AT5G25757	1329
AT5G17880	557
AT5G02180	226
AT5G18160	0
AT5G43640	5
AT5G66620	128
AT5G65790	93
AT5G58850	0
AT5G46330	266
AT5G57450	73
AT5G47720	569
AT5G45650	1625
AT5G35995	325
AT5G03850	3665
AT5G23180	1
AT5G27120	3830
AT5G17070	449
AT5G52655	0
AT5G38760	0
AT5G18050	35
AT5G03690	367
AT5G61610	97
AT5G50490	0
AT5G08630	766
AT5G12050	244
AT5G45830	15
AT5G58412	0
AT5G41220	381
AT5G46880	95
AT5G47110	4723
AT5G67410	42
AT5G19980	348
AT5G28030	233
AT5G62850	3
AT5G27910	16
AT5G36390	0
AT5G10130	146
AT5G67265	1
AT5G03760	1174
AT5G27370	2
AT5G11340	2458
AT5G32440	1356
AT5G08260	3294
AT5G06990	32
AT5G54670	525
AT5G20165	549
AT5G18070	258
AT5G52660	310
AT5G34869	0
AT5G18550	379
AT5G62440	1518
AT5G19370	1830
AT5G19172	0
AT5G52030	218
AT5G39810	1
AT5G14140	219
AT5G57887	17
AT5G53800	1893
AT5G27890	212
AT5G21960	9
AT5G17330	2125
AT5G61260	48
AT5G42905	0
AT5G16960	30
AT5G27300	317
AT5G15330	181
AT5G57880	155
AT5G28442	63
AT5G07100	121
AT5G34905	0
AT5G08510	484
AT5G57655	2466
AT5G08610	3268
AT5G56230	24
AT5G59460	465
AT5G39970	247
AT5G57170	606
AT5G11370	2
AT5G49410	148
AT5G24750	176
AT5G04910	685
AT5G57120	3255
AT5G38390	0
AT5G20020	9289
AT5G12450	5
AT5G37190	820
AT5G42790	3475
AT5G44450	895
AT5G35980	1987
AT5G64905	1
AT5G13290	253
AT5G60890	1412
AT5G11280	1041
AT5G23580	582
AT5G12920	102
AT5G06670	431
AT5G63930	604
AT5G45770	24
AT5G16900	91
AT5G25630	1818
AT5G44973	0
AT5G06900	1
AT5G60020	256
AT5G43260	485
AT5G18404	35
AT5G40315	0
AT5G57070	573
AT5G48570	23244
AT5G26090	0
AT5G16450	474
AT5G10435	0
AT5G67290	1658
AT5G40310	0
AT5G11310	516
AT5G09740	505
AT5G65040	175
AT5G65220	11890
AT5G11060	860
AT5G39880	2
AT5G39990	555
AT5G49890	1060
AT5G54215	0
AT5G25920	2
AT5G52545	136
AT5G63500	436
AT5G60700	573
AT5G65370	1
AT5G43350	1736
AT5G62998	12
AT5G55050	859
AT5G41400	765
AT5G35067	0
AT5G05110	1024
AT5G24870	453
AT5G24370	1
AT5G11680	1870
AT5G56570	0
AT5G02470	446
AT5G16920	0
AT5G55500	1023
AT5G11160	161
AT5G55400	507
AT5G10890	102
AT5G17140	0
AT5G11180	0
AT5G43200	2
AT5G28040	619
AT5G38660	1341
AT5G46640	210
AT5G61412	69
AT5G55610	569
AT5G65410	672
AT5G23520	413
AT5G12290	778
AT5G40720	277
AT5G42504	0
AT5G58920	1140
AT5G65110	2730
AT5G52330	22
AT5G22540	15
AT5G03580	1
AT5G17180	6
AT5G62200	2082
AT5G39530	1946
AT5G45050	624
AT5G66090	4781
AT5G38690	285
AT5G05770	2
AT5G15240	36
AT5G42720	1931
AT5G01250	57
AT5G10490	936
AT5G38396	15
AT5G50020	838
AT5G11920	86
AT5G67280	704
AT5G25940	462
AT5G02150	433
AT5G44640	0
AT5G43980	207
AT5G16290	1402
AT5G49800	116
AT5G11100	921
AT5G10090	7
AT5G24165	3835
AT5G40500	360
AT5G27710	337
AT5G24600	37
AT5G40990	13
AT5G43930	721
AT5G52882	654
AT5G01940	226
AT5G08505	0
AT5G55630	561
AT5G26742	15901
AT5G46340	523
AT5G01630	268
AT5G42060	1281
AT5G13500	764
AT5G48350	2
AT5G50940	9
AT5G52810	224
AT5G60120	1280
AT5G44340	4706
AT5G48920	243
AT5G04420	738
AT5G60510	0
AT5G44200	1593
AT5G17580	90
AT5G60210	538
AT5G43550	0
AT5G58080	5
AT5G52360	0
AT5G52920	4143
AT5G62030	659
AT5G45860	10
AT5G03350	546
AT5G46295	8
AT5G24690	5540
AT5G18900	855
AT5G43175	3
AT5G23200	969
AT5G64480	514
AT5G20280	5711
AT5G07140	155
AT5G08141	0
AT5G59890	2020
AT5G54550	5
AT5G02570	0
AT5G13770	2818
AT5G65687	350
AT5G16210	1078
AT5G57520	4
AT5G24316	7
AT5G46700	785
AT5G06310	177
AT5G16320	261
AT5G41140	575
AT5G04250	408
AT5G55430	2
AT5G52410	490
AT5G57569	0
AT5G18520	1368
AT5G08230	695
AT5G07790	305
AT5G60620	1896
AT5G63595	49
AT5G24000	223
AT5G03910	673
AT5G45560	197
AT5G50710	0
AT5G24660	1949
AT5G64300	1719
AT5G06440	805
AT5G10946	156
AT5G20630	5516
AT5G43525	0
AT5G12030	5011
AT5G59220	514
AT5G66690	1464
AT5G02680	81
AT5G42900	1992
AT5G62690	4049
AT5G18880	1
AT5G06800	92
AT5G02850	222
AT5G57123	24
AT5G06130	2126
AT5G59140	2505
AT5G04895	549
AT5G56730	440
AT5G12130	840
AT5G13720	518
AT5G17460	435
AT5G62560	469
AT5G45890	20
AT5G06350	489
AT5G49680	184
AT5G14602	10
AT5G24070	35
AT5G22794	87
AT5G50840	418
AT5G39860	4
AT5G46250	5646
AT5G18060	34
AT5G12420	270
AT5G56368	0
AT5G41680	18
AT5G22355	13
AT5G01300	40
AT5G41370	621
AT5G58060	687
AT5G01600	3928
AT5G21920	718
AT5G11640	841
AT5G11840	511
AT5G37680	394
AT5G37540	301
AT5G52490	0
AT5G05260	7
AT5G25995	13
AT5G35220	2103
AT5G28919	0
AT5G39710	355
AT5G09820	1135
AT5G66100	741
AT5G03160	2193
AT5G42840	77
AT5G66360	498
AT5G12930	275
AT5G21100	1819
AT5G14100	286
AT5G36722	0
AT5G18350	3
AT5G67010	2
AT5G46670	0
AT5G21105	9465
AT5G26000	16107
AT5G20690	43
AT5G44530	448
AT5G41950	1409
AT5G15685	0
AT5G24770	1246
AT5G07480	2
AT5G50470	0
AT5G38330	0
AT5G45690	19
AT5G48590	493
AT5G14720	1071
AT5G38197	0
AT5G08650	2720
AT5G56460	275
AT5G42740	2194
AT5G18650	993
AT5G55110	29
AT5G65530	188
AT5G22420	0
AT5G25360	632
AT5G22060	5161
AT5G17000	1821
AT5G53520	0
AT5G39480	0
AT5G57820	3
AT5G02090	51
AT5G65260	2903
AT5G35913	0
AT5G65490	1669
AT5G23575	2080
AT5G26320	6
AT5G14850	262
AT5G66530	1599
AT5G62490	4
AT5G53045	823
AT5G13340	259
AT5G14690	330
AT5G54940	7915
AT5G14430	1686
AT5G22070	395
AT5G50220	0
AT5G39030	162
AT5G11470	189
AT5G62360	377
AT5G58820	0
AT5G25070	826
AT5G23830	307
AT5G02780	36
AT5G01160	638
AT5G19050	516
AT5G44410	538
AT5G26150	0
AT5G38700	48
AT5G36150	0
AT5G55180	945
AT5G12440	815
AT5G57200	1
AT5G44480	145
AT5G27247	2
AT5G66860	3192
AT5G42890	3009
AT5G17970	14
AT5G56070	0
AT5G62190	11455
AT5G48520	537
AT5G51420	0
AT5G63030	1176
AT5G23330	499
AT5G13210	396
AT5G28220	377
AT5G43880	729
AT5G50361	0
AT5G41340	791
AT5G39390	0
AT5G16020	5
AT5G48850	1056
AT5G13570	595
AT5G46490	767
AT5G12100	419
AT5G40570	177
AT5G57410	508
AT5G20700	34016
AT5G09445	0
AT5G17830	12
AT5G56600	2904
AT5G10350	1987
AT5G35750	658
AT5G35620	3102
AT5G51700	486
AT5G61997	0
AT5G11720	1474
AT5G63560	334
AT5G22900	1
AT5G04010	4
AT5G60945	0
AT5G17680	30
AT5G05220	36
AT5G42150	1379
AT5G48515	0
AT5G36440	0
AT5G53490	1300
AT5G64120	3558
AT5G60290	17
AT5G41380	37
AT5G56430	2
AT5G40120	0
AT5G15140	2
AT5G43570	30
AT5G40480	1936
AT5G07620	72
AT5G61970	1244
AT5G55280	2739
AT5G41040	682
AT5G39300	0
AT5G36810	0
AT5G42680	324
AT5G20045	22
AT5G45090	17
AT5G06070	5
AT5G25390	1
AT5G17920	34600
AT5G66480	220
AT5G18390	164
AT5G11490	1020
AT5G02770	5706
AT5G01100	125
AT5G06400	40
AT5G39950	5286
AT5G13880	166
AT5G63740	0
AT5G35810	0
AT5G22480	698
AT5G59920	348
AT5G10120	4
AT5G36470	0
AT5G63140	146
AT5G60150	199
AT5G56350	2562
AT5G16730	1889
AT5G43400	825
AT5G51130	380
AT5G10510	278
AT5G65290	447
AT5G46915	24
AT5G23860	1293
AT5G37650	0
AT5G04937	0
AT5G25620	460
AT5G17520	457
AT5G41470	33
AT5G43490	3
AT5G22470	0
AT5G13490	3614
AT5G42070	317
AT5G40155	0
AT5G27560	917
AT5G28740	2084
AT5G67400	283
AT5G52220	221
AT5G22140	141
AT5G63790	1621
AT5G25910	10
AT5G49420	4
AT5G38940	333
AT5G01460	633
AT5G23700	21
AT5G19470	375
AT5G16660	2274
AT5G08250	20
AT5G64630	156
AT5G04980	111
AT5G19330	2634
AT5G11416	1
AT5G22010	996
AT5G17360	49
AT5G26240	706
AT5G38110	368
AT5G23800	223
AT5G66052	602
AT5G18440	407
AT5G11860	734
AT5G63630	550
AT5G09240	48
AT5G51870	0
AT5G16820	370
AT5G20590	1207
AT5G03170	332
AT5G24630	213
AT5G59960	635
AT5G52230	193
AT5G56010	9673
AT5G46940	0
AT5G57020	1415
AT5G41960	854
AT5G61560	126
AT5G07080	183
AT5G65990	1283
AT5G17610	1110
AT5G04240	568
AT5G02500	41717
AT5G05180	1083
AT5G44565	6
AT5G13780	3901
AT5G16110	1553
AT5G53260	1
AT5G45310	5
AT5G51750	2350
AT5G02560	282
AT5G42965	20
AT5G05310	260
AT5G43100	1186
AT5G67610	1976
AT5G51970	6046
AT5G16260	1241
AT5G55480	579
AT5G50230	687
AT5G54870	1320
AT5G48050	11
AT5G28370	0
AT5G08380	4381
AT5G39550	559
AT5G17890	1340
AT5G49215	237
AT5G43630	1523
AT5G66990	2
AT5G51940	1582
AT5G08340	541
AT5G64610	1096
AT5G45160	962
AT5G46000	2
AT5G62140	895
AT5G03820	0
AT5G54850	104
AT5G37900	0
AT5G52180	0
AT5G03730	2466
AT5G01010	2997
AT5G03060	24
AT5G17523	0
AT5G15740	1322
AT5G62165	7
AT5G55290	775
AT5G23660	1345
AT5G49450	142
AT5G28960	1
AT5G10650	633
AT5G05390	33
AT5G55130	955
AT5G51300	1730
AT5G40250	1237
AT5G41763	39
AT5G22490	6
AT5G36670	0
AT5G04730	1
AT5G46370	1
AT5G39230	2
AT5G41870	254
AT5G46410	919
AT5G58310	97
AT5G24640	10
AT5G23070	635
AT5G36500	0
AT5G19400	2238
AT5G06140	1647
AT5G50443	5
AT5G18340	135
AT5G02250	1315
AT5G60790	6751
AT5G55190	5359
AT5G50270	6
AT5G19920	429
AT5G09310	383
AT5G41020	923
AT5G16720	306
AT5G59560	576
AT5G45800	1797
AT5G17600	495
AT5G03500	439
AT5G02995	1
AT5G63900	12
AT5G36170	1868
AT5G06600	2416
AT5G02650	443
AT5G64667	9
AT5G19820	3593
AT5G60805	0
AT5G40880	555
AT5G06530	412
AT5G50030	10
AT5G07572	12
AT5G53150	1114
AT5G20440	1
AT5G43000	3
AT5G15920	480
AT5G23570	1041
AT5G53050	570
AT5G33290	373
AT5G23100	386
AT5G03520	1122
AT5G11360	12
AT5G50290	32
AT5G44785	907
AT5G57280	1183
AT5G17340	0
AT5G45550	746
AT5G16270	1547
AT5G22030	907
AT5G45400	271
AT5G19175	0
AT5G04770	86
AT5G66980	6
AT5G46680	203
AT5G50345	0
AT5G53770	1028
AT5G24280	514
AT5G64310	1683
AT5G19875	657
AT5G58090	2122
AT5G06950	521
AT5G52240	2807
AT5G35970	1189
AT5G64170	1530
AT5G51470	34
AT5G25770	473
AT5G45573	0
AT5G38360	391
AT5G50210	958
AT5G35840	1596
AT5G42980	34964
AT5G22145	0
AT5G20140	656
AT5G03435	112
AT5G15300	81
AT5G47930	7823
AT5G30490	821
AT5G22670	1
AT5G50150	674
AT5G14980	1
AT5G36190	0
AT5G54035	0
AT5G60860	94
AT5G09650	12815
AT5G46030	2862
AT5G36490	0
AT5G47670	15
AT5G04070	197
AT5G36240	0
AT5G49310	7
AT5G08370	330
AT5G02720	0
AT5G40830	869
AT5G02280	285
AT5G23060	10983
AT5G65560	354
AT5G38743	7
AT5G40410	38
AT5G45700	230
AT5G57660	2024
AT5G66940	19
AT5G40630	88
AT5G16380	313
AT5G13900	79
AT5G32670	4
AT5G02710	862
AT5G07170	0
AT5G30360	10
AT5G03455	2713
AT5G54520	197
AT5G55820	401
AT5G44950	0
AT5G60820	222
AT5G56480	0
AT5G09480	435
AT5G23535	1915
AT5G65200	174
AT5G27410	647
AT5G08580	540
AT5G39490	2
AT5G24420	57
AT5G61800	87
AT5G01445	107
AT5G02940	1406
AT5G12080	3280
AT5G07010	81
AT5G01530	79558
AT5G53810	55
AT5G28820	0
AT5G19160	109
AT5G11430	632
AT5G49170	35
AT5G09225	680
AT5G08765	0
AT5G07805	0
AT5G03485	8
AT5G03525	0
AT5G07115	9
AT5G02425	48
AT5G02485	4
AT5G06455	1
AT5G09825	0
AT5G06635	1
AT5G00790	10
AT5G03515	2
AT5G07865	3
AT5G06875	1
AT5G07995	4
AT5G01045	24
AT5G08585	1
AT5G05235	2
AT5G05445	2
AT5G08165	0
AT5G03935	0
AT5G07445	0
AT5G02015	1
AT5G08975	0
AT5G05875	0
AT5G04715	0
AT5G00985	34
AT5G04205	10
AT5G00795	0
AT5G04865	0
AT5G08945	0
AT5G08665	0
AT5G05415	2
AT5G06735	0
AT5G00975	1
AT5G06495	0
AT5G06065	0
AT5G03215	0
AT5G09835	0
AT5G08485	1
AT5G08895	0
AT5G00940	1
AT5G04785	2
AT5G08265	0
AT5G05135	0
AT5G07555	5
AT5G06285	0
AT5G01575	0
AT5G02205	0
AT5G03615	2
AT5G07935	0
AT5G01855	0
AT5G06925	1
AT5G06785	0
AT5G00835	0
AT5G08455	0
AT5G01705	0
AT5G08955	0
AT5G04575	3
AT5G03915	0
AT5G08465	0
AT5G02765	1
AT5G03785	0
AT5G03275	0
AT5G04025	0
AT5G04595	0
AT5G07795	0
AT5G07845	0
AT5G09695	0
AT5G04325	2
AT5G06715	0
AT5G03645	0
AT5G06035	0
AT5G03565	0
AT5G07635	0
AT5G06345	0
AT5G03405	0
AT5G05625	0
AT5G03335	0
AT5G01395	0
AT5G07715	0
AT5G09190	10
AT5G01605	0
AT5G05605	0
AT5G01655	0
AT5G05065	0
AT5G06945	0
AT5G05835	0
AT5G09965	5
AT5G02075	0
AT5G04245	0
AT5G09205	0
AT5G04725	0
AT5G08385	0
AT5G05045	0
AT5G09465	2
AT5G04165	1
AT5G04815	0
AT5G00970	0
AT5G03465	0
AT5G09955	10
AT5G06405	0
AT5G01065	0
AT5G05545	25
AT5G01275	0
AT5G03395	2
AT5G01285	0
AT5G07905	0
AT5G03815	0
AT5G06545	0
AT5G07605	0
AT5G05925	1
AT5G04385	0
AT5G05335	0
AT5G07035	1
AT5G02865	2
AT5G08935	0
AT5G08065	0
AT5G01475	0
AT5G09455	0
AT5G06045	0
AT5G01155	0
AT5G09415	2
AT5G09425	0
AT5G00810	1
AT5G04855	0
AT5G05905	0
AT5G02835	0
AT5G07395	0
AT5G00845	0
AT5G08815	0
AT5G08735	0
AT5G05015	0
AT5G09675	16
AT5G06475	5
AT5G03075	0
AT5G05825	0
AT5G05855	0
AT5G04635	0
AT5G03325	0
AT5G07465	0
AT5G05805	0
AT5G04435	0
AT5G03095	0
AT5G05935	0
AT5G09895	0
AT5G07695	0
AT5G06595	0
AT5G07565	0
AT5G10965	144
AT5G02965	0
AT5G08645	0
AT5G05425	0
AT5G06855	0
AT5G01405	0
AT5G08445	0
AT5G05195	0
AT5G03845	0
AT5G03035	0
AT5G08855	14
AT5G07925	0
AT5G04225	0
AT5G08195	0
AT5G07195	0
AT5G04825	2
AT5G07705	2
AT5G06015	0
AT5G07495	0
AT5G02885	2
AT5G03055	0
AT5G02045	0
AT5G05555	1
AT5G06325	0
AT5G03595	0
AT5G08775	0
AT5G05755	0
AT5G04695	3
AT5G05275	4
AT5G01885	0
AT5G09775	0
AT5G01995	0
AT5G08655	0
AT5G09025	0
AT5G08970	0
AT5G03715	0
AT5G08755	0
AT5G02925	0
AT5G02805	0
AT5G02185	0
AT5G03625	0
AT5G04125	0
AT5G06885	0
AT5G05125	0
AT5G07295	0
AT5G06335	0
AT5G04615	0
AT5G03945	0
AT5G01665	0
AT5G05395	5
AT5G03685	0
AT5G01775	32
AT5G09605	0
AT5G01795	0
AT5G09235	0
AT5G00995	0
AT5G09215	0
AT5G09070	0
AT5G01385	1
AT5G05215	0
AT5G01245	11
AT5G03955	1
AT5G07915	1
AT5G00960	0
AT5G07185	0
AT5G05535	0
AT5G06795	0
AT5G07155	0
AT5G02795	0
AT5G08705	0
AT5G05325	0
AT5G09015	0
AT5G01685	1
AT5G06775	3
AT5G01485	0
AT5G09035	0
AT5G04585	0
AT5G07435	0
AT5G04445	0
AT5G06145	0
AT5G03115	0
AT5G04705	0
AT5G06425	0
AT5G08205	0
AT5G04035	0
AT5G09335	2
AT5G02345	0
AT5G04515	0
AT5G08375	0
AT5G06965	1
AT5G07615	0
AT5G05815	0
AT5G06415	0
AT5G08910	0
AT5G04675	0
AT5G08685	0
AT5G05585	0
AT5G04755	0
AT5G09875	0
AT5G04215	0
AT5G07535	0
AT5G05205	0
AT5G07485	0
AT5G09050	0
AT5G07945	0
AT5G04765	0
AT5G09110	0
AT5G08435	1
AT5G09145	0
AT5G01725	0
AT5G00955	0
AT5G02365	0
AT5G06575	0
AT5G03135	0
AT5G03695	1
AT5G09090	0
AT5G03605	1
AT5G08940	0
AT5G05455	0
AT5G06985	0
AT5G00740	0
AT5G08225	0
AT5G02775	0
AT5G07745	1
AT5G04365	0
AT5G01345	5
AT5G03765	0
AT5G00745	0
AT5G09105	0
AT5G04925	0
AT5G07835	0
AT5G08930	0
AT5G07955	0
AT5G06005	0
AT5G06025	0
AT5G07005	0
AT5G09715	0
AT5G02275	0
AT5G01105	0
AT5G09545	0
AT5G05565	0
AT5G03105	0
AT5G03925	0
AT5G07145	0
AT5G07425	0
AT5G08900	0
AT5G03155	0
AT5G06435	0
AT5G08105	2
AT5G07855	0
AT5G04775	0
AT5G09645	0
AT5G09705	2
AT5G00910	0
AT5G03025	0
AT5G06915	0
AT5G02945	0
AT5G01965	0
AT5G08015	0
AT5G09555	0
AT5G02495	0
AT5G06255	1
AT5G01415	0
AT5G09295	209
AT5G07325	0
AT5G01925	0
AT5G05255	1
AT5G04075	3
AT5G09165	0
AT5G00805	0
AT5G02935	1
AT5G08725	0
AT5G02335	0
AT5G02215	0
AT5G02645	11
AT5G05485	0
AT5G02465	1
AT5G03735	0
AT5G05105	0
AT5G08635	0
AT5G08715	0
AT5G08215	0
AT5G01825	0
AT5G08745	0
AT5G09375	0
AT5G07665	0
AT5G05895	0
AT5G02715	0
AT5G06745	0
AT5G06975	0
AT5G05155	0
AT5G07815	0
AT5G03005	0
AT5G05465	4
AT5G05845	0
AT5G03205	3
AT5G08675	0
AT5G02405	1
AT5G06085	0
AT5G04345	0
AT5G03295	0
AT5G00825	23
AT5G04135	0
AT5G09325	0
AT5G05695	1
AT5G06465	0
AT5G09100	0
AT5G02145	0
AT5G00950	0
AT5G03045	0
AT5G09635	0
AT5G05745	0
AT5G00840	0
AT5G06525	0
AT5G05495	0
AT5G04405	2
AT5G01425	0
AT5G02635	2
AT5G09045	0
AT5G06205	0
AT5G07385	0
AT5G07355	0
AT5G07205	0
AT5G08890	0
AT5G05525	2
AT5G05885	0
AT5G08915	0
AT5G03535	0
AT5G05265	1
AT5G06515	0
AT5G02395	0
AT5G05955	0
AT5G04115	0
AT5G09265	0
AT5G02265	1
AT5G07785	1
AT5G09065	8
AT5G07125	0
AT5G06880	0
AT5G04665	0
AT5G05475	0
AT5G07575	0
AT5G08605	0
AT5G05175	0
AT5G04195	0
AT5G09735	0
AT5G05705	0
AT5G01805	0
AT5G04795	0
AT5G08395	0
AT5G09915	1
AT5G05055	2
AT5G09255	0
AT5G06075	0
AT5G06995	0
AT5G00930	0
AT5G06185	0
AT5G09125	36
AT5G01565	0
AT5G09085	0
AT5G02685	0
AT5G08595	0
AT5G06585	46
AT5G09200	0
AT5G09095	1
AT5G03125	0
AT5G00935	0
AT5G09040	0
AT5G05075	0
AT5G02175	0
AT5G00855	1
AT5G03385	0
AT5G02855	0
AT5G02085	0
AT5G05515	0
AT5G01055	1
AT5G05725	0
AT5G02955	1
AT5G09885	0
AT5G02785	0
AT5G00730	0
AT5G09245	0
AT5G07255	0
AT5G01975	0
AT5G06275	1
AT5G09475	1
AT5G06935	0
AT5G01325	0
AT5G09765	0
AT5G09435	0
AT5G06365	0
AT5G00850	0
AT5G09365	0
AT5G08965	1
AT5G06705	0
AT5G00980	110
AT5G08035	0
AT5G04845	1
AT5G03015	0
AT5G02055	6
AT5G09815	0
AT5G03575	0
AT5G00735	0
AT5G08095	0
AT5G09615	1
AT5G06655	0
AT5G04685	0
AT5G05765	6
AT5G01585	1
AT5G09305	0
AT5G01115	0
AT5G00770	0
AT5G04055	7
AT5G03065	0
AT5G00775	0
AT5G01865	0
AT5G04355	11
AT5G03085	36
AT5G01465	0
AT5G05665	0
AT5G07585	0
AT5G09060	1
AT5G09055	0
AT5G02745	0
AT5G01535	0
AT5G06615	0
AT5G08905	0
AT5G02735	0
AT5G04625	0
AT5G07595	0
AT5G05685	0
AT5G05645	0
AT5G04605	0
AT5G03755	0
AT5G08045	0
AT5G06445	0
AT5G06535	1
AT5G02375	0
AT5G01455	0
AT5G01235	5
AT5G07455	5
AT5G08985	0
AT5G05095	0
AT5G02985	0
AT5G09665	0
AT5G04065	11
AT5G01985	0
AT5G08995	0
AT5G00800	0
AT5G04505	0
AT5G09505	13
AT5G02355	0
AT5G01955	0
AT5G08785	0
AT5G08085	0
AT5G06845	55
AT5G09195	32
AT5G01695	0
AT5G01875	0
AT5G01635	0
AT5G07365	0
AT5G06675	0
AT5G07825	0
AT5G04525	0
AT5G06765	0
AT5G08475	0
AT5G04495	0
AT5G08845	0
AT5G09170	3
AT5G04745	0
AT5G08615	0
AT5G00925	0
AT5G01265	0
AT5G03965	0
AT5G08875	4
AT5G04175	0
AT5G05865	0
AT5G09865	0
AT5G02445	0
AT5G02535	2
AT5G02115	0
AT5G03315	4
AT5G06245	0
AT5G06395	0
AT5G03835	0
AT5G09185	0
AT5G48775	28
AT5G04005	0
AT5G65575	152
AT5G03975	0
AT5G00880	0
AT5G63195	0
AT5G09535	2
AT5G00820	0
AT5G64572	0
AT5G08820	0
AT5G09395	0
AT5G02455	0
AT5G00780	5
AT5G41612	0
AT5G01945	1
AT5G03668	0
AT5G49152	0
AT5G08175	0
AT5G03875	55
AT5G38212	24
AT5G01545	7
AT5G03255	0
AT5G09385	23
AT5G03825	0
AT5G02875	11
AT5G01675	6
AT5G05435	193
AT5G44562	0
AT5G07015	0
AT5G09030	0
AT5G08920	0
AT5G04375	0
AT5G01005	0
AT5G00905	0
AT5G00865	3
AT5G03175	7
AT5G09155	0
AT5G00990	0
AT5G09565	0
AT5G00815	0
AT5G01295	0
AT5G36002	0
AT5G00920	0
AT5G04015	0
AT5G09285	0
AT5G08235	8
AT5G07265	0
AT5G09855	0
AT5G01645	0
AT5G09405	0
AT5G01595	61
AT5G09845	0
AT5G09120	0
AT5G02905	0
AT5G08885	0
AT5G02195	0
AT5G08275	0
AT5G15022	24
AT5G03195	0
AT5G19221	0
AT5G06865	5
AT5G09785	7
AT5G01815	0
AT5G08825	0
AT5G07025	0
AT5G03165	9
AT5G03585	1
AT5G08880	0
AT5G06695	0
AT5G02705	2
AT5G08960	0
AT5G09925	0
AT5G08835	0
AT5G07525	4
AT5G00870	0
AT5G01175	140
AT5G07885	0
AT5G09685	0
AT5G01215	0
AT5G01095	0
AT5G09160	0
AT5G01255	0
AT5G07515	0
AT5G08830	0
AT5G01375	0
AT5G08870	0
AT5G45472	1
AT5G06295	1
AT5G02225	4
AT5G04185	1
AT5G67488	2
AT5G02525	5
AT5G40348	0
AT5G66558	3
AT5G07975	0
AT5G07985	0
AT5G01732	0
AT5G01555	0
AT5G02125	2
AT5G06665	0
AT5G01542	0
AT5G59732	2
AT5G09275	0
AT5G02515	60
AT5G09135	1
AT5G07152	0
AT5G06505	0
AT5G08840	1
AT5G09175	0
AT5G02095	0
AT5G00785	0
AT5G08135	3
AT5G00900	0
AT5G01435	0
AT5G09443	7
AT5G02695	0
AT5G18245	39
AT5G02605	4
AT5G03635	0
AT5G18255	100
AT5G42092	0
AT5G01315	0
AT5G07895	1
AT5G01205	0
AT5G08980	0
AT5G03235	1
AT5G03245	0
AT5G01125	1
AT5G03805	0
AT5G54569	19
AT5G53048	58
AT5G03985	7
AT5G01935	0
AT5G02755	0
AT5G04905	0
AT5G06155	0
AT5G15845	15
AT5G06385	0
AT5G00895	0
AT5G02595	0
AT5G05995	0
AT5G08990	0
AT5G07285	38
AT5G06235	1
AT5G03185	0
AT5G08285	0
AT5G16235	0
AT5G01615	0
AT5G02415	15
AT5G09150	0
AT5G26146	4
AT5G49138	0
AT5G00875	28
AT5G07275	0
AT5G00860	0
AT5G60022	19
AT5G00965	0
AT5G03375	0
AT5G01835	0
AT5G02105	0
AT5G08950	0
AT5G02155	0
AT5G59662	62
AT5G04335	0
AT5G08425	0
AT5G01765	7
AT5G02895	0
AT5G20225	0
AT5G09595	0
AT5G05975	1
AT5G02555	0
AT5G04935	69
AT5G41905	14
AT5G04995	8
AT5G41663	15
AT5G04975	0
AT5G59505	0
AT5G24825	1
AT5G04275	2
AT5G06105	0
AT5G04955	0
AT5G02035	0
AT5G03305	0
AT5G06175	0
AT5G10945	22
AT5G07055	0
AT5G01915	0
AT5G01735	0
AT5G04915	0
AT5G14565	24
AT5G14545	0
AT5G04965	13
AT5G07655	2
AT5G55835	0
AT5G26147	0
AT5G07965	0
AT5G39635	0
AT5G40384	0
AT5G11977	2
AT5G03145	2
AT5G07075	0
AT5G39693	0
AT5G26038	0
AT5G08255	0
AT5G62848	0
AT5G52797	2
AT5G05505	0
AT5G08210	15
AT5G66045	1
AT5G62162	3
AT5G08800	0
AT5G46845	95
AT5G04415	0
AT5G01747	61
AT5G45307	0
AT5G23065	14
AT5G15833	0
AT5G05005	15
AT5G05185	0
AT5G03425	0
AT5G50717	0
AT5G03475	0
AT5G01755	0
AT5G03225	4
AT5G35407	25
AT5G08185	25
AT5G08925	2
AT5G03265	0
AT5G13887	2
AT5G58465	3
AT5G60408	0
AT5G06605	0
AT5G04255	0
AT5G27807	10
AT5G07065	0
AT5G05035	0
AT5G43603	0
AT5G05315	0
AT5G63715	0
AT5G08717	2
AT5G03552	29
AT5G08712	1
AT5G04145	0
AT5G05915	0
AT5G04985	2
AT5G07875	0
AT5G01745	0
AT5G01785	0
AT5G06565	4
AT5G08865	0
AT5G05375	0
AT5G01495	5
AT5G51174	6
AT5G09130	0
AT5G44286	3
AT5G02675	8
AT5G52471	24
AT5G02315	0
AT5G08805	5
AT5G58595	35
AT5G06305	1
AT5G06835	2
AT5G02325	0
AT5G08850	0
AT5G09020	3
AT5G08860	0
AT5G02295	0
AT5G09000	0
AT5G53902	0
AT5G09515	0
AT5G07725	18
AT5G66564	3
AT5G00755	13
AT5G08515	1
AT5G04945	0
AT5G07105	16
AT5G66567	0
AT5G09005	0
AT5G54075	0
AT5G13225	0
AT5G02305	0
AT5G07095	6
AT5G02665	4
AT5G10572	0
AT5G02915	0
AT5G01515	12
AT5G01195	0
AT5G05385	0
AT5G41471	1
AT5G00760	6
AT5G01505	11
AT5G00765	2
AT5G04425	25
AT5G02575	299
AT5G00750	6
AT5G09495	0
AT5G01165	0
AT5G01145	2
AT5G06825	14
AT5G04545	0
AT5G08525	10
AT5G07735	21
AT5G08495	21
AT5G02565	206
AT5G66562	3
AT5G06115	4
AT5G02655	0
AT5G01135	0
AT5G09945	0
AT5G08810	0
AT5G02255	4
AT5G04085	0
AT5G07345	0
AT5G09010	0
AT5G04465	2
AT5G02245	0
AT5G04105	0
AT5G04315	0
AT5G04455	0
AT5G09585	1
AT5G06815	0
AT5G46315	2
AT5G40395	1
AT5G09140	0
AT5G61455	2
AT5G08025	0
AT5G07775	0
AT5G07335	0
AT5G08115	0
AT5G07415	0
AT5G06055	0
AT5G04305	0
AT5G01845	0
AT5G09080	0
AT5G07405	0
AT5G40545	0
AT5G46105	1
AT5G02815	0
AT5G02025	0
AT5G55505	0
AT5G07315	0
AT5G51055	0
AT5G41265	0
AT5G65305	0
AT5G44375	0
AT5G65615	0
AT5G10525	0
AT5G05985	0
AT5G41675	0
AT5G61345	0
AT5G25625	0
AT5G54365	0
AT5G18005	0
AT5G65015	0
AT5G40945	0
AT5G11325	0
AT5G65445	0
AT5G15175	0
AT5G02435	0
AT5G55045	1
AT5G13845	0
AT5G48465	0
AT5G59385	1
AT5G67455	0
AT5G14035	0
AT5G18085	0
AT5G03775	0
AT5G38905	0
AT5G60285	1
AT5G20854	0
AT5G09975	0
AT5G10455	0
AT5G18015	3
AT5G11225	0
AT5G56975	0
AT5G07135	0
AT5G45745	0
AT5G46595	0
AT5G45715	0
AT5G02725	0
AT5G60966	0
AT5G52355	0
AT5G43455	2
AT5G59055	0
AT5G20858	0
AT5G02615	1
AT5G37795	0
AT5G01365	0
AT5G44705	0
AT5G38155	0
AT5G16375	0
AT5G52495	0
AT5G61445	0
AT5G06125	0
AT5G50995	0
AT5G61835	0
AT5G07675	0
AT5G19095	0
AT5G20852	0
AT5G25585	0
AT5G03745	0
AT5G66817	0
AT5G22315	13
AT5G54375	0
AT5G64735	0
AT5G05945	0
AT5G09655	0
AT5G15805	0
AT5G57885	0
AT5G10235	0
AT5G03705	0
AT5G64855	0
AT5G48835	0
AT5G06685	0
AT5G44283	0
AT5G18755	0
AT5G55055	0
AT5G64505	0
AT5G32017	0
AT5G54865	0
AT5G48675	0
AT5G21378	0
AT5G60963	0
AT5G03452	0
AT5G52815	0
AT5G39895	0
AT5G65535	0
AT5G08075	0
AT5G50805	0
AT5G09755	0
AT5G05795	0
AT5G20856	0
AT5G56365	0
AT5G46325	0
AT5G03445	0
AT5G59395	0
AT5G66755	0
AT5G39535	0
AT5G41605	0
AT5G66535	0
AT5G02385	0
AT5G53487	0
AT5G23665	0
AT5G11475	0
AT5G63145	0
AT5G15815	0
AT5G59945	0
AT5G56745	0
AT5G07625	0
AT5G66568	0
AT5G14495	0
AT5G35605	0
AT5G27715	0
AT5G43535	0
AT5G09345	0
AT5G49435	0
AT5G58495	0
AT5G02505	0
AT5G50190	0
AT5G57735	4
AT5G02825	4
AT5G07322	117
AT5G06165	12
AT5G48412	786
AT5G44569	95
AT5G00885	0
AT5G45475	0
AT5G40316	3
AT5G33399	17
AT5G06955	0
AT5G08125	0
AT5G49615	2
AT5G08575	0
AT5G28824	0
AT5G37485	43
AT5G43403	143
AT5G38005	104
AT5G02135	0
AT5G34871	0
AT5G28262	188
AT5G43725	36
AT5G23410	212
AT5G05295	0
AT5G22788	47
AT5G33439	0
AT5G06095	0
AT5G05785	3
AT5G24205	63
AT5G03285	227
AT5G24206	52
AT5G23155	58
AT5G02975	0
AT5G40275	0
AT5G10278	9
AT5G24735	449
AT3G18710	326
AT3G07950	1589
AT3G51870	832
AT3G18310	232
AT3G25717	935
AT3G48330	1027
AT3G46440	2283
AT3G53910	0
AT3G16830	790
AT3G03305	356
AT3G03272	4
AT3G28960	35
AT3G10210	265
AT3G09680	230
AT3G63470	92
AT3G46920	536
AT3G57080	367
AT3G13820	14
AT3G49770	0
AT3G56070	5160
AT3G15251	2
AT3G02780	4909
AT3G52460	232
AT3G55380	1692
AT3G44560	1
AT3G56520	0
AT3G27970	3
AT3G17420	709
AT3G08780	469
AT3G55660	219
AT3G48480	72
AT3G02740	747
AT3G63400	2099
AT3G06130	539
AT3G05660	127
AT3G17140	0
AT3G24110	54
AT3G20920	1701
AT3G54830	213
AT3G09190	184
AT3G05545	2157
AT3G26470	168
AT3G51100	1125
AT3G29580	4
AT3G28370	388
AT3G26840	699
AT3G29010	156
AT3G10450	791
AT3G14510	17
AT3G28930	504
AT3G52950	1161
AT3G57620	0
AT3G50670	3295
AT3G44080	0
AT3G50370	2446
AT3G09550	94
AT3G07568	930
AT3G48670	877
AT3G11270	881
AT3G08530	4198
AT3G22380	5377
AT3G05140	20
AT3G29750	0
AT3G54500	1712
AT3G52760	344
AT3G27460	225
AT3G62780	61
AT3G28210	496
AT3G47675	40
AT3G25060	40
AT3G26240	381
AT3G04860	151
AT3G55990	188
AT3G43940	0
AT3G09920	396
AT3G54900	2026
AT3G16500	1592
AT3G12910	0
AT3G18510	492
AT3G25730	241
AT3G48680	1667
AT3G63360	6
AT3G18010	87
AT3G01250	0
AT3G46070	10
AT3G19120	503
AT3G21305	0
AT3G01840	9
AT3G14290	1117
AT3G23090	366
AT3G08690	1924
AT3G48540	163
AT3G48343	3
AT3G54300	746
AT3G36659	3
AT3G58970	1033
AT3G13010	3
AT3G01820	2157
AT3G54630	0
AT3G45720	3
AT3G15548	0
AT3G54530	13
AT3G62900	950
AT3G54410	6
AT3G22320	2075
AT3G57440	19
AT3G09700	632
AT3G50390	23
AT3G23070	1155
AT3G14360	338
AT3G01550	92
AT3G58010	426
AT3G03740	987
AT3G53900	774
AT3G08970	946
AT3G62620	246
AT3G51780	1085
AT3G14880	4
AT3G45600	980
AT3G25573	3
AT3G59110	751
AT3G04570	408
AT3G10320	61
AT3G02640	292
AT3G03110	773
AT3G28917	7
AT3G19960	1513
AT3G14820	0
AT3G45630	1225
AT3G18905	2
AT3G20560	601
AT3G12050	5305
AT3G03341	85
AT3G50120	43
AT3G15970	1649
AT3G01970	357
AT3G47670	233
AT3G26810	1575
AT3G27190	763
AT3G26512	0
AT3G10130	604
AT3G54826	642
AT3G08040	551
AT3G10680	62
AT3G52590	10577
AT3G54920	2422
AT3G22040	0
AT3G47836	1944
AT3G44570	32
AT3G02590	4
AT3G18430	1268
AT3G44735	439
AT3G57570	354
AT3G28300	0
AT3G23830	2097
AT3G32980	6124
AT3G25030	133
AT3G62200	654
AT3G54060	25
AT3G19830	690
AT3G43810	5476
AT3G03780	4415
AT3G01030	9
AT3G54110	2246
AT3G44230	0
AT3G24780	85
AT3G06150	654
AT3G52750	2014
AT3G13600	43
AT3G15380	1129
AT3G45390	94
AT3G13222	654
AT3G56660	21
AT3G28680	0
AT3G51880	1658
AT3G18035	1308
AT3G14400	1972
AT3G18840	28
AT3G16590	21
AT3G10845	1
AT3G12010	1268
AT3G56390	0
AT3G19660	183
AT3G04990	0
AT3G46840	0
AT3G58710	139
AT3G29100	174
AT3G58810	151
AT3G05640	267
AT3G28330	16
AT3G24440	770
AT3G27500	32
AT3G01185	0
AT3G61190	130
AT3G15010	4288
AT3G50840	325
AT3G51171	3
AT3G60100	7
AT3G17440	843
AT3G10350	1067
AT3G46086	0
AT3G17030	350
AT3G12145	324
AT3G01080	27
AT3G60190	2116
AT3G49990	1414
AT3G55580	86
AT3G03180	104
AT3G42786	0
AT3G25655	7
AT3G44718	0
AT3G04010	290
AT3G02270	3
AT3G42770	0
AT3G08650	2968
AT3G48231	0
AT3G61150	737
AT3G12970	73
AT3G61980	220
AT3G15115	133
AT3G33530	966
AT3G18210	1950
AT3G01410	409
AT3G05720	16
AT3G05320	226
AT3G47110	68
AT3G31350	0
AT3G11430	48
AT3G56210	1393
AT3G04290	1293
AT3G11150	15
AT3G03540	0
AT3G09940	149
AT3G51860	4159
AT3G27700	858
AT3G60120	2
AT3G23260	87
AT3G43860	4
AT3G43880	0
AT3G09020	58
AT3G48195	393
AT3G51960	125
AT3G09520	100
AT3G25540	846
AT3G23590	939
AT3G42180	58
AT3G27720	4
AT3G21510	510
AT3G13710	0
AT3G01880	0
AT3G50050	193
AT3G08960	739
AT3G54700	2
AT3G24310	36
AT3G20898	88
AT3G24516	2
AT3G26934	1
AT3G59980	1187
AT3G22430	433
AT3G17060	5
AT3G15530	1473
AT3G55750	4882
AT3G60860	1065
AT3G05020	1027
AT3G02920	192
AT3G14550	119
AT3G33293	0
AT3G03080	1
AT3G51150	392
AT3G46620	810
AT3G49570	955
AT3G62770	604
AT3G05270	671
AT3G57760	99
AT3G10330	929
AT3G23810	4437
AT3G49190	13
AT3G44300	1809
AT3G26290	4049
AT3G12080	3665
AT3G19490	1305
AT3G04420	603
AT3G18170	106
AT3G02470	14827
AT3G18050	1195
AT3G26616	0
AT3G51370	2886
AT3G63052	1
AT3G29633	53
AT3G11470	244
AT3G53990	3968
AT3G13210	55
AT3G24890	145
AT3G61090	63
AT3G24070	575
AT3G13610	247
AT3G10120	0
AT3G20580	8
AT3G54680	381
AT3G50960	194
AT3G45190	1985
AT3G44340	1485
AT3G60570	0
AT3G60790	0
AT3G06540	788
AT3G43340	0
AT3G27210	380
AT3G16670	683
AT3G29050	0
AT3G19070	1
AT3G52350	2
AT3G53030	895
AT3G17380	126
AT3G23380	0
AT3G20810	931
AT3G07440	569
AT3G27425	0
AT3G47580	65
AT3G23640	1599
AT3G54730	27
AT3G08870	104
AT3G53120	443
AT3G52930	9172
AT3G01085	2
AT3G19780	643
AT3G14330	804
AT3G43890	9
AT3G06740	228
AT3G17450	792
AT3G03050	1356
AT3G12587	868
AT3G07170	569
AT3G04970	257
AT3G14470	153
AT3G12240	9
AT3G54260	1808
AT3G27360	130
AT3G55810	4
AT3G27480	0
AT3G13130	71
AT3G19030	1175
AT3G46650	7
AT3G04720	11334
AT3G18900	261
AT3G23770	0
AT3G43540	646
AT3G43270	847
AT3G11170	5153
AT3G15578	0
AT3G23190	110
AT3G23130	0
AT3G10340	110
AT3G01690	1983
AT3G01460	693
AT3G44280	326
AT3G58430	181
AT3G60220	96
AT3G62220	439
AT3G48410	155
AT3G28850	162
AT3G17150	0
AT3G58290	0
AT3G62180	1
AT3G14480	0
AT3G18620	293
AT3G03560	759
AT3G15358	54
AT3G09310	68
AT3G10110	415
AT3G26500	64
AT3G13760	98
AT3G62690	134
AT3G50620	260
AT3G46860	0
AT3G04200	4
AT3G11680	3
AT3G29230	878
AT3G52610	281
AT3G48720	181
AT3G18660	154
AT3G62499	16
AT3G58100	287
AT3G22060	215
AT3G10915	1064
AT3G62360	2305
AT3G29570	0
AT3G62980	1643
AT3G49100	414
AT3G28770	89
AT3G17320	7
AT3G61280	45
AT3G01750	117
AT3G44115	0
AT3G10460	2
AT3G26710	4194
AT3G29360	3176
AT3G18070	40
AT3G45577	0
AT3G24800	666
AT3G22810	275
AT3G59330	96
AT3G18960	53
AT3G29636	5
AT3G12810	1133
AT3G27080	1233
AT3G02100	0
AT3G25585	1116
AT3G57260	734
AT3G28920	877
AT3G22590	980
AT3G14930	4064
AT3G26250	0
AT3G45690	1
AT3G42473	0
AT3G06778	91
AT3G50480	4081
AT3G29791	2
AT3G51240	0
AT3G51330	254
AT3G53830	941
AT3G09630	10928
AT3G50830	854
AT3G15770	311
AT3G25220	1735
AT3G17655	0
AT3G21490	1
AT3G57370	2
AT3G25493	0
AT3G30845	0
AT3G23690	1084
AT3G16260	1220
AT3G03800	1
AT3G55610	3075
AT3G20190	43
AT3G58460	1052
AT3G03170	175
AT3G47750	163
AT3G13435	87
AT3G12850	1
AT3G32260	0
AT3G12977	52
AT3G23470	280
AT3G10390	680
AT3G26820	14
AT3G19550	15
AT3G50460	11
AT3G44590	1804
AT3G07220	835
AT3G21840	1
AT3G27840	0
AT3G30385	0
AT3G17230	0
AT3G14860	2124
AT3G43572	0
AT3G59950	920
AT3G13120	5762
AT3G55005	207
AT3G47250	2294
AT3G59750	48
AT3G04870	2114
AT3G53430	8688
AT3G01720	831
AT3G42723	5
AT3G07850	18
AT3G11420	735
AT3G13030	363
AT3G14410	384
AT3G21880	13
AT3G04470	1599
AT3G60810	816
AT3G63420	313
AT3G16800	205
AT3G63160	6301
AT3G17410	1041
AT3G58930	606
AT3G21350	670
AT3G11825	0
AT3G17690	44
AT3G49780	153
AT3G14950	12
AT3G23250	206
AT3G56730	65
AT3G06690	122
AT3G03060	1409
AT3G16525	0
AT3G31900	0
AT3G21920	0
AT3G10950	0
AT3G27590	0
AT3G14810	496
AT3G22190	1590
AT3G48760	858
AT3G30180	872
AT3G49170	741
AT3G10720	968
AT3G29430	2
AT3G27416	0
AT3G15930	0
AT3G26930	2
AT3G21210	45
AT3G16100	1505
AT3G10370	1765
AT3G50660	658
AT3G28070	344
AT3G23780	835
AT3G53611	0
AT3G43148	0
AT3G60310	337
AT3G02400	0
AT3G53610	1398
AT3G50940	231
AT3G61172	0
AT3G60160	361
AT3G54100	366
AT3G09270	118
AT3G01980	856
AT3G45780	5091
AT3G16840	2255
AT3G23560	394
AT3G27680	0
AT3G19710	3335
AT3G53920	1283
AT3G50860	290
AT3G03490	701
AT3G30320	0
AT3G06610	1418
AT3G04110	243
AT3G57800	711
AT3G20480	69
AT3G52190	1312
AT3G47090	66
AT3G26395	223
AT3G62230	5
AT3G49910	13208
AT3G25011	3
AT3G45760	0
AT3G17227	2
AT3G62000	440
AT3G05630	569
AT3G27060	1604
AT3G12570	1154
AT3G06240	490
AT3G02820	481
AT3G06930	841
AT3G62540	28
AT3G22460	193
AT3G13229	0
AT3G57640	55
AT3G06190	1204
AT3G14430	331
AT3G22050	0
AT3G45200	0
AT3G49240	0
AT3G49680	1962
AT3G27310	429
AT3G44763	0
AT3G51850	1419
AT3G13780	240
AT3G50510	0
AT3G19160	0
AT3G18291	0
AT3G56060	711
AT3G23510	89
AT3G30222	0
AT3G27030	634
AT3G09470	972
AT3G47590	569
AT3G46355	0
AT3G04240	1842
AT3G21890	210
AT3G49070	29
AT3G62420	2007
AT3G13000	376
AT3G48208	0
AT3G15950	1670
AT3G02160	104
AT3G24500	2201
AT3G32960	0
AT3G05710	591
AT3G59010	74
AT3G57460	4
AT3G29060	0
AT3G54310	5
AT3G14310	9978
AT3G25420	3
AT3G12480	843
AT3G58720	107
AT3G01070	236
AT3G57450	2012
AT3G03700	0
AT3G57110	4
AT3G18570	3
AT3G63460	3614
AT3G21330	55
AT3G27331	0
AT3G58020	372
AT3G29173	66
AT3G04735	1
AT3G58540	0
AT3G14595	1087
AT3G33528	58
AT3G08810	84
AT3G23460	5
AT3G51140	2328
AT3G24090	290
AT3G44670	1192
AT3G60800	524
AT3G52330	0
AT3G12220	4
AT3G04750	464
AT3G13682	287
AT3G56230	18
AT3G52850	5865
AT3G25230	11463
AT3G09820	8173
AT3G56170	480
AT3G10730	471
AT3G20940	20
AT3G17310	623
AT3G04160	343
AT3G18235	0
AT3G15210	931
AT3G28610	3
AT3G11860	14
AT3G10200	112
AT3G54640	1807
AT3G52630	364
AT3G03550	627
AT3G16510	102
AT3G23910	620
AT3G16710	95
AT3G63140	8148
AT3G18910	394
AT3G18915	0
AT3G16970	0
AT3G58875	54
AT3G53620	1192
AT3G53380	216
AT3G06483	1493
AT3G61370	508
AT3G56110	351
AT3G13630	0
AT3G44265	6
AT3G06390	81
AT3G19390	265
AT3G42880	1
AT3G15460	561
AT3G63200	1397
AT3G11110	150
AT3G59090	727
AT3G15355	642
AT3G53190	1769
AT3G11397	441
AT3G02530	2184
AT3G51030	364
AT3G25790	94
AT3G26445	0
AT3G45900	418
AT3G47890	996
AT3G14030	0
AT3G47060	520
AT3G56590	773
AT3G43170	3
AT3G01450	205
AT3G58910	2
AT3G48460	624
AT3G17880	1234
AT3G26610	76
AT3G20790	997
AT3G07273	190
AT3G63500	1528
AT3G49750	117
AT3G47510	300
AT3G03826	0
AT3G15020	2096
AT3G61530	393
AT3G10116	1
AT3G21240	578
AT3G31925	0
AT3G48425	341
AT3G27355	0
AT3G20270	298
AT3G55900	14
AT3G21310	73
AT3G49480	2
AT3G55980	1389
AT3G63030	551
AT3G59295	0
AT3G30220	0
AT3G54990	187
AT3G20820	1206
AT3G19500	40
AT3G16020	40
AT3G22890	9972
AT3G46970	15628
AT3G01950	0
AT3G51550	4306
AT3G59340	2
AT3G11040	204
AT3G20310	1309
AT3G22640	2
AT3G45450	0
AT3G44260	365
AT3G01370	2459
AT3G15150	497
AT3G49380	33
AT3G14190	188
AT3G28820	2
AT3G15060	336
AT3G47130	3
AT3G02430	2
AT3G05470	291
AT3G27170	1818
AT3G20280	253
AT3G60870	7
AT3G57010	556
AT3G22090	71
AT3G50310	223
AT3G28007	30
AT3G07400	690
AT3G15860	1
AT3G26980	783
AT3G20900	1
AT3G58380	19
AT3G20590	5
AT3G61826	0
AT3G56740	279
AT3G09120	1
AT3G17400	3
AT3G18282	14
AT3G55060	293
AT3G52830	0
AT3G56790	17
AT3G51920	975
AT3G43990	0
AT3G04400	19085
AT3G19320	9
AT3G11660	1119
AT3G18030	322
AT3G58250	1
AT3G53450	11
AT3G15720	417
AT3G09750	6
AT3G57930	507
AT3G44090	0
AT3G53510	244
AT3G06590	748
AT3G11080	47
AT3G29450	0
AT3G43580	159
AT3G17650	1081
AT3G60620	350
AT3G16660	2524
AT3G45245	0
AT3G02480	2142
AT3G24170	4639
AT3G05210	398
AT3G12680	412
AT3G01160	1202
AT3G13880	235
AT3G05110	15
AT3G48520	204
AT3G07420	616
AT3G13460	10202
AT3G10150	125
AT3G62050	165
AT3G15290	1364
AT3G28480	1689
AT3G05910	2332
AT3G52230	2058
AT3G07710	0
AT3G66656	3
AT3G51690	0
AT3G52000	2
AT3G02540	2486
AT3G25840	1516
AT3G52910	218
AT3G27999	0
AT3G05690	818
AT3G05170	168
AT3G12660	0
AT3G32380	0
AT3G57780	347
AT3G22680	340
AT3G02280	550
AT3G19230	20
AT3G15590	2841
AT3G45410	128
AT3G11380	0
AT3G47140	0
AT3G05000	932
AT3G24150	315
AT3G20530	9
AT3G59250	98
AT3G25610	305
AT3G63170	1571
AT3G60600	2545
AT3G50750	435
AT3G12720	22
AT3G53170	182
AT3G06145	179
AT3G26090	343
AT3G49860	43
AT3G27880	198
AT3G08750	0
AT3G63010	494
AT3G07110	9049
AT3G20170	201
AT3G05700	314
AT3G42660	802
AT3G47300	370
AT3G04945	0
AT3G45020	172
AT3G18740	6274
AT3G19880	0
AT3G13857	5
AT3G61060	185
AT3G53280	903
AT3G21530	287
AT3G28785	0
AT3G42790	2079
AT3G53340	576
AT3G43583	0
AT3G21760	0
AT3G48570	313
AT3G21690	2879
AT3G29370	6
AT3G62430	109
AT3G30540	0
AT3G17626	178
AT3G44440	27
AT3G23550	26
AT3G50690	985
AT3G11520	270
AT3G25250	23
AT3G53970	3331
AT3G09560	884
AT3G01140	12
AT3G01430	221
AT3G01475	5
AT3G63070	924
AT3G18630	108
AT3G61120	0
AT3G10530	1428
AT3G26450	0
AT3G24508	0
AT3G56460	1667
AT3G48630	1
AT3G55370	296
AT3G09160	30
AT3G03460	140
AT3G22530	0
AT3G13490	1606
AT3G05130	858
AT3G51680	0
AT3G14770	170
AT3G31550	0
AT3G21520	61
AT3G14450	363
AT3G43550	0
AT3G05230	444
AT3G49650	174
AT3G02560	3079
AT3G53065	0
AT3G22450	43
AT3G28200	1254
AT3G52270	5
AT3G15990	394
AT3G27220	1112
AT3G19570	390
AT3G27930	608
AT3G27440	10
AT3G14067	3675
AT3G12955	54
AT3G61730	0
AT3G24465	0
AT3G60960	466
AT3G23140	0
AT3G57970	0
AT3G01860	790
AT3G49400	231
AT3G24580	0
AT3G15550	145
AT3G56630	1201
AT3G29140	30
AT3G24605	2
AT3G46300	0
AT3G47840	97
AT3G52250	1224
AT3G46390	0
AT3G01170	371
AT3G46770	6
AT3G57060	295
AT3G49620	3
AT3G24280	1
AT3G27010	380
AT3G55646	29
AT3G17930	2757
AT3G07130	909
AT3G51510	3137
AT3G48180	144
AT3G10470	28
AT3G23840	311
AT3G45580	0
AT3G61410	87
AT3G59020	2631
AT3G24810	124
AT3G53250	9
AT3G23000	2655
AT3G27670	739
AT3G01328	0
AT3G27630	28
AT3G08500	36
AT3G48190	506
AT3G21160	844
AT3G04830	1733
AT3G18690	98
AT3G21130	0
AT3G48560	11549
AT3G24120	388
AT3G10880	136
AT3G21405	0
AT3G54970	613
AT3G57310	1
AT3G54890	115122
AT3G15395	585
AT3G54430	0
AT3G07430	2896
AT3G22250	0
AT3G13445	535
AT3G53050	0
AT3G10840	362
AT3G28580	70
AT3G02380	216
AT3G12370	1109
AT3G13175	130
AT3G57587	0
AT3G08590	9977
AT3G20997	0
AT3G26680	258
AT3G22820	33
AT3G16470	1495
AT3G01220	192
AT3G13540	0
AT3G62695	0
AT3G43720	776
AT3G09100	1204
AT3G04500	694
AT3G56260	77
AT3G48320	256
AT3G59650	900
AT3G59140	675
AT3G15500	64
AT3G03940	2382
AT3G29310	819
AT3G22970	3034
AT3G05120	1667
AT3G23175	151
AT3G30290	0
AT3G05550	46
AT3G47950	152
AT3G44770	39
AT3G52120	863
AT3G13420	88
AT3G15190	5691
AT3G50090	1
AT3G32050	0
AT3G47760	0
AT3G01050	1051
AT3G05530	3427
AT3G55600	151
AT3G45490	4
AT3G59530	242
AT3G43291	0
AT3G18810	1
AT3G05280	853
AT3G03650	115
AT3G18530	4
AT3G62710	4
AT3G59960	0
AT3G26870	0
AT3G58240	0
AT3G24480	2408
AT3G50710	4
AT3G51570	23
AT3G59780	5189
AT3G28410	0
AT3G62570	46
AT3G49040	0
AT3G26700	398
AT3G06035	354
AT3G01380	876
AT3G03410	0
AT3G22183	0
AT3G16290	3543
AT3G20390	7949
AT3G63410	9792
AT3G52730	3720
AT3G22240	794
AT3G62615	0
AT3G25890	795
AT3G58200	210
AT3G01520	2331
AT3G24542	5
AT3G53240	338
AT3G62740	128
AT3G32150	0
AT3G42830	2
AT3G54363	124
AT3G19800	1449
AT3G02660	869
AT3G24315	484
AT3G16110	694
AT3G28280	0
AT3G59670	938
AT3G02120	89
AT3G54400	4220
AT3G10040	772
AT3G22030	0
AT3G57340	998
AT3G26742	15
AT3G50760	139
AT3G58620	776
AT3G51710	67
AT3G25650	0
AT3G58210	12
AT3G06470	503
AT3G61830	336
AT3G25400	302
AT3G16550	0
AT3G24982	15
AT3G62810	2491
AT3G06560	5
AT3G05760	592
AT3G56570	262
AT3G04220	38
AT3G22790	762
AT3G10270	1336
AT3G25720	1
AT3G27025	105
AT3G27473	2
AT3G61640	796
AT3G08010	682
AT3G15740	5
AT3G62250	12003
AT3G47650	3362
AT3G01760	3
AT3G28970	552
AT3G54800	4
AT3G45280	18
AT3G08770	1937
AT3G32280	0
AT3G16175	142
AT3G29380	5
AT3G28880	135
AT3G13225	682
AT3G52800	914
AT3G55490	193
AT3G43210	516
AT3G28430	454
AT3G61340	32
AT3G09220	713
AT3G57920	0
AT3G42148	0
AT3G28715	2129
AT3G05345	422
AT3G26539	50
AT3G03500	33
AT3G11490	510
AT3G06500	931
AT3G02620	324
AT3G56500	7
AT3G51290	176
AT3G31910	0
AT3G48050	1388
AT3G48835	175
AT3G13480	419
AT3G10815	17
AT3G16200	579
AT3G20555	0
AT3G51250	1131
AT3G06550	1697
AT3G18940	972
AT3G03140	500
AT3G59920	4853
AT3G42160	0
AT3G60390	190
AT3G57550	1574
AT3G03600	921
AT3G52105	72
AT3G19220	645
AT3G18490	5752
AT3G44235	0
AT3G15650	976
AT3G44050	474
AT3G57740	14
AT3G57220	531
AT3G48187	121
AT3G21500	8
AT3G08600	251
AT3G30200	0
AT3G61970	97
AT3G07760	661
AT3G17020	7258
AT3G59890	1091
AT3G51520	1969
AT3G07005	0
AT3G46000	2400
AT3G52430	574
AT3G11670	1608
AT3G58000	19
AT3G57330	1866
AT3G63540	13352
AT3G19720	3883
AT3G05410	316
AT3G17190	4
AT3G26085	471
AT3G60820	2428
AT3G51540	23
AT3G32200	0
AT3G53075	0
AT3G55480	1766
AT3G58585	0
AT3G07340	268
AT3G18700	0
AT3G46140	2
AT3G30430	0
AT3G02250	992
AT3G12030	0
AT3G11990	0
AT3G62720	629
AT3G46900	119
AT3G50580	0
AT3G01810	761
AT3G53740	18021
AT3G04280	0
AT3G57600	38
AT3G25940	622
AT3G20993	0
AT3G50220	115
AT3G27050	978
AT3G29200	1022
AT3G10740	1701
AT3G20230	1875
AT3G60250	1254
AT3G09000	738
AT3G06480	1009
AT3G61940	0
AT3G55800	8529
AT3G33494	0
AT3G24710	2
AT3G16460	1223
AT3G07550	395
AT3G24690	0
AT3G48660	53
AT3G26100	1057
AT3G49870	1413
AT3G50880	405
AT3G57900	13
AT3G02240	12
AT3G63350	15
AT3G63180	718
AT3G07580	85
AT3G59120	11
AT3G47410	0
AT3G50920	846
AT3G02750	2112
AT3G61350	156
AT3G59940	17
AT3G15490	0
AT3G13160	746
AT3G51480	172
AT3G61760	103
AT3G49115	0
AT3G52500	4821
AT3G48870	6717
AT3G60420	0
AT3G18090	435
AT3G09330	0
AT3G53840	51
AT3G09950	140
AT3G04940	1181
AT3G43800	1607
AT3G25830	0
AT3G27960	300
AT3G53110	3432
AT3G45500	0
AT3G59830	14
AT3G58180	1160
AT3G11030	351
AT3G27870	266
AT3G46670	0
AT3G12410	22
AT3G24450	75
AT3G26235	31
AT3G11230	607
AT3G05937	253
AT3G61570	295
AT3G27490	4
AT3G10610	1158
AT3G08680	1277
AT3G44210	0
AT3G55950	167
AT3G54980	442
AT3G18730	247
AT3G56670	0
AT3G03520	612
AT3G04650	1175
AT3G14730	354
AT3G58990	852
AT3G23980	659
AT3G03230	5
AT3G58470	671
AT3G47540	354
AT3G55450	745
AT3G09670	433
AT3G49900	244
AT3G61962	0
AT3G29785	0
AT3G13672	69
AT3G42990	0
AT3G62460	530
AT3G23240	5
AT3G26620	6
AT3G18400	180
AT3G45460	0
AT3G15351	254
AT3G58640	1441
AT3G12640	971
AT3G03710	1572
AT3G16820	0
AT3G17830	675
AT3G28345	1731
AT3G14840	1664
AT3G55740	275
AT3G46830	620
AT3G23390	4585
AT3G09380	0
AT3G08860	722
AT3G05900	0
AT3G54880	341
AT3G16620	597
AT3G45930	357
AT3G27350	675
AT3G63130	963
AT3G49730	133
AT3G23715	0
AT3G17820	4536
AT3G61300	0
AT3G59740	4
AT3G14790	611
AT3G16230	641
AT3G22410	200
AT3G52550	24
AT3G30350	48
AT3G18850	455
AT3G03820	70
AT3G12190	2
AT3G51470	139
AT3G47720	12
AT3G23145	0
AT3G51280	431
AT3G29110	2
AT3G13890	0
AT3G47680	856
AT3G25980	619
AT3G63220	287
AT3G49550	393
AT3G22160	188
AT3G49430	1641
AT3G14380	43
AT3G25910	2121
AT3G50560	47
AT3G50630	295
AT3G46470	0
AT3G09260	19759
AT3G04740	941
AT3G45851	0
AT3G51320	291
AT3G14750	243
AT3G58480	16
AT3G52150	5369
AT3G22337	0
AT3G07940	700
AT3G48040	312
AT3G42800	35
AT3G61510	0
AT3G06660	794
AT3G24290	1
AT3G62830	1798
AT3G07880	2142
AT3G21120	0
AT3G14570	480
AT3G26310	194
AT3G20040	144
AT3G05890	315
AT3G51460	1525
AT3G27390	882
AT3G07510	55
AT3G11590	1644
AT3G14900	1708
AT3G23600	7005
AT3G10780	4
AT3G46060	2253
AT3G45970	1222
AT3G14940	1453
AT3G26200	29
AT3G11773	1
AT3G56100	79
AT3G47120	569
AT3G17090	1976
AT3G56250	71
AT3G01329	6
AT3G10030	1743
AT3G04854	25
AT3G14520	0
AT3G03570	421
AT3G03640	2355
AT3G42170	840
AT3G28620	37
AT3G15120	793
AT3G15880	1419
AT3G08950	703
AT3G07190	300
AT3G62170	11
AT3G54580	2149
AT3G62950	0
AT3G58270	616
AT3G26570	3211
AT3G51642	28
AT3G54020	216
AT3G54840	1317
AT3G07090	2350
AT3G62680	295
AT3G12800	4351
AT3G25870	488
AT3G17980	27
AT3G44766	0
AT3G45050	982
AT3G50020	0
AT3G12620	1195
AT3G05850	566
AT3G14560	284
AT3G09860	6198
AT3G59280	1706
AT3G28150	143
AT3G10540	431
AT3G28050	2348
AT3G15240	96
AT3G11400	4766
AT3G53460	18201
AT3G48980	138
AT3G01324	0
AT3G43505	0
AT3G59680	221
AT3G43083	0
AT3G53210	282
AT3G19610	0
AT3G10290	48
AT3G28810	2
AT3G03960	3810
AT3G47940	234
AT3G50430	284
AT3G05770	19
AT3G17180	1
AT3G02210	279
AT3G48250	488
AT3G57700	0
AT3G46580	369
AT3G01910	5058
AT3G15760	70
AT3G61898	127
AT3G25480	1197
AT3G59970	4135
AT3G50500	3198
AT3G58400	0
AT3G44290	10
AT3G17712	139
AT3G52640	839
AT3G25850	0
AT3G21990	0
AT3G04080	1127
AT3G18370	1160
AT3G46230	9343
AT3G09180	384
AT3G50700	527
AT3G47340	76
AT3G23685	0
AT3G15170	17
AT3G08580	39741
AT3G44620	1628
AT3G51310	1202
AT3G18720	14
AT3G13790	1781
AT3G53420	19631
AT3G50060	525
AT3G04060	149
AT3G01311	21
AT3G23430	938
AT3G48230	1
AT3G59540	5892
AT3G13650	609
AT3G54850	674
AT3G45170	0
AT3G04550	3307
AT3G50440	2155
AT3G61290	0
AT3G48360	1040
AT3G48310	1088
AT3G32410	0
AT3G16750	205
AT3G02180	1623
AT3G63093	0
AT3G14395	35
AT3G63530	405
AT3G11310	1
AT3G19615	0
AT3G53140	0
AT3G46590	1065
AT3G05730	1294
AT3G62870	14345
AT3G48100	172
AT3G07350	442
AT3G11510	6316
AT3G27040	7
AT3G18715	9
AT3G05180	843
AT3G15040	333
AT3G51830	632
AT3G22770	1
AT3G06320	1551
AT3G57850	0
AT3G20015	450
AT3G24160	4949
AT3G61710	648
AT3G52510	3
AT3G13380	509
AT3G61140	2333
AT3G09830	399
AT3G13040	1157
AT3G09430	76
AT3G14650	2545
AT3G03847	0
AT3G14270	1344
AT3G06250	528
AT3G29033	0
AT3G23800	217
AT3G44006	0
AT3G15410	827
AT3G56480	805
AT3G10195	0
AT3G09720	904
AT3G49530	793
AT3G21060	717
AT3G57140	207
AT3G10380	2257
AT3G15130	220
AT3G24670	399
AT3G13845	369
AT3G59320	64
AT3G61740	369
AT3G57830	325
AT3G29160	802
AT3G42950	536
AT3G11940	9747
AT3G49440	0
AT3G44700	21
AT3G54240	1
AT3G28570	15
AT3G15220	676
AT3G47170	0
AT3G50530	1072
AT3G47930	1120
AT3G50340	590
AT3G49540	14
AT3G54010	1170
AT3G04000	490
AT3G02810	5
AT3G02730	2285
AT3G27230	2176
AT3G43590	709
AT3G23320	4
AT3G12580	17213
AT3G57670	84
AT3G16240	6311
AT3G55720	61
AT3G49820	16
AT3G18240	1010
AT3G04630	1741
AT3G12470	0
AT3G26120	2
AT3G14890	494
AT3G09770	1045
AT3G07720	546
AT3G29645	18
AT3G17910	531
AT3G52260	289
AT3G06400	3919
AT3G45275	0
AT3G46700	136
AT3G18250	70
AT3G01500	31723
AT3G16930	1
AT3G27320	418
AT3G52900	936
AT3G54740	340
AT3G17225	54
AT3G29670	149
AT3G28170	5
AT3G49140	2622
AT3G26110	6
AT3G20000	2197
AT3G50950	1324
AT3G10560	13
AT3G19180	606
AT3G15356	491
AT3G27180	859
AT3G23605	285
AT3G50770	226
AT3G49330	21
AT3G01390	4844
AT3G60350	1090
AT3G23900	990
AT3G15750	164
AT3G23970	35
AT3G50590	1054
AT3G44580	60
AT3G01020	3
AT3G15420	127
AT3G57590	280
AT3G03773	466
AT3G49130	122
AT3G48120	195
AT3G16350	328
AT3G20110	91
AT3G55280	2033
AT3G66652	594
AT3G17890	256
AT3G14680	747
AT3G26060	7722
AT3G06760	516
AT3G53540	990
AT3G49950	32
AT3G21260	301
AT3G55590	2
AT3G19430	277
AT3G09200	16320
AT3G04360	29
AT3G12920	329
AT3G57950	42
AT3G58420	0
AT3G49360	422
AT3G15840	4529
AT3G25670	17
AT3G50000	3607
AT3G01660	201
AT3G59150	237
AT3G20910	334
AT3G07980	320
AT3G30842	6
AT3G55140	750
AT3G18130	1890
AT3G21680	96
AT3G06730	853
AT3G47620	1657
AT3G57980	229
AT3G58390	0
AT3G20970	641
AT3G58440	1
AT3G25190	71
AT3G29830	0
AT3G54910	641
AT3G48580	86
AT3G32180	0
AT3G18770	177
AT3G21400	362
AT3G24880	392
AT3G51644	0
AT3G21465	502
AT3G52520	20
AT3G06530	1418
AT3G49250	362
AT3G07770	12045
AT3G23110	345
AT3G56410	0
AT3G60410	1049
AT3G12430	5
AT3G61630	620
AT3G20930	712
AT3G12340	554
AT3G19840	678
AT3G49055	6
AT3G28700	445
AT3G02990	186
AT3G26550	80
AT3G52050	832
AT3G51450	388
AT3G49180	561
AT3G55550	3
AT3G47610	1780
AT3G23100	339
AT3G19050	586
AT3G07060	396
AT3G09320	557
AT3G24520	0
AT3G51350	77
AT3G29080	0
AT3G57390	458
AT3G17390	12384
AT3G63255	0
AT3G27160	5749
AT3G14120	1253
AT3G23920	2172
AT3G01480	3633
AT3G11130	3533
AT3G19100	2506
AT3G45030	3017
AT3G61160	119
AT3G43980	1281
AT3G43410	0
AT3G25120	769
AT3G45610	134
AT3G13290	952
AT3G44490	0
AT3G10140	412
AT3G51660	701
AT3G61440	16161
AT3G58030	1773
AT3G43220	761
AT3G50240	416
AT3G09960	45
AT3G57300	966
AT3G46210	769
AT3G55515	19
AT3G62330	1058
AT3G26640	362
AT3G26147	1
AT3G22370	1743
AT3G18750	696
AT3G62990	27
AT3G53890	4887
AT3G05680	953
AT3G52880	18771
AT3G01260	14
AT3G59550	122
AT3G26370	1116
AT3G44960	134
AT3G45740	672
AT3G48280	382
AT3G05350	762
AT3G18550	0
AT3G11650	242
AT3G22942	263
AT3G03950	2013
AT3G23290	390
AT3G44680	519
AT3G03890	1147
AT3G29410	17
AT3G58050	824
AT3G25590	445
AT3G13740	702
AT3G19410	0
AT3G58170	955
AT3G12060	17
AT3G28600	1
AT3G50850	94
AT3G44540	227
AT3G43833	1
AT3G45300	1017
AT3G61550	293
AT3G11220	501
AT3G50180	0
AT3G07480	3831
AT3G47660	14
AT3G14130	241
AT3G12260	5278
AT3G16785	900
AT3G21940	0
AT3G17700	243
AT3G48780	1747
AT3G57630	458
AT3G30387	0
AT3G50808	0
AT3G09870	7
AT3G06170	751
AT3G07540	653
AT3G61600	1289
AT3G25597	115
AT3G54340	8
AT3G04520	1113
AT3G59220	380
AT3G14170	137
AT3G15080	512
AT3G16730	264
AT3G54650	812
AT3G42960	0
AT3G27000	400
AT3G06860	4623
AT3G24870	426
AT3G55180	0
AT3G19970	415
AT3G18518	0
AT3G11700	1956
AT3G62300	864
AT3G03480	22
AT3G48131	13
AT3G47600	228
AT3G14060	460
AT3G61680	83
AT3G10590	62
AT3G58130	216
AT3G20240	1062
AT3G02890	473
AT3G10572	796
AT3G13228	0
AT3G44990	4628
AT3G13800	370
AT3G19340	999
AT3G52060	495
AT3G53700	725
AT3G43645	0
AT3G15920	701
AT3G22345	0
AT3G19890	0
AT3G16080	6118
AT3G13310	798
AT3G49000	992
AT3G48940	7
AT3G41762	349
AT3G56720	1751
AT3G20120	424
AT3G19370	1289
AT3G53750	492
AT3G10050	1386
AT3G13640	33
AT3G12500	1768
AT3G21910	0
AT3G61540	526
AT3G52920	831
AT3G30770	26
AT3G20520	33
AT3G63110	344
AT3G12120	28100
AT3G10860	16840
AT3G30725	128
AT3G23530	1116
AT3G17730	33
AT3G23122	0
AT3G16432	0
AT3G42565	0
AT3G12550	320
AT3G08660	50
AT3G17350	245
AT3G54210	10169
AT3G55050	422
AT3G10430	3
AT3G06430	1857
AT3G12530	266
AT3G11920	2
AT3G59900	241
AT3G24010	439
AT3G14280	83
AT3G11890	541
AT3G04130	427
AT3G11580	429
AT3G19200	36
AT3G21290	503
AT3G28155	22
AT3G27415	1
AT3G12230	7
AT3G56050	1446
AT3G21420	531
AT3G14390	2226
AT3G24929	33
AT3G12250	329
AT3G29740	0
AT3G23680	0
AT3G45470	0
AT3G21825	0
AT3G04540	0
AT3G62510	12
AT3G23633	0
AT3G62640	0
AT3G23150	1206
AT3G59380	1687
AT3G06880	497
AT3G55700	42
AT3G02010	0
AT3G47350	1695
AT3G53310	115
AT3G26080	275
AT3G17261	0
AT3G26350	94
AT3G56120	547
AT3G22720	0
AT3G60150	182
AT3G57240	44
AT3G19035	0
AT3G03130	511
AT3G49740	0
AT3G14230	4157
AT3G60970	2
AT3G12690	315
AT3G47220	10
AT3G26010	6
AT3G19530	3
AT3G12890	12
AT3G45870	74
AT3G52380	6148
AT3G16150	49
AT3G52480	83
AT3G25740	300
AT3G22180	314
AT3G25265	0
AT3G05390	59
AT3G54720	652
AT3G15000	10061
AT3G05860	14
AT3G16250	1204
AT3G20130	141
AT3G20490	355
AT3G01640	585
AT3G13390	1
AT3G01327	0
AT3G13850	35
AT3G03030	222
AT3G62060	592
AT3G22845	2628
AT3G24513	0
AT3G02340	383
AT3G57130	29
AT3G59580	140
AT3G24750	32
AT3G45180	4
AT3G45880	99
AT3G05310	0
AT3G43110	48
AT3G43430	180
AT3G06280	0
AT3G01330	343
AT3G47295	91
AT3G48600	176
AT3G26920	514
AT3G57690	23
AT3G15780	127
AT3G63080	766
AT3G22310	3477
AT3G28690	2186
AT3G60500	1141
AT3G19553	401
AT3G15390	194
AT3G58160	461
AT3G60260	478
AT3G45750	262
AT3G24000	549
AT3G01400	231
AT3G46260	0
AT3G29250	258
AT3G52470	2153
AT3G62260	251
AT3G47850	740
AT3G56770	52
AT3G09570	967
AT3G30280	0
AT3G25780	402
AT3G53130	946
AT3G24715	158
AT3G53010	22
AT3G21000	27
AT3G42995	0
AT3G25810	0
AT3G61890	247
AT3G16890	288
AT3G26220	451
AT3G60020	0
AT3G13020	110
AT3G49080	1278
AT3G48070	1692
AT3G15690	749
AT3G55790	0
AT3G21300	1185
AT3G59100	1194
AT3G04380	353
AT3G62110	841
AT3G06340	588
AT3G26600	583
AT3G59450	34
AT3G17860	106
AT3G19508	497
AT3G19270	547
AT3G61720	2
AT3G07140	1688
AT3G60490	79
AT3G56750	713
AT3G25110	692
AT3G24210	23
AT3G14300	1
AT3G04430	0
AT3G07560	2976
AT3G27280	4611
AT3G46370	91
AT3G48390	146
AT3G19010	1461
AT3G59840	1979
AT3G53680	208
AT3G02520	2246
AT3G55360	1366
AT3G61080	537
AT3G45850	831
AT3G23740	269
AT3G49725	905
AT3G25820	0
AT3G48170	4782
AT3G16690	29
AT3G61620	750
AT3G44703	0
AT3G14910	338
AT3G11390	8
AT3G14460	63
AT3G18773	92
AT3G04020	330
AT3G07640	998
AT3G18280	3143
AT3G56950	619
AT3G06545	7
AT3G58900	455
AT3G14075	716
AT3G48475	0
AT3G07120	39
AT3G55040	1020
AT3G62590	170
AT3G19820	10530
AT3G22230	8694
AT3G24080	2038
AT3G57040	501
AT3G18380	505
AT3G05810	1906
AT3G22350	0
AT3G05620	220
AT3G03150	879
AT3G21280	241
AT3G27185	0
AT3G15800	107
AT3G02090	10912
AT3G26115	361
AT3G26890	1092
AT3G42140	0
AT3G62350	0
AT3G20800	663
AT3G18440	1158
AT3G60650	17
AT3G50980	2
AT3G48344	2
AT3G20557	1
AT3G13170	64
AT3G55080	574
AT3G48640	14
AT3G28840	125
AT3G22990	760
AT3G45310	1821
AT3G23480	5
AT3G28830	14
AT3G01960	7
AT3G09370	498
AT3G18990	817
AT3G23420	0
AT3G56880	1140
AT3G59660	996
AT3G59820	4829
AT3G03720	860
AT3G49880	386
AT3G27980	0
AT3G12520	859
AT3G48210	614
AT3G61850	238
AT3G15580	1629
AT3G19580	101
AT3G04260	1696
AT3G01650	472
AT3G22260	211
AT3G25970	119
AT3G08610	6881
AT3G26460	86
AT3G07180	946
AT3G24590	1121
AT3G43180	0
AT3G46616	6
AT3G14350	1543
AT3G16010	447
AT3G55650	4
AT3G13784	718
AT3G56370	1406
AT3G27520	287
AT3G10240	0
AT3G47460	145
AT3G28130	394
AT3G59690	24
AT3G15670	23
AT3G02060	1781
AT3G04690	203
AT3G03930	13
AT3G01600	650
AT3G18650	0
AT3G47550	701
AT3G03320	394
AT3G07670	665
AT3G46510	1230
AT3G11530	738
AT3G21351	217
AT3G13150	505
AT3G58060	8
AT3G19560	0
AT3G55000	677
AT3G28875	25
AT3G10020	4688
AT3G55840	41
AT3G07610	531
AT3G55780	1
AT3G11370	16
AT3G42550	0
AT3G14710	12
AT3G29240	3347
AT3G01890	414
AT3G45130	5
AT3G26650	41678
AT3G55880	119
AT3G54150	37
AT3G30775	954
AT3G13062	1202
AT3G25530	1260
AT3G25014	0
AT3G47450	2110
AT3G21640	463
AT3G01900	34
AT3G15520	822
AT3G10900	0
AT3G13070	1877
AT3G07930	213
AT3G11800	798
AT3G19540	910
AT3G16720	489
AT3G15300	196
AT3G19650	644
AT3G20080	386
AT3G29400	318
AT3G62880	634
AT3G56610	0
AT3G24575	1
AT3G47960	1494
AT3G60370	1159
AT3G01830	2
AT3G22490	0
AT3G04545	0
AT3G29630	69
AT3G07000	75
AT3G47500	654
AT3G02840	26
AT3G29637	29
AT3G02030	268
AT3G01513	19
AT3G08520	4883
AT3G25550	3
AT3G21600	385
AT3G52710	661
AT3G47200	51
AT3G20395	76
AT3G15518	10
AT3G45240	1225
AT3G49760	23
AT3G02510	645
AT3G15870	0
AT3G24600	10
AT3G62600	5639
AT3G17280	77
AT3G07750	913
AT3G05970	1475
AT3G53550	0
AT3G04460	846
AT3G55566	2
AT3G16040	13
AT3G13050	387
AT3G16910	1598
AT3G28040	940
AT3G26800	5
AT3G16360	507
AT3G03760	1
AT3G28470	3
AT3G61182	0
AT3G60440	503
AT3G02360	4736
AT3G45680	160
AT3G43870	0
AT3G43700	336
AT3G52280	710
AT3G04310	212
AT3G06870	0
AT3G50685	1771
AT3G57180	874
AT3G62970	429
AT3G12590	479
AT3G63240	162
AT3G05520	1452
AT3G63340	1050
AT3G52210	385
AT3G56490	2487
AT3G28230	13
AT3G15352	294
AT3G25930	102
AT3G16120	6
AT3G54780	138
AT3G48730	6116
AT3G43790	166
AT3G62190	1220
AT3G11290	753
AT3G48060	573
AT3G54620	1615
AT3G51730	1848
AT3G51620	666
AT3G23080	1204
AT3G09930	1
AT3G54490	1
AT3G28455	241
AT3G23540	698
AT3G48080	48
AT3G55920	308
AT3G52080	1
AT3G13770	46
AT3G53720	236
AT3G48990	4558
AT3G19290	830
AT3G57500	36
AT3G17080	0
AT3G61829	0
AT3G48790	37
AT3G20650	430
AT3G25290	609
AT3G22150	1502
AT3G24020	17
AT3G19690	1
AT3G08790	0
AT3G07860	811
AT3G44690	303
AT3G21700	291
AT3G17155	0
AT3G50420	169
AT3G01015	20
AT3G28120	0
AT3G30260	0
AT3G26720	1448
AT3G01100	1168
AT3G10585	1
AT3G12740	1121
AT3G11260	100
AT3G09540	315
AT3G20350	701
AT3G04210	862
AT3G49720	2098
AT3G25710	233
AT3G59910	1802
AT3G47520	2377
AT3G13075	0
AT3G13320	984
AT3G23700	1769
AT3G47770	2
AT3G14540	8
AT3G16565	337
AT3G29255	0
AT3G13950	39
AT3G42060	1
AT3G16880	0
AT3G09035	387
AT3G15070	295
AT3G07010	340
AT3G45710	46
AT3G61660	12
AT3G17580	23
AT3G14090	340
AT3G49940	2053
AT3G27890	1182
AT3G19510	664
AT3G11710	6985
AT3G24220	0
AT3G20740	714
AT3G54660	3191
AT3G15400	109
AT3G06010	1339
AT3G22020	1
AT3G63430	107
AT3G14140	26
AT3G55960	753
AT3G21295	343
AT3G57610	2740
AT3G19085	0
AT3G03790	1109
AT3G10000	39
AT3G13590	161
AT3G23870	37
AT3G28660	254
AT3G25900	601
AT3G50845	46
AT3G44405	16
AT3G50300	246
AT3G29260	0
AT3G20960	227
AT3G45830	510
AT3G23120	167
AT3G60050	421
AT3G18160	447
AT3G16160	20
AT3G06260	12
AT3G27710	17
AT3G08920	943
AT3G47050	12
AT3G55400	1691
AT3G61028	13
AT3G11770	548
AT3G20420	109
AT3G46980	531
AT3G28650	65
AT3G22830	48
AT3G09710	121
AT3G44730	260
AT3G17205	1090
AT3G50780	460
AT3G23360	1
AT3G10527	0
AT3G25140	2585
AT3G14440	98
AT3G04443	0
AT3G44261	0
AT3G13230	1631
AT3G60180	229
AT3G12545	3
AT3G51040	325
AT3G62550	1453
AT3G27690	1795
AT3G58530	488
AT3G58780	32
AT3G24060	0
AT3G47190	4
AT3G19565	0
AT3G02630	2550
AT3G52290	247
AT3G04930	1008
AT3G15095	1856
AT3G22333	0
AT3G28180	742
AT3G06120	24
AT3G57910	423
AT3G47020	0
AT3G61111	14
AT3G55850	525
AT3G25577	11
AT3G54380	726
AT3G61860	1920
AT3G52320	0
AT3G23860	12
AT3G53950	661
AT3G16780	3720
AT3G27290	69
AT3G55260	568
AT3G15510	278
AT3G19670	1315
AT3G01290	840
AT3G02140	183
AT3G49510	64
AT3G50130	12
AT3G11980	1
AT3G11500	776
AT3G13990	952
AT3G05290	946
AT3G01323	0
AT3G57650	2568
AT3G28925	3
AT3G19090	32
AT3G44800	21
AT3G47830	79
AT3G14100	5968
AT3G04900	0
AT3G55410	4330
AT3G56780	17
AT3G60660	212
AT3G43300	1929
AT3G01620	2
AT3G57210	7
AT3G09210	2142
AT3G56830	146
AT3G48860	817
AT3G13700	0
AT3G46270	46
AT3G09980	1693
AT3G01510	605
AT3G18460	3
AT3G22540	26
AT3G15604	0
AT3G12760	3094
AT3G18120	0
AT3G10940	1628
AT3G55940	83
AT3G53600	4
AT3G05741	0
AT3G13224	1047
AT3G19900	1256
AT3G22070	0
AT3G63020	3
AT3G61177	0
AT3G19595	0
AT3G46130	167
AT3G09490	143
AT3G49460	0
AT3G12870	163
AT3G53810	201
AT3G23167	2
AT3G52010	1
AT3G02255	0
AT3G05980	71
AT3G20020	459
AT3G60690	435
AT3G52530	22
AT3G08850	1524
AT3G49845	10
AT3G23340	609
AT3G28740	1106
AT3G51130	758
AT3G06650	2950
AT3G26900	3249
AT3G06780	143
AT3G59000	332
AT3G05260	6
AT3G43950	0
AT3G12400	575
AT3G09250	763
AT3G30823	0
AT3G54520	3
AT3G45443	284
AT3G29590	274
AT3G01700	8
AT3G10300	879
AT3G59850	33
AT3G51640	937
AT3G26430	12
AT3G03240	7
AT3G28940	3903
AT3G16450	1966
AT3G27110	458
AT3G19380	300
AT3G45980	1010
AT3G63490	7817
AT3G61950	105
AT3G44870	0
AT3G43500	0
AT3G52941	0
AT3G22760	632
AT3G53630	4363
AT3G18420	2177
AT3G06850	679
AT3G46660	0
AT3G62700	1696
AT3G47570	469
AT3G57720	108
AT3G26420	1
AT3G54480	1893
AT3G58510	2314
AT3G28140	433
AT3G01420	9956
AT3G44480	1301
AT3G08760	583
AT3G07195	18
AT3G14220	1097
AT3G20410	1219
AT3G62340	0
AT3G20730	22
AT3G49305	0
AT3G04300	15
AT3G47820	193
AT3G06110	585
AT3G48800	360
AT3G19130	2542
AT3G48400	0
AT3G25460	0
AT3G11070	1497
AT3G23230	0
AT3G05920	98
AT3G29560	1
AT3G03010	489
AT3G57890	1606
AT3G55680	0
AT3G27730	121
AT3G54280	1092
AT3G29763	0
AT3G14660	3815
AT3G06620	989
AT3G06840	77
AT3G03510	2
AT3G14370	56
AT3G50520	914
AT3G25580	654
AT3G51380	33
AT3G05570	453
AT3G59640	294
AT3G27660	54
AT3G27835	0
AT3G26730	1362
AT3G24225	4
AT3G12200	934
AT3G62280	27
AT3G45510	0
AT3G58980	112
AT3G23955	3
AT3G56300	102
AT3G05740	161
AT3G29350	959
AT3G09760	410
AT3G45430	50
AT3G50720	3
AT3G09030	439
AT3G62310	1954
AT3G60590	320
AT3G53070	0
AT3G22110	3231
AT3G08800	202
AT3G14420	26437
AT3G62840	4364
AT3G13970	121
AT3G50790	535
AT3G09510	0
AT3G58740	0
AT3G51500	534
AT3G15359	0
AT3G10670	2491
AT3G62760	14
AT3G46870	338
AT3G55250	1705
AT3G14960	414
AT3G24740	665
AT3G46690	76
AT3G49340	1
AT3G21410	0
AT3G61590	307
AT3G62790	2563
AT3G04140	273
AT3G23172	0
AT3G10986	23
AT3G55910	24
AT3G03100	6125
AT3G52420	630
AT3G20360	3
AT3G10113	5
AT3G49160	164
AT3G21650	460
AT3G18980	598
AT3G46640	2904
AT3G21430	494
AT3G57840	0
AT3G17668	311
AT3G16340	581
AT3G62290	16208
AT3G03330	1082
AT3G51080	163
AT3G54420	146
AT3G63215	0
AT3G04950	313
AT3G25240	149
AT3G17480	0
AT3G56150	7320
AT3G53260	3084
AT3G13450	909
AT3G13570	868
AT3G43840	25
AT3G54610	437
AT3G09080	51
AT3G59260	1
AT3G03590	120
AT3G26380	654
AT3G30300	995
AT3G11020	75
AT3G26960	487
AT3G04660	18
AT3G06790	1046
AT3G20780	439
AT3G11820	404
AT3G60966	22
AT3G05580	501
AT3G56560	0
AT3G02440	0
AT3G50010	147
AT3G58877	0
AT3G05440	0
AT3G59710	31
AT3G19590	521
AT3G12350	554
AT3G20630	1772
AT3G17250	384
AT3G12820	28
AT3G53200	44
AT3G56980	215
AT3G59455	0
AT3G27820	4747
AT3G53390	677
AT3G08880	284
AT3G25620	59
AT3G59440	0
AT3G24420	20
AT3G47290	1452
AT3G03420	1273
AT3G11930	1948
AT3G54470	2709
AT3G55935	3
AT3G56930	413
AT3G26050	80
AT3G61610	296
AT3G51770	794
AT3G16050	1202
AT3G44120	174
AT3G47380	6
AT3G05975	0
AT3G54860	724
AT3G16770	9499
AT3G46540	2013
AT3G61270	213
AT3G05800	337
AT3G25560	438
AT3G44880	1380
AT3G24900	6
AT3G17210	2764
AT3G15260	1023
AT3G18295	200
AT3G60080	670
AT3G55320	520
AT3G55310	1
AT3G52440	2
AT3G58690	433
AT3G07200	255
AT3G02190	825
AT3G27910	1
AT3G62020	532
AT3G51720	362
AT3G44020	473
AT3G21660	47
AT3G56440	145
AT3G48209	0
AT3G57465	5
AT3G32930	1649
AT3G59350	1291
AT3G21140	858
AT3G05510	319
AT3G30165	0
AT3G44860	23
AT3G56580	469
AT3G57785	270
AT3G01150	728
AT3G47390	529
AT3G56240	3933
AT3G60740	691
AT3G13720	246
AT3G45840	20
AT3G17220	14
AT3G10630	264
AT3G27550	718
AT3G48200	2142
AT3G08840	1084
AT3G52780	67
AT3G22080	0
AT3G07370	575
AT3G28460	771
AT3G46310	0
AT3G56430	610
AT3G48970	173
AT3G56700	24
AT3G53350	187
AT3G21730	0
AT3G08947	327
AT3G44769	4
AT3G55630	682
AT3G24517	0
AT3G19910	1106
AT3G12770	27
AT3G52600	0
AT3G45093	0
AT3G49830	41
AT3G22710	0
AT3G15480	860
AT3G04960	77
AT3G13980	131
AT3G19020	256
AT3G55200	267
AT3G12420	1
AT3G52160	8
AT3G59070	2
AT3G49370	113
AT3G10800	1088
AT3G06460	8
AT3G44070	1
AT3G10420	1043
AT3G57280	1061
AT3G06510	2411
AT3G46710	15
AT3G50250	0
AT3G02245	2
AT3G44370	410
AT3G55670	0
AT3G26780	1457
AT3G24065	0
AT3G10790	0
AT3G57730	0
AT3G12160	0
AT3G08640	1931
AT3G63250	880
AT3G07520	187
AT3G56130	963
AT3G44940	205
AT3G31560	0
AT3G17970	1159
AT3G43920	274
AT3G16440	96
AT3G18100	311
AT3G12540	15
AT3G58300	0
AT3G44010	7639
AT3G16990	417
AT3G10750	4
AT3G05725	0
AT3G50540	1
AT3G47040	15
AT3G03910	1
AT3G12630	3422
AT3G25920	14911
AT3G52075	0
AT3G13240	120
AT3G50100	166
AT3G21590	0
AT3G04450	206
AT3G12560	669
AT3G02870	2074
AT3G01780	1192
AT3G61030	0
AT3G12950	1023
AT3G60280	15
AT3G30247	0
AT3G51560	9
AT3G25150	2641
AT3G57090	1036
AT3G51060	52
AT3G48850	16
AT3G01920	432
AT3G58500	3475
AT3G23440	22
AT3G24630	81
AT3G01200	124
AT3G59790	5
AT3G18360	14
AT3G07590	753
AT3G57870	5694
AT3G25760	784
AT3G46550	787
AT3G09880	621
AT3G11910	1585
AT3G25020	257
AT3G21570	0
AT3G16900	13
AT3G52560	1992
AT3G21790	1160
AT3G44435	0
AT3G62080	395
AT3G27495	0
AT3G13662	0
AT3G03870	158
AT3G59050	972
AT3G17270	1
AT3G44330	2661
AT3G25080	1
AT3G56530	0
AT3G48150	575
AT3G08490	11
AT3G21950	17
AT3G52390	530
AT3G13520	4630
AT3G62650	1394
AT3G44310	99196
AT3G56810	195
AT3G20860	346
AT3G22057	1
AT3G48110	1514
AT3G27470	830
AT3G60140	101
AT3G29320	13347
AT3G04810	816
AT3G57420	663
AT3G54550	4
AT3G44635	0
AT3G55150	52
AT3G47430	1090
AT3G16090	442
AT3G52525	58
AT3G06990	72
AT3G13430	294
AT3G06350	2147
AT3G48950	0
AT3G09600	205
AT3G18500	276
AT3G12860	939
AT3G04030	120
AT3G17500	0
AT3G49410	273
AT3G24330	0
AT3G50550	576
AT3G31950	0
AT3G45140	19727
AT3G49551	24
AT3G29796	0
AT3G18020	250
AT3G27920	6
AT3G45640	785
AT3G20150	510
AT3G52020	0
AT3G49060	470
AT3G23330	224
AT3G48340	717
AT3G07690	427
AT3G05590	23176
AT3G21150	74
AT3G17170	2062
AT3G10970	1891
AT3G57230	388
AT3G50400	65
AT3G10180	118
AT3G56310	2636
AT3G15830	8
AT3G04820	666
AT3G15280	3
AT3G24770	1043
AT3G56710	161
AT3G18870	223
AT3G03270	10415
AT3G21540	955
AT3G54590	1285
AT3G48298	0
AT3G27100	639
AT3G29070	0
AT3G44704	0
AT3G57710	343
AT3G04610	1774
AT3G57070	356
AT3G01610	819
AT3G22690	191
AT3G21370	2
AT3G57190	698
AT3G15250	3
AT3G24700	0
AT3G05540	0
AT3G32130	0
AT3G28750	32
AT3G44110	14667
AT3G12880	1
AT3G46790	863
AT3G03350	102
AT3G50870	14
AT3G08510	3152
AT3G49150	2
AT3G59590	0
AT3G13437	71
AT3G43970	19
AT3G61050	2260
AT3G28780	3
AT3G58590	179
AT3G48020	44
AT3G51910	53
AT3G06890	38
AT3G26020	657
AT3G09990	0
AT3G28950	490
AT3G05960	0
AT3G27090	7290
AT3G57510	3
AT3G59570	99
AT3G02230	2485
AT3G61170	84
AT3G20760	0
AT3G61870	3865
AT3G06040	1304
AT3G62450	1006
AT3G07970	12
AT3G08700	38
AT3G59870	582
AT3G16430	109
AT3G20950	0
AT3G54870	64
AT3G32330	0
AT3G23310	721
AT3G28320	5
AT3G03850	35
AT3G09150	452
AT3G15360	6329
AT3G14990	4712
AT3G51400	122
AT3G19920	16
AT3G53860	102
AT3G15910	0
AT3G51010	1724
AT3G04184	27
AT3G55100	2
AT3G42725	51
AT3G10010	277
AT3G62890	157
AT3G28670	670
AT3G03000	89
AT3G47210	35
AT3G17670	102
AT3G05450	3
AT3G55420	553
AT3G05010	248
AT3G46220	520
AT3G50810	99
AT3G23940	5055
AT3G28420	105
AT3G45920	0
AT3G02910	0
AT3G22420	557
AT3G05880	2583
AT3G61920	83
AT3G44970	962
AT3G02242	2
AT3G23270	1
AT3G07680	2157
AT3G57400	1020
AT3G09660	234
AT3G20670	1145
AT3G23630	55
AT3G22100	43
AT3G52090	2258
AT3G25700	431
AT3G21055	14828
AT3G22235	182
AT3G28922	0
AT3G23060	9
AT3G21620	0
AT3G03280	29
AT3G29638	68
AT3G61780	1271
AT3G29760	413
AT3G01680	696
AT3G62140	395
AT3G49470	2102
AT3G60990	0
AT3G29720	0
AT3G08030	4257
AT3G48810	251
AT3G59845	0
AT3G44430	497
AT3G03860	894
AT3G45252	0
AT3G13065	89
AT3G02050	2099
AT3G56470	42
AT3G24340	120
AT3G20030	0
AT3G48220	0
AT3G18200	51
AT3G62630	553
AT3G52980	0
AT3G58840	955
AT3G10985	2127
AT3G18780	5185
AT3G59030	0
AT3G48550	121
AT3G54030	694
AT3G22425	438
AT3G47480	157
AT3G44220	59
AT3G07030	1362
AT3G28910	553
AT3G42860	363
AT3G26782	328
AT3G24270	0
AT3G13227	7
AT3G09405	78
AT3G05050	1043
AT3G62010	1844
AT3G22900	83
AT3G46150	38
AT3G10760	420
AT3G27540	218
AT3G23580	1542
AT3G55677	0
AT3G14970	0
AT3G52960	5652
AT3G52070	0
AT3G16650	612
AT3G03120	400
AT3G13870	2564
AT3G60030	1452
AT3G14010	1366
AT3G16117	0
AT3G29810	1086
AT3G46613	0
AT3G29690	0
AT3G25545	508
AT3G23255	172
AT3G06370	186
AT3G30805	0
AT3G26932	121
AT3G54460	1555
AT3G24510	1
AT3G59990	3341
AT3G47400	132
AT3G61500	1
AT3G19330	97
AT3G24240	430
AT3G06290	664
AT3G19600	0
AT3G50740	4357
AT3G58310	0
AT3G13410	5668
AT3G42570	3
AT3G32030	9
AT3G52360	342
AT3G48900	120
AT3G17040	2855
AT3G17010	4
AT3G59160	0
AT3G57560	831
AT3G51190	11
AT3G19400	389
AT3G53770	0
AT3G01331	0
AT3G11720	361
AT3G26130	62
AT3G02885	116
AT3G45940	13
AT3G16530	480
AT3G22565	15
AT3G21980	0
AT3G13340	1282
AT3G20620	366
AT3G07570	336
AT3G15370	10
AT3G55605	576
AT3G08636	1
AT3G54140	775
AT3G02720	1571
AT3G43153	0
AT3G23010	14
AT3G62390	244
AT3G45560	0
AT3G53640	1
AT3G46720	153
AT3G27640	72
AT3G01240	3
AT3G26180	1885
AT3G07565	649
AT3G10360	533
AT3G21610	494
AT3G56320	223
AT3G12610	857
AT3G22800	325
AT3G18680	4126
AT3G13830	1
AT3G57540	202
AT3G27770	1982
AT3G17640	224
AT3G53960	145
AT3G61770	730
AT3G02460	446
AT3G55240	1563
AT3G06200	714
AT3G22935	0
AT3G46360	0
AT3G49200	0
AT3G45590	209
AT3G60940	45
AT3G20870	1034
AT3G03580	368
AT3G63088	30
AT3G57990	1083
AT3G25520	19035
AT3G46020	90
AT3G23490	2455
AT3G09400	8
AT3G22960	4474
AT3G10690	1639
AT3G30305	14
AT3G48590	361
AT3G60760	0
AT3G19240	1213
AT3G18390	5822
AT3G54050	12428
AT3G54450	1
AT3G29770	235
AT3G61230	0
AT3G10650	1459
AT3G06640	15
AT3G04070	445
AT3G23220	0
AT3G13200	2077
AT3G07870	413
AT3G13920	7465
AT3G59600	1513
AT3G10930	104
AT3G28450	433
AT3G08900	0
AT3G61900	25
AT3G61470	63346
AT3G12380	573
AT3G46050	1
AT3G51325	28
AT3G49600	838
AT3G18485	23
AT3G10500	527
AT3G18230	513
AT3G10080	548
AT3G45330	12
AT3G60850	434
AT3G25040	1518
AT3G45620	1016
AT3G17550	0
AT3G46320	204
AT3G49645	366
AT3G22125	0
AT3G54350	1015
AT3G43574	0
AT3G13470	53377
AT3G51820	2440
AT3G03440	166
AT3G32160	0
AT3G15140	685
AT3G12320	312
AT3G30530	7
AT3G58680	6918
AT3G52660	977
AT3G46480	0
AT3G52740	415
AT3G49601	2132
AT3G60130	729
AT3G29680	160
AT3G46200	254
AT3G24180	1434
AT3G04670	1472
AT3G02690	1735
AT3G17750	749
AT3G15534	17
AT3G42390	0
AT3G24840	369
AT3G45790	4
AT3G44740	175
AT3G02490	464
AT3G14340	0
AT3G44980	0
AT3G46400	0
AT3G63230	0
AT3G15790	275
AT3G15357	501
AT3G25270	0
AT3G13674	80
AT3G23350	0
AT3G63450	258
AT3G48420	4241
AT3G05727	788
AT3G09530	2
AT3G51950	2524
AT3G19300	156
AT3G07160	2318
AT3G19620	226
AT3G06020	86
AT3G62930	41
AT3G01710	455
AT3G49350	541
AT3G01800	917
AT3G57000	2268
AT3G58220	619
AT3G52570	294
AT3G09055	4
AT3G60110	275
AT3G51740	262
AT3G51390	530
AT3G14452	2
AT3G61380	296
AT3G58940	206
AT3G02170	733
AT3G05500	776
AT3G58570	1775
AT3G58790	220
AT3G60900	148
AT3G44240	0
AT3G52620	12
AT3G05870	330
AT3G18670	26
AT3G04770	1038
AT3G03776	13
AT3G26855	10
AT3G47730	1403
AT3G44630	670
AT3G27580	477
AT3G43260	0
AT3G06270	491
AT3G17120	667
AT3G18957	0
AT3G21770	2911
AT3G24050	1759
AT3G04903	0
AT3G43960	392
AT3G25960	0
AT3G53400	459
AT3G45110	0
AT3G59700	134
AT3G26830	328
AT3G50570	42
AT3G23930	179
AT3G52790	55
AT3G56890	52
AT3G60328	0
AT3G53020	12210
AT3G55530	596
AT3G02070	324
AT3G29152	0
AT3G23300	2092
AT3G17717	134
AT3G22300	557
AT3G55640	320
AT3G18060	2212
AT3G54170	674
AT3G20450	50
AT3G53060	0
AT3G49320	1329
AT3G51650	703
AT3G54130	479
AT3G47910	2326
AT3G22700	18
AT3G53305	0
AT3G08670	469
AT3G19310	9
AT3G26410	738
AT3G04170	2
AT3G09810	1258
AT3G53980	2292
AT3G08910	685
AT3G53870	8860
AT3G01560	760
AT3G43503	0
AT3G62320	4
AT3G60460	0
AT3G04880	804
AT3G51895	435
AT3G10510	40
AT3G60360	1236
AT3G56340	7331
AT3G60720	162
AT3G46100	976
AT3G54230	1143
AT3G57270	0
AT3G29020	1
AT3G48930	8693
AT3G07290	178
AT3G04190	0
AT3G24535	25
AT3G07600	13
AT3G27510	86
AT3G60700	7
AT3G48750	1104
AT3G07500	171
AT3G25165	1
AT3G09800	299
AT3G23960	0
AT3G29455	0
AT3G49980	10
AT3G45570	1
AT3G21320	3
AT3G62070	154
AT3G17590	672
AT3G60270	0
AT3G20050	5491
AT3G20610	1
AT3G58580	754
AT3G17465	2366
AT3G09850	1992
AT3G25090	0
AT3G42940	1
AT3G20720	689
AT3G04320	43
AT3G14590	293
AT3G20880	4
AT3G25800	1848
AT3G06030	418
AT3G49840	498
AT3G16680	0
AT3G26860	2
AT3G63290	214
AT3G20070	294
AT3G30230	0
AT3G51980	876
AT3G01310	1994
AT3G14362	3
AT3G55170	3228
AT3G27430	4127
AT3G23727	0
AT3G18180	0
AT3G53232	11
AT3G04910	2635
AT3G61800	653
AT3G20370	730
AT3G27400	198
AT3G19630	640
AT3G58280	0
AT3G44485	0
AT3G22730	0
AT3G03970	217
AT3G62380	1
AT3G52940	683
AT3G53500	2741
AT3G06868	32
AT3G25860	1992
AT3G53760	386
AT3G60090	3
AT3G05330	173
AT3G26510	771
AT3G58650	438
AT3G63095	0
AT3G01326	0
AT3G11460	161
AT3G19860	1111
AT3G24560	168
AT3G16380	1
AT3G16610	51
AT3G28380	2
AT3G20160	14
AT3G20770	2545
AT3G17620	3
AT3G03360	196
AT3G58730	5047
AT3G28193	5
AT3G20210	4
AT3G14760	157
AT3G56080	698
AT3G45230	345
AT3G53342	0
AT3G28900	2005
AT3G55690	147
AT3G22980	767
AT3G01319	0
AT3G14610	411
AT3G10060	1439
AT3G49020	4
AT3G12600	1216
AT3G26740	9890
AT3G21270	323
AT3G50890	171
AT3G20100	3361
AT3G12940	159
AT3G47700	408
AT3G27785	0
AT3G07800	249
AT3G19000	844
AT3G14780	154
AT3G46930	285
AT3G21220	555
AT3G22480	796
AT3G46340	0
AT3G59180	3
AT3G01530	6
AT3G19740	1589
AT3G05420	1280
AT3G13580	3456
AT3G52300	15913
AT3G27906	759
AT3G23370	307
AT3G43670	478
AT3G52450	112
AT3G59230	4
AT3G12990	468
AT3G61310	337
AT3G25130	420
AT3G48160	96
AT3G10850	5555
AT3G12710	271
AT3G05935	0
AT3G51790	743
AT3G27070	13
AT3G60000	7
AT3G47710	3
AT3G47341	0
AT3G55540	0
AT3G50190	26
AT3G49800	887
AT3G29970	142
AT3G15890	217
AT3G24730	361
AT3G10770	1748
AT3G55110	320
AT3G44950	15
AT3G11300	0
AT3G11000	116
AT3G44150	616
AT3G61790	548
AT3G59930	35
AT3G46160	17
AT3G24514	1
AT3G23805	324
AT3G06960	651
AT3G29340	0
AT3G48030	566
AT3G47360	186
AT3G14981	0
AT3G13960	53
AT3G44530	537
AT3G25660	2286
AT3G13280	29
AT3G02080	8699
AT3G57860	762
AT3G46520	1
AT3G26270	0
AT3G63270	524
AT3G53300	0
AT3G15111	0
AT3G48960	1
AT3G60040	131
AT3G51600	17228
AT3G12345	2200
AT3G29034	257
AT3G02550	1739
AT3G07020	909
AT3G28990	0
AT3G56870	147
AT3G27831	0
AT3G18215	823
AT3G58090	217
AT3G01940	34
AT3G59360	686
AT3G56860	3441
AT3G53530	49
AT3G21390	223
AT3G61480	826
AT3G23570	1641
AT3G44790	69
AT3G17630	163
AT3G27600	2
AT3G05300	2
AT3G05380	870
AT3G10990	0
AT3G26125	0
AT3G56550	88
AT3G23123	3
AT3G28490	0
AT3G59730	2396
AT3G23760	678
AT3G17950	181
AT3G58190	0
AT3G27809	0
AT3G10600	3
AT3G59245	0
AT3G19680	774
AT3G16810	1810
AT3G55254	0
AT3G10280	6
AT3G46410	1
AT3G42050	6534
AT3G52220	1589
AT3G10890	0
AT3G29090	1320
AT3G47000	1506
AT3G17152	3
AT3G60200	226
AT3G11405	1
AT3G04050	42
AT3G51670	3226
AT3G07360	966
AT3G46080	40
AT3G47070	3783
AT3G29631	0
AT3G26320	248
AT3G12490	3445
AT3G59435	3
AT3G17800	2161
AT3G28550	2166
AT3G01790	1359
AT3G28560	2
AT3G47560	1035
AT3G59210	969
AT3G54510	23
AT3G28630	42
AT3G52810	1
AT3G07700	1976
AT3G32920	17
AT3G07100	2772
AT3G58830	662
AT3G02770	382
AT3G15820	390
AT3G19055	0
AT3G44200	558
AT3G62470	284
AT3G14530	18
AT3G45530	63
AT3G48500	3055
AT3G29300	3
AT3G44820	207
AT3G27900	0
AT3G16895	0
AT3G02370	130
AT3G20250	601
AT3G25855	40
AT3G24030	466
AT3G52680	164
AT3G10490	895
AT3G09390	28013
AT3G25510	202
AT3G43150	0
AT3G13100	201
AT3G62730	95
AT3G05370	198
AT3G47470	98140
AT3G22620	522
AT3G04780	474
AT3G44160	951
AT3G10250	329
AT3G55340	1356
AT3G53330	0
AT3G04370	15
AT3G54220	573
AT3G43570	0
AT3G02310	10
AT3G28520	0
AT3G56690	657
AT3G23710	662
AT3G30383	0
AT3G43280	0
AT3G18950	38
AT3G27940	17
AT3G60286	46
AT3G21945	0
AT3G21090	125
AT3G54090	4099
AT3G07530	107
AT3G09970	779
AT3G52905	210
AT3G53294	0
AT3G58610	14180
AT3G01961	0
AT3G61810	0
AT3G48830	470
AT3G52340	813
AT3G08020	1086
AT3G08990	140
AT3G28250	0
AT3G13930	2749
AT3G50080	366
AT3G24790	3
AT3G17360	347
AT3G02410	26
AT3G58330	0
AT3G02000	0
AT3G05190	246
AT3G19850	144
AT3G53270	469
AT3G13690	1089
AT3G11050	572
AT3G30460	65
AT3G22910	189
AT3G47690	433
AT3G24610	0
AT3G50230	25
AT3G28190	0
AT3G58860	17
AT3G25470	1727
AT3G59420	296
AT3G60330	316
AT3G46910	0
AT3G13350	1204
AT3G44660	0
AT3G57072	0
AT3G52840	1924
AT3G30739	0
AT3G25805	908
AT3G17920	390
AT3G26950	1792
AT3G24620	0
AT3G48740	2751
AT3G62530	8353
AT3G50373	0
AT3G21340	5
AT3G20180	46
AT3G15980	1566
AT3G63280	182
AT3G09280	2
AT3G10405	1577
AT3G55190	0
AT3G59060	1898
AT3G09040	206
AT3G20460	31
AT3G16370	3426
AT3G07390	1155
AT3G45910	0
AT3G01210	886
AT3G46960	655
AT3G48260	13
AT3G46565	0
AT3G18880	104
AT3G17520	53
AT3G01130	3151
AT3G01850	1027
AT3G61650	572
AT3G46280	1074
AT3G43682	0
AT3G56180	0
AT3G46040	2606
AT3G59500	743
AT3G45673	0
AT3G11325	1
AT3G53800	882
AT3G25500	538
AT3G03726	2
AT3G27325	692
AT3G15620	83
AT3G29385	0
AT3G22231	3
AT3G24530	569
AT3G22275	5
AT3G25727	0
AT3G06000	0
AT3G06820	500
AT3G44460	28
AT3G43420	0
AT3G09925	301
AT3G45150	0
AT3G17130	58
AT3G06950	688
AT3G60890	74
AT3G12180	220
AT3G24570	319
AT3G11550	75
AT3G11570	12
AT3G45890	422
AT3G48510	77
AT3G52561	11
AT3G59370	16
AT3G19360	313
AT3G45060	46
AT3G26910	364
AT3G17770	920
AT3G22520	769
AT3G62160	33
AT3G19440	463
AT3G10440	414
AT3G18260	105
AT3G13433	1
AT3G46730	23
AT3G45770	2442
AT3G48346	4
AT3G06450	1423
AT3G05625	581
AT3G01360	369
AT3G14200	991
AT3G27503	0
AT3G02220	1415
AT3G51270	1728
AT3G12840	0
AT3G51590	1
AT3G18970	226
AT3G05155	5
AT3G29635	2
AT3G47780	506
AT3G54085	5
AT3G09590	1
AT3G48610	1561
AT3G49710	209
AT3G02390	0
AT3G01090	1363
AT3G55890	58
AT3G32190	0
AT3G59390	244
AT3G58340	2
AT3G10230	1488
AT3G11200	1791
AT3G55010	1594
AT3G22436	0
AT3G55330	1212
AT3G09690	343
AT3G55500	182
AT3G05220	3862
AT3G59040	1099
AT3G46740	4316
AT3G02110	1301
AT3G52040	88
AT3G26630	627
AT3G14040	11
AT3G06680	1496
AT3G43600	1578
AT3G51440	190
AT3G17710	228
AT3G43160	0
AT3G50123	0
AT3G15440	2
AT3G62580	1836
AT3G56940	27593
AT3G15680	578
AT3G17330	630
AT3G50350	154
AT3G44850	595
AT3G56040	2881
AT3G12670	1483
AT3G20660	307
AT3G13404	14
AT3G60830	1000
AT3G02790	0
AT3G16960	0
AT3G22470	163
AT3G50030	33
AT3G45320	1
AT3G01570	39
AT3G58140	2892
AT3G51180	108
AT3G52490	159
AT3G44805	18
AT3G17760	0
AT3G56090	1456
AT3G13670	2914
AT3G42153	0
AT3G06985	4
AT3G01990	69
AT3G06490	41
AT3G26690	627
AT3G53590	1
AT3G01300	525
AT3G20840	77
AT3G55390	156
AT3G45100	738
AT3G43837	0
AT3G04350	1081
AT3G08943	1260
AT3G13110	1704
AT3G18000	2486
AT3G08000	144
AT3G07310	792
AT3G07410	963
AT3G22170	2127
AT3G23245	0
AT3G44710	1
AT3G56650	378
AT3G28635	27
AT3G15353	9716
AT3G04480	961
AT3G03880	492
AT3G15354	923
AT3G06230	0
AT3G01590	1002
AT3G60540	121
AT3G60320	1352
AT3G20540	2041
AT3G03370	130
AT3G55220	314
AT3G08505	244
AT3G61040	0
AT3G22670	0
AT3G25430	304
AT3G43490	0
AT3G44610	238
AT3G21230	224
AT3G24140	364
AT3G16870	622
AT3G12980	742
AT3G30340	25
AT3G22085	0
AT3G16520	4168
AT3G01322	0
AT3G12835	0
AT3G16320	431
AT3G29780	44
AT3G05670	1016
AT3G23180	166
AT3G06435	126
AT3G53790	0
AT3G23820	2922
AT3G17840	991
AT3G28291	0
AT3G18580	325
AT3G29075	433
AT3G16330	213
AT3G19940	0
AT3G22860	43
AT3G48205	0
AT3G06720	4051
AT3G09910	19
AT3G05150	40
AT3G22010	0
AT3G53710	1564
AT3G13090	72
AT3G19552	0
AT3G46490	35
AT3G56840	383
AT3G22270	715
AT3G15900	188
AT3G01670	472
AT3G44665	0
AT3G48880	617
AT3G54690	487
AT3G61690	940
AT3G14490	2
AT3G05490	1833
AT3G05365	5
AT3G20155	0
AT3G03990	1186
AT3G18320	296
AT3G11780	1359
AT3G11690	411
AT3G43230	929
AT3G10974	0
AT3G25260	8
AT3G53180	985
AT3G53520	772
AT3G15430	820
AT3G61490	268
AT3G42560	0
AT3G14150	367
AT3G11330	1118
AT3G24640	3
AT3G57680	46
AT3G12000	0
AT3G04100	0
AT3G05070	1303
AT3G44760	0
AT3G26040	33
AT3G53940	585
AT3G13680	161
AT3G46850	1
AT3G32090	0
AT3G02200	1981
AT3G13782	122
AT3G06300	899
AT3G01280	6783
AT3G45160	1635
AT3G06970	0
AT3G14720	1343
AT3G43630	2
AT3G12090	273
AT3G23990	17600
AT3G29375	641
AT3G11840	82
AT3G22104	559
AT3G51970	54
AT3G61390	3
AT3G05100	547
AT3G58560	1788
AT3G23620	2165
AT3G63320	11
AT3G42155	0
AT3G06210	602
AT3G48490	298
AT3G60730	11
AT3G09450	43
AT3G07210	195
AT3G03405	0
AT3G53650	148
AT3G27150	668
AT3G09340	0
AT3G49300	0
AT3G11880	822
AT3G46500	31
AT3G53080	0
AT3G51410	23
AT3G11320	411
AT3G09735	797
AT3G17680	294
AT3G25880	71
AT3G58950	9
AT3G11810	583
AT3G02650	962
AT3G02130	723
AT3G24190	1611
AT3G29290	847
AT3G48770	38
AT3G27250	49
AT3G61320	830
AT3G07820	19
AT3G21630	731
AT3G16410	141
AT3G27270	44
AT3G50360	943
AT3G53235	56
AT3G44180	0
AT3G46530	1515
AT3G04120	24712
AT3G45010	1719
AT3G10550	399
AT3G24430	3127
AT3G29130	289
AT3G04340	4036
AT3G26330	188
AT3G28100	430
AT3G26744	1491
AT3G17530	5
AT3G19080	537
AT3G46845	189
AT3G52540	58
AT3G54710	247
AT3G04270	0
AT3G15909	0
AT3G48710	709
AT3G50210	1100
AT3G56360	5216
AT3G19790	420
AT3G09840	12198
AT3G16630	1183
AT3G11560	1470
AT3G11830	4844
AT3G28918	0
AT3G50970	172
AT3G05840	3223
AT3G50170	4
AT3G56990	1553
AT3G04440	0
AT3G52526	16
AT3G23650	0
AT3G04620	138
AT3G05990	767
AT3G21850	6
AT3G03750	1
AT3G57410	2287
AT3G25505	10
AT3G22560	148
AT3G49220	4423
AT3G28870	0
AT3G58490	914
AT3G01010	0
AT3G48090	609
AT3G05160	568
AT3G43190	696
AT3G17810	1692
AT3G22220	728
AT3G26480	198
AT3G58410	0
AT3G12830	122
AT3G45243	0
AT3G57750	388
AT3G50800	66
AT3G13882	1664
AT3G03810	414
AT3G01175	10
AT3G26490	181
AT3G50140	16
AT3G14205	1169
AT3G12780	26535
AT3G46780	13633
AT3G04840	12483
AT3G04181	29
AT3G05040	861
AT3G26935	1618
AT3G04760	995
AT3G11850	357
AT3G01120	8238
AT3G46666	0
AT3G06080	625
AT3G10870	421
AT3G20680	338
AT3G28980	5
AT3G14640	28
AT3G09500	23992
AT3G57200	47
AT3G13330	767
AT3G27020	1211
AT3G29390	1627
AT3G44555	0
AT3G54540	1936
AT3G13500	1
AT3G06980	2563
AT3G20510	1252
AT3G21580	257
AT3G53480	1198
AT3G49960	238
AT3G58520	256
AT3G07380	0
AT3G49500	1707
AT3G44930	1
AT3G61930	4
AT3G21175	823
AT3G53850	262
AT3G22580	0
AT3G04510	29
AT3G04800	103
AT3G55570	0
AT3G51430	815
AT3G55520	575
AT3G06570	672
AT3G11160	0
AT3G44320	863
AT3G06220	13
AT3G25882	129
AT3G54190	1434
AT3G58960	0
AT3G42075	1
AT3G13400	27
AT3G28530	0
AT3G56380	0
AT3G62120	4055
AT3G07522	0
AT3G15610	1024
AT3G21180	37
AT3G50730	0
AT3G60340	2749
AT3G10160	870
AT3G14670	2
AT3G63000	1230
AT3G62090	6
AT3G19260	273
AT3G11950	241
AT3G07900	52
AT3G16555	5
AT3G30210	2
AT3G55020	1444
AT3G55120	1598
AT3G22415	80
AT3G14210	61975
AT3G02980	80
AT3G23400	4762
AT3G03200	42
AT3G01630	19
AT3G51070	0
AT3G15450	498
AT3G20830	148
AT3G18330	3
AT3G28390	0
AT3G44428	0
AT3G29575	201
AT3G44510	56
AT3G59080	468
AT3G17430	798
AT3G22510	0
AT3G04790	1812
AT3G11060	0
AT3G16400	3736
AT3G50280	51
AT3G55350	367
AT3G47440	2
AT3G18610	579
AT3G23880	203
AT3G02450	2017
AT3G58260	2
AT3G12960	11
AT3G11120	2278
AT3G49420	284
AT3G49010	8951
AT3G03770	1297
AT3G56920	7
AT3G62920	140
AT3G21800	0
AT3G25990	61
AT3G58230	0
AT3G01516	45
AT3G16760	1106
AT3G44785	1
AT3G51090	286
AT3G03020	347
AT3G61450	33
AT3G24260	2
AT3G03920	5297
AT3G44716	54
AT3G02493	6
AT3G47920	0
AT3G28890	55
AT3G54180	497
AT3G22650	0
AT3G23050	3971
AT3G49110	624
AT3G26237	4
AT3G11480	1
AT3G16140	6531
AT3G19930	722
AT3G18760	1090
AT3G16480	1369
AT3G33393	0
AT3G26580	4088
AT3G18480	666
AT3G11640	6
AT3G02700	621
AT3G01770	3132
AT3G11165	10
AT3G56160	1312
AT3G57790	278
AT3G60630	469
AT3G19870	609
AT3G19190	538
AT3G11945	708
AT3G12020	917
AT3G09230	283
AT3G56400	486
AT3G17660	101
AT3G07790	1532
AT3G25716	0
AT3G03470	833
AT3G60550	91
AT3G46810	8
AT3G22142	0
AT3G02555	345
AT3G02600	888
AT3G56820	267
AT3G26390	0
AT3G57880	2246
AT3G57580	118
AT3G15730	5935
AT3G19770	581
AT3G58700	1992
AT3G15660	2549
AT3G27475	0
AT3G52170	586
AT3G62410	2539
AT3G03840	15
AT3G53560	3040
AT3G30390	4702
AT3G24093	0
AT3G22053	0
AT3G22421	0
AT3G03900	247
AT3G62040	375
AT3G20890	440
AT3G23200	108
AT3G22930	188
AT3G17765	0
AT3G14000	341
AT3G18590	1
AT3G27027	113
AT3G30840	0
AT3G49790	213
AT3G48140	14617
AT3G51630	1211
AT3G57100	5
AT3G57360	290
AT3G29800	0
AT3G42630	373
AT3G45950	0
AT3G12040	83
AT3G63440	3
AT3G27420	531
AT3G47030	44
AT3G56010	865
AT3G56000	41
AT3G60980	395
AT3G09050	348
AT3G54200	364
AT3G49640	497
AT3G07425	17
AT3G55830	958
AT3G47160	1510
AT3G62660	1234
AT3G10190	825
AT3G20140	3
AT3G21670	1122
AT3G23730	1361
AT3G01730	8
AT3G49590	585
AT3G12650	386
AT3G48920	75
AT3G59300	816
AT3G19640	1470
AT3G47833	1757
AT3G46240	0
AT3G22550	1727
AT3G19350	6
AT3G01540	14249
AT3G05360	361
AT3G11745	134
AT3G48010	4
AT3G10439	0
AT3G19990	871
AT3G21780	0
AT3G16210	12
AT3G52720	790
AT3G61960	741
AT3G53220	232
AT3G49690	43
AT3G56600	1
AT3G46760	9
AT3G53370	897
AT3G24068	3
AT3G12210	581
AT3G52310	11
AT3G09900	701
AT3G57380	207
AT3G02950	749
AT3G12915	589
AT3G20200	122
AT3G20980	0
AT3G50410	217
AT3G45210	752
AT3G60480	458
AT3G52100	616
AT3G45090	842
AT3G44755	0
AT3G49520	0
AT3G02300	1859
AT3G26990	365
AT3G27610	304
AT3G27560	518
AT3G19210	249
AT3G50070	2046
AT3G05165	5378
AT3G19980	764
AT3G57470	907
AT3G60950	0
AT3G43250	4
AT3G10185	7
AT3G54820	1106
AT3G22840	1624
AT3G28080	307
AT3G60975	0
AT3G13080	2213
AT3G18470	1
AT3G63120	660
AT3G24495	544
AT3G32400	0
AT3G47080	701
AT3G24660	433
AT3G55470	276
AT3G16000	3181
AT3G25905	54
AT3G44400	247
AT3G06410	1157
AT3G54160	28
AT3G05200	374
AT3G49700	1
AT3G28790	1
AT3G28020	0
AT3G22000	0
AT3G27329	0
AT3G18640	796
AT3G18350	488
AT3G13620	288
AT3G21360	274
AT3G47180	73
AT3G54390	606
AT3G21473	0
AT3G16220	150
AT3G15090	679
AT3G61990	372
AT3G20500	1912
AT3G57250	0
AT3G02930	346
AT3G60920	5
AT3G10710	176
AT3G22660	1383
AT3G11964	2009
AT3G58350	81
AT3G54290	516
AT3G53580	2871
AT3G12300	815
AT3G03290	13
AT3G07960	122
AT3G24230	4
AT3G12360	1069
AT3G07740	399
AT3G18150	0
AT3G33520	282
AT3G44910	0
AT3G12150	281
AT3G27380	4719
AT3G57960	0
AT3G05080	0
AT3G52030	783
AT3G54940	5
AT3G50200	15
AT3G56680	1643
AT3G06770	364
AT3G24250	0
AT3G04855	0
AT3G23660	975
AT3G63210	561
AT3G57490	1575
AT3G49890	441
AT3G61750	229
AT3G30370	0
AT3G46190	0
AT3G47800	976
AT3G55860	5
AT3G62130	1534
AT3G19760	6728
AT3G18290	2698
AT3G10820	493
AT3G02150	307
AT3G42780	0
AT3G48450	17
AT3G07040	294
AT3G18140	1191
AT3G49580	2052
AT3G04230	1178
AT3G16700	82
AT3G04090	2455
AT3G26340	630
AT3G42150	377
AT3G20470	2581
AT3G32047	13
AT3G19520	1842
AT3G25750	1
AT3G11402	72
AT3G46600	1143
AT3G10310	317
AT3G29639	344
AT3G62500	94
AT3G14463	0
AT3G48890	2938
AT3G43740	505
AT3G46010	4200
AT3G12203	11
AT3G43610	890
AT3G21070	763
AT3G01320	1068
AT3G61400	4
AT3G62440	3
AT3G26790	2
AT3G05750	504
AT3G21165	0
AT3G12070	131
AT3G44900	39
AT3G10700	589
AT3G48700	246
AT3G55070	738
AT3G09090	1810
AT3G01270	24
AT3G44830	8
AT3G25690	2830
AT3G53690	124
AT3G21960	0
AT3G44380	346
AT3G06310	1240
AT3G61910	0
AT3G47640	378
AT3G61360	272
AT3G12510	0
AT3G51200	0
AT3G20865	70
AT3G60910	1055
AT3G04850	358
AT3G16490	93
AT3G16920	580
AT3G02500	110
AT3G14415	9807
AT3G17611	679
AT3G16070	10
AT3G52140	3682
AT3G22780	873
AT3G45960	64
AT3G63310	1859
AT3G23950	0
AT3G45290	81
AT3G51930	117
AT3G14740	128
AT3G62240	865
AT3G44130	0
AT3G26150	1
AT3G16560	814
AT3G55870	2
AT3G23170	500
AT3G16570	2914
AT3G52970	0
AT3G03690	243
AT3G18110	951
AT3G20690	2
AT3G02040	1752
AT3G53490	145
AT3G09650	1258
AT3G58820	141
AT3G19420	1493
AT3G28270	2798
AT3G25440	330
AT3G10410	7428
AT3G59810	587
AT3G27410	11
AT3G20700	0
AT3G26880	0
AT3G55460	2812
AT3G60010	18
AT3G02800	49
AT3G60380	976
AT3G02975	0
AT3G14240	2539
AT3G26360	569
AT3G28590	3
AT3G17720	1
AT3G45285	1
AT3G46560	2692
AT3G54070	0
AT3G03310	970
AT3G60400	241
AT3G51700	0
AT3G21371	0
AT3G60450	910
AT3G17790	2470
AT3G63480	375
AT3G56020	2603
AT3G30380	375
AT3G63300	288
AT3G20320	1406
AT3G49230	2
AT3G58750	2609
AT3G20600	161
AT3G19450	2488
AT3G11540	1250
AT3G14080	684
AT3G11760	415
AT3G28220	188
AT3G17780	1022
AT3G20400	1
AT3G14020	150
AT3G47630	682
AT3G19274	0
AT3G05930	1
AT3G62940	910
AT3G56760	657
AT3G52370	574
AT3G32896	0
AT3G48300	19
AT3G32904	0
AT3G59190	85
AT3G08930	2125
AT3G15180	827
AT3G60840	528
AT3G44350	12
AT3G02860	674
AT3G54760	2109
AT3G27240	5824
AT3G58550	915
AT3G45400	222
AT3G42628	3
AT3G11210	262
AT3G21820	391
AT3G07620	2
AT3G63260	692
AT3G07070	50
AT3G27925	1856
AT3G44170	0
AT3G44100	1016
AT3G05790	325
AT3G06455	191
AT3G06830	6
AT3G49155	1
AT3G15050	23
AT3G15570	531
AT3G58360	0
AT3G02125	0
AT3G28958	2
AT3G46570	0
AT3G06436	0
AT3G07730	164
AT3G61571	4
AT3G60060	0
AT3G56970	142
AT3G21710	142
AT3G61100	1008
AT3G18790	919
AT3G24503	3612
AT3G29797	0
AT3G23410	1184
AT3G08720	790
AT3G25170	3
AT3G20550	808
AT3G13275	168
AT3G19470	329
AT3G05775	0
AT3G20380	155
AT3G04250	2
AT3G66654	719
AT3G46110	96
AT3G48440	326
AT3G47530	272
AT3G50260	229
AT3G46735	0
AT3G54320	397
AT3G61010	829
AT3G07050	2250
AT3G25012	0
AT3G12900	5
AT3G16130	0
AT3G61117	0
AT3G42310	0
AT3G04920	9746
AT3G30720	727
AT3G10220	527
AT3G59170	0
AT3G48000	10641
AT3G28243	0
AT3G26210	519
AT3G61035	1
AT3G11440	119
AT3G08820	142
AT3G22330	2674
AT3G15940	1425
AT3G25010	73
AT3G52115	126
AT3G44920	0
AT3G55130	360
AT3G24360	86
AT3G08620	320
AT3G26000	1575
AT3G28540	670
AT3G24515	637
AT3G17470	848
AT3G03340	984
AT3G04390	0
AT3G08560	17
AT3G54560	808
AT3G14600	5191
AT3G12460	26
AT3G52820	44
AT3G60245	13909
AT3G30520	0
AT3G51230	38
AT3G26660	0
AT3G03160	1211
AT3G53290	0
AT3G50290	15
AT3G46330	45
AT3G17365	426
AT3G45670	0
AT3G21110	670
AT3G19170	9786
AT3G19150	687
AT3G24350	799
AT3G53730	670
AT3G45645	0
AT3G57170	566
AT3G05340	118
AT3G60415	87
AT3G28720	1556
AT3G18820	3291
AT3G13750	4489
AT3G50160	0
AT3G47010	197
AT3G11250	1911
AT3G44810	0
AT3G01930	1125
AT3G23030	980
AT3G50910	1478
AT3G51800	5561
AT3G24506	750
AT3G21250	1367
AT3G55513	0
AT3G47870	0
AT3G15630	82
AT3G45440	39
AT3G24860	293
AT3G02677	7
AT3G02320	901
AT3G24040	909
AT3G54670	802
AT3G61580	5350
AT3G22022	0
AT3G12130	1038
AT3G28710	3131
AT3G57660	1148
AT3G13530	542
AT3G22200	4669
AT3G15700	18
AT3G06330	230
AT3G01470	2415
AT3G27300	1793
AT3G13300	2088
AT3G58630	373
AT3G28415	0
AT3G21200	2427
AT3G50470	33
AT3G16980	33
AT3G51940	236
AT3G09863	3
AT3G13730	373
AT3G02065	875
AT3G05746	0
AT3G61180	771
AT3G04040	84
AT3G60070	114
AT3G11750	126
AT3G61200	2421
AT3G07150	137
AT3G21450	0
AT3G19950	521
AT3G19250	40
AT3G61220	2393
AT3G03730	0
AT3G26770	285
AT3G29185	1818
AT3G01180	1086
AT3G43440	191
AT3G11900	566
AT3G49670	628
AT3G28290	0
AT3G63520	7174
AT3G14980	417
AT3G04330	22
AT3G52860	561
AT3G24550	2462
AT3G55210	10
AT3G48380	692
AT3G58660	3211
AT3G04410	1
AT3G49045	0
AT3G07840	0
AT3G43660	0
AT3G25640	151
AT3G53230	2686
AT3G43750	0
AT3G58770	41
AT3G54360	4273
AT3G09480	191
AT3G03620	3
AT3G05610	10
AT3G27330	241
AT3G15160	642
AT3G62960	1
AT3G16940	612
AT3G15110	751
AT3G26160	5
AT3G27620	282
AT3G44753	23
AT3G06090	0
AT3G09070	740
AT3G02580	983
AT3G22400	140
AT3G14160	466
AT3G14172	1279
AT3G07450	4
AT3G03670	3
AT3G26190	0
AT3G04943	0
AT3G12775	1
AT3G21100	338
AT3G22961	7
AT3G55430	1908
AT3G10640	753
AT3G09640	4366
AT3G55160	1037
AT3G16857	1041
AT3G27860	65
AT3G24540	5
AT3G54080	285
AT3G56190	6055
AT3G53820	0
AT3G09730	185
AT3G60290	78
AT3G09890	404
AT3G11180	3
AT3G22870	0
AT3G18520	1421
AT3G06630	180
AT3G22920	0
AT3G52580	2035
AT3G66658	1010
AT3G04560	573
AT3G07920	12
AT3G59760	1602
AT3G48185	76
AT3G19613	0
AT3G29035	256
AT3G62150	545
AT3G58070	36
AT3G13403	7
AT3G58800	300
AT3G46880	4
AT3G50150	3
AT3G53090	859
AT3G53360	121
AT3G57810	944
AT3G43470	0
AT3G03090	523
AT3G26618	1699
AT3G26520	21295
AT3G44780	0
AT3G11740	0
AT3G53320	318
AT3G08550	907
AT3G13677	209
AT3G29190	2
AT3G05060	3800
AT3G24463	261
AT3G49810	370
AT3G07660	1468
AT3G20330	1778
AT3G09162	52
AT3G47980	258
AT3G11100	705
AT3G45260	336
AT3G44190	721
AT3G07630	1027
AT3G07810	2119
AT3G51580	742
AT3G56290	878
AT3G18775	2
AT3G21865	1215
AT3G49210	245
AT3G60670	33
AT3G01230	3
AT3G49930	30
AT3G62610	19
AT3G46630	519
AT3G60510	481
AT3G58415	0
AT3G19700	2
AT3G12290	5040
AT3G52890	840
AT3G06700	5518
AT3G17070	307
AT3G29330	75
AT3G31402	0
AT3G61110	4793
AT3G07320	351
AT3G19184	51
AT3G30820	6
AT3G44840	0
AT3G51110	422
AT3G02960	0
AT3G02673	0
AT3G24760	367
AT3G45810	2
AT3G16850	1670
AT3G54770	141
AT3G59410	654
AT3G28730	2406
AT3G05240	0
AT3G26760	123
AT3G02020	1975
AT3G07890	1279
AT3G17940	2314
AT3G50930	318
AT3G06085	0
AT3G02680	166
AT3G56960	320
AT3G04710	1602
AT3G54440	1443
AT3G01415	0
AT3G15200	34
AT3G44326	26
AT3G43910	0
AT3G17340	344
AT3G24650	3
AT3G56891	29
AT3G61175	0
AT3G14467	0
AT3G10090	924
AT3G46290	563
AT3G02570	1302
AT3G06050	3902
AT3G47100	15
AT3G54040	1128
AT3G18600	2689
AT3G28310	5
AT3G49920	143
AT3G53780	330
AT3G44935	0
AT3G05090	1545
AT3G57030	905
AT3G51220	67
AT3G03190	0
AT3G43415	0
AT3G20010	713
AT3G21740	776
AT3G17300	804
AT3G50650	256
AT3G60520	289
AT3G16540	3
AT3G57050	1712
AT3G26070	4091
AT3G59130	5
AT3G01740	1382
AT3G53000	531
AT3G06060	519
AT3G07250	0
AT3G51300	19
AT3G21750	1181
AT3G54270	112
AT3G23210	396
AT3G16600	0
AT3G58450	4
AT3G58370	0
AT3G58920	1
AT3G16390	32
AT3G23750	1302
AT3G24100	8400
AT3G15540	94
AT3G10455	0
AT3G03530	54
AT3G49260	451
AT3G53930	417
AT3G28335	1
AT3G49490	1533
AT3G04600	2366
AT3G55270	1097
AT3G20640	186
AT3G09790	28
AT3G29790	0
AT3G61415	566
AT3G21560	2287
AT3G25221	2
AT3G03430	2
AT3G13510	896
AT3G25100	216
AT3G07460	1504
AT3G24320	471
AT3G43480	0
AT3G02260	1959
AT3G48820	691
AT3G55440	27515
AT3G27950	0
AT3G27200	429
AT3G12390	1842
AT3G17510	1012
AT3G61260	1980
AT3G09130	0
AT3G05460	0
AT3G55730	360
AT3G09455	476
AT3G46450	925
AT3G13860	5259
AT3G21870	226
AT3G04890	523
AT3G61460	883
AT3G62210	42
AT3G49310	678
AT3G09360	381
AT3G18535	352
AT3G09440	4609
AT3G11600	201
AT3G03220	707
AT3G18300	28
AT3G13840	1
AT3G60710	41
AT3G10570	111
AT3G23890	1526
AT3G18560	112
AT3G09140	1
AT3G01490	779
AT3G02290	320
AT3G42670	820
AT3G12685	242
AT3G61840	7
AT3G07990	165
AT3G43930	10
AT3G28640	190
AT3G42130	0
AT3G55230	486
AT3G25160	0
AT3G56800	4972
AT3G26750	186
AT3G53150	1
AT3G26300	941
AT3G13900	15
AT3G44250	0
AT3G20290	1463
AT3G10620	626
AT3G16950	999
AT3G05820	31
AT3G21170	0
AT3G01440	956
AT3G18450	1
AT3G09032	91
AT3G29170	323
AT3G59510	16
AT3G03400	0
AT3G45820	0
AT3G53410	391
AT3G01325	0
AT3G51000	1329
AT3G16170	641
AT3G02670	2
AT3G26850	647
AT3G58600	1075
AT3G16640	70630
AT3G56200	755
AT3G21930	0
AT3G21190	720
AT3G18890	2614
AT3G48290	4
AT3G01350	80
AT3G55930	3
AT3G59880	170
AT3G59610	0
AT3G12700	1373
AT3G12833	9
AT3G23635	19
AT3G09580	393
AT3G14225	3
AT3G23325	679
AT3G61700	1418
AT3G50610	31
AT3G58850	66
AT3G03040	855
AT3G20260	883
AT3G14050	596
AT3G59270	13
AT3G08980	86
AT3G11591	11
AT3G53440	255
AT3G05030	781
AT3G59290	412
AT3G10980	344
AT3G56620	180
AT3G16300	6
AT3G11630	8170
AT3G28360	9
AT3G48530	1658
AT3G22120	1
AT3G44695	2
AT3G60680	150
AT3G02850	23
AT3G51420	1971
AT3G19140	0
AT3G51490	31
AT3G04730	2304
AT3G50820	27339
AT3G60560	0
AT3G11870	0
AT3G13560	516
AT3G31430	0
AT3G02970	0
AT3G45525	0
AT3G29280	133
AT3G55770	4195
AT3G07650	1690
AT3G56030	256
AT3G54120	68
AT3G05950	6
AT3G29030	461
AT3G27260	1093
AT3G26135	51
AT3G21080	15
AT3G28510	0
AT3G20935	40
AT3G63390	890
AT3G22360	1
AT3G59800	429
AT3G14690	3378
AT3G49050	727
AT3G61820	3053
AT3G28340	106
AT3G21830	0
AT3G62528	1
AT3G03380	2836
AT3G13898	2
AT3G57350	757
AT3G16712	28
AT3G03300	686
AT3G54065	0
AT3G11340	322
AT3G52990	3746
AT3G07270	1338
AT3G46380	0
AT3G53470	705
AT3G21970	0
AT3G03660	116
AT3G17560	0
AT3G61420	574
AT3G57320	454
AT3G45480	0
AT3G45080	15
AT3G32940	386
AT3G03828	0
AT3G13940	1089
AT3G11010	393
AT3G57770	207
AT3G62370	524
AT3G58670	547
AT3G13190	268
AT3G55252	2
AT3G60240	3714
AT3G60640	314
AT3G23020	407
AT3G62910	3347
AT3G12170	67
AT3G02330	142
AT3G56510	1182
AT3G07490	3
AT3G24255	161
AT3G57160	120
AT3G51610	1050
AT3G46940	479
AT3G56850	707
AT3G60780	1
AT3G08940	43542
AT3G10810	678
AT3G10520	3695
AT3G13360	1402
AT3G46820	489
AT3G05675	289
AT3G11960	572
AT3G44600	1794
AT3G29270	447
AT3G43520	3359
AT3G42850	5
AT3G63510	655
AT3G46800	1
AT3G09300	1254
AT3G06180	136
AT3G25600	289
AT3G08630	365
AT3G27830	7141
AT3G56540	0
AT3G58040	1058
AT3G62100	51
AT3G10910	125
AT3G45700	10
AT3G59630	505
AT3G54570	2
AT3G43290	0
AT3G15030	892
AT3G59470	460
AT3G20475	139
AT3G21470	57
AT3G51340	51
AT3G11090	233
AT3G51360	10
AT3G61560	482
AT3G27650	113
AT3G45555	0
AT3G43120	0
AT3G18220	0
AT3G23610	81
AT3G59770	911
AT3G05940	367
AT3G48270	1
AT3G53040	21
AT3G26540	423
AT3G05600	158
AT3G46430	3235
AT3G22850	2958
AT3G56330	821
AT3G48675	0
AT3G22210	81
AT3G09085	195
AT3G15605	45
AT3G05400	747
AT3G30525	0
AT3G46420	0
AT3G16580	8
AT3G42870	0
AT3G46460	959
AT3G50900	159
AT3G45000	7
AT3G46170	2
AT3G63060	67
AT3G04680	472
AT3G43850	1
AT3G27340	1443
AT3G02645	2
AT3G06440	340
AT3G59460	0
AT3G46750	11
AT3G06160	28
AT3G12140	1039
AT3G57520	7016
AT3G13060	447
AT3G45800	2
AT3G13140	1
AT3G50925	0
AT3G60210	3089
AT3G42640	272
AT3G05650	482
AT3G24820	368
AT3G18040	687
AT3G27530	1565
AT3G20090	248
AT3G05430	151
AT3G16280	86
AT3G23160	270
AT3G19460	407
AT3G49290	276
AT3G55510	779
AT3G11620	359
AT3G46990	143
AT3G60470	10
AT3G61240	1466
AT3G01190	340
AT3G24300	223
AT3G30730	65
AT3G15810	2493
AT3G06140	140
AT3G57150	7756
AT3G47740	11
AT3G25013	113
AT3G07300	1581
AT3G47420	2943
AT3G02875	374
AT3G45420	403
AT3G08570	174
AT3G21900	0
AT3G01572	6
AT3G59400	23
AT3G28674	0
AT3G51020	1
AT3G46090	66
AT3G46610	873
AT3G04980	145
AT3G01060	1116
AT3G48430	674
AT3G13810	355
AT3G05250	431
AT3G10480	560
AT3G28857	47
AT3G28500	197
AT3G29765	0
AT3G09060	143
AT3G63050	37
AT3G62670	0
AT3G55760	1705
AT3G09240	57
AT3G50110	286
AT3G04640	220
AT3G16860	137
AT3G22630	1372
AT3G52240	516
AT3G55672	0
AT3G17600	63
AT3G19480	1210
AT3G25410	558
AT3G23450	1038
AT3G17609	314
AT3G16030	265
AT3G55820	41
AT3G17675	1
AT3G60300	4187
AT3G02710	1098
AT3G20440	2243
AT3G48690	4110
AT3G49270	0
AT3G46617	5
AT3G50640	36
AT3G56270	354
AT3G15850	5890
AT3G06420	783
AT3G25180	1
AT3G52770	42
AT3G26030	986
AT3G61430	5787
AT3G56910	3285
AT3G28956	244
AT3G28060	1
AT3G59490	383
AT3G62400	3739
AT3G43400	0
AT3G09780	80
AT3G57120	209
AT3G17100	1207
AT3G09740	1386
AT3G51840	4596
AT3G20340	1
AT3G26230	193
AT3G04490	677
AT3G11410	1435
AT3G26590	412
AT3G54600	1868
AT3G57787	0
AT3G47490	1147
AT3G14630	7
AT3G27570	2653
AT3G47150	0
AT3G48620	25
AT3G02880	774
AT3G58150	41
AT3G52110	158
AT3G18860	1860
AT3G17490	0
AT3G12730	166
AT3G04580	504
AT3G07910	1061
AT3G27120	183
AT3G17570	0
AT3G04180	6
AT3G30160	1
AT3G20570	407
AT3G13660	1
AT3G58120	390
AT3G19280	230
AT3G06895	0
AT3G44720	1964
AT3G21810	389
AT3G14620	2076
AT3G09922	105
AT3G12100	439
AT3G30580	0
AT3G09620	3
AT3G61210	229
AT3G44450	841
AT3G56350	14
AT3G15635	0
AT3G30235	0
AT3G49970	15
AT3G05936	42
AT3G19040	48
AT3G13432	21
AT3G15710	481
AT3G22880	1210
AT3G63150	1179
AT3G49120	8666
AT3G07525	215
AT3G26440	900
AT3G07470	1319
AT3G20362	2
AT3G22950	1003
AT3G17540	0
AT3G44550	61
AT3G23280	1225
AT3G62030	14550
AT3G60961	11
AT3G12280	930
AT3G52130	2
AT3G07080	440
AT3G09290	11
AT3G28760	305
AT3G49850	586
AT3G29794	0
AT3G29305	4
AT3G49660	145
AT3G47990	827
AT3G06070	140
AT3G50270	586
AT3G07780	717
AT3G15640	1678
AT3G63370	448
AT3G17000	958
AT3G03450	288
AT3G11280	1117
AT3G26560	1552
AT3G59620	0
AT3G06750	379
AT3G52400	508
AT3G02830	2628
AT3G18524	503
AT3G57062	564
AT3G03250	4816
AT3G14110	2586
AT3G54960	2196
AT3G14250	0
AT3G27850	5787
AT3G20430	657
AT3G20750	0
AT3G59240	0
AT3G13220	1
AT3G27810	0
AT3G15340	185
AT3G63190	3315
AT3G16420	4176
AT3G56450	291
AT3G62850	4
AT3G44713	148
AT3G20060	1232
AT3G54930	111
AT3G10525	213
AT3G21380	1
AT3G03260	68
AT3G08710	680
AT3G62860	237
AT3G25770	8727
AT3G16060	1187
AT3G55030	670
AT3G02350	2215
AT3G01435	546
AT3G17240	3391
AT3G53160	43
AT3G45650	166
AT3G48350	339
AT3G51760	67
AT3G48470	169
AT3G13910	639
AT3G57940	881
AT3G52700	0
AT3G60580	36
AT3G04530	241
AT3G21460	11
AT3G25280	0
AT3G55290	261
AT3G10595	0
AT3G46030	1323
AT3G50990	1
AT3G08890	379
AT3G10580	0
AT3G28223	0
AT3G22750	579
AT3G26670	650
AT3G28853	0
AT3G01580	111
AT3G53880	496
AT3G46950	209
AT3G01870	9
AT3G14320	2
AT3G12270	1310
AT3G28899	0
AT3G06910	237
AT3G52690	0
AT3G03210	287
AT3G57290	5483
AT3G06100	4
AT3G53670	1107
AT3G54750	413
AT3G45860	64
AT3G07330	766
AT3G05035	8
AT3G61723	0
AT3G49142	146
AT3G04150	0
AT3G14580	171
AT3G16180	517
AT3G55970	9
AT3G08740	9211
AT3G44890	4205
AT3G10070	228
AT3G25490	0
AT3G57530	743
AT3G14260	9
AT3G16310	3130
AT3G61520	548
AT3G28030	418
AT3G51990	325
AT3G05685	95
AT3G57480	189
AT3G10605	25
AT3G51120	817
AT3G13772	1584
AT3G11450	2943
AT3G14850	63
AT3G22570	0
AT3G62820	234
AT3G13370	0
AT3G26400	1277
AT3G22740	91
AT3G07255	6
AT3G02760	1789
AT3G05425	0
AT3G52180	3060
AT3G25210	334
AT3G27740	2047
AT3G24490	726
AT3G54810	1582
AT3G51530	389
AT3G46180	324
AT3G47370	4413
AT3G59480	16
AT3G18930	262
AT3G10960	230
AT3G30705	0
AT3G13235	1632
AT3G12750	428
AT3G18190	3034
AT3G25050	0
AT3G25680	335
AT3G55665	0
AT3G47860	2843
AT3G26140	0
AT3G17900	853
AT3G21860	6
AT3G13180	952
AT3G23670	410
AT3G53100	553
AT3G14070	78
AT3G18340	0
AT3G45540	1
AT3G06600	38
AT3G18800	261
AT3G56640	378
AT3G09350	789
AT3G45730	114
AT3G26170	1852
AT3G29180	1523
AT3G49796	0
AT3G57430	407
AT3G33187	0
AT3G51810	2
AT3G45248	0
AT3G58880	0
AT3G09010	97
AT3G12440	7
AT3G19515	723
AT3G54000	315
AT3G17265	1
AT3G63090	440
AT3G46890	17
AT3G22440	5532
AT3G53570	570
AT3G04700	22
AT3G47790	98
AT3G29040	0
AT3G05480	77
AT3G14870	246
AT3G61250	69
AT3G61670	683
AT3G45040	333
AT3G23637	1
AT3G62560	2559
AT3G26280	999
AT3G15350	584
AT3G59310	101
AT3G17850	1539
AT3G50040	210
AT3G51160	1012
AT3G52155	364
AT3G14180	883
AT3G29000	109
AT3G22290	1124
AT3G54950	469
AT3G21215	1396
AT3G22500	0
AT3G16740	1412
AT3G25570	315
AT3G08730	1975
AT3G54790	635
AT3G11730	1429
AT3G63380	336
AT3G58320	0
AT3G18410	5784
AT3G15270	17
AT3G16190	1720
AT3G62750	1094
AT3G03980	823
AT3G55090	189
AT3G25070	663
AT3G57020	1684
AT3G61070	904
AT3G06670	1947
AT3G01040	557
AT3G61130	2275
AT3G11350	3
AT3G52200	1306
AT3G23165	0
AT3G16270	1216
AT3G15960	0
AT3G32420	0
AT3G50320	0
AT3G05327	24
AT3G06810	1346
AT3G48240	33
AT3G15470	666
AT3G22940	0
AT3G02940	26
AT3G60770	6252
AT3G13226	549
AT3G01340	1364
AT3G10260	469
AT3G18080	9551
AT3G54250	329
AT3G09410	524
AT3G03610	279
AT3G60750	25023
AT3G58890	2
AT3G21720	1892
AT3G20710	36
AT3G10660	271
AT3G55620	2645
AT3G06019	0
AT3G20850	0
AT3G47810	2774
AT3G19663	18
AT3G01345	203
AT3G24130	1
AT3G55560	930
AT3G17370	9
AT3G17460	115
AT3G60880	1528
AT3G10400	0
AT3G45660	1
AT3G51260	3879
AT3G12110	515
AT3G50330	15
AT3G10920	9199
AT3G03830	3
AT3G55710	38
AT3G22600	716
AT3G46120	0
AT3G61113	52
AT3G49450	0
AT3G61880	85
AT3G44060	1
AT3G03070	2107
AT3G43710	0
AT3G28216	0
AT3G03680	399
AT3G19895	362
AT3G14700	69
AT3G45220	0
AT3G28860	2520
AT3G12930	1667
AT3G06380	837
AT3G04590	925
AT3G07830	2
AT3G49610	0
AT3G24830	13945
AT3G51210	0
AT3G14830	648
AT3G18165	2023
AT3G32040	114
AT3G59430	345
AT3G20220	0
AT3G21550	543
AT3G56140	1001
AT3G27140	0
AT3G13550	464
AT3G27750	270
AT3G49390	1317
AT3G59520	345
AT3G20300	334
AT3G03630	1177
AT3G11240	331
AT3G59200	109
AT3G22723	0
AT3G06920	578
AT3G17740	1265
AT3G43432	0
AT3G56420	0
AT3G50380	765
AT3G24460	403
AT3G19810	1444
AT3G47965	250
AT3G49630	1
AT3G24200	913
AT3G18270	794
AT3G02610	89
AT3G21352	17
AT3G25719	1
AT3G07230	3104
AT3G06360	49
AT3G25200	0
AT3G49307	0
AT3G56900	468
AT3G06710	74
AT3G62270	2323
AT3G24850	0
AT3G46350	0
AT3G45990	0
AT3G25950	19
AT3G51890	265
AT3G18830	3162
AT3G02420	973
AT3G49030	1
AT3G45070	82
AT3G23790	450
AT3G05858	40
AT3G49560	4529
AT3G43240	1045
AT3G30841	357
AT3G44750	3613
AT3G13440	959
AT3G58110	1021
AT3G54925	0
AT3G58760	458
AT3G21480	318
AT3G44140	0
AT3G51050	1932
AT3G26940	1
AT3G14920	1230
AT3G06580	1628
AT3G09110	0
AT3G06520	191
AT3G52870	1561
AT3G02900	823
AT3G26355	0
AT3G56220	28
AT3G17160	957
AT3G26922	118
AT3G50450	1
AT3G60530	897
AT3G48840	4
AT3G05560	5125
AT3G63040	0
AT3G11385	8
AT3G62800	326
AT3G49744	0
AT3G07260	27
AT3G05830	213
AT3G51750	111
AT3G46680	4
AT3G13276	76
AT3G05780	9
AT3G08360	11
AT3G06725	0
AT3G04265	0
AT3G02625	0
AT3G05965	0
AT3G07965	0
AT3G07765	5
AT3G05735	0
AT3G06525	0
AT3G04365	0
AT3G03165	18
AT3G04335	0
AT3G08345	3
AT3G03655	0
AT3G03285	0
AT3G02155	0
AT3G08875	0
AT3G05275	0
AT3G09525	0
AT3G07495	0
AT3G08310	0
AT3G04385	0
AT3G03035	0
AT3G01285	0
AT3G06285	0
AT3G06055	0
AT3G04245	0
AT3G05605	0
AT3G09605	0
AT3G01655	0
AT3G01105	0
AT3G04565	0
AT3G06855	0
AT3G04325	0
AT3G06185	0
AT3G03835	0
AT3G05705	0
AT3G06605	0
AT3G07675	17
AT3G08175	0
AT3G08050	0
AT3G05555	0
AT3G05485	0
AT3G06405	0
AT3G07665	0
AT3G06685	1
AT3G08745	0
AT3G07745	0
AT3G08315	0
AT3G04205	0
AT3G05995	10
AT3G02135	0
AT3G08450	0
AT3G01445	0
AT3G05025	0
AT3G06765	0
AT3G05315	0
AT3G01195	1
AT3G08755	0
AT3G04675	1
AT3G02685	0
AT3G01885	4
AT3G03605	8
AT3G03805	0
AT3G05645	0
AT3G01565	0
AT3G06555	0
AT3G01295	29
AT3G03915	0
AT3G06395	0
AT3G08355	0
AT3G08140	0
AT3G01585	2
AT3G02325	0
AT3G06155	0
AT3G09025	0
AT3G02415	0
AT3G02235	0
AT3G06575	0
AT3G07775	0
AT3G05205	2
AT3G06955	10
AT3G07645	0
AT3G06165	0
AT3G08455	2
AT3G04665	0
AT3G05305	0
AT3G08465	0
AT3G01075	0
AT3G02985	0
AT3G03705	0
AT3G03005	0
AT3G05085	1
AT3G02665	0
AT3G07295	0
AT3G09095	0
AT3G04625	0
AT3G07325	4
AT3G01965	0
AT3G01625	0
AT3G08775	0
AT3G02995	0
AT3G03985	0
AT3G04345	0
AT3G03825	2
AT3G03465	0
AT3G03715	0
AT3G03505	0
AT3G01125	0
AT3G07985	0
AT3G08925	0
AT3G06275	0
AT3G08325	0
AT3G01855	0
AT3G02145	0
AT3G05945	158
AT3G08190	0
AT3G09695	0
AT3G05455	0
AT3G01315	0
AT3G03875	0
AT3G08200	3
AT3G08855	0
AT3G04925	0
AT3G08330	0
AT3G08155	0
AT3G06535	0
AT3G01275	0
AT3G09415	30
AT3G08420	0
AT3G06385	0
AT3G06625	0
AT3G04145	0
AT3G08035	0
AT3G08380	0
AT3G08845	0
AT3G01975	0
AT3G06475	1
AT3G09075	2
AT3G07075	0
AT3G00995	0
AT3G09935	0
AT3G02745	0
AT3G05495	0
AT3G05385	0
AT3G05925	24
AT3G07225	0
AT3G04775	4
AT3G05795	0
AT3G04425	0
AT3G08185	2
AT3G04725	0
AT3G02735	0
AT3G07165	0
AT3G01535	0
AT3G03345	0
AT3G05635	12
AT3G01865	0
AT3G09675	0
AT3G05825	0
AT3G02815	0
AT3G04395	0
AT3G04475	1
AT3G05785	0
AT3G01365	0
AT3G08255	0
AT3G05105	0
AT3G08295	0
AT3G08100	0
AT3G02655	0
AT3G05595	6
AT3G01575	0
AT3G09185	1
AT3G02405	0
AT3G07815	0
AT3G04875	0
AT3G03075	0
AT3G09835	1
AT3G05475	0
AT3G02695	0
AT3G01395	0
AT3G08105	0
AT3G03085	0
AT3G09445	0
AT3G05535	0
AT3G06905	0
AT3G08130	0
AT3G03195	0
AT3G01845	0
AT3G02595	0
AT3G04005	0
AT3G02945	0
AT3G01595	0
AT3G04745	0
AT3G06585	0
AT3G05195	0
AT3G04085	9
AT3G06695	0
AT3G01305	0
AT3G09265	0
AT3G05375	0
AT3G07945	0
AT3G05695	0
AT3G00970	16
AT3G03755	1
AT3G09335	0
AT3G07555	0
AT3G06415	0
AT3G04595	0
AT3G08265	0
AT3G02705	2
AT3G09125	0
AT3G06115	0
AT3G06095	5
AT3G01805	0
AT3G04645	0
AT3G03665	0
AT3G06745	2
AT3G04235	2
AT3G05665	0
AT3G04805	0
AT3G08825	0
AT3G05005	0
AT3G04955	0
AT3G03945	0
AT3G08135	0
AT3G09345	6
AT3G08965	0
AT3G06245	3
AT3G06045	0
AT3G08065	209
AT3G07475	0
AT3G08390	0
AT3G08250	0
AT3G08935	0
AT3G08725	0
AT3G06925	0
AT3G04045	0
AT3G01385	1
AT3G07435	0
AT3G07275	1
AT3G08110	0
AT3G03555	0
AT3G01425	24
AT3G06835	10
AT3G04895	0
AT3G04415	0
AT3G09705	0
AT3G02895	10
AT3G01735	0
AT3G06375	0
AT3G03735	0
AT3G03455	0
AT3G02805	0
AT3G01665	0
AT3G06975	0
AT3G05915	5
AT3G06075	0
AT3G03355	0
AT3G06315	19
AT3G04845	0
AT3G05895	1
AT3G09555	8
AT3G07585	0
AT3G08005	0
AT3G09315	0
AT3G06755	8
AT3G05395	1
AT3G02835	0
AT3G04125	0
AT3G01835	1
AT3G04975	9
AT3G04225	0
AT3G02055	0
AT3G01225	0
AT3G02825	0
AT3G05465	0
AT3G03205	0
AT3G06735	0
AT3G09065	0
AT3G01765	0
AT3G03635	0
AT3G07955	0
AT3G05235	0
AT3G01985	0
AT3G07465	22
AT3G09765	0
AT3G08430	0
AT3G01255	0
AT3G07085	0
AT3G06635	15
AT3G08915	0
AT3G06795	33
AT3G05045	0
AT3G09195	0
AT3G03045	0
AT3G04585	0
AT3G06715	0
AT3G08765	0
AT3G01095	0
AT3G03365	0
AT3G08460	0
AT3G04495	0
AT3G09825	0
AT3G08395	0
AT3G01785	0
AT3G06675	0
AT3G06515	1
AT3G05505	0
AT3G08415	0
AT3G04575	0
AT3G04505	0
AT3G08815	0
AT3G08025	0
AT3G06845	0
AT3G09665	0
AT3G07975	1
AT3G06465	118
AT3G05855	1
AT3G02775	0
AT3G03775	0
AT3G03495	1
AT3G08090	0
AT3G07395	0
AT3G03115	0
AT3G02425	0
AT3G06205	0
AT3G02905	0
AT3G02635	0
AT3G08905	0
AT3G09545	1
AT3G04795	0
AT3G04555	0
AT3G05745	0
AT3G08985	0
AT3G02615	0
AT3G06255	0
AT3G01235	35
AT3G06295	0
AT3G03995	0
AT3G04515	0
AT3G08080	0
AT3G09015	0
AT3G06485	0
AT3G03795	0
AT3G05815	0
AT3G07865	0
AT3G08435	3
AT3G06355	5387
AT3G04455	0
AT3G05845	0
AT3G03685	0
AT3G09045	0
AT3G05135	0
AT3G08335	0
AT3G02785	0
AT3G09785	28
AT3G06495	11
AT3G06025	4
AT3G09205	0
AT3G06265	0
AT3G07405	0
AT3G05125	0
AT3G07335	0
AT3G01025	0
AT3G04115	12
AT3G08535	1
AT3G09105	1
AT3G03435	1
AT3G04295	0
AT3G07845	0
AT3G07245	0
AT3G06785	0
AT3G07855	0
AT3G04935	0
AT3G08125	0
AT3G07905	0
AT3G02195	0
AT3G08160	0
AT3G09435	0
AT3G05885	8
AT3G09565	0
AT3G06425	4
AT3G04065	6
AT3G06015	0
AT3G01675	0
AT3G05265	1
AT3G05225	0
AT3G04375	0
AT3G09365	0
AT3G04995	0
AT3G07505	0
AT3G09465	3
AT3G06225	0
AT3G06065	0
AT3G01555	0
AT3G05805	0
AT3G06935	0
AT3G07415	0
AT3G09945	0
AT3G08835	0
AT3G09855	4
AT3G07125	0
AT3G05445	3
AT3G09115	0
AT3G07345	1
AT3G07235	0
AT3G01115	16
AT3G03325	8
AT3G07995	0
AT3G06215	0
AT3G03525	0
AT3G06615	0
AT3G09775	27
AT3G03375	0
AT3G08545	1
AT3G03645	0
AT3G07135	0
AT3G05245	1
AT3G08715	0
AT3G04305	0
AT3G09245	13
AT3G06815	2
AT3G03615	0
AT3G02265	0
AT3G03935	0
AT3G04095	0
AT3G08290	0
AT3G07915	0
AT3G02605	0
AT3G02395	2
AT3G03335	2
AT3G08205	0
AT3G04705	0
AT3G05765	0
AT3G06805	0
AT3G07155	0
AT3G07895	4
AT3G08585	3
AT3G08120	0
AT3G08370	0
AT3G03925	2
AT3G09355	0
AT3G09485	0
AT3G01815	0
AT3G09685	0
AT3G05055	3
AT3G05095	0
AT3G09255	0
AT3G06775	0
AT3G04435	0
AT3G06565	0
AT3G07045	8
AT3G03055	0
AT3G08280	0
AT3G09395	0
AT3G02345	0
AT3G04405	0
AT3G07655	0
AT3G06235	0
AT3G08595	0
AT3G04315	0
AT3G05655	16
AT3G03295	0
AT3G04815	0
AT3G03595	0
AT3G08260	0
AT3G09755	0
AT3G08495	0
AT3G09425	0
AT3G08270	0
AT3G05295	0
AT3G06135	0
AT3G01645	0
AT3G03515	0
AT3G03725	0
AT3G09325	1
AT3G09845	0
AT3G08340	0
AT3G01775	0
AT3G05175	3
AT3G03905	0
AT3G07935	0
AT3G05955	15
AT3G03675	0
AT3G05585	1
AT3G06645	0
AT3G00975	0
AT3G08115	33
AT3G04215	0
AT3G07545	0
AT3G06655	0
AT3G03765	0
AT3G08055	0
AT3G06915	0
AT3G02955	0
AT3G09475	0
AT3G08085	0
AT3G04355	3
AT3G02585	0
AT3G02475	0
AT3G04195	0
AT3G02115	0
AT3G08170	2
AT3G08895	0
AT3G04685	0
AT3G01615	0
AT3G08975	0
AT3G03155	0
AT3G01005	0
AT3G08785	0
AT3G01605	0
AT3G01135	0
AT3G01525	0
AT3G02075	0
AT3G03745	0
AT3G08705	0
AT3G01925	0
AT3G01905	0
AT3G02565	0
AT3G09645	0
AT3G52072	40
AT3G07835	0
AT3G09625	0
AT3G07925	0
AT3G08635	10
AT3G08405	1
AT3G09155	1
AT3G03702	9
AT3G46668	68
AT3G09815	0
AT3G01895	0
AT3G13061	0
AT3G09305	0
AT3G03895	0
AT3G07355	0
AT3G03385	0
AT3G08235	0
AT3G07885	0
AT3G27990	170
AT3G04135	0
AT3G01202	3
AT3G02485	2
AT3G03975	0
AT3G02845	0
AT3G09635	0
AT3G02275	0
AT3G51238	0
AT3G02575	0
AT3G04695	0
AT3G04785	1
AT3G02095	0
AT3G06325	0
AT3G56408	5
AT3G07825	10
AT3G08240	19
AT3G02855	0
AT3G01142	0
AT3G02755	0
AT3G09875	0
AT3G09745	9
AT3G07105	0
AT3G01795	54
AT3G01755	0
AT3G52535	104
AT3G08215	0
AT3G02105	0
AT3G08795	4
AT3G52605	0
AT3G09965	0
AT3G02035	4
AT3G04285	9
AT3G03955	0
AT3G03135	2
AT3G20978	64
AT3G03145	0
AT3G04965	4
AT3G03475	9
AT3G08470	0
AT3G63445	168
AT3G09275	0
AT3G01165	0
AT3G07795	0
AT3G08225	0
AT3G51075	30
AT3G09575	0
AT3G04755	22
AT3G01485	0
AT3G03865	1
AT3G04035	0
AT3G09895	0
AT3G08245	0
AT3G04255	0
AT3G09655	0
AT3G09905	0
AT3G09795	0
AT3G04015	0
AT3G02465	0
AT3G09145	20
AT3G08515	0
AT3G19002	1
AT3G03815	2
AT3G08480	0
AT3G04615	0
AT3G03025	3
AT3G04635	0
AT3G02765	0
AT3G08665	0
AT3G08805	0
AT3G08645	0
AT3G08220	14
AT3G21755	80
AT3G01045	0
AT3G21781	0
AT3G12502	1
AT3G09985	0
AT3G02935	0
AT3G49668	0
AT3G05905	5
AT3G07625	0
AT3G58795	2
AT3G02225	12
AT3G08300	0
AT3G08230	0
AT3G46658	4
AT3G07315	0
AT3G05285	1
AT3G07785	0
AT3G02545	2
AT3G01945	0
AT3G03125	0
AT3G59695	0
AT3G22121	0
AT3G01515	0
AT3G07205	17
AT3G03095	0
AT3G08475	0
AT3G01035	13
AT3G01215	0
AT3G04055	3
AT3G01375	28
AT3G09135	0
AT3G02535	0
AT3G04185	0
AT3G01065	0
AT3G07365	0
AT3G08350	0
AT3G07705	0
AT3G03785	0
AT3G09295	1
AT3G08070	0
AT3G01495	0
AT3G04275	5
AT3G01935	0
AT3G01915	0
AT3G04025	0
AT3G08655	8
AT3G07875	14
AT3G04825	0
AT3G02085	0
AT3G02305	0
AT3G04915	0
AT3G01505	0
AT3G08685	4
AT3G02365	0
AT3G08045	4
AT3G05932	3
AT3G08525	4
AT3G03965	69
AT3G01995	0
AT3G02505	0
AT3G08400	0
AT3G03105	22
AT3G01745	1
AT3G22072	0
AT3G04835	0
AT3G57965	55
AT3G02015	4
AT3G09725	12
AT3G07305	0
AT3G07175	2
AT3G29644	205
AT3G24332	0
AT3G09175	0
AT3G07375	0
AT3G02165	0
AT3G02295	0
AT3G08425	5
AT3G54625	3
AT3G02455	2
AT3G05575	0
AT3G08675	0
AT3G02925	0
AT3G02025	0
AT3G01635	0
AT3G07805	0
AT3G59068	31
AT3G07385	0
AT3G24518	0
AT3G02525	0
AT3G08365	0
AT3G07615	0
AT3G05015	0
AT3G02495	8
AT3G02285	6
AT3G01545	0
AT3G02915	0
AT3G05145	0
AT3G09495	0
AT3G09955	8
AT3G03215	0
AT3G01055	0
AT3G01205	2
AT3G05075	0
AT3G03225	7
AT3G08075	0
AT3G02215	0
AT3G03265	7
AT3G03275	0
AT3G09995	0
AT3G03535	0
AT3G07605	0
AT3G55734	2
AT3G07065	0
AT3G26812	0
AT3G09515	1
AT3G63375	29
AT3G04655	0
AT3G06595	0
AT3G48057	0
AT3G18895	0
AT3G23326	6
AT3G51375	4
AT3G26813	0
AT3G08150	0
AT3G23125	0
AT3G06445	0
AT3G26816	1
AT3G04765	0
AT3G55512	0
AT3G03235	0
AT3G03255	0
AT3G26819	0
AT3G53016	0
AT3G07515	0
AT3G18217	78
AT3G48201	3
AT3G07095	0
AT3G03245	0
AT3G44444	8
AT3G11435	0
AT3G05515	0
AT3G10745	39
AT3G26815	0
AT3G13405	8
AT3G13724	11
AT3G53015	0
AT3G09285	0
AT3G07695	0
AT3G61897	39
AT3G26818	0
AT3G03625	20
AT3G09615	0
AT3G07685	3
AT3G06345	8447
AT3G05985	0
AT3G59884	24
AT3G22886	31
AT3G08285	0
AT3G14385	0
AT3G18827	1
AT3G07755	0
AT3G47347	27
AT3G02795	0
AT3G03415	15
AT3G24615	0
AT3G02725	3
AT3G08275	53
AT3G05335	7
AT3G50825	88
AT3G08165	75
AT3G02205	0
AT3G07725	20
AT3G24614	0
AT3G05355	57
AT3G09865	0
AT3G05715	38
AT3G02045	0
AT3G01155	0
AT3G02385	0
AT3G13525	6
AT3G27865	20
AT3G04165	26
AT3G03445	0
AT3G21805	27
AT3G01313	4
AT3G14475	0
AT3G24612	0
AT3G01145	0
AT3G08485	0
AT3G03425	1
AT3G02435	13
AT3G05325	12
AT3G02445	10
AT3G00985	0
AT3G09225	0
AT3G01316	2
AT3G58193	2
AT3G04985	0
AT3G58196	0
AT3G03175	0
AT3G08210	0
AT3G04175	69
AT3G07735	23
AT3G04155	18
AT3G47342	11
AT3G03585	0
AT3G47348	311
AT3G07715	49
AT3G08735	0
AT3G56825	1
AT3G57645	3
AT3G57765	2
AT3G05115	0
AT3G08945	0
AT3G56705	1
AT3G04905	0
AT3G08615	0
AT3G01715	0
AT3G08695	0
AT3G01695	0
AT3G06900	0
AT3G08575	0
AT3G13855	0
AT3G14735	0
AT3G07265	0
AT3G08605	0
AT3G09005	5
AT3G60805	0
AT3G10415	0
AT3G52345	0
AT3G27555	0
AT3G62285	0
AT3G55795	0
AT3G28695	0
AT3G05525	0
AT3G11505	0
AT3G05755	0
AT3G62735	0
AT3G18952	0
AT3G09505	0
AT3G06105	0
AT3G62245	0
AT3G13335	0
AT3G07185	0
AT3G06335	0
AT3G45955	0
AT3G01705	0
AT3G19235	0
AT3G60075	0
AT3G44955	0
AT3G03845	0
AT3G26747	0
AT3G28685	0
AT3G59415	0
AT3G59923	0
AT3G20655	0
AT3G27845	0
AT3G52955	0
AT3G61715	0
AT3G07055	0
AT3G20885	0
AT3G11395	0
AT3G50895	0
AT3G48275	0
AT3G02335	0
AT3G27825	0
AT3G56085	0
AT3G59926	0
AT3G15055	1
AT3G04525	0
AT3G14855	0
AT3G03852	0
AT3G52565	0
AT3G07115	0
AT3G21475	0
AT3G48745	0
AT3G09595	0
AT3G45965	0
AT3G50835	0
AT3G50665	0
AT3G52765	0
AT3G09585	0
AT3G45935	0
AT3G46875	0
AT3G53965	0
AT3G61825	0
AT3G55735	0
AT3G61105	0
AT3G49925	0
AT3G29095	0
AT3G02715	0
AT3G13223	0
AT3G53775	0
AT3G06665	0
AT3G58165	0
AT3G10015	0
AT3G58035	0
AT3G11285	0
AT3G50505	0
AT3G10035	0
AT3G63006	0
AT3G48515	0
AT3G61755	0
AT3G61545	0
AT3G51135	0
AT3G12385	0
AT3G07025	0
AT3G25715	0
AT3G15585	0
AT3G18815	0
AT3G12585	1
AT3G52285	0
AT3G30345	0
AT3G02315	0
AT3G16552	0
AT3G51265	0
AT3G05835	0
AT3G46585	0
AT3G63003	0
AT3G41979	0
AT3G41768	46297
AT3G54366	270
AT3G18362	1
AT3G60972	5
AT3G55485	2
AT3G61118	16
AT3G53365	11
AT3G06125	272
AT3G27884	14
AT3G26612	226
AT3G12965	2091
AT3G44765	10
AT3G15536	1
AT3G06962	0
AT3G05152	8
AT3G41761	0
AT3G07215	164
AT3G46614	4
AT3G14185	1
AT3G13277	238
AT3G17185	358
AT3G03695	0
AT3G07635	5
AT3G59765	72
AT3G05185	0
AT3G60238	0
AT3G57157	69
AT3G08410	0
AT3G04485	100
AT3G61198	33
AT3G05215	0
AT3G03065	0
AT3G07485	2
AT3G44798	175
AT3G04535	0
AT3G60176	1
AT3G52748	135
AT3G52742	0
AT3G00980	0
AT3G25795	5
AT3G45638	2
AT3G02832	72
AT3G48115	118
AT3G11415	1
AT2G43120	370
AT2G21390	2912
AT2G21930	12
AT2G18870	0
AT2G38310	3164
AT2G26900	7401
AT2G32710	407
AT2G16970	7
AT2G46620	393
AT2G43750	5827
AT2G24490	299
AT2G15080	899
AT2G37678	378
AT2G46225	358
AT2G27700	1
AT2G16953	0
AT2G22320	0
AT2G37260	168
AT2G04031	0
AT2G16130	0
AT2G47560	41
AT2G37390	289
AT2G06050	1396
AT2G35250	0
AT2G38390	435
AT2G25250	403
AT2G15710	0
AT2G33520	2
AT2G26330	1357
AT2G39280	912
AT2G47730	3483
AT2G02310	1
AT2G07719	1
AT2G23160	0
AT2G40900	485
AT2G39140	1246
AT2G46440	176
AT2G17630	634
AT2G21105	0
AT2G15470	0
AT2G47790	2382
AT2G19190	14
AT2G41835	202
AT2G45130	231
AT2G39110	223
AT2G38910	0
AT2G44360	416
AT2G36060	1614
AT2G07684	0
AT2G32950	853
AT2G24420	1519
AT2G40950	955
AT2G40750	66
AT2G05100	24203
AT2G28960	88
AT2G04842	1250
AT2G20690	1394
AT2G45580	1
AT2G31360	15252
AT2G01830	405
AT2G31865	270
AT2G16710	681
AT2G29080	2187
AT2G46280	3484
AT2G19870	1316
AT2G14210	12
AT2G28520	980
AT2G22345	0
AT2G44440	306
AT2G16580	80
AT2G30730	0
AT2G23690	86
AT2G40710	51
AT2G30925	0
AT2G31265	0
AT2G02930	8
AT2G32040	1038
AT2G13275	1
AT2G34940	27
AT2G18720	220
AT2G20320	554
AT2G16190	1
AT2G27300	43
AT2G31800	1492
AT2G46420	1852
AT2G37805	5
AT2G36420	374
AT2G33580	179
AT2G38010	554
AT2G20625	0
AT2G19490	445
AT2G35320	1000
AT2G47400	25765
AT2G40360	9861
AT2G42240	242
AT2G35270	124
AT2G46330	1090
AT2G27035	87
AT2G03300	0
AT2G35610	1014
AT2G30460	212
AT2G19560	633
AT2G31740	1278
AT2G14880	1686
AT2G39725	194
AT2G38660	530
AT2G16505	0
AT2G07785	1
AT2G41082	39
AT2G25330	11
AT2G28560	32
AT2G21140	471
AT2G01300	34
AT2G35240	1642
AT2G35960	91
AT2G33400	425
AT2G02180	1029
AT2G42690	2687
AT2G39570	1997
AT2G23060	13
AT2G22120	625
AT2G47470	8165
AT2G45110	0
AT2G03955	0
AT2G46890	313
AT2G39770	3043
AT2G24180	2378
AT2G29970	604
AT2G40340	359
AT2G03620	211
AT2G27930	38
AT2G25055	2
AT2G03230	0
AT2G34770	663
AT2G01540	508
AT2G16880	354
AT2G43790	818
AT2G33793	132
AT2G44030	3
AT2G45650	12
AT2G28350	531
AT2G44080	402
AT2G18400	793
AT2G39210	1010
AT2G47040	18
AT2G28630	174
AT2G03290	11
AT2G39320	11
AT2G36200	402
AT2G21090	405
AT2G34140	89
AT2G05642	0
AT2G45450	282
AT2G26695	103
AT2G34325	20
AT2G16005	18
AT2G29790	0
AT2G07734	0
AT2G03880	43
AT2G20784	0
AT2G37790	1478
AT2G45760	11
AT2G03932	0
AT2G32910	1227
AT2G34160	1004
AT2G29040	0
AT2G05810	10
AT2G30750	33
AT2G37010	1
AT2G26820	14
AT2G24340	2
AT2G14395	0
AT2G28880	277
AT2G21490	4
AT2G24700	102
AT2G21280	1467
AT2G01290	446
AT2G12935	0
AT2G03500	116
AT2G03937	0
AT2G15760	73
AT2G07701	0
AT2G37660	9820
AT2G36160	9636
AT2G24800	18
AT2G20450	5870
AT2G35780	1556
AT2G31020	128
AT2G27775	443
AT2G24410	0
AT2G36740	692
AT2G38130	1007
AT2G34650	125
AT2G27570	0
AT2G35020	1096
AT2G16535	0
AT2G31670	2405
AT2G18880	0
AT2G16400	1528
AT2G43880	10
AT2G19260	377
AT2G02220	722
AT2G14820	37
AT2G14945	0
AT2G28725	0
AT2G42130	924
AT2G22941	0
AT2G23130	646
AT2G16940	2631
AT2G21030	8
AT2G22310	158
AT2G32300	233
AT2G02630	49
AT2G14000	0
AT2G31082	2
AT2G42475	0
AT2G03830	8
AT2G04622	0
AT2G01990	454
AT2G36750	1431
AT2G40720	83
AT2G39010	9163
AT2G27380	3
AT2G33000	106
AT2G27535	30
AT2G24030	102
AT2G21890	20
AT2G34870	2
AT2G37370	23
AT2G06908	0
AT2G15580	1377
AT2G13430	12
AT2G01320	2242
AT2G07621	84
AT2G37610	20
AT2G42350	73
AT2G28710	20
AT2G24740	6
AT2G17350	403
AT2G43795	4
AT2G33260	10
AT2G40070	682
AT2G07674	694
AT2G40380	614
AT2G46110	112
AT2G46660	121
AT2G39720	730
AT2G44195	11
AT2G47844	24
AT2G25830	1589
AT2G39435	155
AT2G03240	742
AT2G04378	329
AT2G31210	2
AT2G47880	10
AT2G07560	0
AT2G28140	228
AT2G07631	0
AT2G18320	0
AT2G02080	404
AT2G39910	280
AT2G39090	439
AT2G35620	1211
AT2G23670	0
AT2G17190	1479
AT2G15400	113
AT2G43330	356
AT2G11623	1
AT2G43370	428
AT2G04230	460
AT2G37650	166
AT2G31141	221
AT2G18970	0
AT2G20208	0
AT2G30380	26
AT2G34440	0
AT2G04870	0
AT2G01905	37
AT2G46430	809
AT2G14288	0
AT2G41460	345
AT2G42500	1871
AT2G32240	2284
AT2G47650	2045
AT2G46308	0
AT2G36970	569
AT2G37630	1818
AT2G27790	151
AT2G17420	6602
AT2G02250	14
AT2G45590	1061
AT2G03180	0
AT2G29410	28
AT2G33570	533
AT2G41590	0
AT2G34320	2
AT2G39930	1540
AT2G18500	172
AT2G19530	218
AT2G33160	0
AT2G21470	644
AT2G24710	8
AT2G16890	766
AT2G26790	271
AT2G25600	16
AT2G23090	11479
AT2G46520	1458
AT2G44581	2
AT2G19180	528
AT2G26690	2687
AT2G24530	257
AT2G34340	320
AT2G02290	0
AT2G33460	18
AT2G24020	2373
AT2G44730	387
AT2G36960	375
AT2G11626	0
AT2G19760	3588
AT2G24200	9150
AT2G05790	2755
AT2G41231	0
AT2G13960	37
AT2G01880	78
AT2G34700	3
AT2G31470	0
AT2G31820	1712
AT2G42530	280
AT2G20310	350
AT2G11773	0
AT2G42410	0
AT2G34180	15
AT2G05400	12
AT2G42975	171
AT2G38750	442
AT2G37570	1197
AT2G20400	412
AT2G28180	1
AT2G44890	0
AT2G18490	8
AT2G46940	43
AT2G30820	65
AT2G36560	6
AT2G30290	0
AT2G26520	18
AT2G43745	18
AT2G13440	837
AT2G44525	335
AT2G33150	10461
AT2G24480	0
AT2G17740	43
AT2G31425	0
AT2G01850	3212
AT2G15010	3
AT2G44925	0
AT2G42600	6253
AT2G39590	0
AT2G13985	2
AT2G25990	0
AT2G07690	1680
AT2G07640	0
AT2G38960	710
AT2G43570	3204
AT2G40760	818
AT2G18150	690
AT2G29260	166
AT2G47580	1541
AT2G26580	253
AT2G32415	799
AT2G25565	1
AT2G05752	0
AT2G30150	455
AT2G36710	24
AT2G32380	497
AT2G07360	1760
AT2G40080	1229
AT2G04790	198
AT2G25482	0
AT2G19350	182
AT2G07695	481
AT2G42960	130
AT2G29870	0
AT2G46600	1016
AT2G15260	0
AT2G21080	86
AT2G35615	2
AT2G35770	38
AT2G02390	2476
AT2G01780	0
AT2G25735	38
AT2G25409	0
AT2G07777	2
AT2G29320	892
AT2G46470	1393
AT2G35080	0
AT2G47930	50
AT2G36630	387
AT2G27860	3897
AT2G32850	963
AT2G18530	16
AT2G01008	282
AT2G39060	0
AT2G34670	146
AT2G35310	20
AT2G32150	282
AT2G17010	2
AT2G34030	13
AT2G22155	0
AT2G40670	35
AT2G36440	0
AT2G18700	419
AT2G20463	0
AT2G01021	1
AT2G13422	0
AT2G23260	1
AT2G42040	435
AT2G25180	667
AT2G37520	1134
AT2G23370	556
AT2G07721	68
AT2G39220	444
AT2G22920	117
AT2G34655	11
AT2G34300	1720
AT2G41820	1426
AT2G29065	111
AT2G36695	1
AT2G41280	0
AT2G08986	0
AT2G33240	66
AT2G10455	0
AT2G26360	80
AT2G42120	419
AT2G02240	8
AT2G44690	109
AT2G07120	0
AT2G22990	2079
AT2G17290	873
AT2G19960	1
AT2G11015	0
AT2G32788	0
AT2G15630	132
AT2G44390	6
AT2G22125	2261
AT2G39550	612
AT2G40830	1069
AT2G22140	101
AT2G24850	119
AT2G31320	417
AT2G18730	1311
AT2G16230	18
AT2G24120	2953
AT2G24510	0
AT2G42885	1
AT2G38690	5
AT2G36895	411
AT2G39870	950
AT2G23150	488
AT2G40630	397
AT2G39670	2136
AT2G24692	1
AT2G01090	599
AT2G35736	384
AT2G45000	497
AT2G38700	1819
AT2G27389	5
AT2G20260	10741
AT2G16380	188
AT2G01520	138
AT2G22850	4
AT2G45360	12
AT2G46020	2551
AT2G04040	349
AT2G38050	384
AT2G16405	575
AT2G23770	50
AT2G20930	438
AT2G44175	0
AT2G31430	0
AT2G34010	41
AT2G22760	0
AT2G04050	289
AT2G07798	548
AT2G35510	1024
AT2G03070	596
AT2G27190	2465
AT2G32200	8
AT2G33670	0
AT2G45610	0
AT2G14080	635
AT2G24090	4160
AT2G40370	62
AT2G05760	282
AT2G15900	517
AT2G35550	77
AT2G26160	12
AT2G03560	0
AT2G35585	93
AT2G19520	2131
AT2G38320	187
AT2G40260	176
AT2G17830	224
AT2G33410	2656
AT2G35820	485
AT2G26400	11
AT2G02320	1
AT2G41310	665
AT2G33835	387
AT2G20635	276
AT2G42710	1991
AT2G10615	1
AT2G12280	0
AT2G23910	710
AT2G20880	20
AT2G28230	505
AT2G33250	2558
AT2G28440	157
AT2G01400	121
AT2G26260	704
AT2G13290	761
AT2G37580	271
AT2G47450	8096
AT2G37320	218
AT2G23780	655
AT2G36550	0
AT2G45050	441
AT2G16910	8
AT2G17430	25
AT2G03730	482
AT2G27320	0
AT2G20921	0
AT2G43950	1146
AT2G40113	71
AT2G45550	4
AT2G43810	1005
AT2G33990	254
AT2G28240	260
AT2G17250	886
AT2G46370	1267
AT2G35630	2214
AT2G31760	0
AT2G38610	895
AT2G02070	983
AT2G22426	1
AT2G18420	2
AT2G17650	61
AT2G42550	0
AT2G31710	379
AT2G41475	983
AT2G47280	0
AT2G18060	88
AT2G05160	14
AT2G43410	685
AT2G23290	263
AT2G17900	656
AT2G19620	205
AT2G18290	696
AT2G32750	20
AT2G46580	775
AT2G47680	214
AT2G44370	109
AT2G37190	5485
AT2G19720	816
AT2G16500	3394
AT2G36305	334
AT2G21180	307
AT2G04850	235
AT2G19060	3
AT2G19045	0
AT2G32560	3467
AT2G29350	411
AT2G36340	304
AT2G07830	0
AT2G20613	3
AT2G35200	19
AT2G25355	531
AT2G07774	1005
AT2G29420	282
AT2G33560	254
AT2G24765	1861
AT2G30810	0
AT2G07180	1828
AT2G27950	1319
AT2G04920	0
AT2G04890	174
AT2G17036	68
AT2G48060	1022
AT2G41770	399
AT2G29480	0
AT2G20815	106
AT2G25685	0
AT2G30500	838
AT2G34185	16
AT2G38440	924
AT2G03850	4
AT2G25300	304
AT2G16440	1299
AT2G40980	667
AT2G22830	290
AT2G35760	182
AT2G36360	986
AT2G03110	74
AT2G32830	271
AT2G18020	19114
AT2G39420	570
AT2G46590	477
AT2G43490	598
AT2G35460	5
AT2G05105	0
AT2G28940	230
AT2G31490	7467
AT2G07725	68
AT2G25360	4
AT2G20520	15
AT2G40840	7801
AT2G40510	5433
AT2G04830	0
AT2G38270	2314
AT2G16950	1895
AT2G15820	1224
AT2G19940	1452
AT2G28840	10423
AT2G21500	313
AT2G28225	1
AT2G36320	1001
AT2G32070	1085
AT2G25890	0
AT2G05335	0
AT2G41750	0
AT2G35215	0
AT2G36010	214
AT2G44470	0
AT2G05850	6
AT2G01890	1534
AT2G41650	1963
AT2G42000	0
AT2G42900	45
AT2G33170	467
AT2G25790	736
AT2G22860	68
AT2G42640	195
AT2G44930	17
AT2G40150	213
AT2G37280	129
AT2G40316	726
AT2G45530	45
AT2G07698	5450
AT2G03040	11
AT2G15290	2062
AT2G35160	269
AT2G16640	1808
AT2G35600	66
AT2G47320	1827
AT2G34780	1057
AT2G43090	4603
AT2G47760	955
AT2G47900	1005
AT2G47010	1154
AT2G35580	2
AT2G30350	668
AT2G42800	66
AT2G39200	99
AT2G28780	111
AT2G38970	439
AT2G07440	0
AT2G35210	45
AT2G05990	2465
AT2G34840	382
AT2G16980	48
AT2G34570	494
AT2G28085	2
AT2G30410	1262
AT2G15730	240
AT2G17680	1
AT2G35980	10
AT2G25200	394
AT2G45740	2591
AT2G37050	2954
AT2G47950	16
AT2G11778	72
AT2G25580	480
AT2G29180	1442
AT2G37620	545
AT2G46760	137
AT2G41250	900
AT2G35120	2380
AT2G22640	245
AT2G45405	0
AT2G06166	0
AT2G01500	0
AT2G21750	0
AT2G44410	740
AT2G03520	2
AT2G41630	2802
AT2G28040	2
AT2G45180	20951
AT2G23445	0
AT2G26120	3
AT2G01120	349
AT2G26550	558
AT2G43200	227
AT2G15090	1714
AT2G27505	8
AT2G04360	749
AT2G26940	2
AT2G41225	3
AT2G26250	3289
AT2G30080	174
AT2G45340	805
AT2G34640	1848
AT2G32520	2688
AT2G26150	443
AT2G15970	3987
AT2G35765	0
AT2G01900	130
AT2G28755	11
AT2G37450	426
AT2G29670	8483
AT2G18980	600
AT2G47110	7372
AT2G31190	850
AT2G18120	88
AT2G34500	58
AT2G41920	2
AT2G04621	0
AT2G07672	0
AT2G30570	39438
AT2G20780	1386
AT2G31160	144
AT2G11000	463
AT2G26040	204
AT2G35030	237
AT2G06990	1390
AT2G05120	856
AT2G29710	24
AT2G43235	226
AT2G04650	104
AT2G44750	287
AT2G40450	12
AT2G18040	4356
AT2G03220	793
AT2G23820	850
AT2G12905	0
AT2G19220	0
AT2G39705	364
AT2G18740	1360
AT2G44550	0
AT2G47590	7271
AT2G15690	394
AT2G43220	0
AT2G20725	1139
AT2G41370	268
AT2G37940	735
AT2G38890	2
AT2G25760	2395
AT2G10955	0
AT2G07708	0
AT2G46494	1
AT2G43800	941
AT2G37070	45
AT2G36355	77
AT2G48120	314
AT2G15780	6
AT2G14920	14
AT2G19660	48
AT2G48140	485
AT2G35520	889
AT2G23990	0
AT2G20060	2090
AT2G01045	0
AT2G16595	69
AT2G20510	8
AT2G04020	1
AT2G15240	551
AT2G19910	213
AT2G40390	47
AT2G28110	257
AT2G36640	34
AT2G45770	1329
AT2G30790	265
AT2G40060	2382
AT2G25110	4396
AT2G20100	200
AT2G31725	358
AT2G46450	770
AT2G18710	3282
AT2G40490	3514
AT2G42465	0
AT2G24350	102
AT2G32230	4664
AT2G19790	2237
AT2G03610	0
AT2G04045	0
AT2G30400	24
AT2G29760	267
AT2G45120	61
AT2G22795	1398
AT2G14700	0
AT2G01200	26
AT2G45490	254
AT2G28671	3
AT2G41140	1128
AT2G23580	0
AT2G04235	138
AT2G28100	319
AT2G26850	0
AT2G06000	559
AT2G36885	1183
AT2G29600	0
AT2G17785	0
AT2G31270	265
AT2G25460	122
AT2G33810	1
AT2G42370	0
AT2G34310	1033
AT2G36300	490
AT2G44040	1249
AT2G36780	184
AT2G29628	1
AT2G24080	1
AT2G19930	259
AT2G02750	240
AT2G16520	0
AT2G03150	2455
AT2G28605	824
AT2G26960	2
AT2G24195	6
AT2G38620	110
AT2G40530	43
AT2G02690	10
AT2G37435	5
AT2G42140	8
AT2G33080	6
AT2G04046	0
AT2G33655	0
AT2G33610	1115
AT2G40165	0
AT2G07661	7
AT2G44540	0
AT2G05270	12
AT2G34120	0
AT2G43770	1156
AT2G34730	847
AT2G38600	35
AT2G07170	405
AT2G10025	0
AT2G18000	147
AT2G34990	4
AT2G38580	455
AT2G06520	18522
AT2G47485	61
AT2G07806	224
AT2G17890	7
AT2G30800	634
AT2G44180	530
AT2G40940	1850
AT2G14100	55
AT2G11520	840
AT2G03450	254
AT2G07724	0
AT2G31970	1275
AT2G39450	576
AT2G33233	0
AT2G47360	122
AT2G39975	0
AT2G36590	19
AT2G21800	145
AT2G23590	13
AT2G32170	1313
AT2G41350	409
AT2G01800	0
AT2G45330	859
AT2G19860	1524
AT2G27060	664
AT2G35800	1361
AT2G35658	57
AT2G25420	319
AT2G33220	3941
AT2G01390	170
AT2G41960	972
AT2G32220	746
AT2G18840	614
AT2G23800	0
AT2G31460	0
AT2G34330	0
AT2G21150	2116
AT2G44480	39
AT2G23510	0
AT2G22890	84
AT2G23321	0
AT2G21850	255
AT2G18810	0
AT2G39490	3
AT2G46910	427
AT2G47070	1993
AT2G45520	1392
AT2G01980	641
AT2G43920	515
AT2G26510	849
AT2G30300	3
AT2G19150	22
AT2G44990	3
AT2G32760	362
AT2G13542	0
AT2G14255	526
AT2G14720	2596
AT2G30110	3739
AT2G26270	164
AT2G40540	1235
AT2G18193	579
AT2G32060	4847
AT2G24010	21
AT2G22490	2061
AT2G04675	0
AT2G27130	171
AT2G26730	1310
AT2G05410	1
AT2G12200	0
AT2G46540	2380
AT2G26650	711
AT2G04930	0
AT2G16460	369
AT2G46040	321
AT2G43910	3648
AT2G42340	56
AT2G14290	12
AT2G43050	33
AT2G25770	6
AT2G01960	2
AT2G25270	634
AT2G45630	224
AT2G33175	92
AT2G02960	707
AT2G46320	587
AT2G07636	0
AT2G28210	37
AT2G01667	0
AT2G25010	407
AT2G44820	885
AT2G25740	911
AT2G22241	0
AT2G18721	0
AT2G31690	0
AT2G38250	230
AT2G07681	34
AT2G19400	257
AT2G18360	327
AT2G17265	882
AT2G32275	0
AT2G05070	28871
AT2G25570	916
AT2G46060	362
AT2G36830	14002
AT2G41300	278
AT2G04160	3056
AT2G02370	273
AT2G33850	955
AT2G46250	741
AT2G17560	1633
AT2G04340	960
AT2G01970	2141
AT2G14170	1983
AT2G01720	1757
AT2G19240	52
AT2G09970	3
AT2G18620	82
AT2G03820	2952
AT2G30760	18
AT2G16650	608
AT2G07750	0
AT2G24617	0
AT2G46650	972
AT2G31050	0
AT2G47000	888
AT2G33385	41
AT2G33310	707
AT2G34600	23
AT2G42955	72
AT2G38150	1
AT2G25190	521
AT2G04515	19
AT2G44870	1582
AT2G13905	0
AT2G44100	5034
AT2G36100	471
AT2G07827	261
AT2G38450	758
AT2G39310	4128
AT2G03567	0
AT2G04062	0
AT2G36720	1025
AT2G07715	856
AT2G18600	185
AT2G17700	520
AT2G42320	1196
AT2G46050	18
AT2G47940	3067
AT2G05320	423
AT2G29860	0
AT2G15490	134
AT2G19470	1346
AT2G44980	340
AT2G20362	68
AT2G01060	1500
AT2G22475	742
AT2G44400	0
AT2G45290	1813
AT2G34250	10585
AT2G28920	0
AT2G28580	0
AT2G18250	533
AT2G44420	252
AT2G23660	0
AT2G27390	0
AT2G20110	138
AT2G29200	1434
AT2G28190	1690
AT2G44330	0
AT2G38240	20
AT2G35810	667
AT2G15220	233
AT2G24762	2191
AT2G25880	316
AT2G21370	1309
AT2G46735	140
AT2G11010	0
AT2G44020	321
AT2G03810	238
AT2G41500	1003
AT2G40930	880
AT2G15910	1075
AT2G01379	0
AT2G46765	1
AT2G32660	20
AT2G18640	3
AT2G40435	158
AT2G31240	803
AT2G29730	215
AT2G27960	1006
AT2G25530	354
AT2G21640	1783
AT2G38230	3332
AT2G05180	20
AT2G23430	335
AT2G41220	2560
AT2G35920	1377
AT2G19690	251
AT2G45240	2225
AT2G32350	0
AT2G05520	16352
AT2G41420	864
AT2G34430	23558
AT2G04220	0
AT2G07702	0
AT2G11851	0
AT2G18170	695
AT2G43620	6491
AT2G06960	0
AT2G03840	0
AT2G37025	35
AT2G43945	1440
AT2G16930	976
AT2G43465	159
AT2G31230	578
AT2G38290	1089
AT2G27330	238
AT2G22600	64
AT2G03530	136
AT2G18350	340
AT2G14120	2826
AT2G28250	266
AT2G30933	51
AT2G20300	706
AT2G05786	0
AT2G19310	4958
AT2G18685	0
AT2G38410	577
AT2G27980	678
AT2G05117	0
AT2G40890	3238
AT2G32780	7
AT2G02660	3
AT2G41520	635
AT2G34390	23
AT2G07667	532
AT2G24280	1739
AT2G17170	0
AT2G11225	2157
AT2G41060	913
AT2G39940	721
AT2G45910	1056
AT2G12480	7
AT2G37330	220
AT2G17470	17
AT2G31980	164
AT2G18750	1385
AT2G03170	0
AT2G38905	0
AT2G15670	0
AT2G40520	702
AT2G02790	846
AT2G25210	4362
AT2G22530	326
AT2G15590	2
AT2G18080	1
AT2G05970	0
AT2G07739	1942
AT2G23360	176
AT2G22050	0
AT2G26640	780
AT2G46700	583
AT2G35330	1260
AT2G35410	2063
AT2G42450	505
AT2G05510	9926
AT2G26380	3
AT2G21810	0
AT2G33730	1470
AT2G37810	0
AT2G31440	471
AT2G16620	0
AT2G40400	2563
AT2G30440	1164
AT2G13790	701
AT2G26280	1703
AT2G11005	2
AT2G17480	849
AT2G20618	1
AT2G13800	513
AT2G21960	1038
AT2G02050	5036
AT2G02970	774
AT2G40030	360
AT2G43230	73
AT2G30840	159
AT2G15610	0
AT2G30020	442
AT2G43510	574
AT2G09990	3695
AT2G36854	0
AT2G02795	0
AT2G05330	3
AT2G41950	754
AT2G43640	628
AT2G21010	2
AT2G15025	0
AT2G04900	1184
AT2G38760	123
AT2G02700	2
AT2G47520	119
AT2G19365	0
AT2G35170	99
AT2G04350	1702
AT2G28305	412
AT2G39700	6405
AT2G33550	1321
AT2G04425	0
AT2G03590	34
AT2G25450	8580
AT2G28050	131
AT2G47440	1028
AT2G32280	504
AT2G22170	5013
AT2G20550	60
AT2G02455	4
AT2G04495	23
AT2G17860	0
AT2G35670	0
AT2G43030	7920
AT2G14910	4343
AT2G04030	35105
AT2G03020	280
AT2G29690	773
AT2G13100	1118
AT2G44745	27
AT2G38100	14
AT2G07673	1
AT2G34110	0
AT2G37160	940
AT2G42380	251
AT2G39030	239
AT2G34790	307
AT2G26670	2581
AT2G05915	0
AT2G33500	519
AT2G33760	124
AT2G41730	122
AT2G41830	246
AT2G28610	5
AT2G14500	0
AT2G46850	10
AT2G31081	0
AT2G13680	39
AT2G47690	5251
AT2G47230	352
AT2G34170	311
AT2G28426	12
AT2G29640	119
AT2G43270	24
AT2G18300	1020
AT2G38020	800
AT2G45980	1317
AT2G20130	365
AT2G32550	554
AT2G31680	741
AT2G20030	16
AT2G33705	0
AT2G47090	373
AT2G29263	0
AT2G28220	0
AT2G17510	796
AT2G40110	171
AT2G22650	488
AT2G26660	574
AT2G17820	809
AT2G34210	73
AT2G28010	0
AT2G16070	900
AT2G15450	0
AT2G35935	0
AT2G18969	0
AT2G12550	331
AT2G45960	20125
AT2G22690	339
AT2G03640	1255
AT2G16810	4
AT2G19830	2321
AT2G27150	328
AT2G42080	182
AT2G18130	2
AT2G24450	0
AT2G33880	4
AT2G10550	0
AT2G44760	2488
AT2G04039	680
AT2G16770	302
AT2G27410	0
AT2G33620	1522
AT2G23960	96
AT2G41180	0
AT2G14289	0
AT2G36110	5
AT2G38060	47
AT2G20840	356
AT2G31005	0
AT2G26130	9
AT2G44620	1654
AT2G21550	92
AT2G18690	200
AT2G47890	557
AT2G37240	2586
AT2G14050	143
AT2G40600	818
AT2G21300	2060
AT2G20140	2135
AT2G37910	0
AT2G03780	652
AT2G20920	1698
AT2G16030	0
AT2G42460	0
AT2G20850	750
AT2G23070	2895
AT2G01130	278
AT2G44210	4842
AT2G31410	2398
AT2G03310	712
AT2G35910	125
AT2G36430	430
AT2G28620	318
AT2G20430	0
AT2G26800	1755
AT2G26310	142
AT2G05840	2614
AT2G04420	4
AT2G42510	194
AT2G30310	0
AT2G04810	0
AT2G03931	0
AT2G27420	190
AT2G07644	38
AT2G34740	0
AT2G19950	633
AT2G29679	0
AT2G21630	142
AT2G14560	1029
AT2G18340	6
AT2G12875	0
AT2G22400	1471
AT2G44810	0
AT2G47970	1448
AT2G48080	113
AT2G24690	424
AT2G41930	1
AT2G41400	0
AT2G36840	151
AT2G41550	115
AT2G46140	521
AT2G04840	0
AT2G02990	215
AT2G19130	270
AT2G10535	2
AT2G22880	0
AT2G34080	142
AT2G14110	371
AT2G32860	645
AT2G39340	653
AT2G41170	184
AT2G18990	543
AT2G20660	0
AT2G43320	276
AT2G41640	226
AT2G26340	2081
AT2G19630	2
AT2G40920	976
AT2G25150	13
AT2G42865	82
AT2G21100	69
AT2G22440	0
AT2G45280	310
AT2G21120	1069
AT2G37020	576
AT2G29700	868
AT2G31420	2
AT2G21060	1827
AT2G27313	3
AT2G18780	269
AT2G47850	757
AT2G31955	555
AT2G46495	9
AT2G25000	213
AT2G01735	141
AT2G45200	1031
AT2G04740	778
AT2G36930	1178
AT2G39270	621
AT2G33330	875
AT2G01180	245
AT2G33770	2684
AT2G07696	1
AT2G23985	25
AT2G26170	896
AT2G29950	0
AT2G47990	933
AT2G17033	936
AT2G17920	1
AT2G05632	149
AT2G32180	0
AT2G42210	5511
AT2G18090	1211
AT2G12945	0
AT2G25905	0
AT2G38460	98
AT2G36000	1780
AT2G12290	1
AT2G27402	90
AT2G36760	31
AT2G15620	8276
AT2G36920	1
AT2G13547	1
AT2G26230	828
AT2G32370	2
AT2G13540	1266
AT2G25090	145
AT2G40010	480
AT2G07728	246
AT2G27370	100
AT2G37950	37
AT2G15370	18
AT2G32020	24
AT2G46130	10
AT2G28570	551
AT2G30695	489
AT2G16290	0
AT2G34100	3
AT2G40410	843
AT2G39355	1
AT2G22942	0
AT2G25080	4571
AT2G34490	602
AT2G36610	5
AT2G37080	1368
AT2G33210	5070
AT2G24940	11872
AT2G35350	554
AT2G32770	23
AT2G37980	77
AT2G22250	562
AT2G31510	1938
AT2G07505	0
AT2G16120	0
AT2G32010	291
AT2G35660	367
AT2G30140	627
AT2G25215	0
AT2G05060	1
AT2G18190	128
AT2G24270	11649
AT2G13295	0
AT2G36770	239
AT2G42930	0
AT2G01580	35
AT2G06555	4
AT2G43460	10523
AT2G41355	0
AT2G38365	0
AT2G01913	108
AT2G02570	2433
AT2G07613	0
AT2G03800	437
AT2G26890	1145
AT2G37530	150
AT2G46740	65
AT2G17260	107
AT2G26020	0
AT2G03120	2795
AT2G28400	174
AT2G38080	1041
AT2G42590	9856
AT2G38695	111
AT2G16510	1853
AT2G17990	1931
AT2G03870	718
AT2G47500	611
AT2G21420	3
AT2G22807	0
AT2G30220	13
AT2G47210	764
AT2G36985	18
AT2G47120	1
AT2G41490	426
AT2G42620	575
AT2G19020	0
AT2G01918	93
AT2G19980	4
AT2G21040	3
AT2G40660	2048
AT2G19610	13
AT2G10260	0
AT2G32530	1203
AT2G14285	571
AT2G46340	2352
AT2G22370	253
AT2G44140	743
AT2G21240	1251
AT2G42660	53
AT2G21830	234
AT2G17070	13
AT2G17580	581
AT2G20810	847
AT2G15740	0
AT2G16800	765
AT2G44060	6456
AT2G12880	0
AT2G02170	712
AT2G02810	2614
AT2G04700	2186
AT2G05900	0
AT2G18070	0
AT2G01740	154
AT2G20515	219
AT2G31090	244
AT2G46610	751
AT2G38740	352
AT2G47630	600
AT2G33280	28
AT2G07779	355
AT2G26680	559
AT2G35110	1092
AT2G29810	0
AT2G39520	0
AT2G44150	484
AT2G11522	0
AT2G25297	1
AT2G16370	1027
AT2G24100	466
AT2G28680	2
AT2G19230	2
AT2G39970	1804
AT2G21170	15674
AT2G02147	0
AT2G43445	118
AT2G42540	724
AT2G40500	1
AT2G34720	533
AT2G39000	822
AT2G26860	406
AT2G31070	470
AT2G14870	0
AT2G13690	412
AT2G33590	1605
AT2G44580	155
AT2G03410	0
AT2G39190	1295
AT2G23100	116
AT2G45990	792
AT2G19770	2
AT2G47270	13
AT2G10602	0
AT2G14282	0
AT2G24870	30
AT2G39620	24
AT2G39990	2571
AT2G44920	1145
AT2G19080	936
AT2G27180	28
AT2G17055	17
AT2G31990	93
AT2G35343	21
AT2G16365	2299
AT2G21710	538
AT2G46190	0
AT2G17620	77
AT2G31570	3887
AT2G23950	852
AT2G27280	5
AT2G45500	441
AT2G15660	0
AT2G43760	612
AT2G29605	0
AT2G22750	0
AT2G26240	628
AT2G36620	5033
AT2G21950	35
AT2G17540	349
AT2G01590	507
AT2G01370	1
AT2G33780	1
AT2G28020	0
AT2G40700	1445
AT2G16900	625
AT2G02760	3709
AT2G04305	436
AT2G06645	0
AT2G40230	97
AT2G18245	354
AT2G33090	1
AT2G38570	169
AT2G27540	0
AT2G30700	939
AT2G12461	192
AT2G14660	300
AT2G15980	164
AT2G28650	118
AT2G42180	0
AT2G28160	31
AT2G39370	98
AT2G36580	2436
AT2G27010	51
AT2G43261	0
AT2G42430	59
AT2G07628	0
AT2G27810	1136
AT2G43720	133
AT2G07629	1902
AT2G30340	105
AT2G26070	276
AT2G20670	1051
AT2G37500	1149
AT2G39855	0
AT2G23140	465
AT2G28200	265
AT2G07638	570
AT2G22180	1
AT2G29290	922
AT2G39440	316
AT2G39820	22
AT2G14890	3506
AT2G41360	8
AT2G46390	6048
AT2G07680	260
AT2G38870	3413
AT2G38800	4310
AT2G33420	4
AT2G16090	427
AT2G24680	140
AT2G26560	26
AT2G23148	0
AT2G07771	0
AT2G34315	0
AT2G25312	0
AT2G47540	125
AT2G17130	820
AT2G25050	361
AT2G19030	0
AT2G44880	135
AT2G15640	0
AT2G33070	6
AT2G05910	86
AT2G21430	196
AT2G14160	0
AT2G41415	0
AT2G33720	1
AT2G21350	85
AT2G41800	201
AT2G25480	568
AT2G35970	0
AT2G18370	791
AT2G30740	1314
AT2G43980	628
AT2G01175	31
AT2G24640	624
AT2G17440	872
AT2G03965	0
AT2G04550	662
AT2G31880	625
AT2G16960	4
AT2G27680	7027
AT2G46930	1533
AT2G46550	1066
AT2G27580	834
AT2G45660	259
AT2G07652	198
AT2G33530	861
AT2G27480	109
AT2G17300	224
AT2G31770	1
AT2G02150	377
AT2G29170	74
AT2G40200	48
AT2G40820	363
AT2G07215	0
AT2G35360	270
AT2G23440	0
AT2G45406	0
AT2G32160	42
AT2G20000	431
AT2G29500	199446
AT2G44630	99
AT2G44230	202
AT2G46800	3893
AT2G33450	2212
AT2G07981	0
AT2G28700	16
AT2G35530	469
AT2G19893	0
AT2G40280	650
AT2G17845	6
AT2G31085	1
AT2G32740	3
AT2G21070	432
AT2G04620	307
AT2G41670	600
AT2G02640	1
AT2G33680	180
AT2G04940	744
AT2G39782	0
AT2G24600	160
AT2G24320	4
AT2G01150	423
AT2G39890	1120
AT2G42770	1172
AT2G31870	272
AT2G47170	5009
AT2G38720	76
AT2G44340	8
AT2G25120	0
AT2G40220	0
AT2G22570	337
AT2G30615	0
AT2G07738	88
AT2G17870	1889
AT2G34910	49
AT2G28290	1970
AT2G27100	2916
AT2G25730	1953
AT2G17210	53
AT2G18510	2596
AT2G25170	1925
AT2G27690	57
AT2G39080	2788
AT2G13360	20356
AT2G32905	0
AT2G28310	1135
AT2G39580	1860
AT2G43140	127
AT2G38170	9456
AT2G07705	0
AT2G23834	0
AT2G39640	0
AT2G16450	8
AT2G32260	2292
AT2G44910	29
AT2G44280	157
AT2G06210	1120
AT2G42100	0
AT2G33750	0
AT2G18790	2065
AT2G20420	5287
AT2G43255	0
AT2G17972	6
AT2G06906	0
AT2G02380	13
AT2G35965	1
AT2G07671	2
AT2G32900	518
AT2G46670	5
AT2G33390	307
AT2G42220	14575
AT2G21780	21
AT2G21580	4171
AT2G39240	21
AT2G10553	5
AT2G42470	2
AT2G44490	2761
AT2G20250	160
AT2G13125	0
AT2G26970	332
AT2G31130	281
AT2G26440	858
AT2G06845	3
AT2G38510	0
AT2G46150	72
AT2G39170	525
AT2G39790	0
AT2G33640	86
AT2G31380	417
AT2G33020	2
AT2G22425	1048
AT2G22330	897
AT2G05590	574
AT2G29000	3
AT2G15790	2674
AT2G47020	748
AT2G17230	1434
AT2G46400	191
AT2G31862	0
AT2G25140	1493
AT2G41660	604
AT2G29820	0
AT2G05440	14569
AT2G44770	621
AT2G46950	16
AT2G34920	86
AT2G40320	403
AT2G20010	701
AT2G20970	1
AT2G27220	0
AT2G17695	1232
AT2G32990	341
AT2G28340	1
AT2G15830	78
AT2G22000	174
AT2G01560	0
AT2G24130	1
AT2G36230	867
AT2G17723	0
AT2G19570	0
AT2G06265	0
AT2G46270	577
AT2G28320	1068
AT2G27770	222
AT2G37800	0
AT2G32100	187
AT2G42820	203
AT2G14510	19
AT2G43670	76
AT2G28030	0
AT2G42560	17
AT2G32190	273
AT2G39300	182
AT2G28480	479
AT2G23680	259
AT2G31790	1993
AT2G09388	0
AT2G23118	0
AT2G29485	0
AT2G21720	0
AT2G28090	2
AT2G02230	744
AT2G11215	101
AT2G41880	194
AT2G39960	1174
AT2G33010	4
AT2G29830	0
AT2G37930	93
AT2G26810	199
AT2G17530	770
AT2G41905	485
AT2G21270	1569
AT2G47390	5788
AT2G42520	1355
AT2G04750	1
AT2G38590	0
AT2G19390	479
AT2G14935	0
AT2G20170	0
AT2G27590	176
AT2G20580	4010
AT2G38670	1925
AT2G23180	206
AT2G40970	299
AT2G07760	0
AT2G35100	332
AT2G42065	25
AT2G46000	235
AT2G37380	84
AT2G18260	80
AT2G07599	284
AT2G28930	376
AT2G24970	37
AT2G04034	0
AT2G24240	332
AT2G27290	3805
AT2G24330	639
AT2G35450	1306
AT2G04395	4
AT2G38025	1097
AT2G41780	188
AT2G10560	0
AT2G30990	1163
AT2G45300	1861
AT2G45135	97
AT2G28510	1400
AT2G39795	518
AT2G38500	39
AT2G20570	4976
AT2G24860	371
AT2G21510	21
AT2G42680	9062
AT2G27160	0
AT2G43940	222
AT2G41620	1214
AT2G19920	147
AT2G20620	3
AT2G28625	0
AT2G37975	312
AT2G22460	2
AT2G38650	1970
AT2G23340	1799
AT2G18680	12
AT2G01420	587
AT2G45920	526
AT2G13640	0
AT2G14265	0
AT2G02955	556
AT2G35150	340
AT2G38430	154
AT2G05310	1668
AT2G03936	0
AT2G47300	246
AT2G46510	790
AT2G07000	0
AT2G32610	11
AT2G20360	5423
AT2G04090	61
AT2G43680	3080
AT2G06025	683
AT2G07768	13
AT2G30860	17120
AT2G29100	2
AT2G23190	15
AT2G38810	518
AT2G33255	837
AT2G40100	1096
AT2G16860	1784
AT2G19170	329
AT2G44670	935
AT2G17880	50
AT2G47750	81
AT2G47250	1868
AT2G24696	2
AT2G29780	0
AT2G23380	744
AT2G46030	951
AT2G35700	209
AT2G41790	1752
AT2G40740	0
AT2G28390	919
AT2G25230	0
AT2G19460	192
AT2G11270	2
AT2G24840	3
AT2G43710	4793
AT2G44220	0
AT2G18160	2379
AT2G35730	22
AT2G18140	0
AT2G29510	1023
AT2G06570	0
AT2G04530	1318
AT2G39750	939
AT2G07820	0
AT2G42260	98
AT2G43900	949
AT2G28380	843
AT2G47800	743
AT2G47190	13
AT2G36980	85
AT2G27385	893
AT2G20940	622
AT2G30970	6211
AT2G20710	111
AT2G42300	599
AT2G01190	580
AT2G22950	2
AT2G45570	60
AT2G20240	178
AT2G23970	9
AT2G25720	518
AT2G30580	532
AT2G35390	1365
AT2G41480	191
AT2G43690	159
AT2G30880	576
AT2G37400	1065
AT2G46560	1056
AT2G21455	0
AT2G31215	0
AT2G07689	1
AT2G27500	1255
AT2G20630	1354
AT2G43160	2924
AT2G14740	1327
AT2G26740	2339
AT2G02860	654
AT2G13950	0
AT2G29630	14363
AT2G26110	578
AT2G27710	5830
AT2G46840	104
AT2G07617	0
AT2G42280	416
AT2G48121	29
AT2G27940	0
AT2G15390	100
AT2G31100	0
AT2G40440	0
AT2G09838	0
AT2G45690	605
AT2G03050	144
AT2G17080	45
AT2G17790	1446
AT2G02490	0
AT2G21725	0
AT2G37730	0
AT2G20480	209
AT2G27310	282
AT2G15430	1102
AT2G01490	2046
AT2G19740	2584
AT2G16835	1
AT2G21230	608
AT2G04540	300
AT2G19320	2
AT2G40090	664
AT2G16850	727
AT2G27040	1381
AT2G47380	3831
AT2G07020	0
AT2G17940	11
AT2G31590	13
AT2G21340	2465
AT2G38880	321
AT2G26140	2832
AT2G16340	0
AT2G46690	694
AT2G20410	340
AT2G39840	766
AT2G24150	3102
AT2G26470	286
AT2G34690	2392
AT2G35070	18
AT2G42200	180
AT2G26700	85
AT2G48070	1723
AT2G38350	2
AT2G29560	1193
AT2G40780	263
AT2G26750	9
AT2G15535	0
AT2G42090	2
AT2G45880	760
AT2G45243	0
AT2G33775	11
AT2G35930	124
AT2G07676	91
AT2G36450	1
AT2G44710	1729
AT2G19010	1
AT2G43350	1198
AT2G26710	343
AT2G29620	29
AT2G24693	0
AT2G36250	3930
AT2G15350	3
AT2G34860	3821
AT2G30040	270
AT2G14690	7
AT2G18330	1580
AT2G29680	192
AT2G28830	160
AT2G23600	2054
AT2G29770	0
AT2G40560	0
AT2G41980	572
AT2G37310	370
AT2G20873	0
AT2G04380	0
AT2G35380	103
AT2G22070	98
AT2G22720	1457
AT2G25169	0
AT2G21560	544
AT2G41890	456
AT2G41330	86
AT2G21400	11
AT2G04080	291
AT2G17240	2770
AT2G02590	173
AT2G39290	757
AT2G06420	0
AT2G44090	1084
AT2G03360	43
AT2G36180	0
AT2G40020	196
AT2G41342	0
AT2G30210	419
AT2G38780	812
AT2G22121	0
AT2G21410	1703
AT2G16592	0
AT2G02160	5612
AT2G34220	31
AT2G33230	2
AT2G35490	3670
AT2G43740	0
AT2G07825	6
AT2G23890	563
AT2G47240	1000
AT2G43550	782
AT2G06255	34
AT2G23810	942
AT2G33585	296
AT2G07662	5640
AT2G07795	112
AT2G41900	1714
AT2G32130	7
AT2G07625	0
AT2G38540	33550
AT2G44270	913
AT2G41451	8
AT2G27140	221
AT2G07200	0
AT2G32645	0
AT2G23390	1494
AT2G22090	207
AT2G14960	20
AT2G13150	0
AT2G01260	294
AT2G36070	1578
AT2G12940	0
AT2G38420	288
AT2G01860	287
AT2G18660	368
AT2G31305	299
AT2G21870	14086
AT2G32235	83
AT2G05430	6
AT2G24560	15
AT2G32980	545
AT2G37290	37
AT2G44700	73
AT2G18220	1441
AT2G13450	3
AT2G02560	1702
AT2G32810	762
AT2G37590	75
AT2G41610	0
AT2G35900	849
AT2G22910	736
AT2G34280	0
AT2G26180	447
AT2G20562	71
AT2G45010	521
AT2G02100	10522
AT2G47245	6
AT2G03330	166
AT2G29190	1847
AT2G41000	324
AT2G32620	15
AT2G38300	166
AT2G38070	122
AT2G24430	23
AT2G23320	761
AT2G26490	2
AT2G42170	156
AT2G23550	21
AT2G07280	0
AT2G21480	1
AT2G15050	2474
AT2G02400	283
AT2G33820	351
AT2G41150	205
AT2G24310	0
AT2G25980	671
AT2G06500	0
AT2G02040	812
AT2G31840	2702
AT2G20950	660
AT2G45620	1279
AT2G20230	2357
AT2G17840	1420
AT2G07646	20
AT2G01650	557
AT2G43590	507
AT2G21520	3509
AT2G35075	76
AT2G25630	0
AT2G35480	160
AT2G17600	0
AT2G29300	97
AT2G37550	1011
AT2G20380	1
AT2G22960	0
AT2G19580	119
AT2G19820	0
AT2G45695	547
AT2G33130	4
AT2G27920	373
AT2G15280	387
AT2G31920	10
AT2G39100	273
AT2G36540	27
AT2G40210	0
AT2G42780	465
AT2G35155	731
AT2G01640	229
AT2G18910	424
AT2G02300	4
AT2G35635	5377
AT2G28405	0
AT2G37195	134
AT2G42010	613
AT2G38860	1365
AT2G37230	1676
AT2G26990	1793
AT2G19440	52
AT2G07623	0
AT2G02820	570
AT2G38380	2575
AT2G38940	1125
AT2G19330	22
AT2G18950	1161
AT2G40160	35
AT2G22470	1503
AT2G01940	173
AT2G41810	6
AT2G43400	529
AT2G33540	673
AT2G28355	0
AT2G24960	372
AT2G25610	1358
AT2G32210	263
AT2G17320	813
AT2G39415	6
AT2G15300	275
AT2G21237	2
AT2G25130	9
AT2G36325	1
AT2G22680	331
AT2G40330	743
AT2G02540	125
AT2G03720	72
AT2G48100	1691
AT2G38480	115
AT2G33435	791
AT2G02450	270
AT2G02440	0
AT2G02148	323
AT2G20835	66
AT2G27430	57
AT2G01330	324
AT2G32360	0
AT2G20350	0
AT2G35555	35
AT2G26530	121
AT2G41860	1
AT2G39760	820
AT2G42980	54
AT2G27145	0
AT2G29900	215
AT2G21220	17
AT2G32290	52
AT2G40116	4
AT2G03550	844
AT2G39850	486
AT2G17750	2
AT2G30470	832
AT2G18900	1629
AT2G01554	0
AT2G26320	0
AT2G44110	90
AT2G06200	15
AT2G07641	132
AT2G42750	1115
AT2G05050	0
AT2G20750	132
AT2G33270	1
AT2G39445	165
AT2G12462	201
AT2G28760	348
AT2G02520	3
AT2G36400	580
AT2G24880	0
AT2G02060	254
AT2G30130	24
AT2G24980	542
AT2G24630	214
AT2G27200	566
AT2G02710	1041
AT2G14270	0
AT2G46200	183
AT2G40290	2596
AT2G04660	110
AT2G16575	1
AT2G22410	256
AT2G14390	0
AT2G32680	62
AT2G19890	19
AT2G45400	897
AT2G26480	81
AT2G19800	902
AT2G47960	1872
AT2G02580	5
AT2G25820	13
AT2G21465	0
AT2G28740	585
AT2G03980	141
AT2G36890	109
AT2G33740	2698
AT2G32540	992
AT2G46720	136
AT2G28970	24
AT2G45830	115
AT2G03250	1
AT2G39390	6450
AT2G01023	1
AT2G04410	3480
AT2G23900	1
AT2G02120	163
AT2G32000	586
AT2G47220	319
AT2G30920	450
AT2G20080	3
AT2G16225	0
AT2G39130	564
AT2G45060	847
AT2G30940	0
AT2G41705	714
AT2G41440	602
AT2G34290	0
AT2G35420	10
AT2G29720	588
AT2G28260	117
AT2G03340	674
AT2G41840	23882
AT2G19640	543
AT2G01340	277
AT2G44993	0
AT2G30770	93
AT2G07741	0
AT2G38090	191
AT2G01950	809
AT2G26050	0
AT2G17150	556
AT2G42760	308
AT2G44560	1
AT2G36190	0
AT2G03630	2
AT2G13560	3816
AT2G25940	223
AT2G06667	0
AT2G15230	561
AT2G15110	0
AT2G16586	162
AT2G37140	0
AT2G41040	348
AT2G31910	15
AT2G34610	143
AT2G33205	105
AT2G46640	133
AT2G27670	0
AT2G41945	759
AT2G13555	0
AT2G30710	543
AT2G39530	8
AT2G19420	0
AT2G12475	0
AT2G29060	75
AT2G25160	54
AT2G32630	97
AT2G03821	2
AT2G24550	788
AT2G47260	207
AT2G24170	222
AT2G41410	6402
AT2G41700	1057
AT2G17590	1
AT2G31110	415
AT2G32250	269
AT2G34925	41
AT2G20590	77
AT2G26590	1823
AT2G19880	791
AT2G07340	818
AT2G38195	3
AT2G43060	303
AT2G16430	2156
AT2G44660	733
AT2G37430	6
AT2G34580	8
AT2G23400	1
AT2G47770	68
AT2G07050	1328
AT2G14095	65
AT2G44510	663
AT2G02340	3
AT2G23270	1
AT2G24300	286
AT2G43080	440
AT2G32890	0
AT2G07634	0
AT2G25640	593
AT2G15042	35
AT2G34880	8
AT2G24615	0
AT2G22480	1221
AT2G02650	2
AT2G38530	29171
AT2G31560	1273
AT2G37130	819
AT2G10931	111
AT2G17310	0
AT2G01140	9693
AT2G43360	951
AT2G46230	1295
AT2G23700	232
AT2G04115	0
AT2G40910	1
AT2G42650	557
AT2G44520	1787
AT2G46070	161
AT2G16740	828
AT2G30010	366
AT2G37585	305
AT2G14460	552
AT2G32470	0
AT2G40580	6
AT2G31810	1930
AT2G17960	0
AT2G39460	6636
AT2G24400	12
AT2G29070	305
AT2G23520	500
AT2G45350	40
AT2G27285	651
AT2G03750	838
AT2G36480	568
AT2G25590	435
AT2G40420	135
AT2G32650	578
AT2G28470	1861
AT2G14695	0
AT2G01690	774
AT2G33040	9929
AT2G25950	1060
AT2G43150	3482
AT2G25910	3281
AT2G32720	850
AT2G39950	689
AT2G46710	659
AT2G22360	3149
AT2G07713	0
AT2G01280	10
AT2G14670	0
AT2G06040	716
AT2G34200	116
AT2G22810	4
AT2G46820	11953
AT2G25350	234
AT2G20280	2901
AT2G46360	0
AT2G23420	892
AT2G18410	563
AT2G17380	1580
AT2G29050	430
AT2G19500	31
AT2G01220	1874
AT2G02020	292
AT2G36030	0
AT2G37760	2876
AT2G47420	2494
AT2G30105	693
AT2G26080	5194
AT2G31432	0
AT2G41515	0
AT2G04480	6
AT2G25605	408
AT2G01275	56
AT2G46220	2748
AT2G17705	195
AT2G44610	1852
AT2G23470	266
AT2G02635	0
AT2G04038	2
AT2G42570	916
AT2G39380	1
AT2G14860	206
AT2G19700	2
AT2G37740	20
AT2G18590	0
AT2G23010	226
AT2G28850	3
AT2G48010	393
AT2G17060	27
AT2G44850	50
AT2G19000	0
AT2G30230	328
AT2G39020	2135
AT2G21840	74
AT2G19810	222
AT2G32670	22
AT2G36810	893
AT2G43500	248
AT2G39660	795
AT2G26870	251
AT2G31945	28
AT2G02280	0
AT2G35890	12
AT2G22930	64
AT2G13760	10
AT2G28315	114
AT2G41870	430
AT2G18876	596
AT2G30060	2560
AT2G10556	0
AT2G24950	0
AT2G01080	685
AT2G37180	4212
AT2G42030	918
AT2G15029	7
AT2G38840	588
AT2G27720	7781
AT2G35140	144
AT2G34710	970
AT2G39980	218
AT2G43580	10
AT2G37090	187
AT2G26865	0
AT2G31040	2175
AT2G40650	1419
AT2G35612	1
AT2G35470	492
AT2G06005	203
AT2G28590	111
AT2G37000	27
AT2G15000	1026
AT2G42290	338
AT2G14835	1066
AT2G14765	0
AT2G25680	100
AT2G40480	231
AT2G23840	470
AT2G17030	288
AT2G39518	61
AT2G18960	26178
AT2G44590	17
AT2G47610	10048
AT2G24520	559
AT2G27840	2132
AT2G36870	2127
AT2G02730	417
AT2G19340	2
AT2G13105	0
AT2G29490	674
AT2G48130	558
AT2G23230	0
AT2G26210	411
AT2G23050	71
AT2G40850	53
AT2G33370	6263
AT2G42920	474
AT2G19360	0
AT2G35340	266
AT2G20870	12
AT2G13810	1
AT2G33190	0
AT2G13370	1623
AT2G47160	875
AT2G17905	0
AT2G42840	2233
AT2G46240	1089
AT2G34540	44
AT2G47410	1476
AT2G45190	869
AT2G46880	52
AT2G05830	1603
AT2G27470	699
AT2G43070	970
AT2G46375	0
AT2G47550	67
AT2G05635	0
AT2G31450	239
AT2G37540	774
AT2G30430	0
AT2G42880	2158
AT2G43530	1055
AT2G34360	29
AT2G02880	496
AT2G03010	157
AT2G18850	279
AT2G32310	0
AT2G17390	6522
AT2G03680	4597
AT2G48110	705
AT2G07190	0
AT2G20585	701
AT2G42580	823
AT2G18390	1825
AT2G37750	60
AT2G23220	0
AT2G35190	968
AT2G47830	273
AT2G41100	709
AT2G41200	369
AT2G31750	0
AT2G14775	119
AT2G05250	19
AT2G45040	35
AT2G01440	641
AT2G18010	12
AT2G07707	0
AT2G45270	442
AT2G02500	810
AT2G20720	1
AT2G40610	124
AT2G20050	1148
AT2G34238	13
AT2G05720	0
AT2G17975	450
AT2G37870	2440
AT2G45380	1398
AT2G20597	0
AT2G23560	113
AT2G38470	480
AT2G43240	265
AT2G37680	386
AT2G42190	756
AT2G01870	267
AT2G36460	9962
AT2G31180	47
AT2G02030	0
AT2G18860	359
AT2G16990	177
AT2G17660	17
AT2G34380	262
AT2G01730	159
AT2G01035	0
AT2G36500	20
AT2G40590	4179
AT2G43420	984
AT2G03430	410
AT2G29980	3427
AT2G10965	0
AT2G16630	377
AT2G45810	1511
AT2G07658	0
AT2G20760	1567
AT2G40570	339
AT2G42670	562
AT2G18480	29
AT2G43290	799
AT2G47330	1102
AT2G38550	2138
AT2G41690	12
AT2G05294	0
AT2G31035	0
AT2G17090	0
AT2G45440	1833
AT2G27070	0
AT2G24650	644
AT2G39120	143
AT2G04780	571
AT2G07732	27
AT2G30270	274
AT2G34850	42
AT2G41505	27
AT2G48075	19
AT2G19670	675
AT2G05350	5
AT2G25660	657
AT2G32690	6071
AT2G10020	0
AT2G19680	1029
AT2G37300	173
AT2G17340	1156
AT2G23120	8274
AT2G45250	1044
AT2G14680	524
AT2G42230	608
AT2G10450	0
AT2G28460	34
AT2G45320	104
AT2G28890	966
AT2G16280	897
AT2G34470	2611
AT2G41600	866
AT2G27020	3543
AT2G42870	79
AT2G39470	1831
AT2G41530	3716
AT2G02765	436
AT2G01680	911
AT2G33845	348
AT2G19450	1246
AT2G36210	45
AT2G30620	2010
AT2G29740	113
AT2G36220	60
AT2G37710	699
AT2G41560	1161
AT2G36120	12773
AT2G13840	528
AT2G41910	0
AT2G18670	241
AT2G37150	524
AT2G01660	388
AT2G14760	5
AT2G24830	1291
AT2G26720	0
AT2G31700	0
AT2G29370	86
AT2G44070	42
AT2G16780	1224
AT2G26420	50
AT2G04170	203
AT2G31310	1
AT2G01510	277
AT2G18230	893
AT2G41375	0
AT2G29530	1743
AT2G02910	484
AT2G32270	77
AT2G39630	735
AT2G21650	24
AT2G06090	0
AT2G01070	822
AT2G32940	114
AT2G47885	0
AT2G20070	0
AT2G38110	102
AT2G23142	0
AT2G15270	472
AT2G36295	33
AT2G07800	0
AT2G29654	0
AT2G13895	0
AT2G24535	8
AT2G29220	0
AT2G46970	96
AT2G34190	115
AT2G04450	352
AT2G17360	13648
AT2G40955	94
AT2G22730	96
AT2G07655	261
AT2G32800	222
AT2G34820	0
AT2G41090	6034
AT2G04070	43
AT2G39260	1129
AT2G13570	7
AT2G25295	0
AT2G45070	3461
AT2G29550	2585
AT2G03190	0
AT2G05530	0
AT2G26880	0
AT2G26450	4
AT2G13900	0
AT2G44450	345
AT2G42730	132
AT2G24440	363
AT2G37110	3345
AT2G40690	362
AT2G03823	0
AT2G38180	316
AT2G42400	471
AT2G12900	0
AT2G31953	0
AT2G34890	0
AT2G41105	0
AT2G34230	34
AT2G45790	2867
AT2G24500	1785
AT2G30680	2
AT2G04680	63
AT2G21195	787
AT2G03380	97
AT2G18630	812
AT2G38340	6
AT2G16720	239
AT2G24780	4
AT2G18030	505
AT2G48160	1930
AT2G38330	875
AT2G40460	1377
AT2G20330	3052
AT2G16016	0
AT2G31340	257
AT2G41020	680
AT2G32640	362
AT2G34317	0
AT2G37860	2248
AT2G38185	136
AT2G27900	1309
AT2G34240	68
AT2G40880	1212
AT2G34460	1480
AT2G13770	49
AT2G14610	1825
AT2G01410	9
AT2G20142	47
AT2G30090	0
AT2G03470	1332
AT2G36090	348
AT2G12205	0
AT2G14710	2
AT2G17220	765
AT2G29120	566
AT2G22510	132
AT2G11462	0
AT2G43730	0
AT2G19090	255
AT2G01430	48
AT2G28900	6511
AT2G03460	1
AT2G38280	3574
AT2G46170	1860
AT2G42910	2036
AT2G33870	0
AT2G45430	272
AT2G38730	579
AT2G36670	342
AT2G05230	14
AT2G15185	0
AT2G45940	14
AT2G21185	0
AT2G27315	0
AT2G16300	2
AT2G43130	712
AT2G29525	94
AT2G18550	5
AT2G30490	11684
AT2G11620	1
AT2G24230	240
AT2G22970	275
AT2G16570	262
AT2G46160	110
AT2G46915	683
AT2G02770	0
AT2G18380	63
AT2G23000	1844
AT2G29140	1953
AT2G14045	685
AT2G28000	45317
AT2G22230	688
AT2G29210	2223
AT2G25060	1359
AT2G17270	189
AT2G01790	0
AT2G18570	229
AT2G47180	6265
AT2G04063	0
AT2G16700	2817
AT2G21385	1478
AT2G45720	339
AT2G39410	15
AT2G39900	1410
AT2G47700	1425
AT2G13965	235
AT2G24250	151
AT2G04795	215
AT2G39250	121
AT2G41473	0
AT2G30575	465
AT2G40640	407
AT2G44065	1374
AT2G34357	2431
AT2G46210	0
AT2G28600	1515
AT2G27610	96
AT2G16200	0
AT2G31650	380
AT2G41080	249
AT2G42330	1224
AT2G18460	4
AT2G13600	196
AT2G03260	78
AT2G16530	238
AT2G42270	1564
AT2G26010	2
AT2G37600	1844
AT2G07290	0
AT2G28640	0
AT2G43450	0
AT2G32340	226
AT2G41340	131
AT2G24255	10
AT2G25840	1487
AT2G25240	50
AT2G34224	9
AT2G32880	464
AT2G47640	1009
AT2G31335	3
AT2G06983	0
AT2G07110	0
AT2G34930	794
AT2G40960	367
AT2G26540	817
AT2G22190	333
AT2G07727	183
AT2G36310	728
AT2G03280	314
AT2G41445	10
AT2G45410	0
AT2G20190	1832
AT2G29250	0
AT2G37920	1236
AT2G46460	0
AT2G19146	2
AT2G31960	2750
AT2G07691	0
AT2G32140	75
AT2G40730	1450
AT2G29380	6
AT2G37420	493
AT2G25340	0
AT2G22805	1
AT2G46100	530
AT2G06530	1755
AT2G20150	2
AT2G20800	118
AT2G07787	231
AT2G45510	739
AT2G40790	9
AT2G02023	0
AT2G05645	0
AT2G20020	2033
AT2G03913	0
AT2G38160	181
AT2G28910	6582
AT2G26500	23218
AT2G06095	0
AT2G12405	0
AT2G46870	273
AT2G42150	11
AT2G29130	50
AT2G28540	1023
AT2G26460	745
AT2G01818	121
AT2G25700	0
AT2G15360	0
AT2G37460	675
AT2G20290	144
AT2G41260	10
AT2G15327	2
AT2G16490	0
AT2G25185	0
AT2G30630	1
AT2G38400	563
AT2G30250	625
AT2G04570	253
AT2G45970	969
AT2G27110	527
AT2G38920	23
AT2G44260	0
AT2G47350	399
AT2G24720	64
AT2G15320	363
AT2G16019	0
AT2G15460	0
AT2G21770	78
AT2G25290	338
AT2G46920	709
AT2G15325	0
AT2G34020	151
AT2G25900	260
AT2G24620	0
AT2G42720	87
AT2G22940	0
AT2G33800	9387
AT2G24610	132
AT2G23530	256
AT2G46300	8
AT2G31350	1761
AT2G25810	93
AT2G03600	3
AT2G33300	0
AT2G31400	5877
AT2G29430	0
AT2G03160	2
AT2G22055	1
AT2G04270	820
AT2G23987	0
AT2G04060	0
AT2G20465	0
AT2G39830	197
AT2G14620	140
AT2G26350	565
AT2G11205	0
AT2G35950	3
AT2G31150	1249
AT2G42455	0
AT2G30280	662
AT2G02498	1
AT2G33340	3494
AT2G33790	120
AT2G16600	27265
AT2G31850	0
AT2G30930	381
AT2G45670	744
AT2G19160	531
AT2G19270	701
AT2G32885	4
AT2G36020	3
AT2G21590	600
AT2G42890	697
AT2G40310	0
AT2G20820	3953
AT2G33980	144
AT2G25070	898
AT2G32840	203
AT2G02620	13
AT2G26515	40
AT2G23350	8717
AT2G47870	17
AT2G23540	363
AT2G13620	0
AT2G43430	478
AT2G32090	585
AT2G01460	599
AT2G07675	3
AT2G46080	754
AT2G30720	315
AT2G26840	284
AT2G27800	117
AT2G29310	614
AT2G27360	504
AT2G31900	29
AT2G30830	1
AT2G02840	0
AT2G12170	29
AT2G41997	0
AT2G40130	104
AT2G24681	14
AT2G22122	124
AT2G31890	1830
AT2G27000	153
AT2G37270	6104
AT2G05380	7685
AT2G31345	0
AT2G45403	0
AT2G04880	781
AT2G27650	6
AT2G42740	688
AT2G22770	248
AT2G03420	0
AT2G01770	0
AT2G16390	352
AT2G12465	0
AT2G37470	620
AT2G11890	2006
AT2G29590	267
AT2G21200	20
AT2G15880	1565
AT2G36050	48
AT2G22420	244
AT2G37250	4004
AT2G30432	0
AT2G15770	0
AT2G23740	606
AT2G44650	2692
AT2G28860	3
AT2G23030	567
AT2G02000	62
AT2G43865	2
AT2G25620	781
AT2G31600	263
AT2G43870	75
AT2G45870	86
AT2G47150	1
AT2G41540	769
AT2G02780	216
AT2G38710	1332
AT2G05540	280
AT2G43930	50
AT2G44430	414
AT2G32970	613
AT2G39480	552
AT2G34480	14528
AT2G43780	1271
AT2G04800	76
AT2G21250	5674
AT2G37200	1631
AT2G04240	328
AT2G28950	2504
AT2G18100	94
AT2G31730	578
AT2G30424	75
AT2G01600	1164
AT2G25650	207
AT2G29995	163
AT2G29110	1
AT2G15890	1647
AT2G31940	35
AT2G28870	34
AT2G43386	0
AT2G20990	6765
AT2G45560	1806
AT2G23830	0
AT2G21820	449
AT2G42610	308
AT2G37925	20
AT2G05185	46
AT2G07626	13
AT2G27507	0
AT2G45260	563
AT2G45420	25
AT2G36815	3
AT2G38640	511
AT2G27050	2021
AT2G47460	833
AT2G21990	8
AT2G15170	0
AT2G22340	0
AT2G14060	3
AT2G36910	2422
AT2G07654	0
AT2G31030	0
AT2G27350	1515
AT2G26975	433
AT2G15860	1038
AT2G36570	1107
AT2G42395	153
AT2G40120	221
AT2G28660	333
AT2G25490	2069
AT2G20370	741
AT2G28170	0
AT2G20270	1479
AT2G13350	1
AT2G43020	2823
AT2G43970	17097
AT2G30505	59
AT2G01270	2037
AT2G35880	1227
AT2G34750	2698
AT2G22088	22
AT2G20805	0
AT2G44578	11
AT2G02800	1595
AT2G20495	298
AT2G42070	946
AT2G41940	271
AT2G35050	1788
AT2G21600	733
AT2G03440	1851
AT2G40350	31
AT2G33840	1542
AT2G33490	440
AT2G01930	506
AT2G14755	0
AT2G38255	36
AT2G03480	839
AT2G41510	33
AT2G25800	853
AT2G01100	2965
AT2G02470	949
AT2G34450	133
AT2G21680	0
AT2G05755	255
AT2G29660	471
AT2G22870	618
AT2G44250	1
AT2G33120	1032
AT2G19780	144
AT2G10625	0
AT2G25690	242
AT2G30260	1245
AT2G01505	92
AT2G41417	0
AT2G23080	612
AT2G28105	88
AT2G05710	12423
AT2G35230	431
AT2G36170	2906
AT2G25540	4
AT2G17720	1619
AT2G40550	560
AT2G37780	0
AT2G17570	282
AT2G37990	2596
AT2G30960	150
AT2G31250	63
AT2G38900	0
AT2G18830	0
AT2G16485	1400
AT2G43520	122
AT2G47780	100
AT2G03000	0
AT2G27990	61
AT2G03200	112
AT2G35000	67
AT2G15310	114
AT2G13610	431
AT2G21655	0
AT2G16020	0
AT2G47200	0
AT2G25710	614
AT2G05580	4
AT2G18890	188
AT2G35710	20
AT2G46535	419
AT2G44000	28
AT2G28080	686
AT2G14520	289
AT2G43190	115
AT2G17120	324
AT2G25280	776
AT2G31010	514
AT2G20490	1875
AT2G40770	375
AT2G43280	455
AT2G35280	0
AT2G43480	18
AT2G44300	406
AT2G23980	714
AT2G27450	1785
AT2G41430	16975
AT2G25920	322
AT2G32580	1254
AT2G31170	924
AT2G39510	213
AT2G23570	6
AT2G27260	454
AT2G22465	0
AT2G47050	44
AT2G29880	0
AT2G23945	9
AT2G43630	2512
AT2G21540	409
AT2G47140	107
AT2G07706	575
AT2G01760	381
AT2G18560	464
AT2G33360	348
AT2G11271	0
AT2G40050	8
AT2G43250	229
AT2G11810	489
AT2G23760	479
AT2G33050	0
AT2G24625	0
AT2G31720	5
AT2G19040	0
AT2G45840	3
AT2G26030	365
AT2G31540	14
AT2G27030	3260
AT2G31660	2464
AT2G45900	127
AT2G18920	0
AT2G36700	0
AT2G22290	2
AT2G48030	393
AT2G33855	1314
AT2G42830	7
AT2G07775	185
AT2G46995	1
AT2G22900	555
AT2G30942	41
AT2G21900	1
AT2G38220	7
AT2G46567	0
AT2G44600	105
AT2G34620	641
AT2G18760	399
AT2G39690	103
AT2G22780	3431
AT2G46830	958
AT2G23210	1
AT2G35740	0
AT2G31370	1126
AT2G15530	730
AT2G02680	166
AT2G43600	23
AT2G28410	216
AT2G07714	21
AT2G06105	6
AT2G39710	309
AT2G02510	3669
AT2G17980	1740
AT2G04100	299
AT2G20790	1022
AT2G18328	68
AT2G42700	499
AT2G31780	3
AT2G42060	15
AT2G41380	284
AT2G45950	498
AT2G21380	1516
AT2G11405	1
AT2G38465	460
AT2G19210	1
AT2G36130	1397
AT2G21210	632
AT2G42110	28
AT2G17305	0
AT2G17160	0
AT2G24260	629
AT2G06541	1
AT2G21910	0
AT2G37480	2043
AT2G42990	0
AT2G26370	7
AT2G22145	0
AT2G19650	227
AT2G24590	751
AT2G01480	633
AT2G35830	1313
AT2G28420	5
AT2G04520	3099
AT2G20980	354
AT2G27750	1
AT2G43610	725
AT2G45310	0
AT2G06425	1
AT2G35680	1003
AT2G46860	11
AT2G44240	1
AT2G39920	233
AT2G07722	217
AT2G19990	46
AT2G35720	773
AT2G47810	7
AT2G24390	423
AT2G16270	284
AT2G42440	14
AT2G37510	262
AT2G34520	1395
AT2G44120	8198
AT2G20680	209
AT2G28810	471
AT2G22060	1
AT2G21690	0
AT2G27780	0
AT2G18915	437
AT2G42725	4
AT2G07632	0
AT2G34530	107
AT2G19050	0
AT2G12400	764
AT2G30000	1745
AT2G46455	20
AT2G37100	172
AT2G15440	262
AT2G29890	368
AT2G30870	7903
AT2G43960	75
AT2G03565	5
AT2G24190	250
AT2G01170	732
AT2G43820	1786
AT2G22560	220
AT2G39800	2095
AT2G03030	0
AT2G43010	841
AT2G27970	961
AT2G41760	208
AT2G46490	2867
AT2G25260	59
AT2G02140	0
AT2G17050	19
AT2G13650	266
AT2G31957	5
AT2G35500	3317
AT2G47910	1417
AT2G14846	0
AT2G23640	2
AT2G11025	0
AT2G01210	150
AT2G46493	8
AT2G25520	1675
AT2G38360	434
AT2G34630	895
AT2G35733	2
AT2G29910	232
AT2G19900	216
AT2G18050	85
AT2G43990	147
AT2G07749	0
AT2G05940	586
AT2G03760	317
AT2G27460	454
AT2G01470	2524
AT2G34960	69
AT2G39375	0
AT2G11200	0
AT2G42950	341
AT2G47130	202
AT2G16790	234
AT2G40990	0
AT2G14750	1956
AT2G18025	3
AT2G43210	650
AT2G45470	1009
AT2G24645	117
AT2G14540	0
AT2G27510	2669
AT2G21610	4
AT2G26830	377
AT2G41450	90
AT2G22660	1780
AT2G39050	432
AT2G33690	2
AT2G24683	6
AT2G22800	95
AT2G37770	355
AT2G02720	6
AT2G24050	1835
AT2G35540	305
AT2G41970	49
AT2G07656	126
AT2G13463	1
AT2G36530	37435
AT2G16750	248
AT2G43040	286
AT2G45750	371
AT2G43560	1908
AT2G09840	9
AT2G44010	92
AT2G44860	7801
AT2G23170	369
AT2G39180	136
AT2G19550	5
AT2G14580	23
AT2G28070	891
AT2G04500	3
AT2G02061	18
AT2G45100	365
AT2G21530	1575
AT2G17525	330
AT2G29125	30
AT2G24290	586
AT2G35345	37
AT2G05170	978
AT2G03670	400
AT2G20770	69
AT2G21050	1439
AT2G36330	297
AT2G23200	220
AT2G31300	284
AT2G47620	692
AT2G19280	264
AT2G19590	966
AT2G15180	0
AT2G27170	727
AT2G32930	344
AT2G33710	78
AT2G04925	0
AT2G23240	3
AT2G47720	0
AT2G21260	59
AT2G07310	0
AT2G41070	298
AT2G22820	0
AT2G05600	0
AT2G30530	500
AT2G21920	0
AT2G45220	172
AT2G17850	144
AT2G20540	115
AT2G19120	287
AT2G34400	216
AT2G46410	67
AT2G25780	0
AT2G31480	2
AT2G37880	16
AT2G02103	1
AT2G17640	463
AT2G35060	1343
AT2G30160	535
AT2G19070	0
AT2G02026	0
AT2G33100	16
AT2G20530	3342
AT2G41720	1680
AT2G01570	2188
AT2G17280	319
AT2G25220	50
AT2G44800	0
AT2G28330	70
AT2G28550	3544
AT2G15560	745
AT2G17690	57
AT2G27120	35
AT2G17800	1063
AT2G33700	612
AT2G30560	9
AT2G16060	836
AT2G24810	0
AT2G30170	742
AT2G05753	0
AT2G25964	122
AT2G46980	388
AT2G34040	2025
AT2G46505	1726
AT2G18196	109
AT2G16660	1559
AT2G20605	1
AT2G40935	240
AT2G39865	0
AT2G32730	3640
AT2G20560	2518
AT2G13660	0
AT2G42005	26
AT2G04137	0
AT2G12646	103
AT2G16220	0
AT2G04630	1274
AT2G27660	365
AT2G22610	368
AT2G18240	232
AT2G44970	1213
AT2G32440	348
AT2G17770	11
AT2G45460	411
AT2G16050	192
AT2G01360	0
AT2G01620	778
AT2G46810	351
AT2G05360	0
AT2G36680	520
AT2G14850	300
AT2G03580	0
AT2G27520	3
AT2G25560	426
AT2G02010	605
AT2G22590	82
AT2G28370	908
AT2G29400	5466
AT2G24540	0
AT2G37410	3201
AT2G40765	2118
AT2G11815	7
AT2G38120	1386
AT2G43100	2294
AT2G34060	48
AT2G23096	2
AT2G32410	427
AT2G36900	1017
AT2G30370	51
AT2G13510	0
AT2G31550	42
AT2G37170	5221
AT2G29570	954
AT2G46290	262
AT2G05920	3127
AT2G26430	971
AT2G39730	110570
AT2G26200	1755
AT2G29940	41
AT2G28120	291
AT2G38140	3196
AT2G14692	0
AT2G23410	5
AT2G27080	639
AT2G41240	273
AT2G10920	1
AT2G40095	87
AT2G37690	1732
AT2G02835	0
AT2G34260	810
AT2G25370	0
AT2G20900	746
AT2G26770	1079
AT2G34000	2
AT2G14900	1983
AT2G18938	32
AT2G31985	2
AT2G41210	261
AT2G37340	5560
AT2G42850	14
AT2G07665	425
AT2G17442	128
AT2G37640	1278
AT2G40000	889
AT2G46570	23
AT2G47980	1907
AT2G47115	0
AT2G43890	0
AT2G18470	45
AT2G03890	2199
AT2G19385	1277
AT2G24210	0
AT2G07565	3
AT2G19510	0
AT2G27600	2886
AT2G44050	2367
AT2G25670	3549
AT2G45640	2941
AT2G36880	6422
AT2G35690	649
AT2G27250	1
AT2G04300	0
AT2G37440	82
AT2G30766	600
AT2G20700	8
AT2G30660	90
AT2G35650	675
AT2G34050	364
AT2G03822	0
AT2G32460	4
AT2G22520	0
AT2G36790	0
AT2G17140	250
AT2G39230	167
AT2G25850	1302
AT2G22905	14
AT2G39740	403
AT2G28270	0
AT2G47310	235
AT2G02493	0
AT2G36390	3234
AT2G23620	134
AT2G21190	1291
AT2G27880	12
AT2G40800	1015
AT2G46990	13
AT2G17020	435
AT2G06010	690
AT2G19750	3939
AT2G03350	735
AT2G37210	43
AT2G47530	26
AT2G26100	522
AT2G32790	4
AT2G20830	1617
AT2G41050	375
AT2G02090	1727
AT2G44198	0
AT2G04041	0
AT2G30050	1528
AT2G36290	2271
AT2G23300	167
AT2G25320	896
AT2G03930	0
AT2G32590	204
AT2G20390	1020
AT2G35040	3015
AT2G20160	0
AT2G03140	1070
AT2G31620	1
AT2G13550	65
AT2G13820	1177
AT2G46090	714
AT2G06510	388
AT2G33350	1
AT2G36800	866
AT2G11045	0
AT2G43540	558
AT2G13980	0
AT2G34270	0
AT2G01630	658
AT2G17180	1
AT2G14530	286
AT2G04560	109
AT2G28060	278
AT2G34350	9
AT2G33480	425
AT2G34900	2529
AT2G34830	69
AT2G01750	572
AT2G13126	0
AT2G14810	1
AT2G31830	134
AT2G05655	6
AT2G03505	34
AT2G45680	0
AT2G36690	87
AT2G34555	0
AT2G41740	1563
AT2G37840	472
AT2G11035	103
AT2G30780	586
AT2G46530	257
AT2G13500	0
AT2G34680	1257
AT2G39330	66
AT2G20616	0
AT2G16676	1
AT2G41130	357
AT2G07637	0
AT2G22260	207
AT2G43110	573
AT2G31140	1429
AT2G25870	3304
AT2G22450	1361
AT2G20650	345
AT2G38790	0
AT2G22010	733
AT2G41850	0
AT2G20860	6761
AT2G43310	25
AT2G41680	2551
AT2G27090	483
AT2G35605	998
AT2G23610	1595
AT2G29450	3042
AT2G28990	38
AT2G47060	390
AT2G33180	1537
AT2G43180	591
AT2G27270	0
AT2G10970	0
AT2G30890	41
AT2G01610	250
AT2G29800	0
AT2G38630	313
AT2G02890	1
AT2G41110	411
AT2G05260	366
AT2G36724	0
AT2G25470	235
AT2G45700	587
AT2G06020	0
AT2G36660	159
AT2G17000	2
AT2G23460	754
AT2G31530	797
AT2G04865	1887
AT2G44640	1773
AT2G23940	562
AT2G19290	0
AT2G30520	3653
AT2G33685	0
AT2G24040	56
AT2G38770	1527
AT2G01250	11199
AT2G20340	265
AT2G21110	0
AT2G38560	1225
AT2G20180	559
AT2G46310	277
AT2G48090	447
AT2G32960	294
AT2G03710	75
AT2G17710	429
AT2G14365	0
AT2G07772	0
AT2G20210	191
AT2G36026	110
AT2G48000	611
AT2G30480	729
AT2G33735	258
AT2G29440	537
AT2G04845	299
AT2G21790	1777
AT2G02950	404
AT2G02870	1303
AT2G18540	3
AT2G10557	0
AT2G10440	0
AT2G33290	464
AT2G32765	168
AT2G19300	0
AT2G04390	2775
AT2G04860	242
AT2G47370	72
AT2G29580	788
AT2G38646	0
AT2G29750	275
AT2G33110	79
AT2G43440	40
AT2G10975	38
AT2G07040	4
AT2G21860	1767
AT2G39160	1
AT2G48150	11
AT2G45150	292
AT2G03060	212
AT2G30420	6
AT2G02610	16
AT2G21727	0
AT2G47570	0
AT2G47670	13
AT2G01710	840
AT2G18280	1045
AT2G46680	1547
AT2G29960	2556
AT2G30900	2
AT2G28720	652
AT2G35260	6655
AT2G28430	805
AT2G41230	37
AT2G46750	430
AT2G28500	196
AT2G43390	11
AT2G45600	60
AT2G39360	556
AT2G23110	101
AT2G29360	1232
AT2G44350	5105
AT2G04037	0
AT2G30590	813
AT2G36380	2440
AT2G25625	350
AT2G24945	285
AT2G21160	3810
AT2G40925	0
AT2G21290	3222
AT2G20825	5
AT2G26620	0
AT2G34510	998
AT2G26390	5
AT2G18520	319
AT2G38820	560
AT2G27760	439
AT2G23930	3873
AT2G02525	1
AT2G01920	2
AT2G29990	294
AT2G05140	0
AT2G32820	1
AT2G18110	3614
AT2G28815	24
AT2G19480	9317
AT2G47430	0
AT2G17760	516
AT2G28450	1072
AT2G35035	109
AT2G33510	450
AT2G29045	0
AT2G37960	40
AT2G43340	580
AT2G33630	1740
AT2G30395	50
AT2G27240	13
AT2G24570	556
AT2G14825	129
AT2G32050	9
AT2G07642	203
AT2G40715	14
AT2G30070	738
AT2G30650	3
AT2G31930	6
AT2G38950	1087
AT2G36650	67
AT2G32500	437
AT2G37220	24005
AT2G29930	0
AT2G39350	300
AT2G36370	229
AT2G40300	820
AT2G45820	2140
AT2G43650	2571
AT2G45480	88
AT2G26300	2501
AT2G40995	0
AT2G24060	1154
AT2G19730	10817
AT2G43860	0
AT2G21440	1868
AT2G31060	3325
AT2G25970	4040
AT2G06565	0
AT2G28790	920
AT2G10940	7165
AT2G07692	0
AT2G25100	551
AT2G05220	3935
AT2G30550	1616
AT2G47510	4316
AT2G40810	207
AT2G19380	120
AT2G24470	0
AT2G43840	89
AT2G44530	1077
AT2G29840	0
AT2G35430	245
AT2G33796	0
AT2G01350	2134
AT2G14440	0
AT2G29925	0
AT2G14070	5
AT2G39430	313
AT2G35940	661
AT2G44940	323
AT2G22790	106
AT2G01910	790
AT2G03690	502
AT2G25344	0
AT2G01110	2048
AT2G18465	327
AT2G19430	679
AT2G14830	0
AT2G45170	555
AT2G45710	834
AT2G17670	722
AT2G45850	248
AT2G01810	7
AT2G26930	1242
AT2G36410	1043
AT2G03090	580
AT2G38995	0
AT2G47030	17
AT2G22430	6511
AT2G16385	134
AT2G41120	157
AT2G45030	2499
AT2G31290	152
AT2G03933	0
AT2G29330	245
AT2G33320	353
AT2G44740	47
AT2G32295	421
AT2G07718	46
AT2G33470	2315
AT2G02695	0
AT2G26190	397
AT2G15130	30
AT2G41390	2
AT2G25440	0
AT2G26600	613
AT2G17950	2
AT2G14800	55
AT2G02350	199
AT2G44735	109
AT2G28130	382
AT2G44900	867
AT2G07659	56
AT2G40475	332
AT2G33380	586
AT2G22980	197
AT2G29470	7
AT2G20890	5159
AT2G17110	448
AT2G40205	11
AT2G17450	479
AT2G37060	680
AT2G29735	0
AT2G37040	5338
AT2G16015	0
AT2G36835	1109
AT2G42940	0
AT2G34585	987
AT2G02410	532
AT2G02850	126
AT2G07240	3
AT2G32785	0
AT2G11910	3660
AT2G30950	16049
AT2G36270	231
AT2G30985	0
AT2G36850	2255
AT2G33860	1098
AT2G37720	0
AT2G31220	1
AT2G32480	1224
AT2G06675	0
AT2G24670	0
AT2G42490	3339
AT2G37125	0
AT2G45800	0
AT2G40815	186
AT2G39805	799
AT2G29850	0
AT2G04910	3
AT2G16360	7
AT2G18210	27
AT2G25737	704
AT2G45160	670
AT2G32030	20
AT2G19850	2
AT2G22040	2
AT2G22620	90
AT2G10930	20
AT2G03510	1046
AT2G26060	995
AT2G05630	1085
AT2G33200	2
AT2G15500	0
AT2G20440	374
AT2G18450	103
AT2G37560	62
AT2G45930	37
AT2G30330	537
AT2G22200	51
AT2G01450	1968
AT2G38000	565
AT2G39560	54
AT2G48020	433
AT2G27340	134
AT2G16018	0
AT2G26950	0
AT2G37700	8
AT2G35010	1137
AT2G47920	67
AT2G29390	695
AT2G31610	9108
AT2G16250	337
AT2G31260	833
AT2G36470	372
AT2G47860	494
AT2G43700	157
AT2G16040	0
AT2G24140	28
AT2G47340	2
AT2G24285	8
AT2G10545	0
AT2G22540	1930
AT2G18180	63
AT2G34070	940
AT2G05620	3010
AT2G37035	344
AT2G11891	23
AT2G40085	109
AT2G32920	9484
AT2G19110	1037
AT2G33830	586
AT2G15680	0
AT2G16594	0
AT2G17787	617
AT2G17780	152
AT2G34980	29
AT2G38370	519
AT2G14260	1571
AT2G34370	3
AT2G43535	589
AT2G44200	582
AT2G16730	3
AT2G07648	38
AT2G18940	948
AT2G35370	12581
AT2G30600	1855
AT2G13630	1
AT2G37890	341
AT2G15340	0
AT2G07678	80
AT2G30200	1339
AT2G30120	289
AT2G40860	485
AT2G14247	91
AT2G02360	870
AT2G15480	367
AT2G40270	429
AT2G39650	325
AT2G33847	50
AT2G28150	793
AT2G24360	2315
AT2G06925	802
AT2G47490	499
AT2G29452	0
AT2G01240	0
AT2G30980	1316
AT2G26135	1
AT2G46960	2
AT2G46630	997
AT2G41470	35
AT2G36490	87
AT2G42790	1911
AT2G27820	1121
AT2G30320	1197
AT2G43260	685
AT2G27830	734
AT2G18800	52
AT2G35850	0
AT2G42860	26
AT2G23348	88
AT2G33030	0
AT2G34186	0
AT2G22670	2918
AT2G26910	1607
AT2G42360	0
AT2G20875	42
AT2G47600	910
AT2G31580	349
AT2G12190	240
AT2G38830	96
AT2G27740	129
AT2G34590	6090
AT2G01670	1804
AT2G06850	1914
AT2G25310	2176
AT2G07773	72
AT2G40250	0
AT2G30540	97
AT2G30100	362
AT2G44460	1168
AT2G17520	1365
AT2G39810	904
AT2G17410	1755
AT2G05370	0
AT2G21940	669
AT2G45140	1024
AT2G44190	106
AT2G40620	169
AT2G35090	0
AT2G30385	0
AT2G01820	2411
AT2G45730	1664
AT2G35860	141
AT2G22740	203
AT2G45890	89
AT2G07627	0
AT2G32870	832
AT2G21730	66
AT2G34355	133
AT2G19802	0
AT2G47480	11
AT2G26760	241
AT2G34420	0
AT2G16870	180
AT2G14378	0
AT2G16920	806
AT2G18770	690
AT2G23630	37
AT2G02980	214
AT2G21970	1423
AT2G11570	0
AT2G26780	831
AT2G38680	314
AT2G05210	531
AT2G21235	1
AT2G35840	3647
AT2G44290	1102
AT2G36145	1494
AT2G02550	0
AT2G13720	0
AT2G31018	0
AT2G42250	0
AT2G36255	0
AT2G24990	851
AT2G40180	18
AT2G22840	384
AT2G44840	32
AT2G46380	166
AT2G21130	2707
AT2G32390	826
AT2G39540	0
AT2G20960	1302
AT2G41990	53
AT2G45860	933
AT2G17040	573
AT2G37360	0
AT2G33600	252
AT2G44130	0
AT2G34970	1338
AT2G22630	15
AT2G19710	265
AT2G47820	155
AT2G22240	1178
AT2G18270	0
AT2G35640	0
AT2G15960	1022
AT2G22300	1125
AT2G17550	177
AT2G17200	2436
AT2G44790	1282
AT2G17970	498
AT2G22160	0
AT2G04025	27
AT2G42390	476
AT2G35290	17
AT2G02515	0
AT2G44380	91
AT2G26290	141
AT2G45080	134
AT2G16760	60
AT2G34150	72
AT2G37120	763
AT2G10608	1
AT2G30910	417
AT2G42160	602
AT2G47840	933
AT2G22080	1373
AT2G36730	261
AT2G26610	5
AT2G27530	9069
AT2G32120	1325
AT2G22030	1
AT2G40470	61
AT2G27550	1231
AT2G04440	0
AT2G27230	2183
AT2G45540	1069
AT2G21980	0
AT2G21740	0
AT2G38152	10
AT2G32700	2674
AT2G41190	416
AT2G37670	121
AT2G35750	12
AT2G07669	92
AT2G17930	1242
AT2G03740	4
AT2G31500	5
AT2G24205	0
AT2G36260	0
AT2G40745	0
AT2G39040	3
AT2G13845	4
AT2G36990	2164
AT2G24370	6
AT2G29540	834
AT2G36350	398
AT2G34660	2449
AT2G32430	302
AT2G31280	772
AT2G22500	1062
AT2G31981	0
AT2G04690	651
AT2G02740	788
AT2G06904	0
AT2G17730	308
AT2G40430	2480
AT2G24395	288
AT2G21620	2338
AT2G42480	0
AT2G39500	770
AT2G02497	3
AT2G03130	1
AT2G07633	129
AT2G44950	881
AT2G20500	0
AT2G46770	1
AT2G23450	571
AT2G46260	659
AT2G41710	659
AT2G32510	55
AT2G43470	2
AT2G40140	1490
AT2G03370	19
AT2G05420	4
AT2G29090	202
AT2G07776	0
AT2G46790	425
AT2G44310	1928
AT2G15318	4
AT2G47935	0
AT2G22100	480
AT2G26980	1635
AT2G35300	28
AT2G07140	1
AT2G46780	174
AT2G44500	525
AT2G10950	417
AT2G20470	4
AT2G39780	3602
AT2G27730	6563
AT2G01310	14
AT2G17500	932
AT2G24790	5760
AT2G32450	448
AT2G21320	741
AT2G17043	0
AT2G38490	7
AT2G30360	0
AT2G25930	1161
AT2G29650	1641
AT2G32487	324
AT2G21595	0
AT2G40004	0
AT2G41160	964
AT2G31083	1
AT2G20595	2
AT2G23310	679
AT2G27210	1176
AT2G24070	23
AT2G24220	66
AT2G29920	0
AT2G34560	1863
AT2G21450	36
AT2G18650	81
AT2G23067	0
AT2G38210	255
AT2G34825	0
AT2G46480	5
AT2G41290	651
AT2G36240	886
AT2G44570	27
AT2G26410	22
AT2G07810	0
AT2G38823	62
AT2G46500	1226
AT2G34123	0
AT2G25430	3118
AT2G15570	161
AT2G28670	24
AT2G44830	559
AT2G02480	434
AT2G39880	127
AT2G42310	2781
AT2G04280	0
AT2G35990	3
AT2G29020	976
AT2G30670	53
AT2G21880	44
AT2G30240	0
AT2G25510	8164
AT2G21330	36657
AT2G15695	759
AT2G28800	7202
AT2G01530	363
AT2G07815	0
AT2G27229	9
AT2G04430	178
AT2G44680	743
AT2G37820	10
AT2G07643	31
AT2G15345	0
AT2G16210	0
AT2G03320	0
AT2G23790	1400
AT2G19410	0
AT2G15420	5
AT2G21045	1142
AT2G40170	25
AT2G23755	38
AT2G47710	4348
AT2G30390	2142
AT2G18200	1
AT2G34410	316
AT2G04190	20
AT2G32320	624
AT2G39851	0
AT2G42810	1499
AT2G35130	639
AT2G25500	1
AT2G24000	0
AT2G25410	1
AT2G32080	2539
AT2G19600	688
AT2G36950	3651
AT2G07835	575
AT2G35795	1178
AT2G37030	0
AT2G32400	741
AT2G29340	1943
AT2G03270	628
AT2G40711	149
AT2G35790	930
AT2G29460	104
AT2G31200	1622
AT2G24580	669
AT2G38040	4158
AT2G25305	0
AT2G34810	399
AT2G44160	3651
AT2G03770	5
AT2G07687	429
AT2G24460	0
AT2G04066	0
AT2G26920	901
AT2G28490	6
AT2G32835	0
AT2G19540	2952
AT2G40190	324
AT2G33060	203
AT2G37900	67
AT2G29150	0
AT2G04400	1494
AT2G23250	3
AT2G14635	0
AT2G31390	1629
AT2G27630	14
AT2G03210	1
AT2G01755	0
AT2G45210	202
AT2G21660	130769
AT2G25125	0
AT2G03570	0
AT2G02130	15632
AT2G37970	632
AT2G15020	195
AT2G43000	20
AT2G43850	351
AT2G30690	39
AT2G20120	393
AT2G24820	1981
AT2G03667	394
AT2G46900	1356
AT2G36080	791
AT2G23093	192
AT2G03390	1403
AT2G26000	384
AT2G20740	420
AT2G32600	1584
AT2G41010	632
AT2G04032	18
AT2G19970	255
AT2G28360	507
AT2G22270	406
AT2G43660	100
AT2G46180	499
AT2G39400	197
AT2G20610	1795
AT2G26570	1393
AT2G28690	75
AT2G20619	0
AT2G40240	187
AT2G07751	0
AT2G01050	0
AT2G34090	576
AT2G17370	381
AT2G27490	468
AT2G04195	1
AT2G08990	0
AT2G07595	0
AT2G09135	0
AT2G06395	4
AT2G09755	0
AT2G04835	0
AT2G05005	0
AT2G08365	0
AT2G09180	0
AT2G05495	0
AT2G07885	0
AT2G09170	17
AT2G03885	0
AT2G08465	1
AT2G08355	0
AT2G09955	0
AT2G08075	0
AT2G04085	0
AT2G08545	5
AT2G09265	1
AT2G08220	17
AT2G09270	1
AT2G05875	5
AT2G06365	2
AT2G08175	0
AT2G05865	0
AT2G09005	0
AT2G07645	0
AT2G09285	0
AT2G08450	3
AT2G09185	0
AT2G07285	0
AT2G09250	0
AT2G08675	0
AT2G04785	0
AT2G23040	291
AT2G05215	364
AT2G08160	1
AT2G09765	0
AT2G04745	0
AT2G08010	0
AT2G09770	0
AT2G04635	0
AT2G05885	0
AT2G08955	4
AT2G08880	0
AT2G08535	0
AT2G04685	0
AT2G08560	0
AT2G08645	0
AT2G08210	0
AT2G06655	0
AT2G09590	0
AT2G05575	0
AT2G04325	0
AT2G08835	0
AT2G07585	33
AT2G06175	0
AT2G08570	0
AT2G03945	0
AT2G08735	74
AT2G06725	0
AT2G05965	0
AT2G08890	0
AT2G07840	0
AT2G08385	0
AT2G06315	0
AT2G08945	2
AT2G08925	0
AT2G07940	0
AT2G08250	0
AT2G04175	0
AT2G06955	0
AT2G09750	0
AT2G06995	4
AT2G08165	0
AT2G05555	4
AT2G08830	0
AT2G05975	0
AT2G04665	0
AT2G08305	0
AT2G05395	4
AT2G09725	0
AT2G04345	0
AT2G04465	0
AT2G06415	0
AT2G09195	1
AT2G04005	0
AT2G09385	0
AT2G08895	0
AT2G08495	0
AT2G03985	0
AT2G06705	0
AT2G06575	0
AT2G09015	0
AT2G06035	0
AT2G04365	20
AT2G05945	0
AT2G07545	0
AT2G08950	65
AT2G04815	0
AT2G09255	0
AT2G05695	39
AT2G08415	0
AT2G09060	0
AT2G07960	0
AT2G06975	0
AT2G06495	0
AT2G05425	1
AT2G04505	1
AT2G24592	277
AT2G05905	1
AT2G04605	1
AT2G08200	0
AT2G09280	0
AT2G09550	0
AT2G04405	0
AT2G09835	2
AT2G08455	1
AT2G08310	0
AT2G09330	0
AT2G08155	0
AT2G08115	0
AT2G06585	0
AT2G05545	0
AT2G09555	0
AT2G09040	0
AT2G04225	0
AT2G06185	1
AT2G08095	2
AT2G05515	0
AT2G08705	0
AT2G08315	1
AT2G07555	0
AT2G07865	0
AT2G09620	0
AT2G08620	0
AT2G08995	0
AT2G08045	2
AT2G09625	0
AT2G09535	0
AT2G06435	0
AT2G08270	0
AT2G05785	0
AT2G09075	0
AT2G05405	0
AT2G04185	0
AT2G07085	0
AT2G07025	2
AT2G07225	0
AT2G05705	7
AT2G04205	0
AT2G07935	0
AT2G04215	0
AT2G09085	0
AT2G07445	2
AT2G09745	14
AT2G05665	10
AT2G07415	0
AT2G05925	0
AT2G08690	0
AT2G07995	0
AT2G08625	0
AT2G06505	0
AT2G07045	0
AT2G09050	0
AT2G09290	0
AT2G04655	0
AT2G06445	0
AT2G04895	0
AT2G08005	0
AT2G08265	0
AT2G07890	0
AT2G08985	0
AT2G08940	0
AT2G09295	0
AT2G06145	0
AT2G06905	12
AT2G09415	0
AT2G05855	0
AT2G09100	0
AT2G08260	0
AT2G08790	0
AT2G03995	0
AT2G06535	0
AT2G04485	0
AT2G07535	0
AT2G08935	0
AT2G05205	0
AT2G08070	0
AT2G08920	0
AT2G09760	0
AT2G09055	0
AT2G07970	0
AT2G04715	0
AT2G08245	0
AT2G04855	0
AT2G06225	0
AT2G05045	15
AT2G08280	0
AT2G04265	0
AT2G09775	0
AT2G09525	19
AT2G08505	0
AT2G07435	16
AT2G09375	0
AT2G05625	0
AT2G09965	0
AT2G09445	0
AT2G07990	0
AT2G09635	0
AT2G07375	0
AT2G07055	0
AT2G08360	0
AT2G04805	120
AT2G08290	0
AT2G03905	0
AT2G06065	44
AT2G08980	0
AT2G09165	18
AT2G09730	1
AT2G08485	0
AT2G09490	9
AT2G08090	0
AT2G09105	0
AT2G07945	0
AT2G06755	0
AT2G05725	0
AT2G09545	0
AT2G09115	0
AT2G08850	0
AT2G08085	0
AT2G06345	11
AT2G09355	0
AT2G09655	0
AT2G08400	0
AT2G09540	1
AT2G09065	0
AT2G06075	0
AT2G04255	0
AT2G06515	0
AT2G08550	0
AT2G06635	0
AT2G07035	0
AT2G09140	0
AT2G09780	0
AT2G08255	0
AT2G04915	0
AT2G05535	0
AT2G08460	0
AT2G08030	0
AT2G06485	1
AT2G04695	0
AT2G04825	0
AT2G08215	1
AT2G05085	0
AT2G08055	1
AT2G09650	0
AT2G06405	0
AT2G04945	0
AT2G04975	0
AT2G09630	0
AT2G09450	0
AT2G06945	5
AT2G08050	0
AT2G09320	0
AT2G04355	0
AT2G08565	0
AT2G08975	0
AT2G04435	3
AT2G08515	0
AT2G08105	0
AT2G05365	922
AT2G04735	0
AT2G06305	0
AT2G09515	0
AT2G04565	0
AT2G06605	1
AT2G08720	0
AT2G05585	0
AT2G07855	1
AT2G07135	1
AT2G06135	0
AT2G04155	0
AT2G08800	0
AT2G08150	0
AT2G06625	0
AT2G09390	0
AT2G04595	0
AT2G09615	1
AT2G09585	0
AT2G09715	0
AT2G07255	0
AT2G08190	0
AT2G06835	1
AT2G08490	0
AT2G08630	0
AT2G07900	0
AT2G08380	0
AT2G08300	0
AT2G08845	0
AT2G04985	0
AT2G09240	0
AT2G06815	0
AT2G09420	0
AT2G08775	0
AT2G06355	0
AT2G08195	0
AT2G05675	0
AT2G06745	0
AT2G04765	0
AT2G04875	1
AT2G06375	0
AT2G09220	0
AT2G07425	1
AT2G07860	0
AT2G08230	0
AT2G05075	55
AT2G08295	2
AT2G08430	0
AT2G05445	97
AT2G04335	0
AT2G09575	0
AT2G06685	0
AT2G08510	0
AT2G09720	0
AT2G08885	0
AT2G09825	0
AT2G08040	0
AT2G09125	0
AT2G08180	0
AT2G09235	0
AT2G09360	2
AT2G05015	0
AT2G05095	1
AT2G08100	68
AT2G08110	0
AT2G08410	0
AT2G07235	0
AT2G09570	0
AT2G09915	0
AT2G04315	0
AT2G05895	82
AT2G06475	1
AT2G05065	0
AT2G08540	0
AT2G07095	0
AT2G08320	2
AT2G09095	0
AT2G08445	1
AT2G04645	0
AT2G09410	0
AT2G09020	0
AT2G08820	109
AT2G08500	0
AT2G07005	2
AT2G07165	0
AT2G05125	0
AT2G08715	0
AT2G04905	0
AT2G05465	0
AT2G06695	0
AT2G08805	0
AT2G09245	0
AT2G08670	0
AT2G08395	0
AT2G09315	0
AT2G04615	0
AT2G09130	0
AT2G08870	0
AT2G09405	0
AT2G09875	5
AT2G05835	0
AT2G06085	0
AT2G04775	1
AT2G07870	0
AT2G09110	0
AT2G07905	0
AT2G09010	0
AT2G06935	8
AT2G06785	0
AT2G08875	0
AT2G08240	0
AT2G04885	1
AT2G08930	0
AT2G09480	0
AT2G07525	0
AT2G05035	4
AT2G08710	0
AT2G07385	0
AT2G04075	0
AT2G09210	0
AT2G08125	0
AT2G06595	0
AT2G06765	1
AT2G06115	0
AT2G09070	0
AT2G07985	0
AT2G08285	0
AT2G06385	0
AT2G04995	0
AT2G08590	0
AT2G05155	104
AT2G07925	0
AT2G06275	0
AT2G04095	0
AT2G09530	0
AT2G08825	2
AT2G06805	7
AT2G05505	0
AT2G07115	0
AT2G05485	0
AT2G09260	0
AT2G04015	0
AT2G08970	0
AT2G05825	0
AT2G09845	4
AT2G04575	0
AT2G09380	0
AT2G09160	0
AT2G08915	0
AT2G08475	0
AT2G31902	0
AT2G09000	0
AT2G09675	0
AT2G09045	1
AT2G09400	0
AT2G08205	0
AT2G09785	0
AT2G08330	0
AT2G09395	0
AT2G08135	0
AT2G09735	0
AT2G08745	0
AT2G09035	0
AT2G05255	0
AT2G13665	0
AT2G24755	580
AT2G09895	0
AT2G04145	0
AT2G16245	5
AT2G09975	0
AT2G08405	0
AT2G08480	0
AT2G09905	0
AT2G09560	0
AT2G08730	0
AT2G07345	1
AT2G08750	0
AT2G45315	0
AT2G06615	0
AT2G07335	0
AT2G35637	1
AT2G07805	0
AT2G06525	0
AT2G04125	0
AT2G09430	0
AT2G08575	20
AT2G08815	0
AT2G08000	0
AT2G09805	0
AT2G09305	17
AT2G08060	0
AT2G07275	0
AT2G14115	28
AT2G09740	0
AT2G09565	1
AT2G08525	0
AT2G45685	4
AT2G07845	0
AT2G09605	0
AT2G07355	2
AT2G06465	0
AT2G44798	63
AT2G08865	14
AT2G40008	1
AT2G09945	0
AT2G37555	5
AT2G42247	50
AT2G09230	0
AT2G09640	0
AT2G08420	0
AT2G08340	0
AT2G30362	6
AT2G04065	8
AT2G08960	0
AT2G06795	0
AT2G07265	4
AT2G08335	1
AT2G08965	0
AT2G09175	0
AT2G33051	13
AT2G07213	1
AT2G22955	0
AT2G08780	0
AT2G05812	10
AT2G09505	0
AT2G30984	0
AT2G06215	0
AT2G09425	3
AT2G09610	0
AT2G08685	0
AT2G09710	5
AT2G08680	0
AT2G07015	0
AT2G18917	2
AT2G33815	0
AT2G04555	1
AT2G35859	3
AT2G08440	1
AT2G07325	0
AT2G07495	0
AT2G09925	0
AT2G07305	0
AT2G10921	3
AT2G03895	0
AT2G37362	9
AT2G08655	0
AT2G05245	0
AT2G09325	0
AT2G09370	0
AT2G08795	0
AT2G09190	17
AT2G09455	6
AT2G04285	0
AT2G08435	53
AT2G08640	0
AT2G08345	0
AT2G11852	0
AT2G09665	0
AT2G08020	0
AT2G09510	10
AT2G08530	19
AT2G08740	0
AT2G09495	5
AT2G09225	14
AT2G07875	13
AT2G44255	0
AT2G42365	112
AT2G26692	13
AT2G08695	0
AT2G08130	0
AT2G09435	0
AT2G09795	394
AT2G07245	0
AT2G08635	4
AT2G26355	249
AT2G09645	0
AT2G08595	0
AT2G47895	21
AT2G07965	0
AT2G08700	0
AT2G24545	6
AT2G19572	3
AT2G41178	4
AT2G04852	45
AT2G09885	1
AT2G09470	0
AT2G09200	1
AT2G08665	0
AT2G07485	0
AT2G09300	0
AT2G04545	0
AT2G23672	1
AT2G09310	0
AT2G08350	8
AT2G09335	0
AT2G07950	4
AT2G08470	0
AT2G22821	6
AT2G32315	6
AT2G46572	3
AT2G09935	0
AT2G36792	4
AT2G07175	0
AT2G04295	0
AT2G31751	78
AT2G03975	0
AT2G04755	0
AT2G26882	0
AT2G09500	0
AT2G32179	95
AT2G08425	0
AT2G07515	0
AT2G04525	0
AT2G09090	4
AT2G08660	0
AT2G42835	1
AT2G09350	0
AT2G19582	5
AT2G09440	7
AT2G09205	6
AT2G07475	2
AT2G09345	0
AT2G03925	0
AT2G08520	0
AT2G08025	4
AT2G08650	10
AT2G21187	58
AT2G09660	0
AT2G35738	14
AT2G05914	67
AT2G05145	0
AT2G35945	1
AT2G04725	2
AT2G04535	2
AT2G09025	3
AT2G07850	0
AT2G08120	0
AT2G08015	0
AT2G03445	1
AT2G05615	0
AT2G47275	19
AT2G04935	0
AT2G22496	24
AT2G07915	0
AT2G02741	0
AT2G22668	0
AT2G46685	30
AT2G09150	9
AT2G46255	0
AT2G40805	0
AT2G24103	0
AT2G38325	5
AT2G08235	0
AT2G09995	2
AT2G10606	10
AT2G39885	0
AT2G05415	0
AT2G06665	0
AT2G16145	0
AT2G39175	15
AT2G07910	0
AT2G08275	0
AT2G47585	1
AT2G34208	0
AT2G08555	1
AT2G07195	0
AT2G47015	0
AT2G34204	0
AT2G41616	0
AT2G28056	0
AT2G03855	1
AT2G07895	0
AT2G09340	0
AT2G25171	0
AT2G09670	0
AT2G19425	0
AT2G25011	0
AT2G07315	0
AT2G08855	0
AT2G23347	17
AT2G07205	0
AT2G09120	0
AT2G26211	115
AT2G09080	0
AT2G25095	93
AT2G08035	5
AT2G05815	0
AT2G32273	0
AT2G32698	0
AT2G05605	0
AT2G34202	5
AT2G05455	0
AT2G08390	0
AT2G06855	0
AT2G07615	3
AT2G35387	2
AT2G08760	80
AT2G20723	33
AT2G08585	10
AT2G43139	1
AT2G17295	2
AT2G43138	1
AT2G08725	13
AT2G35747	0
AT2G08580	16
AT2G09815	3
AT2G35384	1
AT2G20722	12
AT2G08755	43
AT2G05765	130
AT2G05565	0
AT2G35742	104
AT2G08905	2
AT2G09460	0
AT2G08770	0
AT2G43141	0
AT2G08375	0
AT2G09685	0
AT2G07605	8
AT2G08860	0
AT2G08370	0
AT2G08900	8
AT2G08910	3
AT2G43137	1
AT2G04955	100
AT2G35744	39
AT2G08765	147
AT2G09690	0
AT2G09695	0
AT2G09705	2
AT2G20721	36
AT2G06865	0
AT2G09700	0
AT2G35382	5
AT2G05525	0
AT2G09465	0
AT2G09680	0
AT2G04965	119
AT2G04455	0
AT2G04375	0
AT2G07295	0
AT2G06455	0
AT2G07752	0
AT2G26090	0
AT2G28770	0
AT2G21670	0
AT2G22380	1
AT2G07756	0
AT2G46120	0
AT2G22580	0
AT2G24380	0
AT2G23020	0
AT2G27850	0
AT2G07755	0
AT2G33920	0
AT2G33910	0
AT2G29520	0
AT2G02900	0
AT2G07761	0
AT2G21700	0
AT2G30450	0
AT2G33960	0
AT2G36280	0
AT2G07793	0
AT2G39860	0
AT2G47740	0
AT2G03790	0
AT2G28730	1
AT2G07758	0
AT2G42970	0
AT2G05315	0
AT2G42420	0
AT2G03490	0
AT2G23650	0
AT2G07745	0
AT2G07746	0
AT2G03660	0
AT2G01160	0
AT2G45390	0
AT2G07762	9
AT2G38030	0
AT2G07757	0
AT2G07763	30
AT2G34950	0
AT2G07743	0
AT2G05355	0
AT2G39600	0
AT2G22280	0
AT2G29030	0
AT2G32110	0
AT2G43300	0
AT2G21570	1
AT2G39610	0
AT2G07748	0
AT2G34985	0
AT2G44320	1
AT2G47100	0
AT2G07764	0
AT2G22110	0
AT2G07792	13
AT2G36150	0
AT2G21360	0
AT2G36140	0
AT2G36600	0
AT2G27560	0
AT2G33970	0
AT2G33890	3
AT2G07765	57
AT2G42020	0
AT2G18310	0
AT2G03700	0
AT2G07753	0
AT2G30180	0
AT2G33650	0
AT2G33950	0
AT2G33930	0
AT2G33940	0
AT2G33900	1
AT2G07759	0
AT2G36520	0
AT2G33140	3
AT2G07766	0
AT2G36860	0
AT2G30190	0
AT2G07794	0
AT2G07754	0
AT2G33660	0
AT2G02600	0
AT2G25400	0
AT2G36510	0
AT2G15950	0
AT2G35220	0
AT2G16240	0
AT2G30850	0
AT2G17810	0
AT2G22220	0
AT2G45020	0
AT2G01010	6658
AT2G01020	4172
AT2G05995	4
AT2G01422	11
AT2G31585	100
AT2G46192	51
AT2G30115	4
AT2G04705	0
AT2G41312	67
AT2G09365	1
AT2G39675	157
AT2G18440	7579
AT2G22482	0
AT2G07405	0
AT2G07042	85
AT2G05685	0
AT2G43375	333
AT2G09475	2
AT2G32795	117
AT2G21188	138
AT2G08610	37
AT2G27400	497
AT2G24735	16
AT2G06002	35
AT2G15292	700
AT2G06562	1
AT2G05518	16
AT2G30945	80
AT2G14878	709
AT2G44995	48
AT2G15555	3
AT2G18735	198
AT2G07575	4
AT2G07975	0
AT2G42388	23
AT2G39681	786
AT2G09155	0
AT2G36307	150
AT2G45023	172
AT2G45245	62
AT2G19796	0
AT2G09215	0
AT2G10537	1
AT2G42485	192
AT2G15128	139
AT2G45780	25
AT2G42425	0
AT4G32100	0
AT4G25880	1910
AT4G03450	8
AT4G29950	881
AT4G08535	0
AT4G26490	0
AT4G16955	0
AT4G32710	445
AT4G25090	66
AT4G13720	1780
AT4G08039	0
AT4G27340	1835
AT4G27830	807
AT4G19380	54
AT4G29180	68
AT4G31660	3
AT4G23200	74
AT4G29810	838
AT4G26560	1
AT4G23670	30440
AT4G02725	1395
AT4G35440	530
AT4G26240	384
AT4G31950	2
AT4G10925	586
AT4G31690	0
AT4G34640	1994
AT4G03340	75
AT4G13550	1009
AT4G15562	0
AT4G28600	1162
AT4G27400	39
AT4G27260	644
AT4G27370	672
AT4G21470	1383
AT4G05220	0
AT4G04730	0
AT4G12485	0
AT4G34800	35
AT4G28340	3
AT4G03820	318
AT4G11020	0
AT4G05110	72
AT4G29940	479
AT4G23640	1115
AT4G32470	5726
AT4G29330	858
AT4G23590	7
AT4G35620	200
AT4G32660	812
AT4G19470	3
AT4G04360	80
AT4G17490	219
AT4G25310	53
AT4G08876	0
AT4G18550	188
AT4G12000	152
AT4G37760	1542
AT4G02510	7812
AT4G34750	743
AT4G28150	156
AT4G33040	171
AT4G19990	363
AT4G18380	331
AT4G27415	0
AT4G03635	165
AT4G34200	8223
AT4G12800	37732
AT4G30993	956
AT4G34350	6383
AT4G14368	2
AT4G38730	257
AT4G22320	178
AT4G11790	846
AT4G05130	23
AT4G02730	291
AT4G11175	797
AT4G21350	285
AT4G25670	648
AT4G30410	132
AT4G27140	3
AT4G16780	396
AT4G15830	424
AT4G09580	280
AT4G33905	52
AT4G02940	1448
AT4G02930	5412
AT4G38480	271
AT4G04555	0
AT4G04370	217
AT4G34970	49
AT4G33610	98
AT4G23882	0
AT4G33690	323
AT4G33490	2211
AT4G03495	0
AT4G27670	17006
AT4G33220	2004
AT4G24660	1059
AT4G08810	1251
AT4G29580	2
AT4G14226	0
AT4G21600	127
AT4G05360	3
AT4G03350	0
AT4G24026	16
AT4G25970	1656
AT4G20440	3183
AT4G02482	89
AT4G32050	983
AT4G00690	247
AT4G35640	397
AT4G17920	22
AT4G33360	1447
AT4G00883	0
AT4G24900	272
AT4G03190	654
AT4G33735	0
AT4G01995	610
AT4G21320	3701
AT4G20575	0
AT4G28365	1
AT4G02300	0
AT4G03565	5
AT4G00530	140
AT4G15460	0
AT4G28170	15
AT4G31570	891
AT4G01595	0
AT4G30280	652
AT4G10050	726
AT4G25160	17
AT4G15880	720
AT4G26620	1074
AT4G02790	2549
AT4G19410	1457
AT4G20555	0
AT4G35520	177
AT4G10790	1867
AT4G37950	0
AT4G36250	2722
AT4G14680	1088
AT4G17895	200
AT4G35100	9691
AT4G09090	0
AT4G33380	2725
AT4G14465	295
AT4G22580	263
AT4G16180	2768
AT4G15396	4
AT4G02860	1012
AT4G14230	1204
AT4G14810	0
AT4G38080	605
AT4G08980	2123
AT4G08590	764
AT4G15910	13412
AT4G30930	1508
AT4G09110	9
AT4G03070	281
AT4G30500	247
AT4G10520	1
AT4G36490	61
AT4G20340	524
AT4G39340	11
AT4G33330	83
AT4G14250	5
AT4G17050	1347
AT4G09840	42
AT4G17190	483
AT4G34100	2659
AT4G03180	650
AT4G09490	82
AT4G08460	1852
AT4G35870	178
AT4G29440	385
AT4G26160	226
AT4G10630	280
AT4G33870	24
AT4G04640	13716
AT4G24230	587
AT4G34150	1175
AT4G16580	625
AT4G11393	1
AT4G18910	460
AT4G01320	1573
AT4G15310	0
AT4G09600	28
AT4G33250	4610
AT4G37040	1775
AT4G38060	500
AT4G05440	936
AT4G26950	128
AT4G16260	2347
AT4G38570	243
AT4G04490	107
AT4G20550	0
AT4G04601	3
AT4G26400	1083
AT4G23510	162
AT4G27170	0
AT4G33120	14
AT4G19590	21
AT4G39390	479
AT4G26810	245
AT4G14455	629
AT4G18920	0
AT4G33280	167
AT4G13610	1
AT4G05380	78
AT4G28760	1674
AT4G24890	18
AT4G32070	740
AT4G26980	252
AT4G12500	92
AT4G30460	1133
AT4G35165	0
AT4G24470	606
AT4G28560	94
AT4G21930	53
AT4G05180	39283
AT4G09770	10
AT4G02870	0
AT4G29770	329
AT4G29970	0
AT4G22110	6
AT4G20810	3
AT4G04955	196
AT4G20860	961
AT4G09300	101
AT4G34870	8881
AT4G35480	100
AT4G31800	1050
AT4G01516	0
AT4G24620	3745
AT4G06643	2
AT4G24090	777
AT4G27650	811
AT4G38030	3
AT4G10850	4
AT4G27390	617
AT4G10140	320
AT4G01700	410
AT4G02120	1188
AT4G23150	28
AT4G40040	3494
AT4G17860	1
AT4G10040	3464
AT4G19645	288
AT4G12005	5
AT4G04885	1130
AT4G23520	0
AT4G36090	481
AT4G30060	351
AT4G24500	480
AT4G31460	1337
AT4G16970	269
AT4G01280	461
AT4G20590	0
AT4G23070	3
AT4G16070	418
AT4G14430	2288
AT4G37450	1577
AT4G37560	137
AT4G31780	2341
AT4G04985	0
AT4G39560	165
AT4G06598	142
AT4G32970	351
AT4G12050	163
AT4G16210	617
AT4G09930	0
AT4G33030	10888
AT4G16650	647
AT4G13885	66
AT4G08685	1200
AT4G10115	0
AT4G05020	989
AT4G01671	0
AT4G37370	198
AT4G26790	59
AT4G22400	0
AT4G01970	35
AT4G39140	403
AT4G28280	2
AT4G14050	213
AT4G30760	1189
AT4G18480	10912
AT4G17695	93
AT4G15415	668
AT4G11653	0
AT4G16360	871
AT4G14750	117
AT4G31615	94
AT4G24810	432
AT4G20530	0
AT4G18197	70
AT4G08530	0
AT4G34330	0
AT4G36520	1202
AT4G04910	1392
AT4G32540	1
AT4G36210	1715
AT4G04030	1
AT4G36060	17
AT4G36080	583
AT4G33860	3
AT4G24000	90
AT4G25870	613
AT4G38760	1006
AT4G02390	525
AT4G31180	5040
AT4G20947	0
AT4G36920	564
AT4G12960	99
AT4G09060	146
AT4G18900	13
AT4G14010	0
AT4G30074	0
AT4G17370	2822
AT4G37670	311
AT4G16160	1
AT4G01100	6890
AT4G34630	958
AT4G22650	0
AT4G27010	1031
AT4G13100	574
AT4G09740	0
AT4G37510	3002
AT4G09730	2330
AT4G05030	0
AT4G01000	2806
AT4G29450	0
AT4G03460	19
AT4G11860	662
AT4G39680	2149
AT4G05100	31
AT4G01190	2
AT4G32880	1009
AT4G22170	1
AT4G22530	156
AT4G39800	4707
AT4G37430	0
AT4G35519	0
AT4G23360	0
AT4G19040	1054
AT4G13330	511
AT4G30440	3481
AT4G22310	4005
AT4G13760	0
AT4G00889	0
AT4G03440	128
AT4G38330	130
AT4G04800	474
AT4G32520	3183
AT4G15570	1254
AT4G33420	728
AT4G35820	1
AT4G27420	0
AT4G38530	107
AT4G29910	250
AT4G38230	160
AT4G33900	0
AT4G28397	0
AT4G38710	2546
AT4G34210	48
AT4G01250	188
AT4G04080	1
AT4G27100	350
AT4G35940	588
AT4G36930	590
AT4G33520	2477
AT4G24220	10021
AT4G31350	754
AT4G40100	0
AT4G05475	4
AT4G36680	587
AT4G22490	3649
AT4G14500	960
AT4G40020	35
AT4G21850	546
AT4G10890	172
AT4G23493	407
AT4G15800	911
AT4G19260	0
AT4G10650	128
AT4G37770	17
AT4G35110	92
AT4G01830	5
AT4G19480	0
AT4G20735	0
AT4G37590	1371
AT4G18290	85
AT4G31630	0
AT4G17440	379
AT4G24130	698
AT4G01850	7308
AT4G14620	967
AT4G17270	925
AT4G36660	653
AT4G25590	0
AT4G38170	399
AT4G21895	0
AT4G34620	23575
AT4G02715	961
AT4G10070	970
AT4G12470	14454
AT4G26170	37
AT4G31405	63
AT4G03110	659
AT4G09860	0
AT4G10640	11
AT4G29035	0
AT4G00700	226
AT4G28080	6063
AT4G35080	767
AT4G19210	5060
AT4G00660	1216
AT4G22820	407
AT4G33660	553
AT4G36940	531
AT4G14070	2610
AT4G34700	9292
AT4G29750	1019
AT4G36900	886
AT4G26070	200
AT4G34135	719
AT4G21323	37
AT4G14600	319
AT4G30120	15
AT4G16515	0
AT4G12920	0
AT4G00752	420
AT4G19060	458
AT4G15080	1525
AT4G36830	258
AT4G28720	131
AT4G12510	4
AT4G28800	20
AT4G00335	420
AT4G09970	229
AT4G16141	1433
AT4G21640	0
AT4G22980	76
AT4G02600	1027
AT4G25620	882
AT4G25750	23
AT4G40042	636
AT4G16050	2
AT4G39060	3
AT4G04025	0
AT4G23240	21
AT4G38000	1
AT4G34690	1
AT4G36100	7
AT4G17410	799
AT4G14710	5060
AT4G03415	2175
AT4G31720	1023
AT4G14905	518
AT4G32060	2606
AT4G21105	6116
AT4G31050	527
AT4G10613	0
AT4G17718	0
AT4G37780	8
AT4G03080	1760
AT4G29370	2
AT4G13640	668
AT4G24490	997
AT4G14520	178
AT4G13030	184
AT4G07445	0
AT4G10420	114
AT4G21310	63
AT4G25950	7
AT4G36280	174
AT4G12980	207
AT4G22540	741
AT4G22745	911
AT4G30960	8327
AT4G20703	0
AT4G33865	6586
AT4G12731	1
AT4G29610	234
AT4G38670	241
AT4G22080	27
AT4G34050	6125
AT4G27110	1
AT4G28670	0
AT4G26055	72
AT4G16000	24
AT4G28556	21
AT4G04610	6008
AT4G01010	228
AT4G25550	1929
AT4G39620	1040
AT4G11810	1
AT4G20780	203
AT4G36400	363
AT4G30097	0
AT4G26500	0
AT4G10910	1
AT4G18375	125
AT4G11130	238
AT4G10780	5
AT4G04840	127
AT4G24715	0
AT4G37095	33
AT4G15180	1406
AT4G32620	1210
AT4G19185	280
AT4G14210	2602
AT4G08395	0
AT4G00550	465
AT4G17090	4081
AT4G17540	806
AT4G11890	34
AT4G00230	450
AT4G22030	0
AT4G28780	485
AT4G14170	111
AT4G20280	788
AT4G19620	0
AT4G37340	78
AT4G19520	299
AT4G11547	15
AT4G19270	0
AT4G18640	523
AT4G00210	14
AT4G21210	3930
AT4G36510	1
AT4G13990	209
AT4G32000	73
AT4G31860	1159
AT4G11640	80
AT4G04960	487
AT4G39120	274
AT4G13195	178
AT4G37810	130
AT4G00234	0
AT4G25580	23
AT4G17480	41
AT4G37320	1350
AT4G17245	281
AT4G27595	369
AT4G11870	2
AT4G10100	525
AT4G26485	0
AT4G21040	0
AT4G27050	455
AT4G03630	1
AT4G13940	54239
AT4G37930	26678
AT4G37295	126
AT4G05450	213
AT4G33550	1337
AT4G01910	120
AT4G11210	47
AT4G30660	294
AT4G29040	5357
AT4G20940	290
AT4G15400	39
AT4G11630	942
AT4G01395	1405
AT4G39550	282
AT4G25390	301
AT4G02290	1858
AT4G04970	537
AT4G03120	640
AT4G26320	63
AT4G31115	421
AT4G32450	677
AT4G19030	311
AT4G36190	576
AT4G33790	9
AT4G16110	340
AT4G28775	0
AT4G17085	318
AT4G37060	2
AT4G27960	2714
AT4G30330	826
AT4G16200	0
AT4G34590	1414
AT4G24190	33510
AT4G00190	0
AT4G37490	193
AT4G39770	46
AT4G39040	2080
AT4G14790	367
AT4G37630	99
AT4G25190	6
AT4G27700	3027
AT4G30200	1769
AT4G20545	0
AT4G26466	1
AT4G01080	744
AT4G27710	1551
AT4G38900	850
AT4G03040	0
AT4G38050	381
AT4G23740	1258
AT4G10740	0
AT4G31010	292
AT4G01435	7
AT4G25220	42
AT4G16165	0
AT4G37910	9177
AT4G28290	0
AT4G21745	3
AT4G34881	62
AT4G03560	2411
AT4G01330	721
AT4G05260	0
AT4G17030	931
AT4G37870	4098
AT4G35010	13
AT4G10810	315
AT4G02990	2829
AT4G26020	26
AT4G13540	167
AT4G11550	40
AT4G32900	636
AT4G34230	2880
AT4G21450	1708
AT4G21330	0
AT4G02180	33
AT4G09650	13783
AT4G24170	5
AT4G39110	366
AT4G28190	375
AT4G24430	77
AT4G31810	1234
AT4G24410	24
AT4G31590	623
AT4G27970	118
AT4G26340	2
AT4G18596	1
AT4G12380	0
AT4G00280	0
AT4G18370	827
AT4G25030	1880
AT4G23750	473
AT4G28950	170
AT4G18280	1985
AT4G16850	134
AT4G22630	0
AT4G23760	842
AT4G34555	772
AT4G26730	1
AT4G22210	0
AT4G35685	84
AT4G32960	644
AT4G31930	254
AT4G36515	709
AT4G35760	1017
AT4G37235	7
AT4G18470	30
AT4G17660	44
AT4G26470	146
AT4G37700	0
AT4G27290	24
AT4G38820	0
AT4G05340	1
AT4G28400	546
AT4G17810	170
AT4G14260	0
AT4G19730	0
AT4G12450	77
AT4G21220	111
AT4G15760	612
AT4G32090	0
AT4G39403	5
AT4G14140	36
AT4G17740	1174
AT4G37160	41
AT4G14720	578
AT4G00020	275
AT4G33430	1587
AT4G13880	288
AT4G38340	38
AT4G22860	349
AT4G12170	0
AT4G38200	888
AT4G28630	444
AT4G31740	0
AT4G29420	294
AT4G17780	6
AT4G05095	3
AT4G31040	3991
AT4G17785	8
AT4G02030	702
AT4G30160	1470
AT4G00430	8699
AT4G01390	14
AT4G23300	1137
AT4G24805	249
AT4G30740	1
AT4G00893	14
AT4G17140	1607
AT4G38980	388
AT4G26000	946
AT4G02980	1096
AT4G18395	1
AT4G08868	8
AT4G22600	0
AT4G30360	403
AT4G32410	6717
AT4G09200	0
AT4G38240	656
AT4G23900	0
AT4G08740	0
AT4G25480	140
AT4G39250	0
AT4G01130	242
AT4G14850	282
AT4G31550	832
AT4G23580	0
AT4G13810	334
AT4G22260	1601
AT4G30850	261
AT4G14090	377
AT4G17610	803
AT4G16270	46
AT4G15755	0
AT4G05010	98
AT4G09720	913
AT4G28540	1931
AT4G24700	322
AT4G12570	899
AT4G30150	1143
AT4G22760	197
AT4G01510	413
AT4G01200	47
AT4G30935	880
AT4G20970	9
AT4G02130	1481
AT4G09320	10013
AT4G19450	897
AT4G36220	5025
AT4G13650	352
AT4G29100	1563
AT4G31680	18
AT4G35050	2056
AT4G27550	5
AT4G18205	245
AT4G16015	36
AT4G22730	191
AT4G24750	1541
AT4G25820	1446
AT4G35240	664
AT4G17180	412
AT4G32270	268
AT4G37050	29
AT4G23720	64
AT4G13590	1750
AT4G11100	1547
AT4G00165	13
AT4G18253	13
AT4G17960	240
AT4G00800	1328
AT4G30520	451
AT4G37483	56
AT4G17800	301
AT4G04605	0
AT4G16430	930
AT4G28090	0
AT4G21926	10
AT4G32890	318
AT4G11690	122
AT4G08910	29
AT4G33050	851
AT4G11060	739
AT4G31640	4
AT4G16660	10026
AT4G36120	449
AT4G08350	2950
AT4G10270	0
AT4G11310	3
AT4G31880	1951
AT4G39990	692
AT4G15520	351
AT4G00570	3030
AT4G14320	6734
AT4G05090	360
AT4G10860	11
AT4G22440	0
AT4G15000	12225
AT4G26440	3
AT4G16400	77
AT4G00650	274
AT4G09775	0
AT4G09460	350
AT4G09467	0
AT4G24440	1536
AT4G15430	75
AT4G04614	374
AT4G21366	0
AT4G24820	4585
AT4G24690	7485
AT4G09560	300
AT4G29270	343
AT4G38600	2611
AT4G33700	1201
AT4G02235	0
AT4G32285	1670
AT4G38880	24
AT4G23800	2457
AT4G37220	13
AT4G23290	823
AT4G15240	294
AT4G20700	19
AT4G09784	0
AT4G20707	3
AT4G26080	1796
AT4G34340	138
AT4G11911	2
AT4G22990	738
AT4G03550	1045
AT4G29210	2139
AT4G20310	243
AT4G12810	1
AT4G17340	1594
AT4G09260	0
AT4G35380	137
AT4G35740	378
AT4G20380	872
AT4G13075	0
AT4G01940	1791
AT4G21960	28091
AT4G01930	31
AT4G28370	476
AT4G10895	0
AT4G23496	99
AT4G23410	314
AT4G19880	1123
AT4G03600	32
AT4G03570	0
AT4G37150	449
AT4G36850	691
AT4G28706	722
AT4G32590	6070
AT4G23160	67
AT4G38440	1662
AT4G18310	0
AT4G00560	724
AT4G39710	617
AT4G14103	158
AT4G11000	55
AT4G01750	568
AT4G24460	255
AT4G32080	2
AT4G23680	37476
AT4G27940	469
AT4G21240	0
AT4G24880	330
AT4G17010	532
AT4G31940	73
AT4G17585	0
AT4G18800	406
AT4G40010	132
AT4G17990	0
AT4G21620	2342
AT4G01350	99
AT4G01660	1623
AT4G16940	124
AT4G32910	1438
AT4G15236	29
AT4G27654	3
AT4G13095	0
AT4G08930	404
AT4G22380	1025
AT4G01710	245
AT4G27380	1013
AT4G36780	1160
AT4G35320	179
AT4G01160	2
AT4G11940	0
AT4G39210	3872
AT4G15953	27
AT4G11120	1915
AT4G28620	2
AT4G23470	1083
AT4G23820	1559
AT4G30100	1463
AT4G18740	350
AT4G03490	86
AT4G16560	1
AT4G10470	249
AT4G31270	255
AT4G14940	71
AT4G13570	8
AT4G02040	0
AT4G05210	65
AT4G05410	1180
AT4G12090	96
AT4G21970	2
AT4G39760	0
AT4G26550	148
AT4G32730	969
AT4G24380	411
AT4G35140	610
AT4G23620	723
AT4G16983	0
AT4G35987	138
AT4G23810	273
AT4G22330	1806
AT4G09690	0
AT4G02710	697
AT4G17690	0
AT4G00355	889
AT4G09435	0
AT4G11510	0
AT4G11290	752
AT4G38400	135
AT4G39730	8797
AT4G20220	2
AT4G35510	398
AT4G13400	131
AT4G08510	665
AT4G32690	540
AT4G39870	497
AT4G24520	5628
AT4G32020	4537
AT4G31620	185
AT4G23950	201
AT4G12100	2
AT4G27220	8
AT4G33170	90
AT4G17250	412
AT4G36790	224
AT4G21710	3455
AT4G25280	491
AT4G26970	3969
AT4G01340	1
AT4G01895	70
AT4G24630	562
AT4G16840	88
AT4G11430	0
AT4G13670	3359
AT4G30370	101
AT4G23130	354
AT4G00695	67
AT4G18970	1777
AT4G27560	1137
AT4G22755	1029
AT4G24350	489
AT4G36560	0
AT4G38860	926
AT4G26380	0
AT4G39200	9793
AT4G30030	0
AT4G00960	0
AT4G01720	520
AT4G27490	511
AT4G23550	215
AT4G22214	2
AT4G24550	1918
AT4G20190	15
AT4G22250	287
AT4G37790	462
AT4G22790	120
AT4G34960	675
AT4G05553	0
AT4G39917	0
AT4G38580	614
AT4G21830	35
AT4G23180	589
AT4G20270	1403
AT4G33410	678
AT4G17230	994
AT4G28860	833
AT4G13430	9655
AT4G14650	28
AT4G24710	215
AT4G08430	1
AT4G39580	42
AT4G15165	70
AT4G07932	2
AT4G37260	814
AT4G36195	3348
AT4G11402	0
AT4G11180	0
AT4G36730	1560
AT4G15955	558
AT4G11250	0
AT4G17650	809
AT4G36040	2327
AT4G26450	1288
AT4G40090	222
AT4G26540	144
AT4G19950	116
AT4G28200	2570
AT4G02680	969
AT4G29240	143
AT4G34560	552
AT4G04200	564
AT4G08500	707
AT4G32700	281
AT4G37020	534
AT4G10300	2212
AT4G03090	680
AT4G20470	1
AT4G28420	0
AT4G08150	257
AT4G34240	2151
AT4G20325	358
AT4G32260	10605
AT4G10700	0
AT4G36460	0
AT4G09647	0
AT4G08470	705
AT4G00970	32
AT4G14400	160
AT4G24420	188
AT4G38280	560
AT4G31200	432
AT4G03960	721
AT4G22930	1223
AT4G20390	154
AT4G35260	2382
AT4G19080	50
AT4G25010	37
AT4G13270	694
AT4G00630	2575
AT4G02210	598
AT4G33585	1
AT4G19740	0
AT4G29070	636
AT4G37380	526
AT4G26720	1049
AT4G19970	16
AT4G13870	97
AT4G31520	82
AT4G34670	13439
AT4G34490	1391
AT4G22750	1633
AT4G19360	0
AT4G09120	0
AT4G12740	160
AT4G09250	0
AT4G08300	188
AT4G37800	7925
AT4G30670	1000
AT4G30110	302
AT4G24770	17148
AT4G31250	10
AT4G29670	1545
AT4G39980	5153
AT4G03298	6
AT4G01883	330
AT4G34160	1766
AT4G19910	0
AT4G21630	0
AT4G29660	705
AT4G14910	455
AT4G26090	0
AT4G24790	441
AT4G17170	1597
AT4G39795	13
AT4G15640	1040
AT4G28490	159
AT4G05310	0
AT4G19006	1005
AT4G19420	1654
AT4G16024	0
AT4G34940	0
AT4G28300	1116
AT4G38930	1382
AT4G02425	193
AT4G05080	0
AT4G22350	760
AT4G40000	231
AT4G26710	4139
AT4G33580	1527
AT4G11370	17
AT4G01140	22
AT4G18430	70
AT4G23340	64
AT4G09355	0
AT4G35900	46
AT4G19230	306
AT4G04770	4187
AT4G20060	266
AT4G25630	3418
AT4G21590	39
AT4G09830	1241
AT4G21860	8531
AT4G16265	265
AT4G29680	1304
AT4G12300	727
AT4G15885	0
AT4G30020	1544
AT4G31410	690
AT4G37480	351
AT4G17220	59
AT4G05140	0
AT4G35030	165
AT4G13450	13
AT4G27540	413
AT4G21865	62
AT4G33010	12409
AT4G36530	869
AT4G36150	222
AT4G30480	884
AT4G39780	246
AT4G03360	0
AT4G18220	154
AT4G28660	2141
AT4G31500	3247
AT4G28270	713
AT4G11170	44
AT4G22700	0
AT4G35570	1017
AT4G17980	22
AT4G36640	682
AT4G14615	2174
AT4G11820	1433
AT4G16060	442
AT4G12610	1683
AT4G39000	1
AT4G29103	0
AT4G18890	314
AT4G01535	11
AT4G03175	2
AT4G01580	370
AT4G37240	136
AT4G31875	0
AT4G23190	239
AT4G11280	590
AT4G05091	3
AT4G13960	0
AT4G06655	0
AT4G37500	0
AT4G36580	534
AT4G30580	1625
AT4G21780	18
AT4G23920	330
AT4G16330	714
AT4G38825	0
AT4G34710	23841
AT4G09020	4232
AT4G33590	7
AT4G36600	32
AT4G11420	4624
AT4G38120	728
AT4G19600	1965
AT4G11260	3656
AT4G01060	152
AT4G26290	0
AT4G20990	1
AT4G21430	612
AT4G14105	0
AT4G20760	303
AT4G28160	0
AT4G33980	630
AT4G09100	11
AT4G20160	6
AT4G05230	0
AT4G30270	3183
AT4G34540	344
AT4G36950	20
AT4G18260	185
AT4G21380	224
AT4G19670	1210
AT4G10960	71
AT4G10450	1656
AT4G33950	815
AT4G00830	2463
AT4G37200	509
AT4G35770	72
AT4G21000	0
AT4G06599	686
AT4G18230	498
AT4G20610	0
AT4G34419	20
AT4G02280	217
AT4G09990	126
AT4G38405	0
AT4G35610	0
AT4G18050	239
AT4G03443	31
AT4G22640	3
AT4G21500	79
AT4G14272	0
AT4G40045	286
AT4G11680	603
AT4G14390	38
AT4G18570	1410
AT4G32210	711
AT4G22160	309
AT4G11745	2
AT4G38940	178
AT4G36440	1497
AT4G12950	2
AT4G39130	0
AT4G25500	1477
AT4G00925	0
AT4G24680	1339
AT4G25070	102
AT4G26820	0
AT4G17550	1013
AT4G15510	677
AT4G11960	2137
AT4G28060	2779
AT4G38090	830
AT4G12190	0
AT4G14760	713
AT4G01170	1
AT4G13210	5
AT4G38320	269
AT4G23600	2349
AT4G21060	198
AT4G14820	281
AT4G05555	0
AT4G23885	1115
AT4G10160	0
AT4G35370	10
AT4G29120	554
AT4G09510	534
AT4G28020	232
AT4G14310	590
AT4G10465	1
AT4G21090	453
AT4G36140	296
AT4G16830	2961
AT4G38260	880
AT4G27020	1028
AT4G37440	1256
AT4G25830	257
AT4G31580	2108
AT4G29510	2016
AT4G05590	199
AT4G14360	1156
AT4G10570	653
AT4G23540	781
AT4G18823	0
AT4G35190	59
AT4G21770	514
AT4G23630	6281
AT4G23770	260
AT4G14530	2
AT4G26510	1379
AT4G20740	433
AT4G15870	0
AT4G30220	2419
AT4G09160	447
AT4G10955	116
AT4G01090	326
AT4G01740	93
AT4G05240	0
AT4G18620	0
AT4G24800	2617
AT4G26580	34
AT4G28050	323
AT4G17350	69
AT4G19170	2020
AT4G29990	109
AT4G19275	0
AT4G29960	843
AT4G03240	595
AT4G10710	2079
AT4G05060	344
AT4G14165	11
AT4G08250	30
AT4G11800	630
AT4G11950	37
AT4G14300	2030
AT4G37120	3030
AT4G15530	1635
AT4G35800	3300
AT4G25270	161
AT4G30040	0
AT4G27630	495
AT4G17240	501
AT4G24270	1458
AT4G24310	41
AT4G14713	220
AT4G01690	2536
AT4G25420	66
AT4G19960	737
AT4G35785	1164
AT4G02090	118
AT4G19090	129
AT4G31390	853
AT4G21700	323
AT4G01310	7516
AT4G33970	114
AT4G30690	1168
AT4G02380	3079
AT4G29010	4786
AT4G23910	597
AT4G17905	80
AT4G08400	50
AT4G33930	89
AT4G14780	65
AT4G16220	9
AT4G12590	2226
AT4G08540	650
AT4G33710	0
AT4G22620	8
AT4G17640	1827
AT4G10360	921
AT4G14730	0
AT4G21160	933
AT4G16760	4026
AT4G10600	105
AT4G25040	0
AT4G09350	347
AT4G02460	718
AT4G15245	0
AT4G15350	11
AT4G32350	392
AT4G34250	436
AT4G28755	1
AT4G23280	17
AT4G22720	851
AT4G33230	1
AT4G30470	1529
AT4G21760	157
AT4G29548	2
AT4G02920	3900
AT4G20350	122
AT4G09190	0
AT4G00060	828
AT4G34760	558
AT4G15130	252
AT4G22467	1
AT4G15545	3543
AT4G14080	1
AT4G32110	0
AT4G04630	173
AT4G39230	438
AT4G27320	1447
AT4G17600	2913
AT4G27460	27
AT4G21990	7111
AT4G12490	1317
AT4G33880	27
AT4G10020	0
AT4G35485	0
AT4G30700	123
AT4G15710	11
AT4G13395	85
AT4G10760	924
AT4G38460	1965
AT4G35600	353
AT4G12545	0
AT4G22115	0
AT4G11030	0
AT4G00238	898
AT4G36010	2727
AT4G21400	69
AT4G00920	11
AT4G22513	68
AT4G32340	1052
AT4G19985	409
AT4G15802	1734
AT4G39530	199
AT4G37230	11
AT4G26455	731
AT4G20835	0
AT4G25780	124
AT4G15100	2
AT4G24860	32
AT4G29080	755
AT4G10130	166
AT4G37390	168
AT4G22370	13
AT4G15810	476
AT4G11760	0
AT4G06688	0
AT4G25710	1162
AT4G08267	0
AT4G26100	1278
AT4G15980	1
AT4G08960	470
AT4G03010	86
AT4G18040	2676
AT4G34070	1168
AT4G05420	2126
AT4G29760	35
AT4G17770	2258
AT4G00490	1379
AT4G33820	1
AT4G27330	0
AT4G08320	299
AT4G16144	381
AT4G14580	905
AT4G08580	841
AT4G04700	92
AT4G29470	1
AT4G16530	4
AT4G15650	0
AT4G17310	109
AT4G23500	1039
AT4G09430	11
AT4G38850	28
AT4G20170	575
AT4G27565	1
AT4G20620	0
AT4G35470	584
AT4G32510	104
AT4G00900	1418
AT4G12860	0
AT4G21080	0
AT4G02810	15
AT4G38590	5
AT4G25120	371
AT4G09450	4
AT4G26270	1366
AT4G00250	38
AT4G07350	0
AT4G24830	3613
AT4G27730	305
AT4G14550	300
AT4G00600	0
AT4G01550	401
AT4G18340	137
AT4G08380	0
AT4G10530	0
AT4G13730	466
AT4G35890	2487
AT4G27745	272
AT4G06479	0
AT4G12030	841
AT4G33840	1
AT4G12830	468
AT4G15075	1
AT4G27790	8
AT4G15550	1283
AT4G02220	1437
AT4G01120	1034
AT4G26590	3
AT4G27640	1203
AT4G26920	0
AT4G23000	307
AT4G24990	831
AT4G16045	0
AT4G29340	132
AT4G22470	4
AT4G01440	214
AT4G29400	1173
AT4G21440	4
AT4G38905	6
AT4G37880	874
AT4G28990	545
AT4G24100	453
AT4G35310	1478
AT4G01040	1031
AT4G32330	1536
AT4G00680	126
AT4G33810	116
AT4G31530	1456
AT4G28350	139
AT4G05400	791
AT4G00340	1876
AT4G12520	12
AT4G01570	522
AT4G27860	518
AT4G36910	1299
AT4G22505	0
AT4G04423	0
AT4G04180	706
AT4G22870	0
AT4G26880	13
AT4G12370	0
AT4G32490	1
AT4G22570	1557
AT4G05470	2
AT4G34900	337
AT4G10950	26
AT4G13955	0
AT4G00480	392
AT4G19870	251
AT4G03260	4197
AT4G10490	0
AT4G12870	234
AT4G27610	452
AT4G28470	2349
AT4G01460	193
AT4G24530	337
AT4G04580	0
AT4G23940	928
AT4G17390	12846
AT4G28180	126
AT4G39380	58
AT4G26460	4
AT4G26965	397
AT4G29130	1730
AT4G19975	12
AT4G10305	2
AT4G16610	88
AT4G27060	594
AT4G26310	740
AT4G15440	112
AT4G27240	259
AT4G20930	291
AT4G19540	365
AT4G02360	49
AT4G31100	204
AT4G08520	1793
AT4G21340	22
AT4G32420	2177
AT4G20410	552
AT4G18100	11593
AT4G24250	80
AT4G04402	0
AT4G03130	59
AT4G17870	2759
AT4G28830	999
AT4G23390	0
AT4G17970	397
AT4G29273	0
AT4G22217	0
AT4G04720	1287
AT4G09780	1
AT4G39890	74
AT4G28220	533
AT4G13950	252
AT4G38920	6992
AT4G30890	1329
AT4G11410	416
AT4G12430	34
AT4G36870	698
AT4G01840	185
AT4G23420	95
AT4G00895	3932
AT4G01920	93
AT4G34300	8
AT4G21650	437
AT4G14695	33
AT4G34660	774
AT4G26200	362
AT4G08900	1054
AT4G03580	0
AT4G08290	528
AT4G12940	8
AT4G22340	314
AT4G17720	956
AT4G00585	1972
AT4G11560	1875
AT4G00030	988
AT4G00580	8
AT4G23355	0
AT4G12750	1783
AT4G04260	91
AT4G14840	43
AT4G19630	5
AT4G34910	774
AT4G11070	0
AT4G25210	1108
AT4G38290	70
AT4G32630	5
AT4G13520	15123
AT4G27410	275
AT4G37445	90
AT4G14145	356
AT4G17680	143
AT4G33460	698
AT4G16680	103
AT4G36750	1452
AT4G16450	4700
AT4G15290	4
AT4G04680	10
AT4G22285	2061
AT4G18610	146
AT4G35450	7067
AT4G32295	114
AT4G08630	0
AT4G28330	55
AT4G16630	2447
AT4G36110	20
AT4G36270	174
AT4G05540	8
AT4G12460	581
AT4G02250	3
AT4G12790	1223
AT4G08700	284
AT4G32670	475
AT4G00740	1346
AT4G17730	1071
AT4G04950	1898
AT4G03505	1
AT4G10210	0
AT4G39745	0
AT4G30610	332
AT4G11040	4
AT4G18080	1
AT4G36960	1092
AT4G28740	620
AT4G34920	811
AT4G10000	503
AT4G12480	14797
AT4G25110	77
AT4G00150	766
AT4G37310	1251
AT4G35790	2470
AT4G30825	770
AT4G36610	147
AT4G33500	1479
AT4G27300	592
AT4G13930	4546
AT4G09585	0
AT4G14630	75
AT4G33540	1019
AT4G36990	4393
AT4G14980	85
AT4G18210	81
AT4G32390	1444
AT4G08867	2
AT4G15330	51
AT4G22165	0
AT4G00905	0
AT4G34190	6326
AT4G03430	3355
AT4G18930	775
AT4G08270	0
AT4G37990	102
AT4G22910	307
AT4G31730	445
AT4G14716	8377
AT4G32680	170
AT4G18500	0
AT4G10880	0
AT4G17590	0
AT4G12910	970
AT4G10120	1471
AT4G37000	1697
AT4G00295	0
AT4G19840	2073
AT4G33770	275
AT4G26670	2763
AT4G29800	96
AT4G24950	2
AT4G18250	22
AT4G23980	833
AT4G28610	913
AT4G15010	461
AT4G00260	0
AT4G28210	1406
AT4G20010	703
AT4G32750	262
AT4G22670	5032
AT4G00400	596
AT4G25690	504
AT4G05070	819
AT4G15380	67
AT4G34740	1269
AT4G18750	302
AT4G34890	1302
AT4G18692	0
AT4G37360	0
AT4G01575	0
AT4G26660	315
AT4G16535	4
AT4G29283	0
AT4G02480	3509
AT4G30870	223
AT4G38250	0
AT4G14930	1126
AT4G01220	305
AT4G35295	50
AT4G26180	232
AT4G32500	14
AT4G00850	117
AT4G00651	11
AT4G22770	203
AT4G34290	1063
AT4G32840	489
AT4G32170	0
AT4G17910	796
AT4G08455	117
AT4G11480	10
AT4G28260	929
AT4G09920	101
AT4G04450	28
AT4G38430	2468
AT4G13770	8295
AT4G04110	0
AT4G29150	54
AT4G15730	256
AT4G39952	259
AT4G34410	5
AT4G01026	381
AT4G29380	728
AT4G03390	1212
AT4G15820	198
AT4G33090	3044
AT4G34400	22
AT4G23110	0
AT4G05460	667
AT4G07965	19
AT4G26260	6
AT4G30560	327
AT4G11140	101
AT4G20830	1140
AT4G21920	8
AT4G32480	1455
AT4G40063	0
AT4G04860	403
AT4G35130	250
AT4G26130	1522
AT4G24240	1576
AT4G00110	388
AT4G02760	238
AT4G36760	1814
AT4G26850	7377
AT4G25050	5878
AT4G31480	3391
AT4G12240	173
AT4G33440	473
AT4G11150	9811
AT4G31070	140
AT4G26430	471
AT4G18110	0
AT4G29410	3979
AT4G17100	273
AT4G37682	39
AT4G35860	916
AT4G02690	4
AT4G00320	4
AT4G04710	10
AT4G02330	1460
AT4G09035	0
AT4G17900	526
AT4G08040	54
AT4G18330	30
AT4G16750	103
AT4G34000	1419
AT4G20130	1842
AT4G31920	543
AT4G16880	217
AT4G13420	27
AT4G19020	633
AT4G01800	3519
AT4G39650	3
AT4G31320	127
AT4G01735	5
AT4G19200	2274
AT4G18160	315
AT4G16470	121
AT4G12360	2
AT4G40011	0
AT4G16442	364
AT4G08560	0
AT4G21200	68
AT4G28690	159
AT4G23880	169
AT4G30950	10535
AT4G35905	244
AT4G17420	583
AT4G12130	596
AT4G30845	93
AT4G10550	435
AT4G18630	193
AT4G39260	23156
AT4G14350	1102
AT4G18975	1121
AT4G21530	311
AT4G32530	2805
AT4G21940	138
AT4G20960	821
AT4G00810	4374
AT4G09630	740
AT4G09010	5106
AT4G18590	340
AT4G28910	1266
AT4G12010	375
AT4G15780	6684
AT4G33130	113
AT4G05071	10
AT4G32460	463
AT4G23060	197
AT4G21063	48
AT4G08895	0
AT4G39740	194
AT4G11850	880
AT4G19095	3
AT4G08691	8
AT4G01110	83
AT4G18501	9
AT4G13830	748
AT4G01990	421
AT4G25900	1893
AT4G18830	22
AT4G39470	1387
AT4G03330	30
AT4G11650	6600
AT4G32200	625
AT4G29290	0
AT4G36720	186
AT4G33495	1207
AT4G22305	112
AT4G07526	15
AT4G29630	0
AT4G16550	0
AT4G21515	0
AT4G23700	5
AT4G25490	50
AT4G29700	201
AT4G31770	277
AT4G26780	2289
AT4G33780	913
AT4G21880	582
AT4G16080	0
AT4G03740	0
AT4G32600	813
AT4G03250	238
AT4G30630	485
AT4G36800	2167
AT4G32030	1135
AT4G01670	353
AT4G32800	186
AT4G34270	1605
AT4G16100	389
AT4G02405	233
AT4G35280	0
AT4G12670	425
AT4G16340	1546
AT4G26870	3386
AT4G02190	0
AT4G28110	7
AT4G12970	482
AT4G24615	0
AT4G20770	44
AT4G30710	184
AT4G32360	276
AT4G23460	999
AT4G09360	0
AT4G24640	3
AT4G35410	274
AT4G31985	5100
AT4G09530	3
AT4G14190	175
AT4G04830	8494
AT4G18510	6
AT4G31970	2
AT4G25800	200
AT4G36791	13
AT4G27910	450
AT4G08028	0
AT4G16240	106
AT4G31160	1126
AT4G15030	791
AT4G29090	0
AT4G10240	1
AT4G21902	0
AT4G19460	131
AT4G22120	880
AT4G15630	767
AT4G17510	1133
AT4G20450	2
AT4G02750	331
AT4G11373	0
AT4G22410	0
AT4G04750	359
AT4G13790	1
AT4G01703	0
AT4G11380	1543
AT4G13480	6
AT4G17215	73
AT4G13780	3135
AT4G10170	222
AT4G36480	778
AT4G14342	809
AT4G19003	811
AT4G06639	0
AT4G21510	112
AT4G29110	90
AT4G28085	7
AT4G24975	0
AT4G20090	392
AT4G17000	134
AT4G15450	168
AT4G35000	7240
AT4G19430	5785
AT4G25360	471
AT4G09545	0
AT4G13390	355
AT4G29060	11955
AT4G15490	1260
AT4G30450	444
AT4G13980	309
AT4G08240	309
AT4G03400	2258
AT4G14040	3880
AT4G18150	0
AT4G29033	0
AT4G38470	691
AT4G12990	331
AT4G14970	148
AT4G03625	0
AT4G22758	100
AT4G02540	547
AT4G33800	13
AT4G20360	2
AT4G35550	579
AT4G02700	106
AT4G28650	32
AT4G16900	452
AT4G09750	1097
AT4G35720	28
AT4G04620	1030
AT4G19690	18
AT4G01770	9
AT4G09960	3
AT4G19180	557
AT4G35700	0
AT4G02840	958
AT4G13220	794
AT4G39790	49
AT4G09466	0
AT4G10620	792
AT4G39235	525
AT4G35840	474
AT4G38220	1771
AT4G24540	109
AT4G27520	3632
AT4G10410	7
AT4G30070	0
AT4G13680	10
AT4G38990	0
AT4G30910	649
AT4G13500	1420
AT4G32230	0
AT4G38005	0
AT4G09340	710
AT4G02640	1054
AT4G37210	544
AT4G17790	568
AT4G10970	901
AT4G29390	543
AT4G05630	0
AT4G00290	343
AT4G10560	23
AT4G24972	461
AT4G21192	276
AT4G27080	1383
AT4G14785	0
AT4G26630	5872
AT4G31430	802
AT4G26680	59
AT4G27880	799
AT4G00220	36
AT4G21950	0
AT4G04890	1312
AT4G23430	370
AT4G20645	0
AT4G15990	9
AT4G26150	181
AT4G13380	0
AT4G23960	0
AT4G37435	0
AT4G03292	90
AT4G14723	17
AT4G13261	0
AT4G22105	1
AT4G13235	118
AT4G00880	71
AT4G37540	1598
AT4G31310	671
AT4G11360	288
AT4G31000	200
AT4G35490	3010
AT4G26910	1766
AT4G34500	509
AT4G10390	110
AT4G23080	0
AT4G23365	2
AT4G15040	0
AT4G36925	3
AT4G01950	384
AT4G12410	49
AT4G08990	16
AT4G25600	312
AT4G10510	2
AT4G00350	0
AT4G28703	9
AT4G03420	775
AT4G34380	23
AT4G14104	12
AT4G14440	1924
AT4G31420	840
AT4G25560	7
AT4G03220	2
AT4G27030	780
AT4G13840	1294
AT4G30067	0
AT4G20420	0
AT4G20080	0
AT4G08640	0
AT4G27435	410
AT4G13970	483
AT4G13266	0
AT4G04460	283
AT4G36105	7
AT4G02720	0
AT4G11740	938
AT4G01900	1977
AT4G37860	1
AT4G19350	567
AT4G24330	1783
AT4G33985	445
AT4G33945	714
AT4G28140	25
AT4G32940	1944
AT4G15340	80
AT4G03160	0
AT4G08263	0
AT4G10870	0
AT4G15960	92
AT4G00450	1057
AT4G39660	1280
AT4G26050	0
AT4G20150	7123
AT4G02310	0
AT4G08570	149
AT4G00520	269
AT4G12110	703
AT4G22130	693
AT4G30540	1
AT4G09950	320
AT4G38270	1013
AT4G16930	0
AT4G11530	104
AT4G00780	2266
AT4G00910	27
AT4G35810	13
AT4G32570	946
AT4G14560	187
AT4G00500	429
AT4G03113	0
AT4G33290	2
AT4G30840	920
AT4G34138	706
AT4G07950	450
AT4G25080	6988
AT4G35750	3883
AT4G27360	1
AT4G23100	7009
AT4G26230	11539
AT4G22710	72
AT4G16860	825
AT4G06744	668
AT4G27440	17263
AT4G15610	754
AT4G02880	664
AT4G33160	150
AT4G17565	3
AT4G23450	58
AT4G28940	19
AT4G20540	0
AT4G39050	1088
AT4G31830	1
AT4G28680	47
AT4G00270	788
AT4G36240	495
AT4G00370	2749
AT4G02170	25
AT4G19130	254
AT4G02070	565
AT4G16566	184
AT4G34580	214
AT4G03728	0
AT4G34980	1758
AT4G18190	0
AT4G25980	80
AT4G02740	681
AT4G30770	0
AT4G26555	831
AT4G19720	12
AT4G35920	1506
AT4G33210	1083
AT4G22235	0
AT4G23710	1609
AT4G27270	274
AT4G22970	275
AT4G20920	28
AT4G28570	1135
AT4G20560	0
AT4G25730	3520
AT4G12540	166
AT4G26530	2194
AT4G38140	4
AT4G37180	1570
AT4G11880	50
AT4G01230	52
AT4G39820	495
AT4G33600	0
AT4G22780	279
AT4G16162	1
AT4G27530	15
AT4G28130	0
AT4G37290	0
AT4G27800	3186
AT4G32830	316
AT4G15280	32
AT4G01925	24
AT4G27600	3313
AT4G34790	15
AT4G14965	512
AT4G15417	18
AT4G13560	39
AT4G35020	401
AT4G24930	658
AT4G25510	0
AT4G16545	1
AT4G13090	0
AT4G23860	846
AT4G16230	10
AT4G25330	4
AT4G16420	1414
AT4G18020	1585
AT4G39750	1
AT4G28510	3265
AT4G37690	13
AT4G30420	17
AT4G15020	630
AT4G33020	17
AT4G05150	3153
AT4G16720	16028
AT4G35025	0
AT4G27430	1510
AT4G32780	16
AT4G28640	326
AT4G35725	0
AT4G11220	2900
AT4G34840	319
AT4G16570	176
AT4G14301	0
AT4G10540	0
AT4G21030	0
AT4G39420	910
AT4G32850	3879
AT4G25100	69410
AT4G15540	883
AT4G37580	185
AT4G30720	1939
AT4G25350	29
AT4G32320	627
AT4G35880	417
AT4G18060	937
AT4G01360	37
AT4G18940	35
AT4G13060	0
AT4G10265	202
AT4G26990	504
AT4G18270	445
AT4G29640	1
AT4G07410	1538
AT4G09030	29
AT4G11700	16
AT4G38500	892
AT4G16590	10
AT4G06676	440
AT4G14800	2485
AT4G16095	0
AT4G27510	47
AT4G20430	219
AT4G38010	245
AT4G25910	574
AT4G02110	242
AT4G23490	319
AT4G24970	288
AT4G10230	0
AT4G22090	0
AT4G27310	1327
AT4G15320	0
AT4G08160	273
AT4G17890	1457
AT4G30400	137
AT4G17670	402
AT4G19570	37
AT4G04980	3
AT4G00120	0
AT4G26220	70
AT4G14670	0
AT4G19050	40
AT4G08770	243
AT4G23840	374
AT4G35460	1109
AT4G28550	111
AT4G11655	3
AT4G17486	1042
AT4G31110	68
AT4G28395	0
AT4G03620	1
AT4G26570	1088
AT4G27620	663
AT4G11190	178
AT4G09900	1198
AT4G02020	1773
AT4G19810	1877
AT4G13345	371
AT4G33100	170
AT4G33560	939
AT4G24780	3249
AT4G27950	297
AT4G23370	0
AT4G24450	616
AT4G30880	2
AT4G21534	291
AT4G13240	0
AT4G12900	266
AT4G02820	516
AT4G16890	2602
AT4G25410	6
AT4G25640	3796
AT4G26280	0
AT4G17840	1117
AT4G29790	834
AT4G03500	40
AT4G00180	499
AT4G14110	1483
AT4G16540	233
AT4G24300	0
AT4G18390	821
AT4G22510	0
AT4G13750	922
AT4G39850	2073
AT4G34950	2125
AT4G15750	0
AT4G37920	788
AT4G23790	552
AT4G33260	412
AT4G38213	29
AT4G35733	2
AT4G01960	580
AT4G30080	655
AT4G38130	3378
AT4G13010	3734
AT4G29037	0
AT4G34030	1423
AT4G12640	693
AT4G09810	187
AT4G15890	185
AT4G21560	439
AT4G39010	39
AT4G26960	244
AT4G36590	0
AT4G08190	0
AT4G13290	326
AT4G17520	6478
AT4G24580	70
AT4G38560	67
AT4G25130	11328
AT4G21820	232
AT4G10770	1255
AT4G03157	2
AT4G21840	2
AT4G31820	252
AT4G10090	214
AT4G39070	43
AT4G00980	107
AT4G08450	10
AT4G00342	0
AT4G34220	589
AT4G05170	16
AT4G12890	36
AT4G33910	670
AT4G19700	618
AT4G35360	1056
AT4G08410	86
AT4G34720	3636
AT4G00232	0
AT4G00390	53
AT4G21900	360
AT4G02270	313
AT4G34370	970
AT4G16143	2887
AT4G19510	720
AT4G01180	7
AT4G03200	764
AT4G39160	1155
AT4G01985	171
AT4G24940	746
AT4G30210	2934
AT4G29350	19577
AT4G00315	0
AT4G14340	829
AT4G30290	473
AT4G30350	479
AT4G12280	2
AT4G33885	8
AT4G39955	565
AT4G38401	0
AT4G32580	0
AT4G22517	412
AT4G25290	503
AT4G00670	110
AT4G33320	1
AT4G23610	0
AT4G33465	0
AT4G12220	0
AT4G00890	10
AT4G05430	47
AT4G24030	0
AT4G34510	109
AT4G19800	1
AT4G28980	805
AT4G18465	612
AT4G13310	11
AT4G37470	1165
AT4G14490	146
AT4G06526	0
AT4G19190	1160
AT4G19820	29
AT4G30000	242
AT4G38780	475
AT4G21110	1440
AT4G17300	2107
AT4G11490	0
AT4G17150	779
AT4G39270	781
AT4G37420	14
AT4G28590	576
AT4G00755	649
AT4G23990	526
AT4G19890	272
AT4G20230	90
AT4G00820	297
AT4G29480	2805
AT4G23250	434
AT4G22740	2064
AT4G31890	443
AT4G17940	1290
AT4G25340	4367
AT4G21660	3231
AT4G35150	0
AT4G18770	1
AT4G28750	8321
AT4G16130	699
AT4G03170	0
AT4G11050	46
AT4G18870	0
AT4G35660	0
AT4G16990	3084
AT4G38100	1246
AT4G12930	0
AT4G28100	383
AT4G27000	3361
AT4G20290	0
AT4G17570	783
AT4G14860	32
AT4G02733	0
AT4G31130	644
AT4G39675	111
AT4G32920	686
AT4G00170	822
AT4G15360	1
AT4G36050	265
AT4G35540	186
AT4G22050	7
AT4G24231	4
AT4G05050	11743
AT4G31280	0
AT4G17880	747
AT4G28890	183
AT4G24010	61
AT4G01240	43
AT4G23220	60
AT4G18905	1204
AT4G10480	4488
AT4G13850	5909
AT4G14030	6354
AT4G36700	57
AT4G31470	39
AT4G03050	3
AT4G24740	1423
AT4G11110	1160
AT4G08140	0
AT4G10440	0
AT4G31210	1680
AT4G33390	6
AT4G08360	1
AT4G32208	46
AT4G16370	5013
AT4G39220	733
AT4G35420	198
AT4G37140	18
AT4G21190	2024
AT4G04350	1107
AT4G01050	7992
AT4G34260	4697
AT4G12620	337
AT4G15560	13592
AT4G18720	12
AT4G25990	494
AT4G02900	243
AT4G36070	6
AT4G12330	66
AT4G26010	416
AT4G03610	90
AT4G27870	1258
AT4G04745	423
AT4G30140	732
AT4G31020	46
AT4G19925	2
AT4G40060	2008
AT4G25660	773
AT4G01520	2
AT4G01730	672
AT4G19250	0
AT4G37830	9433
AT4G01030	50
AT4G33400	847
AT4G24370	560
AT4G18990	3
AT4G38380	655
AT4G01023	19
AT4G32535	22
AT4G30620	1143
AT4G13360	2129
AT4G12850	108
AT4G14358	0
AT4G27160	0
AT4G25810	962
AT4G32120	459
AT4G21460	597
AT4G27740	105
AT4G00005	0
AT4G31715	0
AT4G29890	354
AT4G39960	1743
AT4G05190	368
AT4G20235	43
AT4G19010	297
AT4G24080	34
AT4G31196	0
AT4G24280	24684
AT4G34345	0
AT4G16957	301
AT4G34420	30
AT4G35580	980
AT4G32760	1574
AT4G01037	3855
AT4G36390	2364
AT4G01780	0
AT4G30510	182
AT4G22495	0
AT4G04020	9064
AT4G37610	108
AT4G15390	2319
AT4G18372	138
AT4G13150	512
AT4G38650	102
AT4G15740	5
AT4G02830	43
AT4G29930	256
AT4G32820	668
AT4G39810	59
AT4G15690	24
AT4G15720	18
AT4G37300	5206
AT4G26750	566
AT4G38540	30
AT4G24980	0
AT4G04920	1647
AT4G12600	7251
AT4G31900	22
AT4G31610	3
AT4G17243	6
AT4G15053	0
AT4G29840	2028
AT4G04940	1174
AT4G03153	0
AT4G12710	196
AT4G15093	467
AT4G08620	8
AT4G26483	0
AT4G11485	0
AT4G00525	67
AT4G30970	0
AT4G08485	0
AT4G27480	124
AT4G16770	513
AT4G10280	278
AT4G17020	636
AT4G02410	300
AT4G13490	0
AT4G26250	0
AT4G15735	0
AT4G15900	2637
AT4G31790	807
AT4G30230	47
AT4G30980	258
AT4G27040	485
AT4G21690	0
AT4G14370	129
AT4G11521	13
AT4G27990	1495
AT4G11990	162
AT4G19905	0
AT4G31990	7696
AT4G39510	687
AT4G19830	441
AT4G09520	578
AT4G38495	247
AT4G37608	125
AT4G21870	1139
AT4G31230	18
AT4G24644	0
AT4G26210	1302
AT4G22035	0
AT4G32272	454
AT4G11830	1278
AT4G09210	1
AT4G11543	3
AT4G04090	0
AT4G36690	5939
AT4G11930	2
AT4G12840	126
AT4G34550	3
AT4G18580	348
AT4G04330	125
AT4G26860	496
AT4G27580	17
AT4G29590	836
AT4G21890	149
AT4G36860	1057
AT4G11440	197
AT4G35210	1
AT4G19390	356
AT4G24120	893
AT4G25740	5463
AT4G02370	1436
AT4G07940	8
AT4G29880	31
AT4G38520	1862
AT4G16250	445
AT4G00200	147
AT4G20800	0
AT4G18180	0
AT4G13320	0
AT4G20535	0
AT4G18425	269
AT4G16640	16
AT4G35070	177
AT4G37840	0
AT4G38775	0
AT4G25150	99
AT4G01560	2065
AT4G07820	39
AT4G14540	708
AT4G21520	472
AT4G24960	1028
AT4G31850	1514
AT4G25180	402
AT4G20880	1443
AT4G34600	365
AT4G34830	2634
AT4G01500	12
AT4G37330	701
AT4G35530	387
AT4G36030	0
AT4G10843	52
AT4G16765	447
AT4G20200	0
AT4G17200	6
AT4G07995	26
AT4G03520	8193
AT4G37090	1780
AT4G33666	7
AT4G05612	0
AT4G26110	6616
AT4G16090	0
AT4G18360	614
AT4G20140	360
AT4G13370	261
AT4G24260	245
AT4G25370	2203
AT4G12210	8
AT4G26145	0
AT4G36360	3321
AT4G38690	206
AT4G27845	0
AT4G10380	1413
AT4G20095	4
AT4G08730	0
AT4G01260	1
AT4G22300	361
AT4G14147	148
AT4G16695	888
AT4G00720	5109
AT4G03950	0
AT4G34930	31
AT4G09170	14
AT4G04957	0
AT4G20720	175
AT4G01890	0
AT4G32105	0
AT4G15250	0
AT4G38390	24
AT4G04540	12
AT4G15770	1742
AT4G11010	14088
AT4G16730	0
AT4G28430	93
AT4G21720	204
AT4G27840	376
AT4G26640	944
AT4G38810	962
AT4G23271	0
AT4G14130	600
AT4G36770	9
AT4G24110	691
AT4G01470	2
AT4G34680	240
AT4G21480	183
AT4G36710	414
AT4G22900	87
AT4G04404	0
AT4G35040	736
AT4G38790	1235
AT4G02650	14
AT4G29000	363
AT4G33730	28
AT4G36550	280
AT4G26300	2479
AT4G33830	0
AT4G12760	460
AT4G10340	88988
AT4G21100	1307
AT4G13040	541
AT4G32610	1606
AT4G21490	19
AT4G17530	1396
AT4G06536	7
AT4G13920	0
AT4G30590	0
AT4G20000	48
AT4G02520	909
AT4G28870	0
AT4G23320	46
AT4G32380	0
AT4G29250	0
AT4G30570	282
AT4G29310	696
AT4G26610	597
AT4G39180	194
AT4G21130	0
AT4G15940	757
AT4G16295	0
AT4G00416	0
AT4G08280	1008
AT4G09465	0
AT4G27350	485
AT4G26930	9
AT4G26890	39
AT4G15680	33
AT4G37410	297
AT4G34080	0
AT4G03510	557
AT4G21705	243
AT4G16820	4
AT4G12310	1195
AT4G09462	0
AT4G08870	5097
AT4G03940	266
AT4G33480	831
AT4G37530	1357
AT4G39100	873
AT4G29560	179
AT4G24150	26
AT4G25440	511
AT4G16857	36
AT4G18140	376
AT4G12617	0
AT4G20670	0
AT4G18700	3662
AT4G18203	0
AT4G15215	95
AT4G14590	117
AT4G36795	1
AT4G39930	16
AT4G30600	3256
AT4G18760	239
AT4G30920	2834
AT4G34460	1600
AT4G27760	1162
AT4G05620	0
AT4G12560	1466
AT4G25940	155
AT4G19110	4080
AT4G25540	169
AT4G25315	308
AT4G16745	78
AT4G23350	1
AT4G30830	22
AT4G23515	22
AT4G29740	25
AT4G31290	6114
AT4G31441	30
AT4G27070	785
AT4G20600	0
AT4G31670	657
AT4G37110	538
AT4G24040	88
AT4G37650	475
AT4G00090	1068
AT4G15393	63
AT4G35980	371
AT4G30650	861
AT4G39520	3223
AT4G04670	643
AT4G33720	101
AT4G29520	1633
AT4G31355	32
AT4G19150	904
AT4G34215	1128
AT4G15790	519
AT4G34860	497
AT4G24204	3
AT4G25515	267
AT4G08850	1833
AT4G27652	69
AT4G07825	509
AT4G17330	2778
AT4G16710	744
AT4G39940	2018
AT4G29360	617
AT4G20820	533
AT4G19550	177
AT4G36500	201
AT4G32930	2055
AT4G00770	0
AT4G29170	227
AT4G21010	1
AT4G19191	49
AT4G23090	1
AT4G35850	2436
AT4G05631	669
AT4G19920	7
AT4G29905	541
AT4G15840	1035
AT4G13263	1
AT4G39320	35
AT4G19330	0
AT4G29980	0
AT4G15970	3
AT4G34780	3
AT4G10080	1472
AT4G33470	241
AT4G14740	510
AT4G13350	1049
AT4G18810	2952
AT4G14150	249
AT4G38370	473
AT4G00710	2295
AT4G22666	13
AT4G29140	405
AT4G38210	16
AT4G00940	65
AT4G27590	10
AT4G18950	1083
AT4G04850	1227
AT4G15150	98
AT4G00040	1426
AT4G30640	70
AT4G16451	0
AT4G02655	1
AT4G22140	872
AT4G02430	998
AT4G17210	0
AT4G31910	887
AT4G02590	1165
AT4G01880	529
AT4G26140	348
AT4G15950	277
AT4G18660	12
AT4G19240	0
AT4G20260	6644
AT4G16310	942
AT4G21180	580
AT4G39030	230
AT4G17160	5
AT4G22560	47
AT4G15733	0
AT4G31370	14
AT4G04632	0
AT4G00930	724
AT4G29160	1620
AT4G00140	0
AT4G15060	0
AT4G33530	1174
AT4G28815	2
AT4G01897	395
AT4G15410	732
AT4G18960	11
AT4G04190	267
AT4G27890	8
AT4G09800	4232
AT4G24974	0
AT4G31750	545
AT4G25300	72
AT4G31980	352
AT4G13630	849
AT4G36230	51
AT4G34650	76
AT4G01270	319
AT4G32870	106
AT4G17070	800
AT4G07835	0
AT4G26940	1202
AT4G17760	142
AT4G15300	17
AT4G35220	1659
AT4G39460	2814
AT4G23650	5047
AT4G39860	515
AT4G00750	343
AT4G38070	6
AT4G11980	464
AT4G33110	2561
AT4G14815	1
AT4G08260	0
AT4G20520	0
AT4G31400	78
AT4G14900	1151
AT4G27120	639
AT4G29850	0
AT4G21120	67
AT4G08555	140
AT4G23210	30
AT4G00860	3742
AT4G38870	17
AT4G26120	64
AT4G19710	1570
AT4G36740	30
AT4G22212	209
AT4G30900	538
AT4G23890	866
AT4G30310	741
AT4G03965	39
AT4G08330	222
AT4G33990	240
AT4G31540	1
AT4G33070	989
AT4G04650	0
AT4G25845	0
AT4G38350	1282
AT4G04880	442
AT4G36810	1
AT4G27190	9
AT4G30320	52
AT4G33000	361
AT4G02770	29388
AT4G36670	400
AT4G04695	162
AT4G27980	28
AT4G00310	302
AT4G27920	4
AT4G31170	1859
AT4G09984	0
AT4G19660	1193
AT4G11385	0
AT4G22950	39
AT4G12250	228
AT4G05530	971
AT4G10820	0
AT4G25430	0
AT4G30130	181
AT4G22360	448
AT4G14990	785
AT4G25850	33
AT4G36980	1658
AT4G24340	13
AT4G00870	41
AT4G37030	115
AT4G18600	154
AT4G13992	60
AT4G16807	57
AT4G09420	184
AT4G40050	835
AT4G39190	305
AT4G19610	1844
AT4G27450	1156
AT4G18710	2564
AT4G33140	490
AT4G35783	62
AT4G14330	376
AT4G15140	213
AT4G17620	1292
AT4G25230	1033
AT4G12420	4487
AT4G22880	1527
AT4G17710	7
AT4G25470	153
AT4G24840	852
AT4G19980	16
AT4G29570	12
AT4G23930	60
AT4G30240	633
AT4G04810	317
AT4G16950	1683
AT4G11270	1256
AT4G10330	650
AT4G29220	2524
AT4G18840	141
AT4G04078	0
AT4G24180	44
AT4G03100	597
AT4G18530	349
AT4G30340	375
AT4G21215	443
AT4G07670	0
AT4G32375	0
AT4G33145	1
AT4G27660	79
AT4G08874	1
AT4G28460	1
AT4G33630	1296
AT4G13000	143
AT4G14410	2051
AT4G35290	294
AT4G10060	512
AT4G22460	0
AT4G36130	5109
AT4G16040	0
AT4G31870	48
AT4G35590	55
AT4G12400	5250
AT4G39090	14890
AT4G07515	0
AT4G16620	71
AT4G23560	3
AT4G30662	2
AT4G03230	520
AT4G17750	241
AT4G28410	94
AT4G39590	18
AT4G29830	564
AT4G15230	151
AT4G25720	477
AT4G36350	0
AT4G13260	62
AT4G19038	0
AT4G38040	598
AT4G04740	469
AT4G23015	0
AT4G29780	277
AT4G08025	0
AT4G39080	5252
AT4G30180	98
AT4G20460	192
AT4G28820	199
AT4G09589	0
AT4G09940	3
AT4G13130	35
AT4G20020	2333
AT4G24210	645
AT4G10500	166
AT4G09140	589
AT4G29600	35
AT4G12382	26
AT4G14605	363
AT4G12080	456
AT4G25200	10755
AT4G19045	206
AT4G07380	0
AT4G25433	29
AT4G25520	741
AT4G28730	958
AT4G34139	0
AT4G18860	0
AT4G37685	42
AT4G03150	228
AT4G13690	92
AT4G02735	0
AT4G03210	10313
AT4G02230	8854
AT4G08550	6
AT4G28240	392
AT4G13575	867
AT4G10610	785
AT4G30990	1033
AT4G34850	22
AT4G33940	656
AT4G13050	1041
AT4G00730	1554
AT4G16480	411
AT4G37925	1197
AT4G19490	1480
AT4G39970	703
AT4G13890	8
AT4G20320	176
AT4G38830	26
AT4G12060	2111
AT4G28500	63
AT4G21903	35
AT4G28310	468
AT4G36620	40
AT4G25960	984
AT4G10750	394
AT4G34265	1030
AT4G18030	2403
AT4G38062	196
AT4G01210	1108
AT4G04040	1379
AT4G28025	3323
AT4G08370	5
AT4G26060	317
AT4G26760	738
AT4G38660	612
AT4G21170	310
AT4G38490	1594
AT4G29730	304
AT4G33565	357
AT4G29030	282
AT4G11610	98
AT4G07868	0
AT4G38180	48
AT4G17360	163
AT4G31073	0
AT4G12390	1359
AT4G26415	60
AT4G18090	0
AT4G14305	56
AT4G30940	183
AT4G31380	2
AT4G15470	2455
AT4G22830	754
AT4G00955	231
AT4G35170	1
AT4G29305	0
AT4G22610	23
AT4G28880	1623
AT4G23850	5429
AT4G11350	116
AT4G02420	173
AT4G16520	1356
AT4G21326	206
AT4G13280	129
AT4G13180	1743
AT4G05097	2
AT4G14420	1891
AT4G12650	2924
AT4G23373	0
AT4G39640	217
AT4G33180	308
AT4G00840	267
AT4G26830	32
AT4G31490	2009
AT4G20580	0
AT4G28920	0
AT4G01370	2377
AT4G21980	1048
AT4G26390	5
AT4G04265	0
AT4G39830	74
AT4G22010	1027
AT4G34520	0
AT4G28450	2872
AT4G04870	300
AT4G03945	0
AT4G10370	25
AT4G36890	766
AT4G10010	0
AT4G30300	2
AT4G37850	1
AT4G21070	265
AT4G33300	1944
AT4G13620	42
AT4G03115	161
AT4G28790	779
AT4G23780	9
AT4G22840	116
AT4G37250	266
AT4G10695	13
AT4G16215	6
AT4G28840	13
AT4G32640	1221
AT4G14675	1
AT4G04690	0
AT4G11920	117
AT4G37022	98
AT4G02850	56
AT4G39910	890
AT4G31700	11537
AT4G23230	57
AT4G19560	93
AT4G12780	1138
AT4G16008	37
AT4G21610	725
AT4G16195	0
AT4G21800	2502
AT4G18422	45
AT4G16670	110
AT4G08950	1409
AT4G24160	753
AT4G31240	551
AT4G09660	0
AT4G29920	220
AT4G23140	161
AT4G17430	457
AT4G02440	506
AT4G35250	1873
AT4G23895	262
AT4G17850	0
AT4G08230	2575
AT4G38960	69
AT4G12120	259
AT4G15070	94
AT4G10350	21
AT4G34470	10
AT4G24390	348
AT4G30730	0
AT4G15660	12
AT4G01820	1
AT4G14245	10
AT4G01640	0
AT4G22270	96
AT4G38781	0
AT4G16790	494
AT4G22940	17
AT4G02630	389
AT4G02000	8
AT4G31805	162
AT4G25170	848
AT4G00160	1
AT4G25920	0
AT4G32175	382
AT4G26900	1978
AT4G20650	0
AT4G09670	2720
AT4G11450	305
AT4G32280	8
AT4G27250	31
AT4G11211	291
AT4G14690	169
AT4G22180	0
AT4G14225	0
AT4G10680	0
AT4G28520	2
AT4G03566	0
AT4G32342	2
AT4G13820	57
AT4G28811	4
AT4G26690	1151
AT4G36170	0
AT4G35560	223
AT4G14960	13398
AT4G25760	81
AT4G06634	1389
AT4G19680	15
AT4G33740	1338
AT4G33355	3
AT4G16380	2196
AT4G12320	1801
AT4G25930	0
AT4G21140	610
AT4G00305	33
AT4G18450	11
AT4G29280	0
AT4G23570	1693
AT4G10457	0
AT4G00460	105
AT4G02500	2380
AT4G40070	87
AT4G39900	746
AT4G30790	927
AT4G25020	211
AT4G34450	4520
AT4G11080	394
AT4G32140	329
AT4G10603	0
AT4G31080	1048
AT4G13580	93
AT4G23660	306
AT4G07408	0
AT4G04210	1100
AT4G21585	71
AT4G24070	7
AT4G24973	0
AT4G10030	452
AT4G34020	1257
AT4G32300	479
AT4G31760	2
AT4G00163	0
AT4G26480	851
AT4G00155	4
AT4G03205	417
AT4G02890	8837
AT4G35830	9626
AT4G22000	1418
AT4G18070	1217
AT4G02450	4950
AT4G34990	136
AT4G05160	1357
AT4G36945	151
AT4G17500	784
AT4G14660	349
AT4G00080	205
AT4G09890	396
AT4G03645	0
AT4G15120	61
AT4G08390	3365
AT4G32717	0
AT4G13660	603
AT4G39720	156
AT4G33640	714
AT4G33760	1515
AT4G27690	500
AT4G32240	2838
AT4G29720	997
AT4G10320	3482
AT4G00540	0
AT4G35670	0
AT4G23310	17
AT4G02465	46
AT4G01540	560
AT4G21790	2763
AT4G11845	138
AT4G13510	2
AT4G36160	57
AT4G11590	2
AT4G00231	685
AT4G08940	142
AT4G32430	225
AT4G33670	2065
AT4G39150	1148
AT4G16146	385
AT4G01430	372
AT4G37940	34
AT4G22850	339
AT4G36180	965
AT4G31360	411
AT4G12020	364
AT4G25250	16
AT4G24060	576
AT4G11340	0
AT4G26840	4098
AT4G25840	398
AT4G02010	892
AT4G16490	1467
AT4G32180	1372
AT4G33510	6323
AT4G21540	579
AT4G02100	491
AT4G09850	6
AT4G25260	259
AT4G17380	56
AT4G21390	172
AT4G02670	7
AT4G19930	0
AT4G14100	486
AT4G15563	191
AT4G27750	1651
AT4G26350	0
AT4G13572	133
AT4G35090	23908
AT4G30430	21
AT4G20040	40
AT4G27657	36
AT4G25450	773
AT4G07455	244
AT4G06746	125
AT4G30490	502
AT4G09620	708
AT4G09731	0
AT4G22810	49
AT4G34360	335
AT4G00330	629
AT4G04760	1
AT4G13577	21
AT4G10800	164
AT4G16563	856
AT4G12140	1
AT4G11570	3063
AT4G38410	10
AT4G22890	6111
AT4G02260	2497
AT4G02350	1185
AT4G34570	516
AT4G18320	1
AT4G01935	220
AT4G15500	154
AT4G22960	70
AT4G17580	0
AT4G24020	881
AT4G05000	268
AT4G12070	281
AT4G09820	150
AT4G37720	0
AT4G17700	0
AT4G05523	1
AT4G36000	53
AT4G18730	12392
AT4G08180	798
AT4G18520	868
AT4G15765	193
AT4G29710	2
AT4G14120	44
AT4G30190	15129
AT4G35985	156
AT4G02150	2215
AT4G08875	0
AT4G27470	255
AT4G27090	19018
AT4G23020	83
AT4G25610	409
AT4G00050	489
AT4G12690	144
AT4G10720	12
AT4G23380	1
AT4G01400	125
AT4G02970	6098
AT4G09980	1217
AT4G12880	3507
AT4G32770	496
AT4G02140	32
AT4G12495	0
AT4G00620	1102
AT4G04790	313
AT4G04480	1
AT4G02080	1940
AT4G11390	0
AT4G14060	183
AT4G04972	1
AT4G14200	342
AT4G01070	2295
AT4G02950	1
AT4G21550	173
AT4G09440	0
AT4G36420	1922
AT4G36450	40
AT4G16120	416
AT4G15233	168
AT4G02780	36
AT4G01915	536
AT4G07960	60
AT4G01420	37
AT4G20210	10
AT4G39925	38
AT4G31685	2
AT4G39360	15
AT4G00300	1334
AT4G38150	408
AT4G38300	81
AT4G11780	24
AT4G16390	1815
AT4G16510	415
AT4G28530	98
AT4G37640	1100
AT4G21300	102
AT4G01450	840
AT4G30010	6129
AT4G27230	589
AT4G18680	6
AT4G18780	416
AT4G29020	2969
AT4G20870	1609
AT4G28850	2
AT4G35780	359
AT4G14805	7
AT4G02541	0
AT4G10310	66
AT4G36820	25
AT4G14380	63
AT4G11770	0
AT4G00953	0
AT4G18980	25
AT4G37970	136
AT4G02340	1085
AT4G11970	254
AT4G16855	1
AT4G39920	203
AT4G22485	2
AT4G16810	7
AT4G20110	417
AT4G13968	0
AT4G32720	3743
AT4G03156	3
AT4G13070	281
AT4G00950	212
AT4G22280	246
AT4G04470	744
AT4G26701	1
AT4G34412	224
AT4G16150	1745
AT4G13985	2
AT4G20850	5283
AT4G36470	373
AT4G36020	2036
AT4G26288	4
AT4G36840	339
AT4G38640	766
AT4G33080	1541
AT4G16350	30
AT4G28005	20
AT4G38800	7651
AT4G01650	513
AT4G28068	0
AT4G26800	138
AT4G22690	1339
AT4G02200	144
AT4G02610	500
AT4G00440	1325
AT4G11460	364
AT4G12340	1915
AT4G38310	1
AT4G04415	0
AT4G09880	0
AT4G02530	5247
AT4G20400	1217
AT4G02195	281
AT4G12700	437
AT4G38420	442
AT4G34440	1
AT4G37280	1093
AT4G39540	1335
AT4G18790	3
AT4G34320	105
AT4G26770	10
AT4G24175	396
AT4G11750	0
AT4G31440	160
AT4G06583	0
AT4G03000	919
AT4G11330	139
AT4G06534	42
AT4G09000	4524
AT4G29490	1299
AT4G05350	4
AT4G01245	0
AT4G33240	1011
AT4G32130	1461
AT4G02660	281
AT4G27500	5149
AT4G10150	11
AT4G02400	1721
AT4G04500	6
AT4G28040	303
AT4G12150	0
AT4G01480	1115
AT4G31510	436
AT4G37660	639
AT4G31600	293
AT4G14270	3762
AT4G34090	1049
AT4G01870	212
AT4G23260	776
AT4G37550	930
AT4G13110	215
AT4G17505	0
AT4G36650	369
AT4G02050	1226
AT4G25570	5495
AT4G26740	1
AT4G08670	0
AT4G09965	1
AT4G09610	2
AT4G32160	822
AT4G04570	636
AT4G33150	946
AT4G35950	871
AT4G03370	0
AT4G32150	4201
AT4G22240	3449
AT4G37010	85
AT4G20070	197
AT4G25400	13
AT4G30530	5647
AT4G39400	2493
AT4G08780	15
AT4G19850	158
AT4G26420	0
AT4G22550	145
AT4G20900	7
AT4G24590	418
AT4G23400	2885
AT4G39690	1674
AT4G14096	269
AT4G09310	0
AT4G03540	100
AT4G11670	399
AT4G34170	1
AT4G30750	1069
AT4G37100	394
AT4G36290	579
AT4G20250	0
AT4G20935	14
AT4G14950	590
AT4G23730	500
AT4G09150	1740
AT4G00360	953
AT4G35200	4
AT4G07400	153
AT4G35655	1
AT4G19860	1495
AT4G10190	0
AT4G23120	0
AT4G39840	0
AT4G22430	0
AT4G09500	505
AT4G11730	0
AT4G32990	65
AT4G19370	9
AT4G32915	708
AT4G25225	230
AT4G22220	4303
AT4G37680	1317
AT4G02570	6006
AT4G23010	885
AT4G13410	17
AT4G27280	653
AT4G23870	333
AT4G21580	5365
AT4G24910	37
AT4G19100	359
AT4G09590	2
AT4G26370	2047
AT4G27130	3413
AT4G01600	267
AT4G11090	354
AT4G20680	0
AT4G37400	72
AT4G23530	431
AT4G17260	621
AT4G05200	167
AT4G08310	829
AT4G29860	130
AT4G00070	25
AT4G21910	811
AT4G09550	343
AT4G14240	819
AT4G19750	0
AT4G15975	64
AT4G18670	1280
AT4G12820	0
AT4G37190	944
AT4G16190	12024
AT4G05320	38173
AT4G10200	92
AT4G12040	1427
AT4G39950	2762
AT4G14160	1642
AT4G26030	3
AT4G24413	2
AT4G04320	642
AT4G14280	4
AT4G00590	413
AT4G36630	868
AT4G19650	199
AT4G30064	0
AT4G20330	1402
AT4G31960	0
AT4G18240	2116
AT4G29870	553
AT4G15090	1090
AT4G02160	5
AT4G32370	0
AT4G16600	18
AT4G12543	0
AT4G29430	1523
AT4G31650	198
AT4G12580	76
AT4G28250	1198
AT4G26040	0
AT4G01810	1568
AT4G01335	3
AT4G21065	133
AT4G09070	0
AT4G12270	18
AT4G24140	227
AT4G35300	3399
AT4G07675	0
AT4G01150	27593
AT4G15850	411
AT4G08545	6
AT4G03930	165
AT4G25380	12
AT4G19160	838
AT4G18490	200
AT4G24275	316
AT4G13230	0
AT4G14746	325
AT4G39170	1675
AT4G02485	135
AT4G22680	19
AT4G33200	820
AT4G17060	790
AT4G09795	0
AT4G37730	145
AT4G15420	1133
AT4G24570	512
AT4G20953	9
AT4G21020	41
AT4G29735	1826
AT4G38910	214
AT4G15160	419
AT4G29654	0
AT4G38840	1215
AT4G28088	0
AT4G38700	103
AT4G36970	1109
AT4G20480	2270
AT4G19140	416
AT4G16440	509
AT4G36380	981
AT4G02620	3450
AT4G24760	688
AT4G36540	893
AT4G21250	15
AT4G04220	0
AT4G31150	365
AT4G13340	3892
AT4G08790	304
AT4G38630	3760
AT4G20370	31
AT4G19120	2670
AT4G31330	226
AT4G03030	1222
AT4G21680	667
AT4G01410	498
AT4G28770	787
AT4G15056	0
AT4G19400	0
AT4G31060	208
AT4G23440	379
AT4G31300	3117
AT4G34060	145
AT4G12230	874
AT4G22463	0
AT4G18460	343
AT4G14510	1465
AT4G21810	850
AT4G21213	26
AT4G08869	3
AT4G20100	0
AT4G01020	411
AT4G32790	323
AT4G13190	4
AT4G30996	892
AT4G14880	11922
AT4G12550	6
AT4G00990	592
AT4G14920	750
AT4G14700	13
AT4G22390	177
AT4G05270	0
AT4G17460	443
AT4G20890	3868
AT4G08800	2
AT4G35390	110
AT4G11660	240
AT4G03410	316
AT4G19760	0
AT4G18010	2434
AT4G11720	4
AT4G15715	0
AT4G25650	1617
AT4G16845	819
AT4G25790	83
AT4G28485	9
AT4G26600	1694
AT4G12334	0
AT4G33960	489
AT4G05250	0
AT4G24200	843
AT4G03280	17068
AT4G27180	982
AT4G28440	1695
AT4G34180	4669
AT4G22475	1
AT4G12730	1072
AT4G30550	1220
AT4G14220	506
AT4G33060	1005
AT4G01610	11057
AT4G21260	0
AT4G20570	0
AT4G27585	1275
AT4G33625	1094
AT4G37750	856
AT4G34430	985
AT4G26650	1394
AT4G30090	16
AT4G22660	0
AT4G35375	0
AT4G16447	274
AT4G02060	1241
AT4G26190	1614
AT4G28580	3
AT4G10840	1568
AT4G26330	6
AT4G33350	1097
AT4G16920	99
AT4G34040	1124
AT4G33450	3
AT4G14276	0
AT4G12825	0
AT4G34110	21289
AT4G22070	10
AT4G35270	433
AT4G32190	977
AT4G05040	515
AT4G10920	1827
AT4G39700	71
AT4G00420	412
AT4G35630	3125
AT4G02320	12
AT4G16800	789
AT4G30780	508
AT4G21445	456
AT4G28000	1
AT4G15670	3
AT4G24510	674
AT4G18300	420
AT4G14830	111
AT4G15270	35
AT4G16140	378
AT4G24050	130
AT4G13600	51
AT4G09040	1349
AT4G11230	35
AT4G09130	9
AT4G19485	0
AT4G19530	1317
AT4G31120	2355
AT4G37820	833
AT4G21280	34533
AT4G00380	748
AT4G28030	2061
AT4G04340	1940
AT4G37890	77
AT4G18440	2450
AT4G06490	0
AT4G12440	0
AT4G01630	19
AT4G17830	1515
AT4G16500	1614
AT4G38890	2373
AT4G05330	610
AT4G03140	8
AT4G39570	387
AT4G38225	1539
AT4G14870	1042
AT4G25320	533
AT4G21270	427
AT4G35335	482
AT4G33370	4
AT4G24920	1594
AT4G21570	2425
AT4G27820	396
AT4G39630	127
AT4G39490	0
AT4G37900	168
AT4G03590	0
AT4G13200	1615
AT4G18540	3
AT4G36260	108
AT4G20630	0
AT4G15260	361
AT4G09680	900
AT4G23270	639
AT4G32950	25
AT4G17616	464
AT4G31260	0
AT4G09464	0
AT4G19000	2
AT4G11240	2024
AT4G15025	0
AT4G32551	1513
AT4G15620	591
AT4G16233	1
AT4G29690	17
AT4G01860	871
AT4G08210	106
AT4G11400	29
AT4G00872	0
AT4G26410	2498
AT4G37170	163
AT4G22100	0
AT4G33650	990
AT4G11600	6121
AT4G25700	1375
AT4G14000	667
AT4G36570	12
AT4G29540	207
AT4G30050	0
AT4G30860	165
AT4G02580	3537
AT4G04900	42
AT4G34880	45
AT4G16030	0
AT4G32650	761
AT4G19500	1814
AT4G38970	58623
AT4G29900	1643
AT4G34480	1229
AT4G32040	574
AT4G13860	75
AT4G15475	455
AT4G17483	24
AT4G05390	3677
AT4G39756	0
AT4G33890	815
AT4G24480	345
AT4G31030	0
AT4G35180	117
AT4G23970	0
AT4G22060	0
AT4G22520	0
AT4G13710	134
AT4G11840	533
AT4G04925	915
AT4G28390	1630
AT4G37409	0
AT4G24290	1693
AT4G05018	4
AT4G22190	1236
AT4G34770	120
AT4G34530	0
AT4G20240	149
AT4G00130	1
AT4G08170	556
AT4G05120	216
AT4G20840	678
AT4G25680	657
AT4G03290	1
AT4G15248	10
AT4G09180	425
AT4G12290	3322
AT4G38950	326
AT4G07390	1019
AT4G17713	0
AT4G28380	34
AT4G00760	400
AT4G16835	92
AT4G24730	432
AT4G24610	760
AT4G00026	1518
AT4G28700	9
AT4G16960	150
AT4G27900	496
AT4G19220	83
AT4G34120	1272
AT4G28070	279
AT4G16410	288
AT4G05497	24
AT4G21410	498
AT4G03830	0
AT4G02800	294
AT4G28480	1166
AT4G13530	497
AT4G11470	2
AT4G14290	330
AT4G11900	339
AT4G33467	7
AT4G32714	0
AT4G35430	0
AT4G00467	0
AT4G10430	890
AT4G30800	541
AT4G33270	957
AT4G19770	0
AT4G34610	382
AT4G25530	2
AT4G14480	126
AT4G18880	506
AT4G28320	286
AT4G16740	2
AT4G09640	359
AT4G25140	2
AT4G14020	1901
AT4G08878	0
AT4G18195	13
AT4G13440	2
AT4G15096	2
AT4G14385	1126
AT4G39290	3
AT4G21230	86
AT4G16980	1
AT4G02560	845
AT4G17950	785
AT4G25434	64
AT4G13080	0
AT4G23050	906
AT4G30250	94
AT4G01680	140
AT4G39753	0
AT4G22290	444
AT4G25835	445
AT4G24600	3
AT4G33920	815
AT4G08840	2
AT4G18170	15
AT4G01380	0
AT4G24560	733
AT4G03020	2156
AT4G11160	1690
AT4G09080	24
AT4G05632	0
AT4G37520	1360
AT4G37740	264
AT4G23030	19
AT4G03380	5
AT4G16915	0
AT4G30170	1314
AT4G32010	1177
AT4G10590	596
AT4G39610	1
AT4G38550	0
AT4G14890	0
AT4G38740	5620
AT4G35710	1
AT4G08097	0
AT4G23040	532
AT4G39300	481
AT4G22756	483
AT4G12720	374
AT4G03165	0
AT4G14570	975
AT4G17040	5953
AT4G17470	125
AT4G09153	0
AT4G19035	0
AT4G15200	2
AT4G38510	3598
AT4G04775	0
AT4G35690	0
AT4G32605	918
AT4G27720	1142
AT4G22920	393
AT4G17615	399
AT4G15920	858
AT4G32400	1447
AT4G37460	1566
AT4G40030	2449
AT4G29230	145
AT4G09570	1195
AT4G14180	24
AT4G30680	251
AT4G38360	994
AT4G28230	237
AT4G07740	0
AT4G39020	2
AT4G10250	131136
AT4G03270	59
AT4G21750	1190
AT4G07666	0
AT4G08920	2737
AT4G35230	1404
AT4G38770	8514
AT4G32440	813
AT4G31450	674
AT4G27810	17
AT4G38020	1505
AT4G17280	84
AT4G33310	0
AT4G24650	0
AT4G35160	26
AT4G22200	1055
AT4G34390	501
AT4G12555	0
AT4G12350	20
AT4G38160	1196
AT4G19340	0
AT4G36370	1
AT4G00610	0
AT4G12770	1059
AT4G05490	0
AT4G32250	730
AT4G18350	15
AT4G11580	1
AT4G20790	0
AT4G34810	51
AT4G34310	463
AT4G38620	617
AT4G35120	1
AT4G27850	25
AT4G20910	481
AT4G10290	0
AT4G37710	1
AT4G35970	299
AT4G31840	607
AT4G15370	1
AT4G02550	536
AT4G19640	1832
AT4G31340	3534
AT4G11320	1495
AT4G13700	0
AT4G15480	80
AT4G26700	1263
AT4G38065	12
AT4G29620	1
AT4G16700	299
AT4G18690	8
AT4G24265	22
AT4G10670	0
AT4G15110	2736
AT4G01290	1918
AT4G22150	674
AT4G18820	722
AT4G20300	686
AT4G35730	372
AT4G01760	6
AT4G32290	378
AT4G19580	5
AT4G02910	0
AT4G33925	42
AT4G33680	4361
AT4G36410	159
AT4G25240	499
AT4G10767	0
AT4G39280	1710
AT4G08690	657
AT4G29260	399
AT4G29050	27
AT4G18400	344
AT4G34280	399
AT4G22230	7
AT4G10660	0
AT4G15930	1394
AT4G39500	66
AT4G19865	115
AT4G25890	2080
AT4G18593	608
AT4G39880	1075
AT4G39480	101
AT4G16155	1552
AT4G10400	542
AT4G14450	6
AT4G14365	396
AT4G37270	1985
AT4G39330	2451
AT4G39240	731
AT4G29460	0
AT4G13965	0
AT4G25860	4
AT4G09760	706
AT4G21150	2118
AT4G24320	194
AT4G38092	5
AT4G27680	797
AT4G30390	219
AT4G21740	180
AT4G13460	1018
AT4G12735	26
AT4G29285	0
AT4G00240	183
AT4G31560	836
AT4G28360	900
AT4G00100	7687
AT4G18650	1
AT4G08480	347
AT4G34140	839
AT4G08593	14
AT4G38680	3841
AT4G19940	0
AT4G20980	2549
AT4G36880	687
AT4G30820	271
AT4G28010	236
AT4G39600	102
AT4G34730	1397
AT4G24015	66
AT4G04780	428
AT4G16444	427
AT4G37080	783
AT4G29200	38
AT4G07524	0
AT4G13800	437
AT4G35930	334
AT4G02489	0
AT4G11540	0
AT4G32810	86
AT4G13160	0
AT4G18215	0
AT4G08406	0
AT4G18335	0
AT4G08760	0
AT4G11910	53
AT4G29658	0
AT4G30260	636
AT4G19070	337
AT4G26520	1179
AT4G10180	788
AT4G13300	0
AT4G25770	361
AT4G29650	0
AT4G30810	1864
AT4G37130	502
AT4G13250	3890
AT4G10595	0
AT4G03470	1
AT4G32860	57
AT4G14640	12
AT4G13170	4577
AT4G31710	36
AT4G20640	0
AT4G37070	152
AT4G39410	27
AT4G04510	12
AT4G23330	523
AT4G16555	112
AT4G03480	5
AT4G14819	0
AT4G39350	3201
AT4G39370	235
AT4G07990	775
AT4G19900	317
AT4G32560	127
AT4G03320	1032
AT4G09870	10
AT4G40080	0
AT4G07325	0
AT4G37980	2712
AT4G10930	1028
AT4G39670	64
AT4G20030	211
AT4G31351	27
AT4G17560	4725
AT4G35650	57
AT4G29300	0
AT4G25707	111
AT4G11300	171
AT4G21050	0
AT4G32980	1302
AT4G29820	351
AT4G24400	1052
AT4G28405	2
AT4G05520	838
AT4G10730	1290
AT4G16690	99
AT4G36430	592
AT4G10260	15
AT4G20690	105
AT4G16280	1063
AT4G27780	381
AT4G24670	277
AT4G35680	6
AT4G31354	28
AT4G12680	183
AT4G15700	46
AT4G29190	796
AT4G17080	680
AT4G04930	0
AT4G35350	1290
AT4G14315	0
AT4G01590	1126
AT4G09649	4
AT4G01790	171
AT4G38190	0
AT4G16460	52
AT4G19440	492
AT4G21670	1052
AT4G34131	429
AT4G35060	181
AT4G22590	331
AT4G02075	289
AT4G10220	0
AT4G18130	643
AT4G28930	5
AT4G33620	174
AT4G28710	650
AT4G13020	1128
AT4G29550	16
AT4G14770	764
AT4G27570	2
AT4G15210	3584
AT4G27150	2
AT4G23690	356
AT4G10110	706
AT4G09012	101
AT4G15050	0
AT4G35910	470
AT4G31140	216
AT4G25000	289
AT4G04990	3
AT4G35500	389
AT4G20050	112
AT4G12530	241
AT4G23170	435
AT4G30380	4
AT4G29530	149
AT4G20565	0
AT4G13615	3503
AT4G07815	76
AT4G03815	0
AT4G05205	1
AT4G04065	0
AT4G06065	8
AT4G08915	6
AT4G07020	0
AT4G03875	8
AT4G06890	0
AT4G06005	0
AT4G09125	0
AT4G09885	0
AT4G06860	0
AT4G06345	0
AT4G05895	0
AT4G08975	0
AT4G06105	0
AT4G07985	4
AT4G05425	8
AT4G03535	1
AT4G08365	0
AT4G05920	0
AT4G05295	6
AT4G08505	24
AT4G09895	0
AT4G05840	9
AT4G05945	0
AT4G09085	0
AT4G09045	0
AT4G09155	0
AT4G05795	0
AT4G06335	0
AT4G09995	0
AT4G05625	0
AT4G06050	0
AT4G08585	1
AT4G05780	4
AT4G07015	2
AT4G03785	0
AT4G04945	0
AT4G08845	0
AT4G09915	0
AT4G09115	0
AT4G09015	0
AT4G07040	0
AT4G07775	0
AT4G04855	0
AT4G07215	0
AT4G07200	0
AT4G09605	0
AT4G05655	0
AT4G04765	0
AT4G08835	2
AT4G03545	0
AT4G08215	1
AT4G05215	0
AT4G07505	0
AT4G07185	0
AT4G05615	2
AT4G08415	1
AT4G07955	0
AT4G05315	2
AT4G06455	0
AT4G05245	0
AT4G06980	42
AT4G07805	0
AT4G05025	0
AT4G09185	0
AT4G07050	0
AT4G06450	0
AT4G07180	0
AT4G06765	0
AT4G04115	1
AT4G04805	5
AT4G09285	0
AT4G07645	0
AT4G05880	0
AT4G07115	0
AT4G09575	11
AT4G05885	0
AT4G07060	0
AT4G09485	0
AT4G03855	0
AT4G05740	0
AT4G07025	0
AT4G05665	0
AT4G08725	0
AT4G04795	1
AT4G07105	0
AT4G06725	0
AT4G08955	0
AT4G03805	0
AT4G08715	0
AT4G09865	2
AT4G05650	41
AT4G06265	29
AT4G06830	0
AT4G06225	0
AT4G06145	0
AT4G04585	0
AT4G05805	0
AT4G04865	4
AT4G06165	0
AT4G08255	0
AT4G07010	0
AT4G06845	0
AT4G06800	0
AT4G04345	0
AT4G09025	0
AT4G04305	0
AT4G09065	0
AT4G04665	0
AT4G09295	0
AT4G08045	3
AT4G07265	0
AT4G09725	0
AT4G05235	0
AT4G06805	0
AT4G08065	0
AT4G06055	0
AT4G07090	0
AT4G06880	126
AT4G05710	0
AT4G07205	4
AT4G08495	0
AT4G08855	0
AT4G07160	0
AT4G09665	0
AT4G05995	0
AT4G08265	0
AT4G06185	0
AT4G09905	0
AT4G05870	0
AT4G06295	0
AT4G09145	0
AT4G05005	0
AT4G06365	0
AT4G07240	0
AT4G04645	0
AT4G07235	0
AT4G06975	0
AT4G05790	0
AT4G05375	0
AT4G07250	3
AT4G06945	0
AT4G07845	2
AT4G09755	2
AT4G04385	0
AT4G09055	0
AT4G08435	0
AT4G06155	0
AT4G08075	0
AT4G06810	1
AT4G06290	0
AT4G07345	0
AT4G07300	0
AT4G06090	0
AT4G06825	0
AT4G05700	1
AT4G06815	0
AT4G04015	4
AT4G08515	0
AT4G06955	13
AT4G06200	0
AT4G09515	0
AT4G08635	0
AT4G07715	0
AT4G06045	0
AT4G07375	0
AT4G09075	0
AT4G06675	0
AT4G05720	0
AT4G07150	0
AT4G06905	1
AT4G07070	15
AT4G04085	0
AT4G07225	0
AT4G06095	0
AT4G03525	0
AT4G06235	2
AT4G05565	0
AT4G04235	0
AT4G07220	0
AT4G04675	36
AT4G08385	1
AT4G09315	0
AT4G06895	0
AT4G06715	0
AT4G09495	0
AT4G06950	0
AT4G04625	0
AT4G04965	4
AT4G05765	0
AT4G03905	4
AT4G07210	0
AT4G09105	8
AT4G05485	0
AT4G06370	0
AT4G08525	0
AT4G07305	0
AT4G06820	0
AT4G08085	0
AT4G09005	1
AT4G09675	0
AT4G07055	1
AT4G06925	0
AT4G06445	0
AT4G06855	0
AT4G08205	0
AT4G09240	8
AT4G04215	0
AT4G08885	1
AT4G05985	1
AT4G09645	6
AT4G05545	0
AT4G06755	1
AT4G06085	0
AT4G06385	0
AT4G05845	3
AT4G05085	0
AT4G07280	0
AT4G09235	0
AT4G04565	137
AT4G07545	0
AT4G05875	0
AT4G05965	0
AT4G08355	1
AT4G09705	0
AT4G07465	2
AT4G07575	0
AT4G05135	0
AT4G09635	7
AT4G06080	10
AT4G06285	0
AT4G05730	0
AT4G05745	0
AT4G04785	0
AT4G07535	0
AT4G06000	0
AT4G05660	0
AT4G05335	5
AT4G08185	0
AT4G04895	0
AT4G05715	9
AT4G05255	0
AT4G05675	0
AT4G08465	0
AT4G04875	0
AT4G07395	0
AT4G06460	0
AT4G04975	1
AT4G05385	0
AT4G07335	0
AT4G05670	0
AT4G06170	0
AT4G08195	0
AT4G07295	0
AT4G09945	0
AT4G08775	0
AT4G06390	0
AT4G08445	0
AT4G07385	2
AT4G09445	2
AT4G08665	0
AT4G04535	0
AT4G05750	0
AT4G06930	0
AT4G05355	0
AT4G05285	0
AT4G09765	6
AT4G09415	0
AT4G06425	0
AT4G06965	0
AT4G05465	0
AT4G09265	0
AT4G09395	0
AT4G07270	0
AT4G06835	24
AT4G05525	3
AT4G07110	0
AT4G08865	1
AT4G09655	0
AT4G07665	0
AT4G07925	0
AT4G07045	0
AT4G06760	0
AT4G09325	0
AT4G08475	0
AT4G05075	0
AT4G06970	0
AT4G05435	0
AT4G06850	0
AT4G07785	0
AT4G06960	0
AT4G05950	0
AT4G05445	0
AT4G03765	0
AT4G07125	0
AT4G08965	0
AT4G06400	0
AT4G05225	2
AT4G05890	0
AT4G09525	0
AT4G04905	0
AT4G07765	0
AT4G09175	1
AT4G07745	2
AT4G04295	0
AT4G09555	0
AT4G06935	17
AT4G06330	0
AT4G06205	0
AT4G07170	6
AT4G05865	0
AT4G04995	4
AT4G06300	0
AT4G03575	0
AT4G08595	2
AT4G06440	0
AT4G06920	0
AT4G03555	0
AT4G07905	0
AT4G05975	0
AT4G06885	0
AT4G06195	7
AT4G04815	0
AT4G06380	0
AT4G07175	0
AT4G05275	3
AT4G04195	0
AT4G05695	0
AT4G04755	0
AT4G05850	0
AT4G06070	0
AT4G09335	0
AT4G06115	2
AT4G04285	0
AT4G04355	0
AT4G06280	0
AT4G03715	0
AT4G07135	1
AT4G05980	0
AT4G05115	0
AT4G05990	0
AT4G03665	0
AT4G09275	1
AT4G09305	1
AT4G06910	3
AT4G05970	0
AT4G05705	0
AT4G05535	0
AT4G08565	0
AT4G07245	0
AT4G06795	0
AT4G06140	0
AT4G09825	4
AT4G09855	0
AT4G05770	0
AT4G05900	0
AT4G09935	0
AT4G05645	0
AT4G06160	0
AT4G05125	0
AT4G05605	0
AT4G07230	0
AT4G06900	12
AT4G07865	0
AT4G03955	0
AT4G08055	0
AT4G09365	2
AT4G03685	0
AT4G06785	0
AT4G07975	4
AT4G09535	1
AT4G05690	0
AT4G03675	0
AT4G04325	0
AT4G00975	9
AT4G03895	0
AT4G07065	0
AT4G07855	8
AT4G28652	0
AT4G06870	0
AT4G04035	7
AT4G09375	4
AT4G20362	174
AT4G09432	34
AT4G07290	3
AT4G08925	2
AT4G07165	0
AT4G03985	0
AT4G27852	30
AT4G06745	0
AT4G26795	17
AT4G06395	1
AT4G03845	1
AT4G40085	0
AT4G07365	13
AT4G06215	0
AT4G37432	0
AT4G26542	0
AT4G13505	5
AT4G06135	0
AT4G04275	0
AT4G08225	12
AT4G09685	0
AT4G37553	8
AT4G05065	0
AT4G06990	0
AT4G05735	0
AT4G07195	5
AT4G04221	2
AT4G37895	0
AT4G34332	0
AT4G09385	0
AT4G04055	3
AT4G05810	0
AT4G25885	25
AT4G07735	4
AT4G06410	0
AT4G05015	0
AT4G07260	0
AT4G09225	0
AT4G04515	0
AT4G38932	797
AT4G07405	0
AT4G03755	10
AT4G38545	3
AT4G06175	0
AT4G01593	107
AT4G25719	4
AT4G07275	0
AT4G07895	0
AT4G04445	6
AT4G04005	8
AT4G08295	0
AT4G38552	0
AT4G06995	0
AT4G06665	0
AT4G08245	1
AT4G05155	9
AT4G31248	7
AT4G17098	2
AT4G03585	0
AT4G07655	0
AT4G09985	0
AT4G05785	0
AT4G03655	0
AT4G05680	0
AT4G06340	7
AT4G06985	0
AT4G36808	0
AT4G08935	0
AT4G03595	3
AT4G05395	0
AT4G09785	9
AT4G06775	22
AT4G07255	0
AT4G06780	0
AT4G07190	25
AT4G09695	0
AT4G04075	2
AT4G08575	0
AT4G09955	0
AT4G08315	0
AT4G04505	0
AT4G07095	0
AT4G07085	2
AT4G09975	0
AT4G05755	0
AT4G04225	3
AT4G36052	0
AT4G26488	6
AT4G08015	0
AT4G36032	0
AT4G08005	0
AT4G31398	48
AT4G05405	2
AT4G06060	5
AT4G13918	5
AT4G09815	0
AT4G04435	12
AT4G28162	214
AT4G04077	0
AT4G08815	0
AT4G08305	12
AT4G05815	0
AT4G05910	0
AT4G03705	0
AT4G08785	22
AT4G07130	0
AT4G09165	0
AT4G07285	0
AT4G09715	0
AT4G06770	15
AT4G08805	0
AT4G05775	0
AT4G08825	4
AT4G06415	0
AT4G03725	5
AT4G06875	0
AT4G04425	1
AT4G26582	0
AT4G08795	0
AT4G07030	0
AT4G04335	0
AT4G22233	3
AT4G38215	10
AT4G39838	0
AT4G05760	2
AT4G26095	0
AT4G08705	5
AT4G08985	0
AT4G06685	0
AT4G05685	32
AT4G08285	0
AT4G34071	1
AT4G04135	0
AT4G37225	4
AT4G05935	0
AT4G04455	0
AT4G06210	0
AT4G05915	0
AT4G06695	3
AT4G27765	6
AT4G04365	0
AT4G05800	0
AT4G04825	0
AT4G10345	0
AT4G08116	0
AT4G06915	0
AT4G05415	0
AT4G13564	0
AT4G31877	197
AT4G23713	5
AT4G21595	0
AT4G03445	28
AT4G07080	0
AT4G08335	0
AT4G05925	0
AT4G09735	0
AT4G05105	1
AT4G23387	0
AT4G00885	0
AT4G03039	0
AT4G04125	0
AT4G06260	0
AT4G32445	4
AT4G09925	0
AT4G13493	126
AT4G23375	0
AT4G05930	0
AT4G13554	16
AT4G07000	0
AT4G05508	0
AT4G05855	0
AT4G07100	0
AT4G06865	0
AT4G05860	0
AT4G24415	43
AT4G17788	54
AT4G06110	0
AT4G14811	0
AT4G05305	0
AT4G14504	3
AT4G07005	0
AT4G06075	69
AT4G04095	0
AT4G05455	0
AT4G04835	0
AT4G13494	11
AT4G03438	0
AT4G30972	0
AT4G06130	0
AT4G19395	106
AT4G13555	4
AT4G03455	0
AT4G21362	0
AT4G07565	0
AT4G06245	0
AT4G05055	0
AT4G06240	0
AT4G02555	0
AT4G39366	245
AT4G07625	3
AT4G04475	12
AT4G06255	9
AT4G06015	0
AT4G08155	8
AT4G26365	0
AT4G08235	0
AT4G04485	19
AT4G08625	6
AT4G05045	0
AT4G13245	1
AT4G06315	1
AT4G05048	0
AT4G08325	3
AT4G06305	43
AT4G06250	2
AT4G03915	0
AT4G09475	0
AT4G39364	88
AT4G08165	5
AT4G39361	37
AT4G04465	31
AT4G09845	10
AT4G25631	21
AT4G03295	3
AT4G04205	21
AT4G06310	8
AT4G06320	3
AT4G39363	13
AT4G08615	2
AT4G15258	18
AT4G07635	0
AT4G07075	0
AT4G03925	9
AT4G06705	0
AT4G06010	1
AT4G08425	0
AT4G08125	9
AT4G08175	8
AT4G04185	0
AT4G06405	0
AT4G07120	0
AT4G03995	0
AT4G08755	10
AT4G07145	0
AT4G09135	0
AT4G07875	0
AT4G04615	1
AT4G06375	5
AT4G39985	0
AT4G13445	0
AT4G34975	0
AT4G36635	0
AT4G23915	0
AT4G11405	0
AT4G00985	0
AT4G27875	0
AT4G17975	0
AT4G14415	0
AT4G37175	0
AT4G26675	0
AT4G25585	0
AT4G03405	0
AT4G23635	0
AT4G36197	1
AT4G18815	0
AT4G32765	0
AT4G14345	0
AT4G22265	0
AT4G34415	0
AT4G01355	0
AT4G22754	0
AT4G34695	0
AT4G03285	1
AT4G39345	3
AT4G29415	0
AT4G00085	1
AT4G27395	0
AT4G25635	0
AT4G24565	0
AT4G26385	0
AT4G16235	0
AT4G11213	0
AT4G15775	0
AT4G31265	0
AT4G03435	0
AT4G17612	0
AT4G01865	0
AT4G26225	0
AT4G11985	0
AT4G39672	0
AT4G22635	0
AT4G34035	0
AT4G32265	0
AT4G31895	1
AT4G28362	0
AT4G27885	0
AT4G12065	0
AT4G12405	1
AT4G08345	0
AT4G12115	0
AT4G11355	0
AT4G13265	0
AT4G36245	0
AT4G26375	0
AT4G10815	0
AT4G17765	0
AT4G16105	0
AT4G18255	0
AT4G02055	0
AT4G11177	0
AT4G20115	0
AT4G39865	0
AT4G11216	0
AT4G32475	2
AT4G31075	0
AT4G28915	0
AT4G39195	0
AT4G31695	0
AT4G39615	0
AT4G24025	0
AT4G16475	0
AT4G25435	0
AT4G03135	0
AT4G16465	0
AT4G18725	0
AT4G03935	66
AT4G03038	0
AT4G16355	4
AT4G05905	13
AT4G06701	238
AT4G31408	104
AT4G04223	115
AT4G16748	0
AT4G12917	331
AT4G10507	4
AT4G15242	0
AT4G02005	482
AT4G14548	129
AT4G13495	2657
AT4G03811	48
AT4G39404	175
AT4G05940	0
AT4G04315	0
AT4G40065	83
AT4G23205	19
AT4G08035	316
AT4G26255	21
AT4G05365	1
AT4G30975	146
AT4G30872	3
AT4G16892	17
AT4G09405	12
AT4G36648	2357
AT4G03605	0
AT4G09195	0
AT4G01533	20
ATMG00440	0
ATMG00850	0
ATMG01350	0
ATMG01300	0
ATMG01275	0
ATMG00480	0
ATMG00320	0
ATMG01120	0
ATMG00960	0
ATMG00870	0
ATMG00660	0
ATMG00060	0
ATMG00160	0
ATMG00410	0
ATMG00590	0
ATMG00620	0
ATMG01190	0
ATMG00280	0
ATMG00510	0
ATMG00670	0
ATMG00760	0
ATMG01410	0
ATMG00010	0
ATMG00570	0
ATMG00820	0
ATMG00240	0
ATMG00610	0
ATMG01140	0
ATMG00880	0
ATMG01200	0
ATMG00130	0
ATMG00710	0
ATMG00260	0
ATMG00900	0
ATMG00690	0
ATMG01100	0
ATMG00450	0
ATMG01180	0
ATMG00470	0
ATMG00285	0
ATMG01310	0
ATMG01320	0
ATMG00580	0
ATMG00920	0
ATMG00890	0
ATMG01250	0
ATMG00030	0
ATMG00560	0
ATMG00720	0
ATMG01370	0
ATMG00550	0
ATMG00170	0
ATMG00530	0
ATMG01240	0
ATMG01040	0
ATMG01220	0
ATMG00070	0
ATMG00140	0
ATMG01030	0
ATMG01170	0
ATMG01210	0
ATMG00490	0
ATMG00120	0
ATMG00516	0
ATMG00640	0
ATMG00830	0
ATMG00150	0
ATMG00980	0
ATMG00430	0
ATMG00770	0
ATMG01290	0
ATMG00300	0
ATMG00680	0
ATMG01230	0
ATMG01130	0
ATMG00750	0
ATMG01330	0
ATMG00520	0
ATMG01080	0
ATMG00810	0
ATMG01400	0
ATMG00270	0
ATMG01270	0
ATMG00940	0
ATMG01280	0
ATMG00310	0
ATMG01360	0
ATMG01090	0
ATMG00110	0
ATMG00290	0
ATMG00630	0
ATMG00040	0
ATMG01150	0
ATMG01050	0
ATMG00665	0
ATMG00090	0
ATMG01020	0
ATMG00180	0
ATMG00540	0
ATMG00210	0
ATMG00513	0
ATMG00730	0
ATMG00740	0
ATMG00370	0
ATMG00860	0
ATMG01060	0
ATMG00600	0
ATMG00840	0
ATMG00220	0
ATMG00200	0
ATMG00080	0
ATMG00650	0
ATMG01000	0
ATMG00970	0
ATMG01260	0
ATMG01010	0
ATMG00400	0
ATMG01110	0
ATMG00990	0
ATMG00050	0
ATMG00910	0
ATMG00500	0
ATMG01160	0
ATMG09740	0
ATMG00780	0
ATMG09980	0
ATMG00460	0
ATMG09960	0
ATMG00790	0
ATMG01070	0
ATMG00930	0
ATMG09730	0
ATMG00330	0
ATMG00950	0
ATMG00230	0
ATMG00390	0
ATMG00350	0
ATMG00250	0
ATMG00700	0
ATMG01340	0
ATMG00190	0
ATMG00360	0
ATMG09950	0
ATMG00100	0
ATMG00380	0
ATMG00340	0
ATMG00420	0
ATMG09450	0
ATMG00800	0
ATMG01390	0
ATMG01380	0
ATMG00020	0
ATCG00160	0
ATCG00065	0
ATCG01250	0
ATCG00590	0
ATCG01020	0
ATCG00470	0
ATCG00630	0
ATCG01060	0
ATCG01280	0
ATCG00270	0
ATCG00700	0
ATCG00560	0
ATCG00660	0
ATCG00790	0
ATCG00490	0
ATCG00480	0
ATCG00860	0
ATCG01090	0
ATCG01080	0
ATCG00600	0
ATCG00180	0
ATCG00570	0
ATCG01240	0
ATCG00120	0
ATCG00220	0
ATCG00800	0
ATCG00550	0
ATCG00890	0
ATCG00530	0
ATCG01270	0
ATCG01050	0
ATCG00280	0
ATCG00020	0
ATCG00740	0
ATCG01300	0
ATCG00670	0
ATCG01230	0
ATCG00210	0
ATCG01110	0
ATCG00710	0
ATCG00520	0
ATCG00540	0
ATCG00640	0
ATCG00350	0
ATCG01120	0
ATCG00070	0
ATCG00770	0
ATCG00050	0
ATCG00150	0
ATCG00780	0
ATCG00430	0
ATCG01010	0
ATCG00170	0
ATCG00840	0
ATCG00820	0
ATCG01070	0
ATCG00690	0
ATCG00300	0
ATCG00680	0
ATCG01130	0
ATCG00040	0
ATCG01000	0
ATCG00500	0
ATCG00830	0
ATCG00440	0
ATCG00650	0
ATCG01100	0
ATCG00760	0
ATCG01310	0
ATCG00340	0
ATCG00730	0
ATCG00870	0
ATCG01040	0
ATCG00140	0
ATCG00720	0
ATCG00750	0
ATCG00360	0
ATCG00190	0
ATCG00130	0
ATCG00810	0
ATCG00510	0
ATCG00080	0
ATCG00330	0
ATCG00580	0
ATCG00380	0
ATCG00905	0
ATCG00420	0
ATCG00900	0
ATCG01150	0
ATCG00110	0
ATCG01260	0
ATCG01220	0
ATCG00240	0
ATCG01190	0
ATCG00370	0
ATCG00290	0
ATCG00200	0
ATCG01030	0
ATCG00030	0
ATCG00620	0
ATCG00910	0
ATCG01140	0
ATCG00610	0
ATCG00450	0
ATCG00390	0
ATCG00320	0
ATCG00100	0
ATCG00400	0
ATCG00930	0
ATCG00010	0
ATCG00260	0
ATCG00850	0
ATCG00250	0
ATCG00940	0
ATCG00460	0
ATCG00230	0
ATCG00980	0
ATCG00310	0
ATCG00090	0
ATCG00990	0
ATCG01200	0
ATCG00060	0
ATCG01290	0
ATCG00410	0
ATCG00880	0
ATCG00960	0
ATCG01210	0
ATCG01160	0
ATCG00970	0
ATCG01170	0
ATCG00920	0
ATCG01180	0
ATCG00950	0
